nohup: ignoring input
Checking status of GPU 4 (UUID: GPU-96f047f6-0272-02db-e089-678debe69d9b)...
GPU 4 seems to be free! Starting script on specified GPU=4...
╭────────────────────────────╮
│  LatinLM - Model Training  │
╰────────────────────────────╯

  Starting Training step...
 -- [INFO] Model config successfully loaded...
 -- [INFO] Dataset successfully initialized...
 -- [INFO] Model successfully initialized...
    -- Num. parameters:  111.24 M
wandb:  Loaded credentials for https://api.wandb.ai from 
/home/lukas.dankwart/.netrc.
wandb: Currently logged in as: lukas1901 
(lukas1901-technische-universit-t-dortmund) to https://api.wandb.ai. Use `wandb 
login --relogin` to force relogin
wandb: setting up run vhm8m7o1
wandb: Tracking run with wandb version 0.27.2
wandb: Run data is saved locally in 
/raid/home/lukas.dankwart/latinlm/wandb/run-20260624_143322-vhm8m7o1
wandb: Run `wandb offline` to turn off syncing.
wandb: Syncing run run-2-base-124M_1_epochs10
wandb: ⭐️ View project at 
https://wandb.ai/lukas1901-technische-universit-t-dortmund/%5Bmidas%5D_latin_rob
erta
wandb: 🚀 View run at 
https://wandb.ai/lukas1901-technische-universit-t-dortmund/%5Bmidas%5D_latin_rob
erta/runs/vhm8m7o1
 -- [INFO] Training procedure will be reported to 'wandb'!
 -- [INFO] Fetched training arguments successfully...
 -- [INFO] Initialized Trainer successfully...
 [INFO] Starting training...

0%|          | 0/109000 [00:00<?, ?it/s]
0%|          | 1/109000 [00:01<41:23:55,  1.37s/it]
0%|          | 2/109000 [00:01<24:45:12,  1.22it/s]
0%|          | 3/109000 [00:02<19:26:02,  1.56it/s]
0%|          | 4/109000 [00:02<16:56:55,  1.79it/s]
0%|          | 5/109000 [00:03<15:34:38,  1.94it/s]
0%|          | 6/109000 [00:03<14:44:49,  2.05it/s]
0%|          | 7/109000 [00:03<14:13:51,  2.13it/s]
0%|          | 8/109000 [00:04<13:53:02,  2.18it/s]
0%|          | 9/109000 [00:04<13:38:52,  2.22it/s]
0%|          | 10/109000 [00:05<13:29:16,  2.24it/s]
0%|          | 11/109000 [00:05<13:23:00,  2.26it/s]
0%|          | 12/109000 [00:06<13:18:17,  2.28it/s]
0%|          | 13/109000 [00:06<13:15:21,  2.28it/s]
0%|          | 14/109000 [00:07<13:12:57,  2.29it/s]
0%|          | 15/109000 [00:07<13:12:03,  2.29it/s]
0%|          | 16/109000 [00:07<13:10:15,  2.30it/s]
0%|          | 17/109000 [00:08<13:09:48,  2.30it/s]
0%|          | 18/109000 [00:08<13:09:08,  2.30it/s]
0%|          | 19/109000 [00:09<13:09:40,  2.30it/s]
0%|          | 20/109000 [00:09<13:08:39,  2.30it/s]
0%|          | 21/109000 [00:10<13:08:35,  2.30it/s]
0%|          | 22/109000 [00:10<13:08:07,  2.30it/s]
0%|          | 23/109000 [00:10<13:08:13,  2.30it/s]
0%|          | 24/109000 [00:11<13:08:20,  2.30it/s]
0%|          | 25/109000 [00:11<13:08:10,  2.30it/s]
0%|          | 26/109000 [00:12<13:08:00,  2.30it/s]
0%|          | 27/109000 [00:12<13:11:26,  2.29it/s]
0%|          | 28/109000 [00:13<13:10:03,  2.30it/s]
0%|          | 29/109000 [00:13<13:09:51,  2.30it/s]
0%|          | 30/109000 [00:13<13:09:01,  2.30it/s]
0%|          | 31/109000 [00:14<13:09:26,  2.30it/s]
0%|          | 32/109000 [00:14<13:09:26,  2.30it/s]
0%|          | 33/109000 [00:15<13:08:39,  2.30it/s]
0%|          | 34/109000 [00:15<13:08:20,  2.30it/s]
0%|          | 35/109000 [00:16<13:08:45,  2.30it/s]
0%|          | 36/109000 [00:16<13:08:12,  2.30it/s]
0%|          | 37/109000 [00:16<13:08:44,  2.30it/s]
0%|          | 38/109000 [00:17<13:09:14,  2.30it/s]
0%|          | 39/109000 [00:17<13:09:02,  2.30it/s]
0%|          | 40/109000 [00:18<13:09:32,  2.30it/s]
0%|          | 41/109000 [00:18<13:09:18,  2.30it/s]
0%|          | 42/109000 [00:19<13:09:31,  2.30it/s]
0%|          | 43/109000 [00:19<13:08:47,  2.30it/s]
0%|          | 44/109000 [00:20<13:08:54,  2.30it/s]
0%|          | 45/109000 [00:20<13:08:44,  2.30it/s]
0%|          | 46/109000 [00:20<13:09:20,  2.30it/s]
0%|          | 47/109000 [00:21<13:09:14,  2.30it/s]
0%|          | 48/109000 [00:21<13:10:14,  2.30it/s]
0%|          | 49/109000 [00:22<13:09:38,  2.30it/s]
0%|          | 50/109000 [00:22<13:09:47,  2.30it/s]

{'loss': '8.847', 'grad_norm': '1.281', 'learning_rate': '4.998e-05', 'epoch': 
'0.004587'}

0%|          | 50/109000 [00:22<13:09:47,  2.30it/s]
0%|          | 51/109000 [00:23<13:14:38,  2.29it/s]
0%|          | 52/109000 [00:23<13:13:08,  2.29it/s]
0%|          | 53/109000 [00:23<13:11:58,  2.29it/s]
0%|          | 54/109000 [00:24<13:11:16,  2.29it/s]
0%|          | 55/109000 [00:24<13:11:10,  2.29it/s]
0%|          | 56/109000 [00:25<13:10:57,  2.30it/s]
0%|          | 57/109000 [00:25<13:10:13,  2.30it/s]
0%|          | 58/109000 [00:26<13:10:50,  2.30it/s]
0%|          | 59/109000 [00:26<13:10:40,  2.30it/s]
0%|          | 60/109000 [00:27<13:10:45,  2.30it/s]
0%|          | 61/109000 [00:27<13:10:30,  2.30it/s]
0%|          | 62/109000 [00:27<13:10:41,  2.30it/s]
0%|          | 63/109000 [00:28<13:10:38,  2.30it/s]
0%|          | 64/109000 [00:28<13:11:06,  2.29it/s]
0%|          | 65/109000 [00:29<13:11:05,  2.30it/s]
0%|          | 66/109000 [00:29<13:10:46,  2.30it/s]
0%|          | 67/109000 [00:30<13:11:24,  2.29it/s]
0%|          | 68/109000 [00:30<13:10:51,  2.30it/s]
0%|          | 69/109000 [00:30<13:11:01,  2.30it/s]
0%|          | 70/109000 [00:31<13:11:11,  2.29it/s]
0%|          | 71/109000 [00:31<13:11:07,  2.29it/s]
0%|          | 72/109000 [00:32<13:11:14,  2.29it/s]
0%|          | 73/109000 [00:32<13:10:55,  2.30it/s]
0%|          | 74/109000 [00:33<13:11:35,  2.29it/s]
0%|          | 75/109000 [00:33<13:10:46,  2.30it/s]
0%|          | 76/109000 [00:33<13:10:37,  2.30it/s]
0%|          | 77/109000 [00:34<13:10:31,  2.30it/s]
0%|          | 78/109000 [00:34<13:10:38,  2.30it/s]
0%|          | 79/109000 [00:35<13:10:30,  2.30it/s]
0%|          | 80/109000 [00:35<13:10:56,  2.30it/s]
0%|          | 81/109000 [00:36<13:11:29,  2.29it/s]
0%|          | 82/109000 [00:36<13:10:47,  2.30it/s]
0%|          | 83/109000 [00:37<13:11:00,  2.29it/s]
0%|          | 84/109000 [00:37<13:10:55,  2.30it/s]
0%|          | 85/109000 [00:37<13:11:01,  2.29it/s]
0%|          | 86/109000 [00:38<13:11:38,  2.29it/s]
0%|          | 87/109000 [00:38<13:10:49,  2.30it/s]
0%|          | 88/109000 [00:39<13:11:51,  2.29it/s]
0%|          | 89/109000 [00:39<13:10:43,  2.30it/s]
0%|          | 90/109000 [00:40<13:11:31,  2.29it/s]
0%|          | 91/109000 [00:40<13:10:48,  2.30it/s]
0%|          | 92/109000 [00:40<13:11:32,  2.29it/s]
0%|          | 93/109000 [00:41<13:12:03,  2.29it/s]
0%|          | 94/109000 [00:41<13:11:21,  2.29it/s]
0%|          | 95/109000 [00:42<13:11:13,  2.29it/s]
0%|          | 96/109000 [00:42<13:10:34,  2.30it/s]
0%|          | 97/109000 [00:43<13:11:19,  2.29it/s]
0%|          | 98/109000 [00:43<13:10:26,  2.30it/s]
0%|          | 99/109000 [00:44<13:10:39,  2.30it/s]
0%|          | 100/109000 [00:44<13:10:28,  2.30it/s]

{'loss': '7.716', 'grad_norm': '1.244', 'learning_rate': '4.995e-05', 'epoch': 
'0.009174'}

0%|          | 100/109000 [00:44<13:10:28,  2.30it/s]
0%|          | 101/109000 [00:44<13:10:43,  2.30it/s]
0%|          | 102/109000 [00:45<13:12:20,  2.29it/s]
0%|          | 103/109000 [00:45<13:11:27,  2.29it/s]
0%|          | 104/109000 [00:46<13:12:25,  2.29it/s]
0%|          | 105/109000 [00:46<13:11:51,  2.29it/s]
0%|          | 106/109000 [00:47<13:11:41,  2.29it/s]
0%|          | 107/109000 [00:47<13:11:53,  2.29it/s]
0%|          | 108/109000 [00:47<13:11:25,  2.29it/s]
0%|          | 109/109000 [00:48<13:11:57,  2.29it/s]
0%|          | 110/109000 [00:48<13:11:27,  2.29it/s]
0%|          | 111/109000 [00:49<13:11:56,  2.29it/s]
0%|          | 112/109000 [00:49<13:12:18,  2.29it/s]
0%|          | 113/109000 [00:50<13:11:49,  2.29it/s]
0%|          | 114/109000 [00:50<13:11:19,  2.29it/s]
0%|          | 115/109000 [00:50<13:11:16,  2.29it/s]
0%|          | 116/109000 [00:51<13:11:28,  2.29it/s]
0%|          | 117/109000 [00:51<13:11:01,  2.29it/s]
0%|          | 118/109000 [00:52<13:11:27,  2.29it/s]
0%|          | 119/109000 [00:52<13:10:48,  2.29it/s]
0%|          | 120/109000 [00:53<13:11:35,  2.29it/s]
0%|          | 121/109000 [00:53<13:12:16,  2.29it/s]
0%|          | 122/109000 [00:54<13:11:30,  2.29it/s]
0%|          | 123/109000 [00:54<13:11:31,  2.29it/s]
0%|          | 124/109000 [00:54<13:10:51,  2.29it/s]
0%|          | 125/109000 [00:55<13:11:38,  2.29it/s]
0%|          | 126/109000 [00:55<13:11:46,  2.29it/s]
0%|          | 127/109000 [00:56<13:11:33,  2.29it/s]
0%|          | 128/109000 [00:56<13:11:41,  2.29it/s]
0%|          | 129/109000 [00:57<13:11:02,  2.29it/s]
0%|          | 130/109000 [00:57<13:11:03,  2.29it/s]
0%|          | 131/109000 [00:57<13:10:45,  2.29it/s]
0%|          | 132/109000 [00:58<13:11:02,  2.29it/s]
0%|          | 133/109000 [00:58<13:10:42,  2.29it/s]
0%|          | 134/109000 [00:59<13:11:19,  2.29it/s]
0%|          | 135/109000 [00:59<13:11:34,  2.29it/s]
0%|          | 136/109000 [01:00<13:11:08,  2.29it/s]
0%|          | 137/109000 [01:00<13:11:16,  2.29it/s]
0%|          | 138/109000 [01:01<13:10:57,  2.29it/s]
0%|          | 139/109000 [01:01<13:11:18,  2.29it/s]
0%|          | 140/109000 [01:01<13:11:00,  2.29it/s]
0%|          | 141/109000 [01:02<13:11:04,  2.29it/s]
0%|          | 142/109000 [01:02<13:12:00,  2.29it/s]
0%|          | 143/109000 [01:03<13:10:44,  2.29it/s]
0%|          | 144/109000 [01:03<13:10:52,  2.29it/s]
0%|          | 145/109000 [01:04<13:10:28,  2.30it/s]
0%|          | 146/109000 [01:04<13:10:57,  2.29it/s]
0%|          | 147/109000 [01:04<13:11:00,  2.29it/s]
0%|          | 148/109000 [01:05<13:10:54,  2.29it/s]
0%|          | 149/109000 [01:05<13:11:11,  2.29it/s]
0%|          | 150/109000 [01:06<13:11:16,  2.29it/s]

{'loss': '7.316', 'grad_norm': '1.472', 'learning_rate': '4.993e-05', 'epoch': 
'0.01376'}

0%|          | 150/109000 [01:06<13:11:16,  2.29it/s]
0%|          | 151/109000 [01:06<13:11:51,  2.29it/s]
0%|          | 152/109000 [01:07<13:11:55,  2.29it/s]
0%|          | 153/109000 [01:07<13:11:04,  2.29it/s]
0%|          | 154/109000 [01:07<13:11:21,  2.29it/s]
0%|          | 155/109000 [01:08<13:11:25,  2.29it/s]
0%|          | 156/109000 [01:08<13:11:17,  2.29it/s]
0%|          | 157/109000 [01:09<13:11:18,  2.29it/s]
0%|          | 158/109000 [01:09<13:11:29,  2.29it/s]
0%|          | 159/109000 [01:10<13:11:31,  2.29it/s]
0%|          | 160/109000 [01:10<13:14:20,  2.28it/s]
0%|          | 161/109000 [01:11<13:13:17,  2.29it/s]
0%|          | 162/109000 [01:11<13:12:55,  2.29it/s]
0%|          | 163/109000 [01:11<13:11:52,  2.29it/s]
0%|          | 164/109000 [01:12<13:12:05,  2.29it/s]
0%|          | 165/109000 [01:12<13:11:51,  2.29it/s]
0%|          | 166/109000 [01:13<13:11:56,  2.29it/s]
0%|          | 167/109000 [01:13<13:12:01,  2.29it/s]
0%|          | 168/109000 [01:14<13:11:41,  2.29it/s]
0%|          | 169/109000 [01:14<13:11:44,  2.29it/s]
0%|          | 170/109000 [01:14<13:11:50,  2.29it/s]
0%|          | 171/109000 [01:15<13:11:04,  2.29it/s]
0%|          | 172/109000 [01:15<13:11:25,  2.29it/s]
0%|          | 173/109000 [01:16<13:11:18,  2.29it/s]
0%|          | 174/109000 [01:16<13:11:59,  2.29it/s]
0%|          | 175/109000 [01:17<13:12:02,  2.29it/s]
0%|          | 176/109000 [01:17<13:11:12,  2.29it/s]
0%|          | 177/109000 [01:18<13:11:19,  2.29it/s]
0%|          | 178/109000 [01:18<13:11:26,  2.29it/s]
0%|          | 179/109000 [01:18<13:11:02,  2.29it/s]
0%|          | 180/109000 [01:19<13:11:29,  2.29it/s]
0%|          | 181/109000 [01:19<13:10:56,  2.29it/s]
0%|          | 182/109000 [01:20<13:11:46,  2.29it/s]
0%|          | 183/109000 [01:20<13:11:26,  2.29it/s]
0%|          | 184/109000 [01:21<13:11:21,  2.29it/s]
0%|          | 185/109000 [01:21<13:11:40,  2.29it/s]
0%|          | 186/109000 [01:21<13:11:23,  2.29it/s]
0%|          | 187/109000 [01:22<13:11:28,  2.29it/s]
0%|          | 188/109000 [01:22<13:11:32,  2.29it/s]
0%|          | 189/109000 [01:23<13:11:07,  2.29it/s]
0%|          | 190/109000 [01:23<13:11:57,  2.29it/s]
0%|          | 191/109000 [01:24<13:12:01,  2.29it/s]
0%|          | 192/109000 [01:24<13:11:32,  2.29it/s]
0%|          | 193/109000 [01:25<13:11:48,  2.29it/s]
0%|          | 194/109000 [01:25<13:11:55,  2.29it/s]
0%|          | 195/109000 [01:25<13:11:48,  2.29it/s]
0%|          | 196/109000 [01:26<13:11:30,  2.29it/s]
0%|          | 197/109000 [01:26<13:11:26,  2.29it/s]
0%|          | 198/109000 [01:27<13:12:02,  2.29it/s]
0%|          | 199/109000 [01:27<13:11:56,  2.29it/s]
0%|          | 200/109000 [01:28<13:11:32,  2.29it/s]

{'loss': '7.108', 'grad_norm': '1.785', 'learning_rate': '4.991e-05', 'epoch': 
'0.01835'}

0%|          | 200/109000 [01:28<13:11:32,  2.29it/s]
0%|          | 201/109000 [01:28<13:12:19,  2.29it/s]
0%|          | 202/109000 [01:28<13:11:22,  2.29it/s]
0%|          | 203/109000 [01:29<13:11:31,  2.29it/s]
0%|          | 204/109000 [01:29<13:11:23,  2.29it/s]
0%|          | 205/109000 [01:30<13:10:56,  2.29it/s]
0%|          | 206/109000 [01:30<13:12:02,  2.29it/s]
0%|          | 207/109000 [01:31<13:11:31,  2.29it/s]
0%|          | 208/109000 [01:31<13:11:42,  2.29it/s]
0%|          | 209/109000 [01:32<13:12:03,  2.29it/s]
0%|          | 210/109000 [01:32<13:11:27,  2.29it/s]
0%|          | 211/109000 [01:32<13:11:59,  2.29it/s]
0%|          | 212/109000 [01:33<13:11:37,  2.29it/s]
0%|          | 213/109000 [01:33<13:11:06,  2.29it/s]
0%|          | 214/109000 [01:34<13:12:12,  2.29it/s]
0%|          | 215/109000 [01:34<13:11:18,  2.29it/s]
0%|          | 216/109000 [01:35<13:11:29,  2.29it/s]
0%|          | 217/109000 [01:35<13:11:35,  2.29it/s]
0%|          | 218/109000 [01:35<13:11:03,  2.29it/s]
0%|          | 219/109000 [01:36<13:11:39,  2.29it/s]
0%|          | 220/109000 [01:36<13:11:31,  2.29it/s]
0%|          | 221/109000 [01:37<13:11:32,  2.29it/s]
0%|          | 222/109000 [01:37<13:12:19,  2.29it/s]
0%|          | 223/109000 [01:38<13:11:32,  2.29it/s]
0%|          | 224/109000 [01:38<13:11:42,  2.29it/s]
0%|          | 225/109000 [01:38<13:11:36,  2.29it/s]
0%|          | 226/109000 [01:39<13:11:06,  2.29it/s]
0%|          | 227/109000 [01:39<13:11:19,  2.29it/s]
0%|          | 228/109000 [01:40<13:10:42,  2.29it/s]
0%|          | 229/109000 [01:40<13:11:12,  2.29it/s]
0%|          | 230/109000 [01:41<13:11:55,  2.29it/s]
0%|          | 231/109000 [01:41<13:11:34,  2.29it/s]
0%|          | 232/109000 [01:42<13:11:44,  2.29it/s]
0%|          | 233/109000 [01:42<13:11:27,  2.29it/s]
0%|          | 234/109000 [01:42<13:11:34,  2.29it/s]
0%|          | 235/109000 [01:43<13:12:11,  2.29it/s]
0%|          | 236/109000 [01:43<13:11:45,  2.29it/s]
0%|          | 237/109000 [01:44<13:12:38,  2.29it/s]
0%|          | 238/109000 [01:44<13:13:13,  2.29it/s]
0%|          | 239/109000 [01:45<13:12:07,  2.29it/s]
0%|          | 240/109000 [01:45<13:12:49,  2.29it/s]
0%|          | 241/109000 [01:45<13:12:46,  2.29it/s]
0%|          | 242/109000 [01:46<13:11:54,  2.29it/s]
0%|          | 243/109000 [01:46<13:12:04,  2.29it/s]
0%|          | 244/109000 [01:47<13:12:14,  2.29it/s]
0%|          | 245/109000 [01:47<13:11:42,  2.29it/s]
0%|          | 246/109000 [01:48<13:12:33,  2.29it/s]
0%|          | 247/109000 [01:48<13:11:25,  2.29it/s]
0%|          | 248/109000 [01:49<13:11:27,  2.29it/s]
0%|          | 249/109000 [01:49<13:11:44,  2.29it/s]
0%|          | 250/109000 [01:49<13:11:09,  2.29it/s]

{'loss': '7.029', 'grad_norm': '2.063', 'learning_rate': '4.989e-05', 'epoch': 
'0.02294'}

0%|          | 250/109000 [01:49<13:11:09,  2.29it/s]

0%|          | 0/3662 [00:00<?, ?it/s][A

0%|          | 10/3662 [00:00<00:40, 89.95it/s][A

1%|          | 19/3662 [00:00<00:43, 84.07it/s][A

1%|          | 28/3662 [00:00<00:44, 82.58it/s][A

1%|          | 37/3662 [00:00<00:44, 81.52it/s][A

1%|▏         | 46/3662 [00:00<00:44, 80.97it/s][A

2%|▏         | 55/3662 [00:00<00:44, 80.58it/s][A

2%|▏         | 64/3662 [00:00<00:44, 80.38it/s][A

2%|▏         | 73/3662 [00:00<00:44, 80.26it/s][A

2%|▏         | 82/3662 [00:01<00:44, 80.24it/s][A

2%|▏         | 91/3662 [00:01<00:44, 80.19it/s][A

3%|▎         | 100/3662 [00:01<00:44, 80.23it/s][A

3%|▎         | 109/3662 [00:01<00:44, 79.91it/s][A

3%|▎         | 117/3662 [00:01<00:44, 79.80it/s][A

3%|▎         | 125/3662 [00:01<00:44, 79.49it/s][A

4%|▎         | 133/3662 [00:01<00:45, 77.87it/s][A

4%|▍         | 141/3662 [00:01<00:45, 77.24it/s][A

4%|▍         | 149/3662 [00:01<00:45, 77.44it/s][A

4%|▍         | 157/3662 [00:01<00:45, 76.77it/s][A

5%|▍         | 165/3662 [00:02<00:45, 77.15it/s][A

5%|▍         | 173/3662 [00:02<00:45, 77.33it/s][A

5%|▍         | 181/3662 [00:02<00:45, 77.33it/s][A

5%|▌         | 189/3662 [00:02<00:45, 75.50it/s][A

5%|▌         | 197/3662 [00:02<00:46, 74.91it/s][A

6%|▌         | 205/3662 [00:02<00:47, 72.87it/s][A

6%|▌         | 213/3662 [00:02<00:46, 73.82it/s][A

6%|▌         | 221/3662 [00:02<00:45, 75.05it/s][A

6%|▋         | 229/3662 [00:02<00:45, 76.15it/s][A

6%|▋         | 237/3662 [00:03<00:44, 76.91it/s][A

7%|▋         | 245/3662 [00:03<00:44, 77.37it/s][A

7%|▋         | 253/3662 [00:03<00:43, 77.77it/s][A

7%|▋         | 261/3662 [00:03<00:43, 78.16it/s][A

7%|▋         | 269/3662 [00:03<00:43, 78.24it/s][A

8%|▊         | 277/3662 [00:03<00:43, 78.37it/s][A

8%|▊         | 285/3662 [00:03<00:42, 78.66it/s][A

8%|▊         | 293/3662 [00:03<00:42, 78.66it/s][A

8%|▊         | 301/3662 [00:03<00:42, 78.75it/s][A

8%|▊         | 309/3662 [00:03<00:42, 78.86it/s][A

9%|▊         | 317/3662 [00:04<00:42, 78.85it/s][A

9%|▉         | 325/3662 [00:04<00:42, 78.80it/s][A

9%|▉         | 333/3662 [00:04<00:42, 78.80it/s][A

9%|▉         | 341/3662 [00:04<00:42, 78.77it/s][A

10%|▉         | 349/3662 [00:04<00:42, 78.52it/s][A

10%|▉         | 357/3662 [00:04<00:42, 78.56it/s][A

10%|▉         | 365/3662 [00:04<00:41, 78.52it/s][A

10%|█         | 373/3662 [00:04<00:41, 78.42it/s][A

10%|█         | 381/3662 [00:04<00:41, 78.62it/s][A

11%|█         | 389/3662 [00:04<00:41, 78.84it/s][A

11%|█         | 397/3662 [00:05<00:41, 78.74it/s][A

11%|█         | 405/3662 [00:05<00:41, 78.77it/s][A

11%|█▏        | 413/3662 [00:05<00:41, 78.83it/s][A

11%|█▏        | 421/3662 [00:05<00:41, 78.79it/s][A

12%|█▏        | 429/3662 [00:05<00:40, 78.89it/s][A

12%|█▏        | 437/3662 [00:05<00:40, 78.66it/s][A

12%|█▏        | 445/3662 [00:05<00:40, 78.63it/s][A

12%|█▏        | 453/3662 [00:05<00:40, 78.60it/s][A

13%|█▎        | 461/3662 [00:05<00:40, 78.57it/s][A

13%|█▎        | 469/3662 [00:05<00:40, 78.62it/s][A

13%|█▎        | 477/3662 [00:06<00:40, 78.68it/s][A

13%|█▎        | 485/3662 [00:06<00:40, 78.58it/s][A

13%|█▎        | 493/3662 [00:06<00:40, 78.75it/s][A

14%|█▎        | 501/3662 [00:06<00:40, 78.65it/s][A

14%|█▍        | 509/3662 [00:06<00:40, 78.77it/s][A

14%|█▍        | 517/3662 [00:06<00:39, 78.78it/s][A

14%|█▍        | 525/3662 [00:06<00:39, 78.61it/s][A

15%|█▍        | 533/3662 [00:06<00:39, 78.70it/s][A

15%|█▍        | 541/3662 [00:06<00:39, 78.72it/s][A

15%|█▍        | 549/3662 [00:06<00:39, 78.76it/s][A

15%|█▌        | 557/3662 [00:07<00:39, 78.73it/s][A

15%|█▌        | 565/3662 [00:07<00:39, 78.79it/s][A

16%|█▌        | 573/3662 [00:07<00:39, 78.72it/s][A

16%|█▌        | 581/3662 [00:07<00:39, 78.48it/s][A

16%|█▌        | 589/3662 [00:07<00:39, 78.58it/s][A

16%|█▋        | 597/3662 [00:07<00:39, 78.55it/s][A

17%|█▋        | 605/3662 [00:07<00:38, 78.50it/s][A

17%|█▋        | 613/3662 [00:07<00:38, 78.55it/s][A

17%|█▋        | 621/3662 [00:07<00:38, 78.46it/s][A

17%|█▋        | 629/3662 [00:08<00:38, 78.33it/s][A

17%|█▋        | 637/3662 [00:08<00:38, 78.39it/s][A

18%|█▊        | 645/3662 [00:08<00:38, 78.46it/s][A

18%|█▊        | 653/3662 [00:08<00:38, 78.52it/s][A

18%|█▊        | 661/3662 [00:08<00:38, 78.54it/s][A

18%|█▊        | 669/3662 [00:08<00:38, 78.48it/s][A

18%|█▊        | 677/3662 [00:08<00:38, 78.51it/s][A

19%|█▊        | 685/3662 [00:08<00:37, 78.40it/s][A

19%|█▉        | 693/3662 [00:08<00:37, 78.36it/s][A

19%|█▉        | 701/3662 [00:08<00:37, 78.45it/s][A

19%|█▉        | 709/3662 [00:09<00:37, 78.47it/s][A

20%|█▉        | 717/3662 [00:09<00:37, 78.61it/s][A

20%|█▉        | 725/3662 [00:09<00:37, 78.71it/s][A

20%|██        | 733/3662 [00:09<00:37, 78.70it/s][A

20%|██        | 741/3662 [00:09<00:37, 78.55it/s][A

20%|██        | 749/3662 [00:09<00:37, 78.51it/s][A

21%|██        | 757/3662 [00:09<00:36, 78.62it/s][A

21%|██        | 765/3662 [00:09<00:36, 78.68it/s][A

21%|██        | 773/3662 [00:09<00:36, 78.64it/s][A

21%|██▏       | 781/3662 [00:09<00:36, 78.75it/s][A

22%|██▏       | 789/3662 [00:10<00:36, 78.64it/s][A

22%|██▏       | 797/3662 [00:10<00:36, 78.66it/s][A

22%|██▏       | 805/3662 [00:10<00:36, 78.73it/s][A

22%|██▏       | 813/3662 [00:10<00:36, 78.79it/s][A

22%|██▏       | 821/3662 [00:10<00:36, 78.81it/s][A

23%|██▎       | 829/3662 [00:10<00:35, 78.71it/s][A

23%|██▎       | 837/3662 [00:10<00:35, 78.76it/s][A

23%|██▎       | 845/3662 [00:10<00:35, 78.72it/s][A

23%|██▎       | 853/3662 [00:10<00:35, 78.82it/s][A

24%|██▎       | 861/3662 [00:10<00:35, 78.89it/s][A

24%|██▎       | 869/3662 [00:11<00:35, 79.14it/s][A

24%|██▍       | 877/3662 [00:11<00:35, 79.04it/s][A

24%|██▍       | 885/3662 [00:11<00:35, 79.00it/s][A

24%|██▍       | 893/3662 [00:11<00:35, 78.67it/s][A

25%|██▍       | 901/3662 [00:11<00:35, 78.53it/s][A

25%|██▍       | 909/3662 [00:11<00:35, 78.66it/s][A

25%|██▌       | 917/3662 [00:11<00:34, 78.68it/s][A

25%|██▌       | 925/3662 [00:11<00:34, 78.57it/s][A

25%|██▌       | 933/3662 [00:11<00:34, 78.55it/s][A

26%|██▌       | 941/3662 [00:11<00:34, 78.43it/s][A

26%|██▌       | 949/3662 [00:12<00:34, 78.57it/s][A

26%|██▌       | 957/3662 [00:12<00:34, 78.50it/s][A

26%|██▋       | 965/3662 [00:12<00:34, 78.58it/s][A

27%|██▋       | 973/3662 [00:12<00:34, 78.64it/s][A

27%|██▋       | 981/3662 [00:12<00:34, 78.70it/s][A

27%|██▋       | 989/3662 [00:12<00:33, 78.62it/s][A

27%|██▋       | 997/3662 [00:12<00:33, 78.56it/s][A

27%|██▋       | 1005/3662 [00:12<00:33, 78.53it/s][A

28%|██▊       | 1013/3662 [00:12<00:33, 78.77it/s][A

28%|██▊       | 1021/3662 [00:12<00:33, 78.84it/s][A

28%|██▊       | 1029/3662 [00:13<00:33, 78.96it/s][A

28%|██▊       | 1037/3662 [00:13<00:33, 78.90it/s][A

29%|██▊       | 1045/3662 [00:13<00:33, 78.93it/s][A

29%|██▉       | 1053/3662 [00:13<00:33, 78.87it/s][A

29%|██▉       | 1061/3662 [00:13<00:33, 78.71it/s][A

29%|██▉       | 1069/3662 [00:13<00:32, 78.60it/s][A

29%|██▉       | 1077/3662 [00:13<00:32, 78.62it/s][A

30%|██▉       | 1085/3662 [00:13<00:32, 78.79it/s][A

30%|██▉       | 1093/3662 [00:13<00:32, 78.79it/s][A

30%|███       | 1101/3662 [00:14<00:32, 78.81it/s][A

30%|███       | 1109/3662 [00:14<00:32, 78.62it/s][A

31%|███       | 1117/3662 [00:14<00:32, 78.61it/s][A

31%|███       | 1125/3662 [00:14<00:32, 78.74it/s][A

31%|███       | 1133/3662 [00:14<00:32, 78.75it/s][A

31%|███       | 1141/3662 [00:14<00:32, 78.66it/s][A

31%|███▏      | 1149/3662 [00:14<00:32, 78.40it/s][A

32%|███▏      | 1157/3662 [00:14<00:31, 78.39it/s][A

32%|███▏      | 1165/3662 [00:14<00:31, 78.35it/s][A

32%|███▏      | 1173/3662 [00:14<00:31, 78.27it/s][A

32%|███▏      | 1181/3662 [00:15<00:31, 78.30it/s][A

32%|███▏      | 1189/3662 [00:15<00:31, 78.36it/s][A

33%|███▎      | 1197/3662 [00:15<00:31, 78.51it/s][A

33%|███▎      | 1205/3662 [00:15<00:31, 78.70it/s][A

33%|███▎      | 1213/3662 [00:15<00:31, 78.75it/s][A

33%|███▎      | 1221/3662 [00:15<00:30, 78.77it/s][A

34%|███▎      | 1229/3662 [00:15<00:30, 78.71it/s][A

34%|███▍      | 1237/3662 [00:15<00:30, 78.60it/s][A

34%|███▍      | 1245/3662 [00:15<00:30, 78.67it/s][A

34%|███▍      | 1253/3662 [00:15<00:30, 78.62it/s][A

34%|███▍      | 1261/3662 [00:16<00:30, 78.54it/s][A

35%|███▍      | 1269/3662 [00:16<00:30, 78.72it/s][A

35%|███▍      | 1277/3662 [00:16<00:30, 78.69it/s][A

35%|███▌      | 1285/3662 [00:16<00:30, 78.73it/s][A

35%|███▌      | 1293/3662 [00:16<00:30, 78.72it/s][A

36%|███▌      | 1301/3662 [00:16<00:30, 78.68it/s][A

36%|███▌      | 1309/3662 [00:16<00:29, 78.68it/s][A

36%|███▌      | 1317/3662 [00:16<00:29, 78.70it/s][A

36%|███▌      | 1325/3662 [00:16<00:29, 78.99it/s][A

36%|███▋      | 1333/3662 [00:16<00:29, 78.96it/s][A

37%|███▋      | 1341/3662 [00:17<00:29, 78.92it/s][A

37%|███▋      | 1349/3662 [00:17<00:29, 78.81it/s][A

37%|███▋      | 1357/3662 [00:17<00:29, 78.66it/s][A

37%|███▋      | 1365/3662 [00:17<00:29, 78.73it/s][A

37%|███▋      | 1373/3662 [00:17<00:29, 78.66it/s][A

38%|███▊      | 1381/3662 [00:17<00:28, 78.76it/s][A

38%|███▊      | 1389/3662 [00:17<00:28, 78.78it/s][A

38%|███▊      | 1397/3662 [00:17<00:28, 78.57it/s][A

38%|███▊      | 1405/3662 [00:17<00:28, 78.50it/s][A

39%|███▊      | 1413/3662 [00:17<00:28, 78.67it/s][A

39%|███▉      | 1421/3662 [00:18<00:28, 78.62it/s][A

39%|███▉      | 1429/3662 [00:18<00:28, 78.58it/s][A

39%|███▉      | 1437/3662 [00:18<00:28, 78.71it/s][A

39%|███▉      | 1445/3662 [00:18<00:28, 78.63it/s][A

40%|███▉      | 1453/3662 [00:18<00:28, 78.67it/s][A

40%|███▉      | 1461/3662 [00:18<00:27, 78.65it/s][A

40%|████      | 1469/3662 [00:18<00:27, 78.68it/s][A

40%|████      | 1477/3662 [00:18<00:27, 78.73it/s][A

41%|████      | 1485/3662 [00:18<00:27, 79.00it/s][A

41%|████      | 1493/3662 [00:18<00:27, 78.87it/s][A

41%|████      | 1501/3662 [00:19<00:27, 78.78it/s][A

41%|████      | 1509/3662 [00:19<00:27, 78.71it/s][A

41%|████▏     | 1517/3662 [00:19<00:27, 78.81it/s][A

42%|████▏     | 1525/3662 [00:19<00:27, 78.82it/s][A

42%|████▏     | 1533/3662 [00:19<00:27, 78.67it/s][A

42%|████▏     | 1541/3662 [00:19<00:26, 78.60it/s][A

42%|████▏     | 1549/3662 [00:19<00:26, 78.59it/s][A

43%|████▎     | 1557/3662 [00:19<00:26, 78.63it/s][A

43%|████▎     | 1565/3662 [00:19<00:26, 78.64it/s][A

43%|████▎     | 1573/3662 [00:20<00:26, 78.62it/s][A

43%|████▎     | 1581/3662 [00:20<00:26, 78.63it/s][A

43%|████▎     | 1589/3662 [00:20<00:26, 78.52it/s][A

44%|████▎     | 1597/3662 [00:20<00:26, 78.71it/s][A

44%|████▍     | 1605/3662 [00:20<00:26, 78.79it/s][A

44%|████▍     | 1613/3662 [00:20<00:25, 78.81it/s][A

44%|████▍     | 1621/3662 [00:20<00:25, 78.75it/s][A

44%|████▍     | 1629/3662 [00:20<00:25, 78.72it/s][A

45%|████▍     | 1637/3662 [00:20<00:25, 78.88it/s][A

45%|████▍     | 1645/3662 [00:20<00:25, 78.97it/s][A

45%|████▌     | 1653/3662 [00:21<00:25, 78.82it/s][A

45%|████▌     | 1661/3662 [00:21<00:25, 78.65it/s][A

46%|████▌     | 1669/3662 [00:21<00:25, 78.63it/s][A

46%|████▌     | 1677/3662 [00:21<00:25, 78.61it/s][A

46%|████▌     | 1685/3662 [00:21<00:25, 78.66it/s][A

46%|████▌     | 1693/3662 [00:21<00:25, 78.76it/s][A

46%|████▋     | 1701/3662 [00:21<00:24, 78.82it/s][A

47%|████▋     | 1709/3662 [00:21<00:24, 78.90it/s][A

47%|████▋     | 1717/3662 [00:21<00:24, 78.90it/s][A

47%|████▋     | 1725/3662 [00:21<00:24, 78.80it/s][A

47%|████▋     | 1733/3662 [00:22<00:24, 78.68it/s][A

48%|████▊     | 1741/3662 [00:22<00:24, 78.60it/s][A

48%|████▊     | 1749/3662 [00:22<00:24, 78.74it/s][A

48%|████▊     | 1757/3662 [00:22<00:24, 78.71it/s][A

48%|████▊     | 1765/3662 [00:22<00:24, 78.77it/s][A

48%|████▊     | 1773/3662 [00:22<00:23, 78.82it/s][A

49%|████▊     | 1781/3662 [00:22<00:23, 78.78it/s][A

49%|████▉     | 1789/3662 [00:22<00:23, 78.70it/s][A

49%|████▉     | 1797/3662 [00:22<00:23, 78.74it/s][A

49%|████▉     | 1805/3662 [00:22<00:23, 78.72it/s][A

50%|████▉     | 1813/3662 [00:23<00:23, 78.81it/s][A

50%|████▉     | 1821/3662 [00:23<00:23, 78.79it/s][A

50%|████▉     | 1829/3662 [00:23<00:23, 78.94it/s][A

50%|█████     | 1837/3662 [00:23<00:23, 78.95it/s][A

50%|█████     | 1845/3662 [00:23<00:23, 78.93it/s][A

51%|█████     | 1853/3662 [00:23<00:22, 78.90it/s][A

51%|█████     | 1861/3662 [00:23<00:22, 78.94it/s][A

51%|█████     | 1870/3662 [00:23<00:22, 79.32it/s][A

51%|█████▏    | 1878/3662 [00:23<00:22, 79.19it/s][A

52%|█████▏    | 1886/3662 [00:23<00:22, 79.04it/s][A

52%|█████▏    | 1894/3662 [00:24<00:22, 79.00it/s][A

52%|█████▏    | 1902/3662 [00:24<00:22, 78.89it/s][A

52%|█████▏    | 1910/3662 [00:24<00:22, 78.88it/s][A

52%|█████▏    | 1918/3662 [00:24<00:22, 78.85it/s][A

53%|█████▎    | 1926/3662 [00:24<00:21, 78.95it/s][A

53%|█████▎    | 1934/3662 [00:24<00:21, 79.22it/s][A

53%|█████▎    | 1942/3662 [00:24<00:21, 79.19it/s][A

53%|█████▎    | 1951/3662 [00:24<00:21, 79.57it/s][A

54%|█████▎    | 1960/3662 [00:24<00:21, 79.96it/s][A

54%|█████▎    | 1968/3662 [00:25<00:21, 79.84it/s][A

54%|█████▍    | 1977/3662 [00:25<00:21, 79.99it/s][A

54%|█████▍    | 1986/3662 [00:25<00:20, 80.00it/s][A

54%|█████▍    | 1994/3662 [00:25<00:20, 79.98it/s][A

55%|█████▍    | 2003/3662 [00:25<00:20, 80.02it/s][A

55%|█████▍    | 2012/3662 [00:25<00:20, 80.09it/s][A

55%|█████▌    | 2021/3662 [00:25<00:20, 80.12it/s][A

55%|█████▌    | 2030/3662 [00:25<00:20, 80.02it/s][A

56%|█████▌    | 2039/3662 [00:25<00:20, 80.14it/s][A

56%|█████▌    | 2048/3662 [00:26<00:20, 80.14it/s][A

56%|█████▌    | 2057/3662 [00:26<00:20, 80.24it/s][A

56%|█████▋    | 2066/3662 [00:26<00:19, 80.27it/s][A

57%|█████▋    | 2075/3662 [00:26<00:19, 80.24it/s][A

57%|█████▋    | 2084/3662 [00:26<00:19, 80.34it/s][A

57%|█████▋    | 2093/3662 [00:26<00:19, 80.33it/s][A

57%|█████▋    | 2102/3662 [00:26<00:19, 80.32it/s][A

58%|█████▊    | 2111/3662 [00:26<00:19, 80.27it/s][A

58%|█████▊    | 2120/3662 [00:26<00:19, 80.18it/s][A

58%|█████▊    | 2129/3662 [00:27<00:19, 80.08it/s][A

58%|█████▊    | 2138/3662 [00:27<00:19, 79.40it/s][A

59%|█████▊    | 2146/3662 [00:27<00:19, 78.85it/s][A

59%|█████▉    | 2154/3662 [00:27<00:19, 78.42it/s][A

59%|█████▉    | 2162/3662 [00:27<00:19, 78.17it/s][A

59%|█████▉    | 2170/3662 [00:27<00:19, 78.13it/s][A

59%|█████▉    | 2178/3662 [00:27<00:19, 78.10it/s][A

60%|█████▉    | 2186/3662 [00:27<00:18, 78.07it/s][A

60%|█████▉    | 2194/3662 [00:27<00:18, 78.13it/s][A

60%|██████    | 2203/3662 [00:27<00:18, 78.93it/s][A

60%|██████    | 2212/3662 [00:28<00:18, 79.41it/s][A

61%|██████    | 2220/3662 [00:28<00:18, 78.95it/s][A

61%|██████    | 2228/3662 [00:28<00:18, 78.53it/s][A

61%|██████    | 2236/3662 [00:28<00:18, 78.23it/s][A

61%|██████▏   | 2244/3662 [00:28<00:18, 78.10it/s][A

61%|██████▏   | 2252/3662 [00:28<00:18, 78.02it/s][A

62%|██████▏   | 2260/3662 [00:28<00:17, 78.01it/s][A

62%|██████▏   | 2268/3662 [00:28<00:17, 77.83it/s][A

62%|██████▏   | 2276/3662 [00:28<00:17, 77.84it/s][A

62%|██████▏   | 2284/3662 [00:29<00:17, 77.93it/s][A

63%|██████▎   | 2292/3662 [00:29<00:17, 77.93it/s][A

63%|██████▎   | 2300/3662 [00:29<00:17, 77.92it/s][A

63%|██████▎   | 2308/3662 [00:29<00:17, 77.89it/s][A

63%|██████▎   | 2316/3662 [00:29<00:17, 77.80it/s][A

63%|██████▎   | 2324/3662 [00:29<00:17, 77.64it/s][A

64%|██████▎   | 2332/3662 [00:29<00:17, 77.81it/s][A

64%|██████▍   | 2340/3662 [00:29<00:16, 77.80it/s][A

64%|██████▍   | 2348/3662 [00:29<00:16, 77.76it/s][A

64%|██████▍   | 2356/3662 [00:29<00:16, 77.85it/s][A

65%|██████▍   | 2364/3662 [00:30<00:16, 77.75it/s][A

65%|██████▍   | 2372/3662 [00:30<00:16, 77.79it/s][A

65%|██████▍   | 2380/3662 [00:30<00:16, 77.65it/s][A

65%|██████▌   | 2388/3662 [00:30<00:16, 77.77it/s][A

65%|██████▌   | 2396/3662 [00:30<00:16, 77.89it/s][A

66%|██████▌   | 2404/3662 [00:30<00:16, 77.92it/s][A

66%|██████▌   | 2412/3662 [00:30<00:16, 77.92it/s][A

66%|██████▌   | 2420/3662 [00:30<00:15, 77.87it/s][A

66%|██████▋   | 2428/3662 [00:30<00:15, 77.89it/s][A

67%|██████▋   | 2436/3662 [00:30<00:15, 77.93it/s][A

67%|██████▋   | 2444/3662 [00:31<00:15, 77.85it/s][A

67%|██████▋   | 2452/3662 [00:31<00:15, 77.76it/s][A

67%|██████▋   | 2460/3662 [00:31<00:15, 77.77it/s][A

67%|██████▋   | 2468/3662 [00:31<00:15, 77.84it/s][A

68%|██████▊   | 2476/3662 [00:31<00:15, 77.79it/s][A

68%|██████▊   | 2484/3662 [00:31<00:15, 77.90it/s][A

68%|██████▊   | 2492/3662 [00:31<00:15, 77.68it/s][A

68%|██████▊   | 2500/3662 [00:31<00:14, 77.67it/s][A

68%|██████▊   | 2508/3662 [00:31<00:14, 77.71it/s][A

69%|██████▊   | 2516/3662 [00:31<00:14, 77.67it/s][A

69%|██████▉   | 2524/3662 [00:32<00:14, 77.62it/s][A

69%|██████▉   | 2532/3662 [00:32<00:14, 77.72it/s][A

69%|██████▉   | 2540/3662 [00:32<00:14, 77.62it/s][A

70%|██████▉   | 2548/3662 [00:32<00:14, 77.63it/s][A

70%|██████▉   | 2556/3662 [00:32<00:14, 77.83it/s][A

70%|███████   | 2564/3662 [00:32<00:14, 77.82it/s][A

70%|███████   | 2572/3662 [00:32<00:14, 77.82it/s][A

70%|███████   | 2580/3662 [00:32<00:13, 77.70it/s][A

71%|███████   | 2588/3662 [00:32<00:13, 77.60it/s][A

71%|███████   | 2596/3662 [00:33<00:13, 77.65it/s][A

71%|███████   | 2604/3662 [00:33<00:13, 77.80it/s][A

71%|███████▏  | 2612/3662 [00:33<00:13, 77.84it/s][A

72%|███████▏  | 2620/3662 [00:33<00:13, 77.88it/s][A

72%|███████▏  | 2629/3662 [00:33<00:13, 78.67it/s][A

72%|███████▏  | 2638/3662 [00:33<00:12, 79.32it/s][A

72%|███████▏  | 2646/3662 [00:33<00:12, 78.97it/s][A

72%|███████▏  | 2654/3662 [00:33<00:12, 78.64it/s][A

73%|███████▎  | 2662/3662 [00:33<00:12, 78.40it/s][A

73%|███████▎  | 2670/3662 [00:33<00:12, 78.25it/s][A

73%|███████▎  | 2678/3662 [00:34<00:12, 78.10it/s][A

73%|███████▎  | 2686/3662 [00:34<00:12, 78.01it/s][A

74%|███████▎  | 2694/3662 [00:34<00:12, 78.06it/s][A

74%|███████▍  | 2702/3662 [00:34<00:12, 78.05it/s][A

74%|███████▍  | 2710/3662 [00:34<00:12, 77.96it/s][A

74%|███████▍  | 2718/3662 [00:34<00:12, 77.89it/s][A

74%|███████▍  | 2726/3662 [00:34<00:12, 77.99it/s][A

75%|███████▍  | 2734/3662 [00:34<00:11, 77.88it/s][A

75%|███████▍  | 2742/3662 [00:34<00:11, 77.95it/s][A

75%|███████▌  | 2750/3662 [00:34<00:11, 77.83it/s][A

75%|███████▌  | 2758/3662 [00:35<00:11, 77.78it/s][A

76%|███████▌  | 2766/3662 [00:35<00:11, 77.76it/s][A

76%|███████▌  | 2774/3662 [00:35<00:11, 77.57it/s][A

76%|███████▌  | 2782/3662 [00:35<00:11, 77.68it/s][A

76%|███████▌  | 2790/3662 [00:35<00:11, 77.57it/s][A

76%|███████▋  | 2798/3662 [00:35<00:11, 77.73it/s][A

77%|███████▋  | 2806/3662 [00:35<00:11, 77.76it/s][A

77%|███████▋  | 2814/3662 [00:35<00:10, 77.64it/s][A

77%|███████▋  | 2822/3662 [00:35<00:10, 77.76it/s][A

77%|███████▋  | 2830/3662 [00:36<00:10, 77.73it/s][A

77%|███████▋  | 2838/3662 [00:36<00:10, 77.63it/s][A

78%|███████▊  | 2846/3662 [00:36<00:10, 77.70it/s][A

78%|███████▊  | 2854/3662 [00:36<00:10, 77.61it/s][A

78%|███████▊  | 2862/3662 [00:36<00:10, 77.58it/s][A

78%|███████▊  | 2870/3662 [00:36<00:10, 77.71it/s][A

79%|███████▊  | 2878/3662 [00:36<00:10, 77.85it/s][A

79%|███████▉  | 2886/3662 [00:36<00:09, 77.84it/s][A

79%|███████▉  | 2894/3662 [00:36<00:09, 77.73it/s][A

79%|███████▉  | 2902/3662 [00:36<00:09, 77.73it/s][A

79%|███████▉  | 2910/3662 [00:37<00:09, 77.80it/s][A

80%|███████▉  | 2918/3662 [00:37<00:09, 77.80it/s][A

80%|███████▉  | 2926/3662 [00:37<00:09, 77.85it/s][A

80%|████████  | 2934/3662 [00:37<00:09, 77.79it/s][A

80%|████████  | 2942/3662 [00:37<00:09, 77.88it/s][A

81%|████████  | 2950/3662 [00:37<00:09, 77.91it/s][A

81%|████████  | 2958/3662 [00:37<00:09, 77.82it/s][A

81%|████████  | 2966/3662 [00:37<00:08, 77.76it/s][A

81%|████████  | 2974/3662 [00:37<00:08, 77.62it/s][A

81%|████████▏ | 2982/3662 [00:37<00:08, 77.56it/s][A

82%|████████▏ | 2990/3662 [00:38<00:08, 77.61it/s][A

82%|████████▏ | 2998/3662 [00:38<00:08, 77.54it/s][A

82%|████████▏ | 3006/3662 [00:38<00:08, 77.68it/s][A

82%|████████▏ | 3014/3662 [00:38<00:08, 77.71it/s][A

83%|████████▎ | 3022/3662 [00:38<00:08, 77.72it/s][A

83%|████████▎ | 3030/3662 [00:38<00:08, 77.64it/s][A

83%|████████▎ | 3038/3662 [00:38<00:08, 77.09it/s][A

83%|████████▎ | 3046/3662 [00:38<00:07, 77.21it/s][A

83%|████████▎ | 3054/3662 [00:38<00:07, 77.78it/s][A

84%|████████▎ | 3062/3662 [00:39<00:07, 77.92it/s][A

84%|████████▍ | 3070/3662 [00:39<00:07, 77.80it/s][A

84%|████████▍ | 3078/3662 [00:39<00:07, 77.64it/s][A

84%|████████▍ | 3086/3662 [00:39<00:07, 77.86it/s][A

84%|████████▍ | 3094/3662 [00:39<00:07, 77.89it/s][A

85%|████████▍ | 3102/3662 [00:39<00:07, 77.79it/s][A

85%|████████▍ | 3110/3662 [00:39<00:07, 77.70it/s][A

85%|████████▌ | 3118/3662 [00:39<00:07, 77.66it/s][A

85%|████████▌ | 3126/3662 [00:39<00:06, 77.61it/s][A

86%|████████▌ | 3134/3662 [00:39<00:06, 77.51it/s][A

86%|████████▌ | 3142/3662 [00:40<00:06, 77.64it/s][A

86%|████████▌ | 3150/3662 [00:40<00:06, 78.02it/s][A

86%|████████▌ | 3158/3662 [00:40<00:06, 78.02it/s][A

86%|████████▋ | 3166/3662 [00:40<00:06, 78.00it/s][A

87%|████████▋ | 3174/3662 [00:40<00:06, 77.96it/s][A

87%|████████▋ | 3182/3662 [00:40<00:06, 77.83it/s][A

87%|████████▋ | 3190/3662 [00:40<00:06, 77.61it/s][A

87%|████████▋ | 3198/3662 [00:40<00:05, 77.56it/s][A

88%|████████▊ | 3206/3662 [00:40<00:05, 78.24it/s][A

88%|████████▊ | 3215/3662 [00:40<00:05, 78.88it/s][A

88%|████████▊ | 3223/3662 [00:41<00:05, 79.19it/s][A

88%|████████▊ | 3232/3662 [00:41<00:05, 79.45it/s][A

89%|████████▊ | 3241/3662 [00:41<00:05, 79.86it/s][A

89%|████████▊ | 3249/3662 [00:41<00:05, 79.72it/s][A

89%|████████▉ | 3257/3662 [00:41<00:05, 79.18it/s][A

89%|████████▉ | 3265/3662 [00:41<00:05, 78.73it/s][A

89%|████████▉ | 3273/3662 [00:41<00:04, 78.60it/s][A

90%|████████▉ | 3281/3662 [00:41<00:04, 78.25it/s][A

90%|████████▉ | 3289/3662 [00:41<00:04, 78.24it/s][A

90%|█████████ | 3297/3662 [00:42<00:04, 78.43it/s][A

90%|█████████ | 3306/3662 [00:42<00:04, 79.09it/s][A

90%|█████████ | 3314/3662 [00:42<00:04, 78.66it/s][A

91%|█████████ | 3322/3662 [00:42<00:04, 78.30it/s][A

91%|█████████ | 3330/3662 [00:42<00:04, 78.20it/s][A

91%|█████████ | 3338/3662 [00:42<00:04, 78.15it/s][A

91%|█████████▏| 3346/3662 [00:42<00:04, 77.97it/s][A

92%|█████████▏| 3354/3662 [00:42<00:03, 78.02it/s][A

92%|█████████▏| 3362/3662 [00:42<00:03, 77.89it/s][A

92%|█████████▏| 3370/3662 [00:42<00:03, 77.82it/s][A

92%|█████████▏| 3378/3662 [00:43<00:03, 77.80it/s][A

92%|█████████▏| 3386/3662 [00:43<00:03, 77.73it/s][A

93%|█████████▎| 3394/3662 [00:43<00:03, 77.70it/s][A

93%|█████████▎| 3402/3662 [00:43<00:03, 77.79it/s][A

93%|█████████▎| 3410/3662 [00:43<00:03, 78.05it/s][A

93%|█████████▎| 3418/3662 [00:43<00:03, 77.92it/s][A

94%|█████████▎| 3426/3662 [00:43<00:03, 77.96it/s][A

94%|█████████▍| 3434/3662 [00:43<00:02, 77.95it/s][A

94%|█████████▍| 3442/3662 [00:43<00:02, 77.92it/s][A

94%|█████████▍| 3450/3662 [00:43<00:02, 77.86it/s][A

94%|█████████▍| 3458/3662 [00:44<00:02, 77.80it/s][A

95%|█████████▍| 3466/3662 [00:44<00:02, 77.95it/s][A

95%|█████████▍| 3474/3662 [00:44<00:02, 77.93it/s][A

95%|█████████▌| 3482/3662 [00:44<00:02, 77.89it/s][A

95%|█████████▌| 3490/3662 [00:44<00:02, 77.78it/s][A

96%|█████████▌| 3498/3662 [00:44<00:02, 77.86it/s][A

96%|█████████▌| 3506/3662 [00:44<00:02, 77.85it/s][A

96%|█████████▌| 3514/3662 [00:44<00:01, 77.97it/s][A

96%|█████████▌| 3522/3662 [00:44<00:01, 78.00it/s][A

96%|█████████▋| 3530/3662 [00:44<00:01, 77.93it/s][A

97%|█████████▋| 3538/3662 [00:45<00:01, 77.88it/s][A

97%|█████████▋| 3546/3662 [00:45<00:01, 77.73it/s][A

97%|█████████▋| 3554/3662 [00:45<00:01, 77.65it/s][A

97%|█████████▋| 3562/3662 [00:45<00:01, 77.78it/s][A

97%|█████████▋| 3570/3662 [00:45<00:01, 77.70it/s][A

98%|█████████▊| 3578/3662 [00:45<00:01, 77.64it/s][A

98%|█████████▊| 3586/3662 [00:45<00:00, 77.73it/s][A

98%|█████████▊| 3594/3662 [00:45<00:00, 77.81it/s][A

98%|█████████▊| 3602/3662 [00:45<00:00, 77.71it/s][A

99%|█████████▊| 3610/3662 [00:46<00:00, 77.81it/s][A

99%|█████████▉| 3618/3662 [00:46<00:00, 77.81it/s][A

99%|█████████▉| 3626/3662 [00:46<00:00, 77.93it/s][A

99%|█████████▉| 3634/3662 [00:46<00:00, 78.01it/s][A

99%|█████████▉| 3642/3662 [00:46<00:00, 77.87it/s][A

100%|█████████▉| 3651/3662 [00:46<00:00, 78.66it/s][A

100%|█████████▉| 3660/3662 [00:46<00:00, 79.72it/s][A



[A{'eval_loss': '6.935', 'eval_runtime': '47.12', 'eval_samples_per_second': 
'621.7', 'eval_steps_per_second': '77.72', 'epoch': '0.02294'}

0%|          | 250/109000 [02:37<13:11:09,  2.29it/s]

100%|██████████| 3662/3662 [00:46<00:00, 79.72it/s][A

[A

Writing model shards:   0%|          | 0/1 [00:00<?, ?it/s][A

Writing model shards: 100%|██████████| 1/1 [00:00<00:00,  1.52it/s][A
Writing model shards: 100%|██████████| 1/1 [00:00<00:00,  1.52it/s]

0%|          | 251/109000 [02:39<460:49:55, 15.26s/it]
0%|          | 252/109000 [02:40<326:32:09, 10.81s/it]
0%|          | 253/109000 [02:40<232:32:20,  7.70s/it]
0%|          | 254/109000 [02:41<166:45:24,  5.52s/it]
0%|          | 255/109000 [02:41<120:41:16,  4.00s/it]
0%|          | 256/109000 [02:41<88:26:22,  2.93s/it]
0%|          | 257/109000 [02:42<65:52:34,  2.18s/it]
0%|          | 258/109000 [02:42<50:04:01,  1.66s/it]
0%|          | 259/109000 [02:43<39:00:46,  1.29s/it]
0%|          | 260/109000 [02:43<31:16:41,  1.04s/it]
0%|          | 261/109000 [02:44<25:51:22,  1.17it/s]
0%|          | 262/109000 [02:44<22:04:20,  1.37it/s]
0%|          | 263/109000 [02:44<19:25:12,  1.56it/s]
0%|          | 264/109000 [02:45<17:33:42,  1.72it/s]
0%|          | 265/109000 [02:45<16:15:22,  1.86it/s]
0%|          | 266/109000 [02:46<15:21:29,  1.97it/s]
0%|          | 267/109000 [02:46<14:42:38,  2.05it/s]
0%|          | 268/109000 [02:47<14:15:55,  2.12it/s]
0%|          | 269/109000 [02:47<13:57:04,  2.16it/s]
0%|          | 270/109000 [02:48<13:43:54,  2.20it/s]
0%|          | 271/109000 [02:48<13:34:28,  2.22it/s]
0%|          | 272/109000 [02:48<13:28:51,  2.24it/s]
0%|          | 273/109000 [02:49<13:24:16,  2.25it/s]
0%|          | 274/109000 [02:49<13:20:44,  2.26it/s]
0%|          | 275/109000 [02:50<13:19:21,  2.27it/s]
0%|          | 276/109000 [02:50<13:17:16,  2.27it/s]
0%|          | 277/109000 [02:51<13:16:07,  2.28it/s]
0%|          | 278/109000 [02:51<13:15:17,  2.28it/s]
0%|          | 279/109000 [02:51<13:14:44,  2.28it/s]
0%|          | 280/109000 [02:52<13:14:30,  2.28it/s]
0%|          | 281/109000 [02:52<13:13:58,  2.28it/s]
0%|          | 282/109000 [02:53<13:14:47,  2.28it/s]
0%|          | 283/109000 [02:53<13:14:26,  2.28it/s]
0%|          | 284/109000 [02:54<13:13:51,  2.28it/s]
0%|          | 285/109000 [02:54<13:14:14,  2.28it/s]
0%|          | 286/109000 [02:55<13:13:32,  2.28it/s]
0%|          | 287/109000 [02:55<13:13:30,  2.28it/s]
0%|          | 288/109000 [02:55<13:13:50,  2.28it/s]
0%|          | 289/109000 [02:56<13:13:23,  2.28it/s]
0%|          | 290/109000 [02:56<13:13:18,  2.28it/s]
0%|          | 291/109000 [02:57<13:13:49,  2.28it/s]
0%|          | 292/109000 [02:57<13:12:59,  2.28it/s]
0%|          | 293/109000 [02:58<13:13:03,  2.28it/s]
0%|          | 294/109000 [02:58<13:13:08,  2.28it/s]
0%|          | 295/109000 [02:59<13:13:00,  2.28it/s]
0%|          | 296/109000 [02:59<13:13:02,  2.28it/s]
0%|          | 297/109000 [02:59<13:13:17,  2.28it/s]
0%|          | 298/109000 [03:00<13:12:44,  2.29it/s]
0%|          | 299/109000 [03:00<13:13:06,  2.28it/s]
0%|          | 300/109000 [03:01<13:13:04,  2.28it/s]

{'loss': '6.917', 'grad_norm': '0.8737', 'learning_rate': '4.986e-05', 'epoch': 
'0.02752'}

0%|          | 300/109000 [03:01<13:13:04,  2.28it/s]
0%|          | 301/109000 [03:01<13:13:36,  2.28it/s]
0%|          | 302/109000 [03:02<13:13:22,  2.28it/s]
0%|          | 303/109000 [03:02<13:13:43,  2.28it/s]
0%|          | 304/109000 [03:02<13:13:03,  2.28it/s]
0%|          | 305/109000 [03:03<13:13:08,  2.28it/s]
0%|          | 306/109000 [03:03<13:12:49,  2.28it/s]
0%|          | 307/109000 [03:04<13:12:40,  2.29it/s]
0%|          | 308/109000 [03:04<13:12:51,  2.28it/s]
0%|          | 309/109000 [03:05<13:12:47,  2.28it/s]
0%|          | 310/109000 [03:05<13:12:55,  2.28it/s]
0%|          | 311/109000 [03:06<13:13:14,  2.28it/s]
0%|          | 312/109000 [03:06<13:12:27,  2.29it/s]
0%|          | 313/109000 [03:06<13:12:33,  2.29it/s]
0%|          | 314/109000 [03:07<13:12:53,  2.28it/s]
0%|          | 315/109000 [03:07<13:12:52,  2.28it/s]
0%|          | 316/109000 [03:08<13:12:54,  2.28it/s]
0%|          | 317/109000 [03:08<13:12:21,  2.29it/s]
0%|          | 318/109000 [03:09<13:12:19,  2.29it/s]
0%|          | 319/109000 [03:09<13:12:48,  2.28it/s]
0%|          | 320/109000 [03:09<13:12:28,  2.29it/s]
0%|          | 321/109000 [03:10<13:12:34,  2.29it/s]
0%|          | 322/109000 [03:10<13:13:01,  2.28it/s]
0%|          | 323/109000 [03:11<13:12:52,  2.28it/s]
0%|          | 324/109000 [03:11<13:12:39,  2.29it/s]
0%|          | 325/109000 [03:12<13:12:52,  2.28it/s]
0%|          | 326/109000 [03:12<13:12:37,  2.29it/s]
0%|          | 327/109000 [03:13<13:12:34,  2.29it/s]
0%|          | 328/109000 [03:13<13:13:02,  2.28it/s]
0%|          | 329/109000 [03:13<13:12:34,  2.29it/s]
0%|          | 330/109000 [03:14<13:13:14,  2.28it/s]
0%|          | 331/109000 [03:14<13:13:39,  2.28it/s]
0%|          | 332/109000 [03:15<13:12:31,  2.29it/s]
0%|          | 333/109000 [03:15<13:12:30,  2.29it/s]
0%|          | 334/109000 [03:16<13:12:29,  2.29it/s]
0%|          | 335/109000 [03:16<13:12:07,  2.29it/s]
0%|          | 336/109000 [03:16<13:12:37,  2.28it/s]
0%|          | 337/109000 [03:17<13:12:09,  2.29it/s]
0%|          | 338/109000 [03:17<13:12:38,  2.28it/s]
0%|          | 339/109000 [03:18<13:13:30,  2.28it/s]
0%|          | 340/109000 [03:18<13:12:37,  2.28it/s]
0%|          | 341/109000 [03:19<13:12:50,  2.28it/s]
0%|          | 342/109000 [03:19<13:12:36,  2.28it/s]
0%|          | 343/109000 [03:20<13:12:01,  2.29it/s]
0%|          | 344/109000 [03:20<13:12:24,  2.29it/s]
0%|          | 345/109000 [03:20<13:12:25,  2.29it/s]
0%|          | 346/109000 [03:21<13:12:12,  2.29it/s]
0%|          | 347/109000 [03:21<13:12:45,  2.28it/s]
0%|          | 348/109000 [03:22<13:13:01,  2.28it/s]
0%|          | 349/109000 [03:22<13:12:52,  2.28it/s]
0%|          | 350/109000 [03:23<13:12:55,  2.28it/s]

{'loss': '6.86', 'grad_norm': '1.268', 'learning_rate': '4.984e-05', 'epoch': 
'0.03211'}

0%|          | 350/109000 [03:23<13:12:55,  2.28it/s]
0%|          | 351/109000 [03:23<13:13:59,  2.28it/s]
0%|          | 352/109000 [03:23<13:13:06,  2.28it/s]
0%|          | 353/109000 [03:24<13:12:46,  2.28it/s]
0%|          | 354/109000 [03:24<13:13:18,  2.28it/s]
0%|          | 355/109000 [03:25<13:12:49,  2.28it/s]
0%|          | 356/109000 [03:25<13:12:41,  2.28it/s]
0%|          | 357/109000 [03:26<13:13:08,  2.28it/s]
0%|          | 358/109000 [03:26<13:12:12,  2.29it/s]
0%|          | 359/109000 [03:27<13:12:27,  2.28it/s]
0%|          | 360/109000 [03:27<13:12:45,  2.28it/s]
0%|          | 361/109000 [03:27<13:12:39,  2.28it/s]
0%|          | 362/109000 [03:28<13:12:57,  2.28it/s]
0%|          | 363/109000 [03:28<13:13:09,  2.28it/s]
0%|          | 364/109000 [03:29<13:13:09,  2.28it/s]
0%|          | 365/109000 [03:29<13:13:02,  2.28it/s]
0%|          | 366/109000 [03:30<13:13:06,  2.28it/s]
0%|          | 367/109000 [03:30<13:12:46,  2.28it/s]
0%|          | 368/109000 [03:30<13:12:52,  2.28it/s]
0%|          | 369/109000 [03:31<13:12:51,  2.28it/s]
0%|          | 370/109000 [03:31<13:12:10,  2.29it/s]
0%|          | 371/109000 [03:32<13:12:45,  2.28it/s]
0%|          | 372/109000 [03:32<13:12:51,  2.28it/s]
0%|          | 373/109000 [03:33<13:12:39,  2.28it/s]
0%|          | 374/109000 [03:33<13:12:52,  2.28it/s]
0%|          | 375/109000 [03:34<13:12:54,  2.28it/s]
0%|          | 376/109000 [03:34<13:12:39,  2.28it/s]
0%|          | 377/109000 [03:34<13:12:33,  2.28it/s]
0%|          | 378/109000 [03:35<13:13:00,  2.28it/s]
0%|          | 379/109000 [03:35<13:12:53,  2.28it/s]
0%|          | 380/109000 [03:36<13:12:48,  2.28it/s]
0%|          | 381/109000 [03:36<13:13:09,  2.28it/s]
0%|          | 382/109000 [03:37<13:12:55,  2.28it/s]
0%|          | 383/109000 [03:37<13:12:47,  2.28it/s]
0%|          | 384/109000 [03:37<13:12:49,  2.28it/s]
0%|          | 385/109000 [03:38<13:12:47,  2.28it/s]
0%|          | 386/109000 [03:38<13:12:30,  2.28it/s]
0%|          | 387/109000 [03:39<13:13:22,  2.28it/s]
0%|          | 388/109000 [03:39<13:13:26,  2.28it/s]
0%|          | 389/109000 [03:40<13:12:26,  2.28it/s]
0%|          | 390/109000 [03:40<13:12:34,  2.28it/s]
0%|          | 391/109000 [03:41<13:12:53,  2.28it/s]
0%|          | 392/109000 [03:41<13:12:01,  2.29it/s]
0%|          | 393/109000 [03:41<13:12:08,  2.29it/s]
0%|          | 394/109000 [03:42<13:12:25,  2.28it/s]
0%|          | 395/109000 [03:42<13:12:23,  2.28it/s]
0%|          | 396/109000 [03:43<13:12:40,  2.28it/s]
0%|          | 397/109000 [03:43<13:12:33,  2.28it/s]
0%|          | 398/109000 [03:44<13:12:13,  2.28it/s]
0%|          | 399/109000 [03:44<13:12:16,  2.28it/s]
0%|          | 400/109000 [03:44<13:12:12,  2.28it/s]

{'loss': '6.795', 'grad_norm': '1.089', 'learning_rate': '4.982e-05', 'epoch': 
'0.0367'}

0%|          | 400/109000 [03:44<13:12:12,  2.28it/s]
0%|          | 401/109000 [03:45<13:12:32,  2.28it/s]
0%|          | 402/109000 [03:45<13:12:43,  2.28it/s]
0%|          | 403/109000 [03:46<13:13:34,  2.28it/s]
0%|          | 404/109000 [03:46<13:12:46,  2.28it/s]
0%|          | 405/109000 [03:47<13:12:28,  2.28it/s]
0%|          | 406/109000 [03:47<13:12:59,  2.28it/s]
0%|          | 407/109000 [03:48<13:12:32,  2.28it/s]
0%|          | 408/109000 [03:48<13:12:22,  2.28it/s]
0%|          | 409/109000 [03:48<13:12:54,  2.28it/s]
0%|          | 410/109000 [03:49<13:12:23,  2.28it/s]
0%|          | 411/109000 [03:49<13:12:36,  2.28it/s]
0%|          | 412/109000 [03:50<13:12:41,  2.28it/s]
0%|          | 413/109000 [03:50<13:12:25,  2.28it/s]
0%|          | 414/109000 [03:51<13:12:03,  2.28it/s]
0%|          | 415/109000 [03:51<13:12:29,  2.28it/s]
0%|          | 416/109000 [03:51<13:12:20,  2.28it/s]
0%|          | 417/109000 [03:52<13:11:52,  2.29it/s]
0%|          | 418/109000 [03:52<13:12:25,  2.28it/s]
0%|          | 419/109000 [03:53<13:13:01,  2.28it/s]
0%|          | 420/109000 [03:53<13:12:28,  2.28it/s]
0%|          | 421/109000 [03:54<13:12:53,  2.28it/s]
0%|          | 422/109000 [03:54<13:12:52,  2.28it/s]
0%|          | 423/109000 [03:55<13:12:13,  2.28it/s]
0%|          | 424/109000 [03:55<13:12:37,  2.28it/s]
0%|          | 425/109000 [03:55<13:12:54,  2.28it/s]
0%|          | 426/109000 [03:56<13:12:26,  2.28it/s]
0%|          | 427/109000 [03:56<13:12:52,  2.28it/s]
0%|          | 428/109000 [03:57<13:13:09,  2.28it/s]
0%|          | 429/109000 [03:57<13:12:55,  2.28it/s]
0%|          | 430/109000 [03:58<13:12:43,  2.28it/s]
0%|          | 431/109000 [03:58<13:13:05,  2.28it/s]
0%|          | 432/109000 [03:58<13:13:10,  2.28it/s]
0%|          | 433/109000 [03:59<13:12:24,  2.28it/s]
0%|          | 434/109000 [03:59<13:12:57,  2.28it/s]
0%|          | 435/109000 [04:00<13:12:58,  2.28it/s]
0%|          | 436/109000 [04:00<13:12:11,  2.28it/s]
0%|          | 437/109000 [04:01<13:12:42,  2.28it/s]
0%|          | 438/109000 [04:01<13:12:53,  2.28it/s]
0%|          | 439/109000 [04:02<13:12:08,  2.28it/s]
0%|          | 440/109000 [04:02<13:12:12,  2.28it/s]
0%|          | 441/109000 [04:02<13:12:04,  2.28it/s]
0%|          | 442/109000 [04:03<13:11:30,  2.29it/s]
0%|          | 443/109000 [04:03<13:12:15,  2.28it/s]
0%|          | 444/109000 [04:04<13:12:32,  2.28it/s]
0%|          | 445/109000 [04:04<13:11:50,  2.28it/s]
0%|          | 446/109000 [04:05<13:12:08,  2.28it/s]
0%|          | 447/109000 [04:05<13:12:04,  2.28it/s]
0%|          | 448/109000 [04:05<13:11:36,  2.29it/s]
0%|          | 449/109000 [04:06<13:12:18,  2.28it/s]
0%|          | 450/109000 [04:06<13:11:58,  2.28it/s]

{'loss': '6.767', 'grad_norm': '0.7546', 'learning_rate': '4.979e-05', 'epoch': 
'0.04128'}

0%|          | 450/109000 [04:06<13:11:58,  2.28it/s]
0%|          | 451/109000 [04:07<13:12:47,  2.28it/s]
0%|          | 452/109000 [04:07<13:12:44,  2.28it/s]
0%|          | 453/109000 [04:08<13:12:25,  2.28it/s]
0%|          | 454/109000 [04:08<13:12:16,  2.28it/s]
0%|          | 455/109000 [04:09<13:12:33,  2.28it/s]
0%|          | 456/109000 [04:09<13:12:31,  2.28it/s]
0%|          | 457/109000 [04:09<13:12:02,  2.28it/s]
0%|          | 458/109000 [04:10<13:12:21,  2.28it/s]
0%|          | 459/109000 [04:10<13:12:18,  2.28it/s]
0%|          | 460/109000 [04:11<13:12:08,  2.28it/s]
0%|          | 461/109000 [04:11<13:12:28,  2.28it/s]
0%|          | 462/109000 [04:12<13:12:05,  2.28it/s]
0%|          | 463/109000 [04:12<13:12:02,  2.28it/s]
0%|          | 464/109000 [04:13<13:12:22,  2.28it/s]
0%|          | 465/109000 [04:13<13:11:52,  2.28it/s]
0%|          | 466/109000 [04:13<13:12:08,  2.28it/s]
0%|          | 467/109000 [04:14<13:12:48,  2.28it/s]
0%|          | 468/109000 [04:14<13:12:03,  2.28it/s]
0%|          | 469/109000 [04:15<13:12:34,  2.28it/s]
0%|          | 470/109000 [04:15<13:12:23,  2.28it/s]
0%|          | 471/109000 [04:16<13:12:18,  2.28it/s]
0%|          | 472/109000 [04:16<13:12:53,  2.28it/s]
0%|          | 473/109000 [04:16<13:12:04,  2.28it/s]
0%|          | 474/109000 [04:17<13:12:03,  2.28it/s]
0%|          | 475/109000 [04:17<13:12:34,  2.28it/s]
0%|          | 476/109000 [04:18<13:12:04,  2.28it/s]
0%|          | 477/109000 [04:18<13:12:08,  2.28it/s]
0%|          | 478/109000 [04:19<13:12:27,  2.28it/s]
0%|          | 479/109000 [04:19<13:12:02,  2.28it/s]
0%|          | 480/109000 [04:20<13:12:19,  2.28it/s]
0%|          | 481/109000 [04:20<13:12:45,  2.28it/s]
0%|          | 482/109000 [04:20<13:12:09,  2.28it/s]
0%|          | 483/109000 [04:21<13:12:39,  2.28it/s]
0%|          | 484/109000 [04:21<13:12:47,  2.28it/s]
0%|          | 485/109000 [04:22<13:12:33,  2.28it/s]
0%|          | 486/109000 [04:22<13:12:05,  2.28it/s]
0%|          | 487/109000 [04:23<13:11:54,  2.28it/s]
0%|          | 488/109000 [04:23<13:11:53,  2.28it/s]
0%|          | 489/109000 [04:23<13:12:13,  2.28it/s]
0%|          | 490/109000 [04:24<13:12:09,  2.28it/s]
0%|          | 491/109000 [04:24<13:12:04,  2.28it/s]
0%|          | 492/109000 [04:25<13:12:09,  2.28it/s]
0%|          | 493/109000 [04:25<13:12:19,  2.28it/s]
0%|          | 494/109000 [04:26<13:11:41,  2.28it/s]
0%|          | 495/109000 [04:26<13:11:58,  2.28it/s]
0%|          | 496/109000 [04:27<13:11:51,  2.28it/s]
0%|          | 497/109000 [04:27<13:11:32,  2.28it/s]
0%|          | 498/109000 [04:27<13:11:44,  2.28it/s]
0%|          | 499/109000 [04:28<13:12:53,  2.28it/s]
0%|          | 500/109000 [04:28<13:12:25,  2.28it/s]

{'loss': '6.708', 'grad_norm': '1.188', 'learning_rate': '4.977e-05', 'epoch': 
'0.04587'}

0%|          | 500/109000 [04:28<13:12:25,  2.28it/s]

0%|          | 0/3662 [00:00<?, ?it/s][A

0%|          | 10/3662 [00:00<00:40, 90.11it/s][A

1%|          | 20/3662 [00:00<00:42, 84.85it/s][A

1%|          | 29/3662 [00:00<00:43, 82.67it/s][A

1%|          | 38/3662 [00:00<00:44, 81.53it/s][A

1%|▏         | 47/3662 [00:00<00:44, 80.76it/s][A

2%|▏         | 56/3662 [00:00<00:44, 80.32it/s][A

2%|▏         | 65/3662 [00:00<00:44, 80.29it/s][A

2%|▏         | 74/3662 [00:00<00:44, 80.18it/s][A

2%|▏         | 83/3662 [00:01<00:44, 79.98it/s][A

2%|▏         | 91/3662 [00:01<00:44, 79.96it/s][A

3%|▎         | 100/3662 [00:01<00:44, 80.05it/s][A

3%|▎         | 109/3662 [00:01<00:44, 80.52it/s][A

3%|▎         | 118/3662 [00:01<00:43, 80.81it/s][A

3%|▎         | 127/3662 [00:01<00:43, 81.01it/s][A

4%|▎         | 136/3662 [00:01<00:43, 81.08it/s][A

4%|▍         | 145/3662 [00:01<00:43, 80.98it/s][A

4%|▍         | 154/3662 [00:01<00:43, 80.84it/s][A

4%|▍         | 163/3662 [00:02<00:43, 80.86it/s][A

5%|▍         | 172/3662 [00:02<00:43, 80.45it/s][A

5%|▍         | 181/3662 [00:02<00:43, 80.23it/s][A

5%|▌         | 190/3662 [00:02<00:43, 80.44it/s][A

5%|▌         | 199/3662 [00:02<00:43, 80.53it/s][A

6%|▌         | 208/3662 [00:02<00:43, 80.05it/s][A

6%|▌         | 217/3662 [00:02<00:43, 79.89it/s][A

6%|▌         | 225/3662 [00:02<00:43, 79.61it/s][A

6%|▋         | 233/3662 [00:02<00:43, 79.23it/s][A

7%|▋         | 241/3662 [00:02<00:43, 79.07it/s][A

7%|▋         | 249/3662 [00:03<00:43, 79.19it/s][A

7%|▋         | 257/3662 [00:03<00:43, 79.15it/s][A

7%|▋         | 265/3662 [00:03<00:42, 79.07it/s][A

7%|▋         | 273/3662 [00:03<00:42, 79.11it/s][A

8%|▊         | 281/3662 [00:03<00:42, 79.16it/s][A

8%|▊         | 289/3662 [00:03<00:42, 78.86it/s][A

8%|▊         | 297/3662 [00:03<00:42, 78.91it/s][A

8%|▊         | 305/3662 [00:03<00:42, 78.73it/s][A

9%|▊         | 313/3662 [00:03<00:42, 78.82it/s][A

9%|▉         | 321/3662 [00:04<00:42, 78.89it/s][A

9%|▉         | 329/3662 [00:04<00:42, 78.96it/s][A

9%|▉         | 337/3662 [00:04<00:42, 78.81it/s][A

9%|▉         | 345/3662 [00:04<00:42, 78.88it/s][A

10%|▉         | 353/3662 [00:04<00:41, 78.95it/s][A

10%|▉         | 361/3662 [00:04<00:41, 79.16it/s][A

10%|█         | 369/3662 [00:04<00:41, 79.08it/s][A

10%|█         | 377/3662 [00:04<00:41, 79.11it/s][A

11%|█         | 385/3662 [00:04<00:41, 79.16it/s][A

11%|█         | 394/3662 [00:04<00:41, 79.50it/s][A

11%|█         | 402/3662 [00:05<00:41, 79.45it/s][A

11%|█         | 410/3662 [00:05<00:40, 79.46it/s][A

11%|█▏        | 418/3662 [00:05<00:40, 79.57it/s][A

12%|█▏        | 426/3662 [00:05<00:40, 79.63it/s][A

12%|█▏        | 434/3662 [00:05<00:40, 79.74it/s][A

12%|█▏        | 442/3662 [00:05<00:40, 79.79it/s][A

12%|█▏        | 451/3662 [00:05<00:40, 79.82it/s][A

13%|█▎        | 459/3662 [00:05<00:40, 79.81it/s][A

13%|█▎        | 468/3662 [00:05<00:39, 80.17it/s][A

13%|█▎        | 477/3662 [00:05<00:39, 80.29it/s][A

13%|█▎        | 486/3662 [00:06<00:39, 80.51it/s][A

14%|█▎        | 495/3662 [00:06<00:39, 80.56it/s][A

14%|█▍        | 504/3662 [00:06<00:39, 80.19it/s][A

14%|█▍        | 513/3662 [00:06<00:39, 80.06it/s][A

14%|█▍        | 522/3662 [00:06<00:39, 79.76it/s][A

14%|█▍        | 530/3662 [00:06<00:39, 79.59it/s][A

15%|█▍        | 538/3662 [00:06<00:39, 79.66it/s][A

15%|█▍        | 546/3662 [00:06<00:39, 79.72it/s][A

15%|█▌        | 554/3662 [00:06<00:39, 79.65it/s][A

15%|█▌        | 562/3662 [00:07<00:38, 79.58it/s][A

16%|█▌        | 571/3662 [00:07<00:38, 79.99it/s][A

16%|█▌        | 579/3662 [00:07<00:38, 79.73it/s][A

16%|█▌        | 588/3662 [00:07<00:38, 79.85it/s][A

16%|█▋        | 597/3662 [00:07<00:38, 79.92it/s][A

17%|█▋        | 605/3662 [00:07<00:38, 79.79it/s][A

17%|█▋        | 613/3662 [00:07<00:38, 79.64it/s][A

17%|█▋        | 621/3662 [00:07<00:38, 79.73it/s][A

17%|█▋        | 629/3662 [00:07<00:38, 79.67it/s][A

17%|█▋        | 637/3662 [00:07<00:38, 79.44it/s][A

18%|█▊        | 645/3662 [00:08<00:38, 79.29it/s][A

18%|█▊        | 653/3662 [00:08<00:37, 79.19it/s][A

18%|█▊        | 661/3662 [00:08<00:37, 79.13it/s][A

18%|█▊        | 669/3662 [00:08<00:37, 79.19it/s][A

18%|█▊        | 677/3662 [00:08<00:37, 79.33it/s][A

19%|█▊        | 685/3662 [00:08<00:37, 79.28it/s][A

19%|█▉        | 693/3662 [00:08<00:37, 79.26it/s][A

19%|█▉        | 701/3662 [00:08<00:37, 79.37it/s][A

19%|█▉        | 709/3662 [00:08<00:37, 79.51it/s][A

20%|█▉        | 717/3662 [00:08<00:37, 79.52it/s][A

20%|█▉        | 725/3662 [00:09<00:36, 79.43it/s][A

20%|██        | 733/3662 [00:09<00:36, 79.35it/s][A

20%|██        | 741/3662 [00:09<00:36, 79.32it/s][A

20%|██        | 749/3662 [00:09<00:36, 79.35it/s][A

21%|██        | 758/3662 [00:09<00:36, 79.53it/s][A

21%|██        | 766/3662 [00:09<00:36, 79.24it/s][A

21%|██        | 774/3662 [00:09<00:36, 79.05it/s][A

21%|██▏       | 782/3662 [00:09<00:36, 78.84it/s][A

22%|██▏       | 790/3662 [00:09<00:36, 78.74it/s][A

22%|██▏       | 798/3662 [00:10<00:36, 78.71it/s][A

22%|██▏       | 806/3662 [00:10<00:36, 78.52it/s][A

22%|██▏       | 814/3662 [00:10<00:36, 78.54it/s][A

22%|██▏       | 822/3662 [00:10<00:36, 78.59it/s][A

23%|██▎       | 830/3662 [00:10<00:36, 78.48it/s][A

23%|██▎       | 838/3662 [00:10<00:35, 78.45it/s][A

23%|██▎       | 846/3662 [00:10<00:35, 78.36it/s][A

23%|██▎       | 854/3662 [00:10<00:35, 78.39it/s][A

24%|██▎       | 862/3662 [00:10<00:35, 78.44it/s][A

24%|██▍       | 870/3662 [00:10<00:35, 78.50it/s][A

24%|██▍       | 878/3662 [00:11<00:35, 78.54it/s][A

24%|██▍       | 886/3662 [00:11<00:35, 78.63it/s][A

24%|██▍       | 894/3662 [00:11<00:35, 78.59it/s][A

25%|██▍       | 902/3662 [00:11<00:35, 78.53it/s][A

25%|██▍       | 910/3662 [00:11<00:34, 78.68it/s][A

25%|██▌       | 918/3662 [00:11<00:34, 78.66it/s][A

25%|██▌       | 926/3662 [00:11<00:34, 78.66it/s][A

26%|██▌       | 934/3662 [00:11<00:34, 78.38it/s][A

26%|██▌       | 942/3662 [00:11<00:34, 78.33it/s][A

26%|██▌       | 950/3662 [00:11<00:34, 78.23it/s][A

26%|██▌       | 958/3662 [00:12<00:34, 78.10it/s][A

26%|██▋       | 966/3662 [00:12<00:34, 78.04it/s][A

27%|██▋       | 974/3662 [00:12<00:34, 77.98it/s][A

27%|██▋       | 982/3662 [00:12<00:34, 77.92it/s][A

27%|██▋       | 990/3662 [00:12<00:34, 78.18it/s][A

27%|██▋       | 998/3662 [00:12<00:34, 78.12it/s][A

27%|██▋       | 1007/3662 [00:12<00:33, 78.90it/s][A

28%|██▊       | 1016/3662 [00:12<00:33, 79.44it/s][A

28%|██▊       | 1025/3662 [00:12<00:33, 79.70it/s][A

28%|██▊       | 1034/3662 [00:13<00:32, 79.87it/s][A

28%|██▊       | 1043/3662 [00:13<00:32, 79.95it/s][A

29%|██▊       | 1052/3662 [00:13<00:32, 80.16it/s][A

29%|██▉       | 1061/3662 [00:13<00:32, 80.11it/s][A

29%|██▉       | 1070/3662 [00:13<00:32, 80.11it/s][A

29%|██▉       | 1079/3662 [00:13<00:32, 80.20it/s][A

30%|██▉       | 1088/3662 [00:13<00:32, 80.30it/s][A

30%|██▉       | 1097/3662 [00:13<00:32, 80.06it/s][A

30%|███       | 1106/3662 [00:13<00:32, 79.33it/s][A

30%|███       | 1114/3662 [00:14<00:32, 79.13it/s][A

31%|███       | 1122/3662 [00:14<00:32, 79.18it/s][A

31%|███       | 1130/3662 [00:14<00:32, 78.84it/s][A

31%|███       | 1138/3662 [00:14<00:32, 78.51it/s][A

31%|███▏      | 1146/3662 [00:14<00:32, 78.22it/s][A

32%|███▏      | 1154/3662 [00:14<00:32, 78.19it/s][A

32%|███▏      | 1162/3662 [00:14<00:32, 78.07it/s][A

32%|███▏      | 1170/3662 [00:14<00:32, 77.85it/s][A

32%|███▏      | 1178/3662 [00:14<00:31, 77.95it/s][A

32%|███▏      | 1186/3662 [00:14<00:31, 77.88it/s][A

33%|███▎      | 1194/3662 [00:15<00:31, 77.78it/s][A

33%|███▎      | 1202/3662 [00:15<00:31, 78.08it/s][A

33%|███▎      | 1210/3662 [00:15<00:31, 78.06it/s][A

33%|███▎      | 1218/3662 [00:15<00:31, 77.99it/s][A

33%|███▎      | 1226/3662 [00:15<00:31, 77.98it/s][A

34%|███▎      | 1234/3662 [00:15<00:31, 77.84it/s][A

34%|███▍      | 1242/3662 [00:15<00:31, 77.89it/s][A

34%|███▍      | 1250/3662 [00:15<00:30, 77.97it/s][A

34%|███▍      | 1258/3662 [00:15<00:30, 77.88it/s][A

35%|███▍      | 1266/3662 [00:15<00:30, 77.88it/s][A

35%|███▍      | 1274/3662 [00:16<00:30, 78.04it/s][A

35%|███▌      | 1282/3662 [00:16<00:30, 77.99it/s][A

35%|███▌      | 1290/3662 [00:16<00:30, 77.93it/s][A

35%|███▌      | 1298/3662 [00:16<00:30, 77.96it/s][A

36%|███▌      | 1306/3662 [00:16<00:30, 77.94it/s][A

36%|███▌      | 1314/3662 [00:16<00:30, 77.96it/s][A

36%|███▌      | 1322/3662 [00:16<00:30, 77.91it/s][A

36%|███▋      | 1330/3662 [00:16<00:29, 77.97it/s][A

37%|███▋      | 1338/3662 [00:16<00:29, 77.99it/s][A

37%|███▋      | 1346/3662 [00:16<00:29, 77.90it/s][A

37%|███▋      | 1354/3662 [00:17<00:29, 77.73it/s][A

37%|███▋      | 1362/3662 [00:17<00:29, 77.80it/s][A

37%|███▋      | 1370/3662 [00:17<00:29, 77.73it/s][A

38%|███▊      | 1378/3662 [00:17<00:29, 77.82it/s][A

38%|███▊      | 1386/3662 [00:17<00:29, 77.87it/s][A

38%|███▊      | 1394/3662 [00:17<00:29, 77.63it/s][A

38%|███▊      | 1402/3662 [00:17<00:29, 77.80it/s][A

39%|███▊      | 1410/3662 [00:17<00:29, 77.56it/s][A

39%|███▊      | 1418/3662 [00:17<00:28, 77.78it/s][A

39%|███▉      | 1426/3662 [00:18<00:28, 77.73it/s][A

39%|███▉      | 1434/3662 [00:18<00:28, 77.68it/s][A

39%|███▉      | 1442/3662 [00:18<00:28, 77.66it/s][A

40%|███▉      | 1450/3662 [00:18<00:28, 77.76it/s][A

40%|███▉      | 1458/3662 [00:18<00:28, 77.89it/s][A

40%|████      | 1466/3662 [00:18<00:28, 77.83it/s][A

40%|████      | 1474/3662 [00:18<00:28, 77.81it/s][A

40%|████      | 1482/3662 [00:18<00:27, 77.92it/s][A

41%|████      | 1490/3662 [00:18<00:27, 77.95it/s][A

41%|████      | 1498/3662 [00:18<00:27, 77.91it/s][A

41%|████      | 1506/3662 [00:19<00:27, 77.82it/s][A

41%|████▏     | 1514/3662 [00:19<00:27, 77.91it/s][A

42%|████▏     | 1522/3662 [00:19<00:27, 78.03it/s][A

42%|████▏     | 1530/3662 [00:19<00:27, 78.05it/s][A

42%|████▏     | 1538/3662 [00:19<00:27, 78.08it/s][A

42%|████▏     | 1546/3662 [00:19<00:27, 78.10it/s][A

42%|████▏     | 1554/3662 [00:19<00:27, 78.06it/s][A

43%|████▎     | 1562/3662 [00:19<00:26, 78.02it/s][A

43%|████▎     | 1570/3662 [00:19<00:26, 77.99it/s][A

43%|████▎     | 1578/3662 [00:19<00:26, 78.05it/s][A

43%|████▎     | 1586/3662 [00:20<00:26, 78.03it/s][A

44%|████▎     | 1594/3662 [00:20<00:26, 77.95it/s][A

44%|████▎     | 1602/3662 [00:20<00:26, 77.94it/s][A

44%|████▍     | 1610/3662 [00:20<00:26, 77.84it/s][A

44%|████▍     | 1618/3662 [00:20<00:26, 77.96it/s][A

44%|████▍     | 1626/3662 [00:20<00:26, 77.90it/s][A

45%|████▍     | 1634/3662 [00:20<00:26, 77.97it/s][A

45%|████▍     | 1642/3662 [00:20<00:25, 78.16it/s][A

45%|████▌     | 1650/3662 [00:20<00:25, 78.03it/s][A

45%|████▌     | 1658/3662 [00:20<00:25, 77.89it/s][A

45%|████▌     | 1666/3662 [00:21<00:25, 77.86it/s][A

46%|████▌     | 1674/3662 [00:21<00:25, 78.18it/s][A

46%|████▌     | 1682/3662 [00:21<00:25, 78.18it/s][A

46%|████▌     | 1690/3662 [00:21<00:25, 78.12it/s][A

46%|████▋     | 1698/3662 [00:21<00:25, 78.07it/s][A

47%|████▋     | 1706/3662 [00:21<00:25, 78.12it/s][A

47%|████▋     | 1714/3662 [00:21<00:24, 78.18it/s][A

47%|████▋     | 1722/3662 [00:21<00:24, 78.10it/s][A

47%|████▋     | 1730/3662 [00:21<00:24, 78.11it/s][A

47%|████▋     | 1738/3662 [00:22<00:24, 78.07it/s][A

48%|████▊     | 1746/3662 [00:22<00:24, 78.03it/s][A

48%|████▊     | 1754/3662 [00:22<00:24, 78.14it/s][A

48%|████▊     | 1762/3662 [00:22<00:24, 77.91it/s][A

48%|████▊     | 1770/3662 [00:22<00:24, 77.90it/s][A

49%|████▊     | 1778/3662 [00:22<00:24, 77.99it/s][A

49%|████▉     | 1786/3662 [00:22<00:24, 77.94it/s][A

49%|████▉     | 1794/3662 [00:22<00:23, 77.92it/s][A

49%|████▉     | 1802/3662 [00:22<00:23, 77.94it/s][A

49%|████▉     | 1810/3662 [00:22<00:23, 77.95it/s][A

50%|████▉     | 1818/3662 [00:23<00:23, 77.83it/s][A

50%|████▉     | 1826/3662 [00:23<00:23, 77.90it/s][A

50%|█████     | 1834/3662 [00:23<00:23, 77.93it/s][A

50%|█████     | 1842/3662 [00:23<00:23, 77.90it/s][A

51%|█████     | 1850/3662 [00:23<00:23, 77.96it/s][A

51%|█████     | 1858/3662 [00:23<00:23, 77.92it/s][A

51%|█████     | 1866/3662 [00:23<00:23, 77.91it/s][A

51%|█████     | 1874/3662 [00:23<00:22, 78.52it/s][A

51%|█████▏    | 1882/3662 [00:23<00:22, 78.49it/s][A

52%|█████▏    | 1890/3662 [00:23<00:22, 78.46it/s][A

52%|█████▏    | 1898/3662 [00:24<00:22, 78.22it/s][A

52%|█████▏    | 1906/3662 [00:24<00:22, 78.15it/s][A

52%|█████▏    | 1914/3662 [00:24<00:22, 78.18it/s][A

52%|█████▏    | 1922/3662 [00:24<00:22, 78.04it/s][A

53%|█████▎    | 1931/3662 [00:24<00:21, 78.77it/s][A

53%|█████▎    | 1939/3662 [00:24<00:21, 78.54it/s][A

53%|█████▎    | 1947/3662 [00:24<00:21, 78.49it/s][A

53%|█████▎    | 1955/3662 [00:24<00:21, 78.42it/s][A

54%|█████▎    | 1963/3662 [00:24<00:21, 78.85it/s][A

54%|█████▍    | 1971/3662 [00:24<00:21, 78.67it/s][A

54%|█████▍    | 1979/3662 [00:25<00:21, 78.46it/s][A

54%|█████▍    | 1987/3662 [00:25<00:21, 78.35it/s][A

54%|█████▍    | 1995/3662 [00:25<00:21, 78.42it/s][A

55%|█████▍    | 2003/3662 [00:25<00:21, 78.15it/s][A

55%|█████▍    | 2011/3662 [00:25<00:21, 78.24it/s][A

55%|█████▌    | 2019/3662 [00:25<00:21, 78.18it/s][A

55%|█████▌    | 2027/3662 [00:25<00:20, 78.12it/s][A

56%|█████▌    | 2035/3662 [00:25<00:20, 78.07it/s][A

56%|█████▌    | 2043/3662 [00:25<00:20, 78.01it/s][A

56%|█████▌    | 2051/3662 [00:26<00:20, 78.06it/s][A

56%|█████▌    | 2059/3662 [00:26<00:20, 78.03it/s][A

56%|█████▋    | 2067/3662 [00:26<00:20, 77.95it/s][A

57%|█████▋    | 2075/3662 [00:26<00:20, 77.87it/s][A

57%|█████▋    | 2083/3662 [00:26<00:20, 77.97it/s][A

57%|█████▋    | 2091/3662 [00:26<00:20, 78.13it/s][A

57%|█████▋    | 2099/3662 [00:26<00:19, 78.30it/s][A

58%|█████▊    | 2107/3662 [00:26<00:19, 78.08it/s][A

58%|█████▊    | 2115/3662 [00:26<00:19, 78.12it/s][A

58%|█████▊    | 2123/3662 [00:26<00:19, 78.03it/s][A

58%|█████▊    | 2131/3662 [00:27<00:19, 78.04it/s][A

58%|█████▊    | 2139/3662 [00:27<00:19, 77.99it/s][A

59%|█████▊    | 2147/3662 [00:27<00:19, 78.12it/s][A

59%|█████▉    | 2155/3662 [00:27<00:19, 78.00it/s][A

59%|█████▉    | 2163/3662 [00:27<00:19, 77.89it/s][A

59%|█████▉    | 2171/3662 [00:27<00:19, 77.88it/s][A

60%|█████▉    | 2179/3662 [00:27<00:19, 77.87it/s][A

60%|█████▉    | 2187/3662 [00:27<00:18, 77.86it/s][A

60%|█████▉    | 2195/3662 [00:27<00:18, 78.05it/s][A

60%|██████    | 2203/3662 [00:27<00:18, 78.08it/s][A

60%|██████    | 2211/3662 [00:28<00:18, 78.18it/s][A

61%|██████    | 2219/3662 [00:28<00:18, 78.04it/s][A

61%|██████    | 2227/3662 [00:28<00:18, 77.99it/s][A

61%|██████    | 2235/3662 [00:28<00:18, 78.00it/s][A

61%|██████▏   | 2243/3662 [00:28<00:18, 78.00it/s][A

61%|██████▏   | 2251/3662 [00:28<00:18, 77.97it/s][A

62%|██████▏   | 2259/3662 [00:28<00:18, 77.87it/s][A

62%|██████▏   | 2267/3662 [00:28<00:17, 77.88it/s][A

62%|██████▏   | 2275/3662 [00:28<00:17, 78.25it/s][A

62%|██████▏   | 2283/3662 [00:28<00:17, 78.39it/s][A

63%|██████▎   | 2291/3662 [00:29<00:17, 78.37it/s][A

63%|██████▎   | 2299/3662 [00:29<00:17, 78.39it/s][A

63%|██████▎   | 2307/3662 [00:29<00:17, 78.63it/s][A

63%|██████▎   | 2315/3662 [00:29<00:17, 78.48it/s][A

63%|██████▎   | 2323/3662 [00:29<00:17, 78.57it/s][A

64%|██████▎   | 2331/3662 [00:29<00:16, 78.66it/s][A

64%|██████▍   | 2339/3662 [00:29<00:16, 78.78it/s][A

64%|██████▍   | 2347/3662 [00:29<00:16, 78.85it/s][A

64%|██████▍   | 2355/3662 [00:29<00:16, 78.73it/s][A

65%|██████▍   | 2363/3662 [00:30<00:16, 78.63it/s][A

65%|██████▍   | 2371/3662 [00:30<00:16, 78.79it/s][A

65%|██████▍   | 2379/3662 [00:30<00:16, 78.71it/s][A

65%|██████▌   | 2387/3662 [00:30<00:16, 78.77it/s][A

65%|██████▌   | 2395/3662 [00:30<00:16, 78.75it/s][A

66%|██████▌   | 2403/3662 [00:30<00:16, 78.68it/s][A

66%|██████▌   | 2411/3662 [00:30<00:15, 78.74it/s][A

66%|██████▌   | 2419/3662 [00:30<00:15, 78.69it/s][A

66%|██████▋   | 2427/3662 [00:30<00:15, 78.64it/s][A

66%|██████▋   | 2435/3662 [00:30<00:15, 78.55it/s][A

67%|██████▋   | 2443/3662 [00:31<00:15, 78.63it/s][A

67%|██████▋   | 2451/3662 [00:31<00:15, 78.44it/s][A

67%|██████▋   | 2459/3662 [00:31<00:15, 78.47it/s][A

67%|██████▋   | 2467/3662 [00:31<00:15, 78.58it/s][A

68%|██████▊   | 2475/3662 [00:31<00:15, 78.59it/s][A

68%|██████▊   | 2483/3662 [00:31<00:15, 78.57it/s][A

68%|██████▊   | 2491/3662 [00:31<00:14, 78.53it/s][A

68%|██████▊   | 2499/3662 [00:31<00:14, 78.43it/s][A

68%|██████▊   | 2507/3662 [00:31<00:14, 78.43it/s][A

69%|██████▊   | 2515/3662 [00:31<00:14, 78.55it/s][A

69%|██████▉   | 2523/3662 [00:32<00:14, 78.68it/s][A

69%|██████▉   | 2531/3662 [00:32<00:14, 78.59it/s][A

69%|██████▉   | 2539/3662 [00:32<00:14, 78.55it/s][A

70%|██████▉   | 2547/3662 [00:32<00:14, 78.48it/s][A

70%|██████▉   | 2555/3662 [00:32<00:14, 78.45it/s][A

70%|██████▉   | 2563/3662 [00:32<00:13, 78.52it/s][A

70%|███████   | 2571/3662 [00:32<00:13, 78.51it/s][A

70%|███████   | 2579/3662 [00:32<00:13, 78.30it/s][A

71%|███████   | 2587/3662 [00:32<00:13, 78.26it/s][A

71%|███████   | 2595/3662 [00:32<00:13, 78.72it/s][A

71%|███████   | 2603/3662 [00:33<00:13, 78.97it/s][A

71%|███████▏  | 2611/3662 [00:33<00:13, 78.93it/s][A

72%|███████▏  | 2619/3662 [00:33<00:13, 78.85it/s][A

72%|███████▏  | 2627/3662 [00:33<00:13, 78.63it/s][A

72%|███████▏  | 2635/3662 [00:33<00:13, 78.56it/s][A

72%|███████▏  | 2643/3662 [00:33<00:12, 78.48it/s][A

72%|███████▏  | 2651/3662 [00:33<00:12, 78.51it/s][A

73%|███████▎  | 2659/3662 [00:33<00:12, 78.44it/s][A

73%|███████▎  | 2667/3662 [00:33<00:12, 78.48it/s][A

73%|███████▎  | 2675/3662 [00:33<00:12, 78.66it/s][A

73%|███████▎  | 2683/3662 [00:34<00:12, 78.54it/s][A

73%|███████▎  | 2691/3662 [00:34<00:12, 78.63it/s][A

74%|███████▎  | 2699/3662 [00:34<00:12, 78.56it/s][A

74%|███████▍  | 2707/3662 [00:34<00:12, 78.62it/s][A

74%|███████▍  | 2715/3662 [00:34<00:12, 78.79it/s][A

74%|███████▍  | 2724/3662 [00:34<00:11, 79.13it/s][A

75%|███████▍  | 2732/3662 [00:34<00:11, 78.84it/s][A

75%|███████▍  | 2740/3662 [00:34<00:11, 78.73it/s][A

75%|███████▌  | 2748/3662 [00:34<00:11, 78.68it/s][A

75%|███████▌  | 2756/3662 [00:35<00:11, 78.44it/s][A

75%|███████▌  | 2764/3662 [00:35<00:11, 78.45it/s][A

76%|███████▌  | 2772/3662 [00:35<00:11, 78.54it/s][A

76%|███████▌  | 2780/3662 [00:35<00:11, 78.29it/s][A

76%|███████▌  | 2788/3662 [00:35<00:11, 78.37it/s][A

76%|███████▋  | 2796/3662 [00:35<00:11, 78.34it/s][A

77%|███████▋  | 2804/3662 [00:35<00:10, 78.40it/s][A

77%|███████▋  | 2812/3662 [00:35<00:10, 78.47it/s][A

77%|███████▋  | 2820/3662 [00:35<00:10, 78.39it/s][A

77%|███████▋  | 2828/3662 [00:35<00:10, 78.41it/s][A

77%|███████▋  | 2836/3662 [00:36<00:10, 78.29it/s][A

78%|███████▊  | 2844/3662 [00:36<00:10, 78.34it/s][A

78%|███████▊  | 2852/3662 [00:36<00:10, 77.43it/s][A

78%|███████▊  | 2860/3662 [00:36<00:10, 77.50it/s][A

78%|███████▊  | 2868/3662 [00:36<00:10, 77.64it/s][A

79%|███████▊  | 2876/3662 [00:36<00:10, 77.73it/s][A

79%|███████▉  | 2884/3662 [00:36<00:09, 77.91it/s][A

79%|███████▉  | 2892/3662 [00:36<00:09, 77.86it/s][A

79%|███████▉  | 2900/3662 [00:36<00:09, 77.87it/s][A

79%|███████▉  | 2908/3662 [00:36<00:09, 77.81it/s][A

80%|███████▉  | 2916/3662 [00:37<00:09, 77.64it/s][A

80%|███████▉  | 2924/3662 [00:37<00:09, 77.74it/s][A

80%|████████  | 2932/3662 [00:37<00:09, 77.81it/s][A

80%|████████  | 2940/3662 [00:37<00:09, 77.95it/s][A

81%|████████  | 2948/3662 [00:37<00:09, 77.94it/s][A

81%|████████  | 2956/3662 [00:37<00:09, 77.83it/s][A

81%|████████  | 2964/3662 [00:37<00:08, 77.95it/s][A

81%|████████  | 2972/3662 [00:37<00:08, 77.99it/s][A

81%|████████▏ | 2980/3662 [00:37<00:08, 77.72it/s][A

82%|████████▏ | 2988/3662 [00:37<00:08, 77.81it/s][A

82%|████████▏ | 2996/3662 [00:38<00:08, 77.72it/s][A

82%|████████▏ | 3004/3662 [00:38<00:08, 77.73it/s][A

82%|████████▏ | 3012/3662 [00:38<00:08, 77.87it/s][A

82%|████████▏ | 3020/3662 [00:38<00:08, 77.84it/s][A

83%|████████▎ | 3028/3662 [00:38<00:08, 77.88it/s][A

83%|████████▎ | 3036/3662 [00:38<00:08, 77.84it/s][A

83%|████████▎ | 3044/3662 [00:38<00:07, 77.94it/s][A

83%|████████▎ | 3052/3662 [00:38<00:07, 78.02it/s][A

84%|████████▎ | 3060/3662 [00:38<00:07, 78.05it/s][A

84%|████████▍ | 3068/3662 [00:39<00:07, 77.88it/s][A

84%|████████▍ | 3076/3662 [00:39<00:07, 77.79it/s][A

84%|████████▍ | 3084/3662 [00:39<00:07, 77.80it/s][A

84%|████████▍ | 3092/3662 [00:39<00:07, 77.90it/s][A

85%|████████▍ | 3100/3662 [00:39<00:07, 77.81it/s][A

85%|████████▍ | 3108/3662 [00:39<00:07, 77.91it/s][A

85%|████████▌ | 3116/3662 [00:39<00:07, 77.84it/s][A

85%|████████▌ | 3124/3662 [00:39<00:06, 77.94it/s][A

86%|████████▌ | 3132/3662 [00:39<00:06, 77.94it/s][A

86%|████████▌ | 3140/3662 [00:39<00:06, 77.92it/s][A

86%|████████▌ | 3148/3662 [00:40<00:06, 77.98it/s][A

86%|████████▌ | 3156/3662 [00:40<00:06, 77.83it/s][A

86%|████████▋ | 3164/3662 [00:40<00:06, 77.95it/s][A

87%|████████▋ | 3172/3662 [00:40<00:06, 77.90it/s][A

87%|████████▋ | 3180/3662 [00:40<00:06, 77.60it/s][A

87%|████████▋ | 3188/3662 [00:40<00:06, 77.71it/s][A

87%|████████▋ | 3196/3662 [00:40<00:05, 77.75it/s][A

87%|████████▋ | 3204/3662 [00:40<00:05, 77.74it/s][A

88%|████████▊ | 3212/3662 [00:40<00:05, 77.90it/s][A

88%|████████▊ | 3220/3662 [00:40<00:05, 77.95it/s][A

88%|████████▊ | 3228/3662 [00:41<00:05, 77.86it/s][A

88%|████████▊ | 3236/3662 [00:41<00:05, 77.73it/s][A

89%|████████▊ | 3244/3662 [00:41<00:05, 77.91it/s][A

89%|████████▉ | 3252/3662 [00:41<00:05, 77.85it/s][A

89%|████████▉ | 3260/3662 [00:41<00:05, 77.88it/s][A

89%|████████▉ | 3268/3662 [00:41<00:05, 77.84it/s][A

89%|████████▉ | 3276/3662 [00:41<00:04, 78.00it/s][A

90%|████████▉ | 3284/3662 [00:41<00:04, 77.91it/s][A

90%|████████▉ | 3292/3662 [00:41<00:04, 77.96it/s][A

90%|█████████ | 3300/3662 [00:41<00:04, 77.76it/s][A

90%|█████████ | 3308/3662 [00:42<00:04, 77.85it/s][A

91%|█████████ | 3316/3662 [00:42<00:04, 77.85it/s][A

91%|█████████ | 3324/3662 [00:42<00:04, 77.80it/s][A

91%|█████████ | 3332/3662 [00:42<00:04, 77.90it/s][A

91%|█████████ | 3340/3662 [00:42<00:04, 77.93it/s][A

91%|█████████▏| 3348/3662 [00:42<00:04, 77.89it/s][A

92%|█████████▏| 3356/3662 [00:42<00:03, 77.95it/s][A

92%|█████████▏| 3364/3662 [00:42<00:03, 77.95it/s][A

92%|█████████▏| 3372/3662 [00:42<00:03, 77.94it/s][A

92%|█████████▏| 3380/3662 [00:43<00:03, 77.87it/s][A

93%|█████████▎| 3388/3662 [00:43<00:03, 77.74it/s][A

93%|█████████▎| 3396/3662 [00:43<00:03, 77.87it/s][A

93%|█████████▎| 3404/3662 [00:43<00:03, 77.68it/s][A

93%|█████████▎| 3412/3662 [00:43<00:03, 77.64it/s][A

93%|█████████▎| 3420/3662 [00:43<00:03, 77.72it/s][A

94%|█████████▎| 3428/3662 [00:43<00:03, 77.85it/s][A

94%|█████████▍| 3436/3662 [00:43<00:02, 77.84it/s][A

94%|█████████▍| 3444/3662 [00:43<00:02, 77.90it/s][A

94%|█████████▍| 3452/3662 [00:43<00:02, 77.78it/s][A

94%|█████████▍| 3460/3662 [00:44<00:02, 77.61it/s][A

95%|█████████▍| 3468/3662 [00:44<00:02, 77.57it/s][A

95%|█████████▍| 3476/3662 [00:44<00:02, 77.72it/s][A

95%|█████████▌| 3484/3662 [00:44<00:02, 77.89it/s][A

95%|█████████▌| 3492/3662 [00:44<00:02, 77.69it/s][A

96%|█████████▌| 3500/3662 [00:44<00:02, 77.68it/s][A

96%|█████████▌| 3508/3662 [00:44<00:01, 77.90it/s][A

96%|█████████▌| 3516/3662 [00:44<00:01, 77.96it/s][A

96%|█████████▌| 3524/3662 [00:44<00:01, 77.78it/s][A

96%|█████████▋| 3532/3662 [00:44<00:01, 77.75it/s][A

97%|█████████▋| 3540/3662 [00:45<00:01, 77.71it/s][A

97%|█████████▋| 3548/3662 [00:45<00:01, 77.86it/s][A

97%|█████████▋| 3556/3662 [00:45<00:01, 77.88it/s][A

97%|█████████▋| 3564/3662 [00:45<00:01, 77.81it/s][A

98%|█████████▊| 3572/3662 [00:45<00:01, 77.93it/s][A

98%|█████████▊| 3580/3662 [00:45<00:01, 77.94it/s][A

98%|█████████▊| 3588/3662 [00:45<00:00, 77.97it/s][A

98%|█████████▊| 3596/3662 [00:45<00:00, 77.88it/s][A

98%|█████████▊| 3604/3662 [00:45<00:00, 78.07it/s][A

99%|█████████▊| 3612/3662 [00:46<00:00, 77.89it/s][A

99%|█████████▉| 3620/3662 [00:46<00:00, 77.86it/s][A

99%|█████████▉| 3628/3662 [00:46<00:00, 78.02it/s][A

99%|█████████▉| 3636/3662 [00:46<00:00, 78.08it/s][A

100%|█████████▉| 3644/3662 [00:46<00:00, 77.94it/s][A

100%|█████████▉| 3653/3662 [00:46<00:00, 79.12it/s][A

100%|██████████| 3662/3662 [00:46<00:00, 67.86it/s][A



[A{'eval_loss': '6.703', 'eval_runtime': '47.02', 'eval_samples_per_second': 
'623.1', 'eval_steps_per_second': '77.89', 'epoch': '0.04587'}

0%|          | 500/109000 [05:15<13:12:25,  2.28it/s]

100%|██████████| 3662/3662 [00:46<00:00, 67.86it/s][A

[A

Writing model shards:   0%|          | 0/1 [00:00<?, ?it/s][A

Writing model shards: 100%|██████████| 1/1 [00:00<00:00,  1.49it/s][A
Writing model shards: 100%|██████████| 1/1 [00:00<00:00,  1.49it/s]

0%|          | 501/109000 [05:18<457:52:18, 15.19s/it]
0%|          | 502/109000 [05:18<324:26:55, 10.77s/it]
0%|          | 503/109000 [05:19<231:04:07,  7.67s/it]
0%|          | 504/109000 [05:19<165:42:39,  5.50s/it]
0%|          | 505/109000 [05:20<119:56:28,  3.98s/it]
0%|          | 506/109000 [05:20<87:55:18,  2.92s/it]
0%|          | 507/109000 [05:21<65:30:36,  2.17s/it]
0%|          | 508/109000 [05:21<49:48:50,  1.65s/it]
0%|          | 509/109000 [05:21<38:50:02,  1.29s/it]
0%|          | 510/109000 [05:22<31:08:40,  1.03s/it]
0%|          | 511/109000 [05:22<25:45:20,  1.17it/s]
0%|          | 512/109000 [05:23<21:59:34,  1.37it/s]
0%|          | 513/109000 [05:23<19:21:32,  1.56it/s]
0%|          | 514/109000 [05:24<17:29:57,  1.72it/s]
0%|          | 515/109000 [05:24<16:13:09,  1.86it/s]
0%|          | 516/109000 [05:24<15:19:00,  1.97it/s]
0%|          | 517/109000 [05:25<14:40:05,  2.05it/s]
0%|          | 518/109000 [05:25<14:13:59,  2.12it/s]
0%|          | 519/109000 [05:26<13:56:10,  2.16it/s]
0%|          | 520/109000 [05:26<13:42:32,  2.20it/s]
0%|          | 521/109000 [05:27<13:33:36,  2.22it/s]
0%|          | 522/109000 [05:27<13:27:30,  2.24it/s]
0%|          | 523/109000 [05:28<13:22:46,  2.25it/s]
0%|          | 524/109000 [05:28<13:19:31,  2.26it/s]
0%|          | 525/109000 [05:28<13:18:19,  2.26it/s]
0%|          | 526/109000 [05:29<13:15:59,  2.27it/s]
0%|          | 527/109000 [05:29<13:15:19,  2.27it/s]
0%|          | 528/109000 [05:30<13:15:24,  2.27it/s]
0%|          | 529/109000 [05:30<13:14:18,  2.28it/s]
0%|          | 530/109000 [05:31<13:13:28,  2.28it/s]
0%|          | 531/109000 [05:31<13:13:46,  2.28it/s]
0%|          | 532/109000 [05:31<13:12:50,  2.28it/s]
0%|          | 533/109000 [05:32<13:12:44,  2.28it/s]
0%|          | 534/109000 [05:32<13:13:24,  2.28it/s]
0%|          | 535/109000 [05:33<13:12:39,  2.28it/s]
0%|          | 536/109000 [05:33<13:12:41,  2.28it/s]
0%|          | 537/109000 [05:34<13:12:54,  2.28it/s]
0%|          | 538/109000 [05:34<13:12:31,  2.28it/s]
0%|          | 539/109000 [05:35<13:12:22,  2.28it/s]
0%|          | 540/109000 [05:35<13:12:48,  2.28it/s]
0%|          | 541/109000 [05:35<13:12:36,  2.28it/s]
0%|          | 542/109000 [05:36<13:12:18,  2.28it/s]
0%|          | 543/109000 [05:36<13:12:46,  2.28it/s]
0%|          | 544/109000 [05:37<13:12:56,  2.28it/s]
0%|          | 545/109000 [05:37<13:12:24,  2.28it/s]
1%|          | 546/109000 [05:38<13:12:33,  2.28it/s]
1%|          | 547/109000 [05:38<13:12:47,  2.28it/s]
1%|          | 548/109000 [05:38<13:12:29,  2.28it/s]
1%|          | 549/109000 [05:39<13:12:14,  2.28it/s]
1%|          | 550/109000 [05:39<13:12:45,  2.28it/s]

{'loss': '6.702', 'grad_norm': '0.5817', 'learning_rate': '4.975e-05', 'epoch': 
'0.05046'}

1%|          | 550/109000 [05:39<13:12:45,  2.28it/s]
1%|          | 551/109000 [05:40<13:13:21,  2.28it/s]
1%|          | 552/109000 [05:40<13:12:56,  2.28it/s]
1%|          | 553/109000 [05:41<13:12:30,  2.28it/s]
1%|          | 554/109000 [05:41<13:13:02,  2.28it/s]
1%|          | 555/109000 [05:42<13:12:10,  2.28it/s]
1%|          | 556/109000 [05:42<13:11:56,  2.28it/s]
1%|          | 557/109000 [05:42<13:12:38,  2.28it/s]
1%|          | 558/109000 [05:43<13:12:05,  2.28it/s]
1%|          | 559/109000 [05:43<13:12:13,  2.28it/s]
1%|          | 560/109000 [05:44<13:12:56,  2.28it/s]
1%|          | 561/109000 [05:44<13:12:20,  2.28it/s]
1%|          | 562/109000 [05:45<13:12:20,  2.28it/s]
1%|          | 563/109000 [05:45<13:12:07,  2.28it/s]
1%|          | 564/109000 [05:46<13:13:31,  2.28it/s]
1%|          | 565/109000 [05:46<13:12:38,  2.28it/s]
1%|          | 566/109000 [05:46<13:12:33,  2.28it/s]
1%|          | 567/109000 [05:47<13:12:48,  2.28it/s]
1%|          | 568/109000 [05:47<13:12:37,  2.28it/s]
1%|          | 569/109000 [05:48<13:11:37,  2.28it/s]
1%|          | 570/109000 [05:48<13:12:03,  2.28it/s]
1%|          | 571/109000 [05:49<13:12:33,  2.28it/s]
1%|          | 572/109000 [05:49<13:11:51,  2.28it/s]
1%|          | 573/109000 [05:49<13:11:56,  2.28it/s]
1%|          | 574/109000 [05:50<13:12:33,  2.28it/s]
1%|          | 575/109000 [05:50<13:12:24,  2.28it/s]
1%|          | 576/109000 [05:51<13:11:32,  2.28it/s]
1%|          | 577/109000 [05:51<13:11:55,  2.28it/s]
1%|          | 578/109000 [05:52<13:12:09,  2.28it/s]
1%|          | 579/109000 [05:52<13:12:05,  2.28it/s]
1%|          | 580/109000 [05:53<13:11:55,  2.28it/s]
1%|          | 581/109000 [05:53<13:12:09,  2.28it/s]
1%|          | 582/109000 [05:53<13:11:44,  2.28it/s]
1%|          | 583/109000 [05:54<13:11:54,  2.28it/s]
1%|          | 584/109000 [05:54<13:12:28,  2.28it/s]
1%|          | 585/109000 [05:55<13:11:56,  2.28it/s]
1%|          | 586/109000 [05:55<13:11:46,  2.28it/s]
1%|          | 587/109000 [05:56<13:12:23,  2.28it/s]
1%|          | 588/109000 [05:56<13:12:12,  2.28it/s]
1%|          | 589/109000 [05:56<13:11:24,  2.28it/s]
1%|          | 590/109000 [05:57<13:11:47,  2.28it/s]
1%|          | 591/109000 [05:57<13:11:32,  2.28it/s]
1%|          | 592/109000 [05:58<13:11:14,  2.28it/s]
1%|          | 593/109000 [05:58<13:11:24,  2.28it/s]
1%|          | 594/109000 [05:59<13:12:32,  2.28it/s]
1%|          | 595/109000 [05:59<13:11:52,  2.28it/s]
1%|          | 596/109000 [06:00<13:11:34,  2.28it/s]
1%|          | 597/109000 [06:00<13:12:00,  2.28it/s]
1%|          | 598/109000 [06:00<13:11:42,  2.28it/s]
1%|          | 599/109000 [06:01<13:11:40,  2.28it/s]
1%|          | 600/109000 [06:01<13:12:07,  2.28it/s]

{'loss': '6.649', 'grad_norm': '0.9198', 'learning_rate': '4.973e-05', 'epoch': 
'0.05505'}

1%|          | 600/109000 [06:01<13:12:07,  2.28it/s]
1%|          | 601/109000 [06:02<13:12:40,  2.28it/s]
1%|          | 602/109000 [06:02<13:12:03,  2.28it/s]
1%|          | 603/109000 [06:03<13:12:00,  2.28it/s]
1%|          | 604/109000 [06:03<13:12:33,  2.28it/s]
1%|          | 605/109000 [06:03<13:12:00,  2.28it/s]
1%|          | 606/109000 [06:04<13:11:22,  2.28it/s]
1%|          | 607/109000 [06:04<13:11:51,  2.28it/s]
1%|          | 608/109000 [06:05<13:11:21,  2.28it/s]
1%|          | 609/109000 [06:05<13:11:01,  2.28it/s]
1%|          | 610/109000 [06:06<13:11:16,  2.28it/s]
1%|          | 611/109000 [06:06<13:11:28,  2.28it/s]
1%|          | 612/109000 [06:07<13:11:03,  2.28it/s]
1%|          | 613/109000 [06:07<13:11:35,  2.28it/s]
1%|          | 614/109000 [06:07<13:11:40,  2.28it/s]
1%|          | 615/109000 [06:08<13:11:17,  2.28it/s]
1%|          | 616/109000 [06:08<13:11:35,  2.28it/s]
1%|          | 617/109000 [06:09<13:11:46,  2.28it/s]
1%|          | 618/109000 [06:09<13:11:17,  2.28it/s]
1%|          | 619/109000 [06:10<13:11:17,  2.28it/s]
1%|          | 620/109000 [06:10<13:11:46,  2.28it/s]
1%|          | 621/109000 [06:10<13:11:30,  2.28it/s]
1%|          | 622/109000 [06:11<13:11:34,  2.28it/s]
1%|          | 623/109000 [06:11<13:12:04,  2.28it/s]
1%|          | 624/109000 [06:12<13:11:55,  2.28it/s]
1%|          | 625/109000 [06:12<13:11:03,  2.28it/s]
1%|          | 626/109000 [06:13<13:11:57,  2.28it/s]
1%|          | 627/109000 [06:13<13:11:48,  2.28it/s]
1%|          | 628/109000 [06:14<13:11:55,  2.28it/s]
1%|          | 629/109000 [06:14<13:11:43,  2.28it/s]
1%|          | 630/109000 [06:14<13:12:01,  2.28it/s]
1%|          | 631/109000 [06:15<13:11:37,  2.28it/s]
1%|          | 632/109000 [06:15<13:11:16,  2.28it/s]
1%|          | 633/109000 [06:16<13:11:35,  2.28it/s]
1%|          | 634/109000 [06:16<13:11:29,  2.28it/s]
1%|          | 635/109000 [06:17<13:11:04,  2.28it/s]
1%|          | 636/109000 [06:17<13:11:22,  2.28it/s]
1%|          | 637/109000 [06:18<13:11:52,  2.28it/s]
1%|          | 638/109000 [06:18<13:11:14,  2.28it/s]
1%|          | 639/109000 [06:18<13:11:34,  2.28it/s]
1%|          | 640/109000 [06:19<13:11:42,  2.28it/s]
1%|          | 641/109000 [06:19<13:11:05,  2.28it/s]
1%|          | 642/109000 [06:20<13:11:11,  2.28it/s]
1%|          | 643/109000 [06:20<13:11:26,  2.28it/s]
1%|          | 644/109000 [06:21<13:11:43,  2.28it/s]
1%|          | 645/109000 [06:21<13:11:32,  2.28it/s]
1%|          | 646/109000 [06:21<13:12:19,  2.28it/s]
1%|          | 647/109000 [06:22<13:11:31,  2.28it/s]
1%|          | 648/109000 [06:22<13:11:39,  2.28it/s]
1%|          | 649/109000 [06:23<13:11:56,  2.28it/s]
1%|          | 650/109000 [06:23<13:11:40,  2.28it/s]

{'loss': '6.662', 'grad_norm': '1.341', 'learning_rate': '4.97e-05', 'epoch': 
'0.05963'}

1%|          | 650/109000 [06:23<13:11:40,  2.28it/s]
1%|          | 651/109000 [06:24<13:11:50,  2.28it/s]
1%|          | 652/109000 [06:24<13:12:42,  2.28it/s]
1%|          | 653/109000 [06:25<13:12:30,  2.28it/s]
1%|          | 654/109000 [06:25<13:12:05,  2.28it/s]
1%|          | 655/109000 [06:25<13:12:18,  2.28it/s]
1%|          | 656/109000 [06:26<13:12:41,  2.28it/s]
1%|          | 657/109000 [06:26<13:12:00,  2.28it/s]
1%|          | 658/109000 [06:27<13:11:50,  2.28it/s]
1%|          | 659/109000 [06:27<13:12:28,  2.28it/s]
1%|          | 660/109000 [06:28<13:12:48,  2.28it/s]
1%|          | 661/109000 [06:28<13:12:16,  2.28it/s]
1%|          | 662/109000 [06:28<13:12:27,  2.28it/s]
1%|          | 663/109000 [06:29<13:11:59,  2.28it/s]
1%|          | 664/109000 [06:29<13:11:32,  2.28it/s]
1%|          | 665/109000 [06:30<13:11:32,  2.28it/s]
1%|          | 666/109000 [06:30<13:11:08,  2.28it/s]
1%|          | 667/109000 [06:31<13:10:55,  2.28it/s]
1%|          | 668/109000 [06:31<13:12:15,  2.28it/s]
1%|          | 669/109000 [06:32<13:12:04,  2.28it/s]
1%|          | 670/109000 [06:32<13:11:21,  2.28it/s]
1%|          | 671/109000 [06:32<13:11:53,  2.28it/s]
1%|          | 672/109000 [06:33<13:11:18,  2.28it/s]
1%|          | 673/109000 [06:33<13:11:23,  2.28it/s]
1%|          | 674/109000 [06:34<13:11:46,  2.28it/s]
1%|          | 675/109000 [06:34<13:11:47,  2.28it/s]
1%|          | 676/109000 [06:35<13:12:06,  2.28it/s]
1%|          | 677/109000 [06:35<13:12:15,  2.28it/s]
1%|          | 678/109000 [06:35<13:12:12,  2.28it/s]
1%|          | 679/109000 [06:36<13:11:13,  2.28it/s]
1%|          | 680/109000 [06:36<13:11:18,  2.28it/s]
1%|          | 681/109000 [06:37<13:11:19,  2.28it/s]
1%|          | 682/109000 [06:37<13:10:46,  2.28it/s]
1%|          | 683/109000 [06:38<13:11:04,  2.28it/s]
1%|          | 684/109000 [06:38<13:11:50,  2.28it/s]
1%|          | 685/109000 [06:39<13:11:21,  2.28it/s]
1%|          | 686/109000 [06:39<13:11:42,  2.28it/s]
1%|          | 687/109000 [06:39<13:12:48,  2.28it/s]
1%|          | 688/109000 [06:40<13:12:09,  2.28it/s]
1%|          | 689/109000 [06:40<13:11:39,  2.28it/s]
1%|          | 690/109000 [06:41<13:12:31,  2.28it/s]
1%|          | 691/109000 [06:41<13:12:21,  2.28it/s]
1%|          | 692/109000 [06:42<13:12:29,  2.28it/s]
1%|          | 693/109000 [06:42<13:12:11,  2.28it/s]
1%|          | 694/109000 [06:43<13:12:52,  2.28it/s]
1%|          | 695/109000 [06:43<13:12:34,  2.28it/s]
1%|          | 696/109000 [06:43<13:11:44,  2.28it/s]
1%|          | 697/109000 [06:44<13:12:12,  2.28it/s]
1%|          | 698/109000 [06:44<13:12:39,  2.28it/s]
1%|          | 699/109000 [06:45<13:12:28,  2.28it/s]
1%|          | 700/109000 [06:45<13:12:01,  2.28it/s]

{'loss': '6.657', 'grad_norm': '0.9592', 'learning_rate': '4.968e-05', 'epoch': 
'0.06422'}

1%|          | 700/109000 [06:45<13:12:01,  2.28it/s]
1%|          | 701/109000 [06:46<13:13:01,  2.28it/s]
1%|          | 702/109000 [06:46<13:12:49,  2.28it/s]
1%|          | 703/109000 [06:46<13:12:37,  2.28it/s]
1%|          | 704/109000 [06:47<13:11:38,  2.28it/s]
1%|          | 705/109000 [06:47<13:11:52,  2.28it/s]
1%|          | 706/109000 [06:48<13:12:04,  2.28it/s]
1%|          | 707/109000 [06:48<13:11:25,  2.28it/s]
1%|          | 708/109000 [06:49<13:12:00,  2.28it/s]
1%|          | 709/109000 [06:49<13:11:59,  2.28it/s]
1%|          | 710/109000 [06:50<13:11:29,  2.28it/s]
1%|          | 711/109000 [06:50<13:11:16,  2.28it/s]
1%|          | 712/109000 [06:50<13:11:46,  2.28it/s]
1%|          | 713/109000 [06:51<13:11:45,  2.28it/s]
1%|          | 714/109000 [06:51<13:11:21,  2.28it/s]
1%|          | 715/109000 [06:52<13:11:43,  2.28it/s]
1%|          | 716/109000 [06:52<13:12:51,  2.28it/s]
1%|          | 717/109000 [06:53<13:12:08,  2.28it/s]
1%|          | 718/109000 [06:53<13:11:24,  2.28it/s]
1%|          | 719/109000 [06:53<13:11:50,  2.28it/s]
1%|          | 720/109000 [06:54<13:11:51,  2.28it/s]
1%|          | 721/109000 [06:54<13:11:12,  2.28it/s]
1%|          | 722/109000 [06:55<13:11:51,  2.28it/s]
1%|          | 723/109000 [06:55<13:12:17,  2.28it/s]
1%|          | 724/109000 [06:56<13:12:42,  2.28it/s]
1%|          | 725/109000 [06:56<13:11:32,  2.28it/s]
1%|          | 726/109000 [06:57<13:12:05,  2.28it/s]
1%|          | 727/109000 [06:57<13:11:53,  2.28it/s]
1%|          | 728/109000 [06:57<13:11:17,  2.28it/s]
1%|          | 729/109000 [06:58<13:11:26,  2.28it/s]
1%|          | 730/109000 [06:58<13:11:47,  2.28it/s]
1%|          | 731/109000 [06:59<13:12:09,  2.28it/s]
1%|          | 732/109000 [06:59<13:12:01,  2.28it/s]
1%|          | 733/109000 [07:00<13:12:09,  2.28it/s]
1%|          | 734/109000 [07:00<13:12:06,  2.28it/s]
1%|          | 735/109000 [07:00<13:11:46,  2.28it/s]
1%|          | 736/109000 [07:01<13:11:42,  2.28it/s]
1%|          | 737/109000 [07:01<13:11:46,  2.28it/s]
1%|          | 738/109000 [07:02<13:12:30,  2.28it/s]
1%|          | 739/109000 [07:02<13:11:51,  2.28it/s]
1%|          | 740/109000 [07:03<13:12:19,  2.28it/s]
1%|          | 741/109000 [07:03<13:12:24,  2.28it/s]
1%|          | 742/109000 [07:04<13:12:31,  2.28it/s]
1%|          | 743/109000 [07:04<13:11:31,  2.28it/s]
1%|          | 744/109000 [07:04<13:11:27,  2.28it/s]
1%|          | 745/109000 [07:05<13:12:01,  2.28it/s]
1%|          | 746/109000 [07:05<13:11:23,  2.28it/s]
1%|          | 747/109000 [07:06<13:11:27,  2.28it/s]
1%|          | 748/109000 [07:06<13:12:05,  2.28it/s]
1%|          | 749/109000 [07:07<13:12:00,  2.28it/s]
1%|          | 750/109000 [07:07<13:11:18,  2.28it/s]

{'loss': '6.602', 'grad_norm': '0.8911', 'learning_rate': '4.966e-05', 'epoch': 
'0.06881'}

1%|          | 750/109000 [07:07<13:11:18,  2.28it/s]

0%|          | 0/3662 [00:00<?, ?it/s][A

0%|          | 9/3662 [00:00<00:40, 89.56it/s][A

0%|          | 18/3662 [00:00<00:42, 84.98it/s][A

1%|          | 27/3662 [00:00<00:43, 83.49it/s][A

1%|          | 36/3662 [00:00<00:43, 83.02it/s][A

1%|          | 45/3662 [00:00<00:43, 82.52it/s][A

1%|▏         | 54/3662 [00:00<00:44, 81.65it/s][A

2%|▏         | 63/3662 [00:00<00:44, 81.19it/s][A

2%|▏         | 72/3662 [00:00<00:44, 81.11it/s][A

2%|▏         | 81/3662 [00:00<00:44, 80.98it/s][A

2%|▏         | 90/3662 [00:01<00:44, 80.37it/s][A

3%|▎         | 99/3662 [00:01<00:44, 80.14it/s][A

3%|▎         | 108/3662 [00:01<00:44, 80.02it/s][A

3%|▎         | 117/3662 [00:01<00:44, 79.70it/s][A

3%|▎         | 125/3662 [00:01<00:44, 79.68it/s][A

4%|▎         | 133/3662 [00:01<00:44, 79.53it/s][A

4%|▍         | 141/3662 [00:01<00:44, 79.39it/s][A

4%|▍         | 149/3662 [00:01<00:44, 79.33it/s][A

4%|▍         | 157/3662 [00:01<00:44, 79.36it/s][A

5%|▍         | 165/3662 [00:02<00:44, 79.30it/s][A

5%|▍         | 173/3662 [00:02<00:44, 79.19it/s][A

5%|▍         | 181/3662 [00:02<00:43, 79.26it/s][A

5%|▌         | 189/3662 [00:02<00:43, 79.21it/s][A

5%|▌         | 197/3662 [00:02<00:43, 79.34it/s][A

6%|▌         | 205/3662 [00:02<00:43, 79.37it/s][A

6%|▌         | 213/3662 [00:02<00:43, 79.37it/s][A

6%|▌         | 221/3662 [00:02<00:43, 79.32it/s][A

6%|▋         | 229/3662 [00:02<00:43, 79.23it/s][A

6%|▋         | 237/3662 [00:02<00:43, 79.24it/s][A

7%|▋         | 245/3662 [00:03<00:43, 79.18it/s][A

7%|▋         | 253/3662 [00:03<00:43, 79.24it/s][A

7%|▋         | 261/3662 [00:03<00:42, 79.28it/s][A

7%|▋         | 269/3662 [00:03<00:42, 79.35it/s][A

8%|▊         | 277/3662 [00:03<00:42, 79.33it/s][A

8%|▊         | 285/3662 [00:03<00:42, 79.25it/s][A

8%|▊         | 293/3662 [00:03<00:42, 79.17it/s][A

8%|▊         | 301/3662 [00:03<00:42, 79.37it/s][A

8%|▊         | 309/3662 [00:03<00:42, 79.08it/s][A

9%|▊         | 318/3662 [00:03<00:42, 79.43it/s][A

9%|▉         | 326/3662 [00:04<00:42, 79.00it/s][A

9%|▉         | 334/3662 [00:04<00:42, 78.79it/s][A

9%|▉         | 342/3662 [00:04<00:42, 78.64it/s][A

10%|▉         | 350/3662 [00:04<00:42, 78.43it/s][A

10%|▉         | 358/3662 [00:04<00:42, 78.35it/s][A

10%|▉         | 366/3662 [00:04<00:42, 78.30it/s][A

10%|█         | 374/3662 [00:04<00:41, 78.32it/s][A

10%|█         | 382/3662 [00:04<00:42, 78.03it/s][A

11%|█         | 390/3662 [00:04<00:41, 78.14it/s][A

11%|█         | 398/3662 [00:05<00:41, 78.23it/s][A

11%|█         | 406/3662 [00:05<00:41, 78.13it/s][A

11%|█▏        | 414/3662 [00:05<00:41, 78.23it/s][A

12%|█▏        | 422/3662 [00:05<00:41, 78.27it/s][A

12%|█▏        | 430/3662 [00:05<00:41, 78.27it/s][A

12%|█▏        | 438/3662 [00:05<00:41, 78.34it/s][A

12%|█▏        | 446/3662 [00:05<00:41, 78.21it/s][A

12%|█▏        | 454/3662 [00:05<00:40, 78.26it/s][A

13%|█▎        | 462/3662 [00:05<00:40, 78.11it/s][A

13%|█▎        | 470/3662 [00:05<00:40, 78.27it/s][A

13%|█▎        | 478/3662 [00:06<00:40, 77.97it/s][A

13%|█▎        | 486/3662 [00:06<00:40, 77.96it/s][A

13%|█▎        | 494/3662 [00:06<00:40, 78.00it/s][A

14%|█▎        | 502/3662 [00:06<00:40, 78.19it/s][A

14%|█▍        | 511/3662 [00:06<00:39, 78.97it/s][A

14%|█▍        | 520/3662 [00:06<00:39, 79.59it/s][A

14%|█▍        | 529/3662 [00:06<00:39, 79.95it/s][A

15%|█▍        | 538/3662 [00:06<00:38, 80.16it/s][A

15%|█▍        | 547/3662 [00:06<00:38, 80.26it/s][A

15%|█▌        | 556/3662 [00:06<00:38, 80.49it/s][A

15%|█▌        | 565/3662 [00:07<00:38, 80.04it/s][A

16%|█▌        | 574/3662 [00:07<00:38, 79.45it/s][A

16%|█▌        | 582/3662 [00:07<00:38, 79.09it/s][A

16%|█▌        | 590/3662 [00:07<00:38, 78.78it/s][A

16%|█▋        | 598/3662 [00:07<00:38, 78.64it/s][A

17%|█▋        | 606/3662 [00:07<00:38, 78.55it/s][A

17%|█▋        | 614/3662 [00:07<00:38, 78.45it/s][A

17%|█▋        | 622/3662 [00:07<00:38, 78.28it/s][A

17%|█▋        | 630/3662 [00:07<00:38, 78.20it/s][A

17%|█▋        | 638/3662 [00:08<00:38, 78.28it/s][A

18%|█▊        | 646/3662 [00:08<00:38, 78.10it/s][A

18%|█▊        | 654/3662 [00:08<00:38, 78.18it/s][A

18%|█▊        | 662/3662 [00:08<00:38, 78.15it/s][A

18%|█▊        | 670/3662 [00:08<00:38, 78.20it/s][A

19%|█▊        | 678/3662 [00:08<00:38, 78.26it/s][A

19%|█▊        | 686/3662 [00:08<00:38, 78.23it/s][A

19%|█▉        | 694/3662 [00:08<00:37, 78.26it/s][A

19%|█▉        | 702/3662 [00:08<00:37, 78.28it/s][A

19%|█▉        | 710/3662 [00:08<00:37, 78.33it/s][A

20%|█▉        | 718/3662 [00:09<00:37, 78.12it/s][A

20%|█▉        | 726/3662 [00:09<00:37, 78.31it/s][A

20%|██        | 734/3662 [00:09<00:37, 78.30it/s][A

20%|██        | 742/3662 [00:09<00:37, 78.30it/s][A

20%|██        | 750/3662 [00:09<00:37, 78.36it/s][A

21%|██        | 758/3662 [00:09<00:37, 78.25it/s][A

21%|██        | 766/3662 [00:09<00:36, 78.30it/s][A

21%|██        | 774/3662 [00:09<00:36, 78.28it/s][A

21%|██▏       | 782/3662 [00:09<00:36, 78.24it/s][A

22%|██▏       | 790/3662 [00:09<00:36, 78.07it/s][A

22%|██▏       | 798/3662 [00:10<00:36, 78.12it/s][A

22%|██▏       | 806/3662 [00:10<00:36, 78.26it/s][A

22%|██▏       | 814/3662 [00:10<00:36, 78.26it/s][A

22%|██▏       | 822/3662 [00:10<00:36, 78.43it/s][A

23%|██▎       | 830/3662 [00:10<00:36, 78.55it/s][A

23%|██▎       | 838/3662 [00:10<00:36, 78.44it/s][A

23%|██▎       | 846/3662 [00:10<00:35, 78.55it/s][A

23%|██▎       | 854/3662 [00:10<00:35, 78.50it/s][A

24%|██▎       | 862/3662 [00:10<00:35, 78.51it/s][A

24%|██▍       | 870/3662 [00:11<00:35, 78.49it/s][A

24%|██▍       | 878/3662 [00:11<00:35, 78.54it/s][A

24%|██▍       | 886/3662 [00:11<00:35, 78.54it/s][A

24%|██▍       | 894/3662 [00:11<00:35, 78.49it/s][A

25%|██▍       | 902/3662 [00:11<00:35, 78.47it/s][A

25%|██▍       | 910/3662 [00:11<00:35, 78.60it/s][A

25%|██▌       | 918/3662 [00:11<00:34, 78.56it/s][A

25%|██▌       | 926/3662 [00:11<00:34, 78.45it/s][A

26%|██▌       | 934/3662 [00:11<00:34, 78.37it/s][A

26%|██▌       | 942/3662 [00:11<00:34, 78.41it/s][A

26%|██▌       | 950/3662 [00:12<00:34, 78.31it/s][A

26%|██▌       | 958/3662 [00:12<00:34, 78.40it/s][A

26%|██▋       | 966/3662 [00:12<00:34, 78.38it/s][A

27%|██▋       | 974/3662 [00:12<00:34, 78.38it/s][A

27%|██▋       | 982/3662 [00:12<00:34, 78.38it/s][A

27%|██▋       | 990/3662 [00:12<00:34, 78.35it/s][A

27%|██▋       | 998/3662 [00:12<00:33, 78.39it/s][A

27%|██▋       | 1006/3662 [00:12<00:33, 78.36it/s][A

28%|██▊       | 1014/3662 [00:12<00:33, 78.32it/s][A

28%|██▊       | 1022/3662 [00:12<00:33, 78.54it/s][A

28%|██▊       | 1030/3662 [00:13<00:33, 78.48it/s][A

28%|██▊       | 1038/3662 [00:13<00:33, 78.56it/s][A

29%|██▊       | 1046/3662 [00:13<00:33, 78.71it/s][A

29%|██▉       | 1054/3662 [00:13<00:33, 78.49it/s][A

29%|██▉       | 1062/3662 [00:13<00:33, 78.41it/s][A

29%|██▉       | 1070/3662 [00:13<00:33, 78.36it/s][A

29%|██▉       | 1078/3662 [00:13<00:32, 78.36it/s][A

30%|██▉       | 1086/3662 [00:13<00:32, 78.45it/s][A

30%|██▉       | 1094/3662 [00:13<00:32, 78.21it/s][A

30%|███       | 1102/3662 [00:13<00:32, 78.30it/s][A

30%|███       | 1110/3662 [00:14<00:32, 78.48it/s][A

31%|███       | 1118/3662 [00:14<00:32, 78.45it/s][A

31%|███       | 1126/3662 [00:14<00:32, 78.39it/s][A

31%|███       | 1134/3662 [00:14<00:32, 78.16it/s][A

31%|███       | 1142/3662 [00:14<00:32, 78.38it/s][A

31%|███▏      | 1150/3662 [00:14<00:31, 78.52it/s][A

32%|███▏      | 1158/3662 [00:14<00:31, 78.34it/s][A

32%|███▏      | 1166/3662 [00:14<00:31, 78.14it/s][A

32%|███▏      | 1174/3662 [00:14<00:31, 78.10it/s][A

32%|███▏      | 1182/3662 [00:14<00:31, 78.13it/s][A

32%|███▏      | 1190/3662 [00:15<00:31, 78.20it/s][A

33%|███▎      | 1198/3662 [00:15<00:31, 78.02it/s][A

33%|███▎      | 1206/3662 [00:15<00:31, 78.14it/s][A

33%|███▎      | 1214/3662 [00:15<00:31, 78.14it/s][A

33%|███▎      | 1222/3662 [00:15<00:31, 78.16it/s][A

34%|███▎      | 1230/3662 [00:15<00:31, 78.18it/s][A

34%|███▍      | 1238/3662 [00:15<00:30, 78.31it/s][A

34%|███▍      | 1246/3662 [00:15<00:30, 78.10it/s][A

34%|███▍      | 1254/3662 [00:15<00:30, 78.06it/s][A

34%|███▍      | 1262/3662 [00:16<00:30, 78.05it/s][A

35%|███▍      | 1270/3662 [00:16<00:30, 78.37it/s][A

35%|███▍      | 1278/3662 [00:16<00:30, 78.15it/s][A

35%|███▌      | 1286/3662 [00:16<00:30, 78.36it/s][A

35%|███▌      | 1294/3662 [00:16<00:30, 78.32it/s][A

36%|███▌      | 1302/3662 [00:16<00:30, 78.25it/s][A

36%|███▌      | 1310/3662 [00:16<00:30, 78.28it/s][A

36%|███▌      | 1318/3662 [00:16<00:29, 78.43it/s][A

36%|███▌      | 1326/3662 [00:16<00:29, 78.37it/s][A

36%|███▋      | 1334/3662 [00:16<00:29, 78.33it/s][A

37%|███▋      | 1342/3662 [00:17<00:29, 78.51it/s][A

37%|███▋      | 1350/3662 [00:17<00:29, 78.41it/s][A

37%|███▋      | 1358/3662 [00:17<00:29, 78.38it/s][A

37%|███▋      | 1366/3662 [00:17<00:29, 78.46it/s][A

38%|███▊      | 1374/3662 [00:17<00:29, 78.35it/s][A

38%|███▊      | 1382/3662 [00:17<00:29, 78.39it/s][A

38%|███▊      | 1390/3662 [00:17<00:29, 78.31it/s][A

38%|███▊      | 1398/3662 [00:17<00:28, 78.26it/s][A

38%|███▊      | 1406/3662 [00:17<00:28, 78.26it/s][A

39%|███▊      | 1414/3662 [00:17<00:28, 78.30it/s][A

39%|███▉      | 1422/3662 [00:18<00:28, 78.40it/s][A

39%|███▉      | 1430/3662 [00:18<00:28, 78.39it/s][A

39%|███▉      | 1438/3662 [00:18<00:28, 78.32it/s][A

39%|███▉      | 1446/3662 [00:18<00:28, 78.38it/s][A

40%|███▉      | 1454/3662 [00:18<00:28, 78.21it/s][A

40%|███▉      | 1462/3662 [00:18<00:28, 78.28it/s][A

40%|████      | 1470/3662 [00:18<00:27, 78.32it/s][A

40%|████      | 1478/3662 [00:18<00:27, 78.38it/s][A

41%|████      | 1486/3662 [00:18<00:27, 78.50it/s][A

41%|████      | 1494/3662 [00:18<00:27, 78.37it/s][A

41%|████      | 1502/3662 [00:19<00:27, 78.46it/s][A

41%|████      | 1510/3662 [00:19<00:27, 78.45it/s][A

41%|████▏     | 1518/3662 [00:19<00:27, 78.36it/s][A

42%|████▏     | 1526/3662 [00:19<00:27, 78.20it/s][A

42%|████▏     | 1534/3662 [00:19<00:27, 78.21it/s][A

42%|████▏     | 1542/3662 [00:19<00:27, 78.24it/s][A

42%|████▏     | 1550/3662 [00:19<00:27, 78.05it/s][A

43%|████▎     | 1558/3662 [00:19<00:27, 77.91it/s][A

43%|████▎     | 1566/3662 [00:19<00:26, 78.00it/s][A

43%|████▎     | 1574/3662 [00:19<00:26, 78.29it/s][A

43%|████▎     | 1583/3662 [00:20<00:26, 79.09it/s][A

43%|████▎     | 1591/3662 [00:20<00:26, 78.84it/s][A

44%|████▎     | 1599/3662 [00:20<00:26, 78.66it/s][A

44%|████▍     | 1607/3662 [00:20<00:26, 78.50it/s][A

44%|████▍     | 1615/3662 [00:20<00:26, 78.53it/s][A

44%|████▍     | 1623/3662 [00:20<00:25, 78.45it/s][A

45%|████▍     | 1631/3662 [00:20<00:25, 78.29it/s][A

45%|████▍     | 1639/3662 [00:20<00:25, 78.71it/s][A

45%|████▌     | 1648/3662 [00:20<00:25, 79.43it/s][A

45%|████▌     | 1656/3662 [00:21<00:25, 79.30it/s][A

45%|████▌     | 1664/3662 [00:21<00:25, 79.35it/s][A

46%|████▌     | 1673/3662 [00:21<00:24, 79.96it/s][A

46%|████▌     | 1682/3662 [00:21<00:24, 79.97it/s][A

46%|████▌     | 1690/3662 [00:21<00:24, 79.61it/s][A

46%|████▋     | 1698/3662 [00:21<00:24, 79.35it/s][A

47%|████▋     | 1706/3662 [00:21<00:24, 79.22it/s][A

47%|████▋     | 1714/3662 [00:21<00:24, 78.92it/s][A

47%|████▋     | 1722/3662 [00:21<00:24, 78.65it/s][A

47%|████▋     | 1730/3662 [00:21<00:24, 78.47it/s][A

47%|████▋     | 1738/3662 [00:22<00:24, 78.78it/s][A

48%|████▊     | 1746/3662 [00:22<00:24, 78.96it/s][A

48%|████▊     | 1754/3662 [00:22<00:24, 78.79it/s][A

48%|████▊     | 1762/3662 [00:22<00:24, 78.76it/s][A

48%|████▊     | 1770/3662 [00:22<00:24, 78.67it/s][A

49%|████▊     | 1778/3662 [00:22<00:23, 78.54it/s][A

49%|████▉     | 1786/3662 [00:22<00:23, 78.47it/s][A

49%|████▉     | 1794/3662 [00:22<00:23, 78.41it/s][A

49%|████▉     | 1802/3662 [00:22<00:23, 78.42it/s][A

49%|████▉     | 1810/3662 [00:22<00:23, 78.47it/s][A

50%|████▉     | 1818/3662 [00:23<00:23, 78.63it/s][A

50%|████▉     | 1826/3662 [00:23<00:23, 78.42it/s][A

50%|█████     | 1834/3662 [00:23<00:23, 78.36it/s][A

50%|█████     | 1842/3662 [00:23<00:23, 78.41it/s][A

51%|█████     | 1850/3662 [00:23<00:23, 78.51it/s][A

51%|█████     | 1858/3662 [00:23<00:22, 78.64it/s][A

51%|█████     | 1866/3662 [00:23<00:22, 79.02it/s][A

51%|█████     | 1874/3662 [00:23<00:22, 78.88it/s][A

51%|█████▏    | 1882/3662 [00:23<00:22, 78.72it/s][A

52%|█████▏    | 1890/3662 [00:24<00:22, 78.48it/s][A

52%|█████▏    | 1898/3662 [00:24<00:22, 78.39it/s][A

52%|█████▏    | 1906/3662 [00:24<00:22, 78.21it/s][A

52%|█████▏    | 1914/3662 [00:24<00:22, 78.25it/s][A

52%|█████▏    | 1922/3662 [00:24<00:22, 78.53it/s][A

53%|█████▎    | 1930/3662 [00:24<00:21, 78.85it/s][A

53%|█████▎    | 1938/3662 [00:24<00:21, 78.80it/s][A

53%|█████▎    | 1946/3662 [00:24<00:21, 78.62it/s][A

53%|█████▎    | 1954/3662 [00:24<00:21, 78.41it/s][A

54%|█████▎    | 1962/3662 [00:24<00:21, 78.54it/s][A

54%|█████▍    | 1970/3662 [00:25<00:21, 78.39it/s][A

54%|█████▍    | 1978/3662 [00:25<00:21, 78.69it/s][A

54%|█████▍    | 1986/3662 [00:25<00:21, 78.23it/s][A

54%|█████▍    | 1994/3662 [00:25<00:21, 78.34it/s][A

55%|█████▍    | 2002/3662 [00:25<00:21, 78.12it/s][A

55%|█████▍    | 2010/3662 [00:25<00:21, 77.92it/s][A

55%|█████▌    | 2018/3662 [00:25<00:21, 77.80it/s][A

55%|█████▌    | 2026/3662 [00:25<00:20, 77.92it/s][A

56%|█████▌    | 2034/3662 [00:25<00:20, 78.02it/s][A

56%|█████▌    | 2042/3662 [00:25<00:20, 77.99it/s][A

56%|█████▌    | 2050/3662 [00:26<00:20, 78.13it/s][A

56%|█████▌    | 2058/3662 [00:26<00:20, 78.49it/s][A

56%|█████▋    | 2066/3662 [00:26<00:20, 78.38it/s][A

57%|█████▋    | 2074/3662 [00:26<00:20, 78.33it/s][A

57%|█████▋    | 2082/3662 [00:26<00:20, 78.37it/s][A

57%|█████▋    | 2090/3662 [00:26<00:20, 78.23it/s][A

57%|█████▋    | 2098/3662 [00:26<00:19, 78.23it/s][A

58%|█████▊    | 2106/3662 [00:26<00:19, 78.08it/s][A

58%|█████▊    | 2114/3662 [00:26<00:19, 78.06it/s][A

58%|█████▊    | 2122/3662 [00:26<00:19, 78.22it/s][A

58%|█████▊    | 2130/3662 [00:27<00:19, 78.11it/s][A

58%|█████▊    | 2138/3662 [00:27<00:19, 76.73it/s][A

59%|█████▊    | 2146/3662 [00:27<00:19, 76.88it/s][A

59%|█████▉    | 2154/3662 [00:27<00:19, 77.21it/s][A

59%|█████▉    | 2162/3662 [00:27<00:19, 77.35it/s][A

59%|█████▉    | 2170/3662 [00:27<00:19, 77.59it/s][A

59%|█████▉    | 2178/3662 [00:27<00:19, 77.85it/s][A

60%|█████▉    | 2186/3662 [00:27<00:18, 77.80it/s][A

60%|█████▉    | 2194/3662 [00:27<00:18, 77.86it/s][A

60%|██████    | 2202/3662 [00:28<00:18, 77.90it/s][A

60%|██████    | 2210/3662 [00:28<00:18, 77.94it/s][A

61%|██████    | 2218/3662 [00:28<00:18, 77.86it/s][A

61%|██████    | 2226/3662 [00:28<00:18, 77.72it/s][A

61%|██████    | 2234/3662 [00:28<00:18, 78.11it/s][A

61%|██████    | 2242/3662 [00:28<00:18, 77.90it/s][A

61%|██████▏   | 2250/3662 [00:28<00:18, 77.98it/s][A

62%|██████▏   | 2258/3662 [00:28<00:17, 78.05it/s][A

62%|██████▏   | 2266/3662 [00:28<00:17, 77.88it/s][A

62%|██████▏   | 2274/3662 [00:28<00:17, 78.19it/s][A

62%|██████▏   | 2283/3662 [00:29<00:17, 78.86it/s][A

63%|██████▎   | 2291/3662 [00:29<00:17, 78.96it/s][A

63%|██████▎   | 2299/3662 [00:29<00:17, 78.38it/s][A

63%|██████▎   | 2307/3662 [00:29<00:17, 78.37it/s][A

63%|██████▎   | 2315/3662 [00:29<00:17, 78.18it/s][A

63%|██████▎   | 2323/3662 [00:29<00:17, 76.76it/s][A

64%|██████▎   | 2331/3662 [00:29<00:17, 77.03it/s][A

64%|██████▍   | 2339/3662 [00:29<00:17, 77.22it/s][A

64%|██████▍   | 2347/3662 [00:29<00:16, 77.50it/s][A

64%|██████▍   | 2355/3662 [00:29<00:16, 77.55it/s][A

65%|██████▍   | 2363/3662 [00:30<00:16, 77.57it/s][A

65%|██████▍   | 2371/3662 [00:30<00:16, 77.61it/s][A

65%|██████▍   | 2379/3662 [00:30<00:16, 77.81it/s][A

65%|██████▌   | 2387/3662 [00:30<00:16, 77.94it/s][A

65%|██████▌   | 2395/3662 [00:30<00:16, 78.13it/s][A

66%|██████▌   | 2403/3662 [00:30<00:16, 78.13it/s][A

66%|██████▌   | 2411/3662 [00:30<00:16, 77.97it/s][A

66%|██████▌   | 2419/3662 [00:30<00:15, 78.01it/s][A

66%|██████▋   | 2427/3662 [00:30<00:15, 78.06it/s][A

66%|██████▋   | 2435/3662 [00:30<00:15, 77.95it/s][A

67%|██████▋   | 2443/3662 [00:31<00:15, 77.92it/s][A

67%|██████▋   | 2451/3662 [00:31<00:15, 77.75it/s][A

67%|██████▋   | 2459/3662 [00:31<00:15, 77.74it/s][A

67%|██████▋   | 2467/3662 [00:31<00:15, 77.90it/s][A

68%|██████▊   | 2475/3662 [00:31<00:15, 77.92it/s][A

68%|██████▊   | 2483/3662 [00:31<00:15, 77.95it/s][A

68%|██████▊   | 2491/3662 [00:31<00:15, 77.90it/s][A

68%|██████▊   | 2499/3662 [00:31<00:14, 77.89it/s][A

68%|██████▊   | 2507/3662 [00:31<00:14, 77.87it/s][A

69%|██████▊   | 2515/3662 [00:32<00:14, 77.82it/s][A

69%|██████▉   | 2523/3662 [00:32<00:14, 77.86it/s][A

69%|██████▉   | 2531/3662 [00:32<00:14, 78.04it/s][A

69%|██████▉   | 2539/3662 [00:32<00:14, 78.04it/s][A

70%|██████▉   | 2547/3662 [00:32<00:14, 78.00it/s][A

70%|██████▉   | 2555/3662 [00:32<00:14, 77.93it/s][A

70%|██████▉   | 2563/3662 [00:32<00:14, 78.09it/s][A

70%|███████   | 2571/3662 [00:32<00:13, 78.05it/s][A

70%|███████   | 2579/3662 [00:32<00:13, 78.05it/s][A

71%|███████   | 2587/3662 [00:32<00:13, 77.99it/s][A

71%|███████   | 2595/3662 [00:33<00:13, 78.00it/s][A

71%|███████   | 2603/3662 [00:33<00:13, 77.67it/s][A

71%|███████▏  | 2611/3662 [00:33<00:13, 77.76it/s][A

72%|███████▏  | 2619/3662 [00:33<00:13, 77.76it/s][A

72%|███████▏  | 2627/3662 [00:33<00:13, 77.88it/s][A

72%|███████▏  | 2635/3662 [00:33<00:13, 78.02it/s][A

72%|███████▏  | 2643/3662 [00:33<00:13, 78.07it/s][A

72%|███████▏  | 2651/3662 [00:33<00:13, 77.73it/s][A

73%|███████▎  | 2659/3662 [00:33<00:12, 77.72it/s][A

73%|███████▎  | 2667/3662 [00:33<00:12, 77.76it/s][A

73%|███████▎  | 2675/3662 [00:34<00:12, 77.72it/s][A

73%|███████▎  | 2683/3662 [00:34<00:12, 77.66it/s][A

73%|███████▎  | 2691/3662 [00:34<00:12, 77.66it/s][A

74%|███████▎  | 2699/3662 [00:34<00:12, 77.90it/s][A

74%|███████▍  | 2707/3662 [00:34<00:12, 77.96it/s][A

74%|███████▍  | 2715/3662 [00:34<00:12, 78.07it/s][A

74%|███████▍  | 2723/3662 [00:34<00:12, 78.10it/s][A

75%|███████▍  | 2731/3662 [00:34<00:11, 77.96it/s][A

75%|███████▍  | 2739/3662 [00:34<00:11, 77.92it/s][A

75%|███████▌  | 2747/3662 [00:34<00:11, 77.99it/s][A

75%|███████▌  | 2755/3662 [00:35<00:11, 77.99it/s][A

75%|███████▌  | 2763/3662 [00:35<00:11, 77.79it/s][A

76%|███████▌  | 2771/3662 [00:35<00:11, 77.68it/s][A

76%|███████▌  | 2779/3662 [00:35<00:11, 77.76it/s][A

76%|███████▌  | 2787/3662 [00:35<00:11, 77.86it/s][A

76%|███████▋  | 2795/3662 [00:35<00:11, 77.82it/s][A

77%|███████▋  | 2803/3662 [00:35<00:11, 77.83it/s][A

77%|███████▋  | 2811/3662 [00:35<00:10, 77.75it/s][A

77%|███████▋  | 2819/3662 [00:35<00:10, 77.91it/s][A

77%|███████▋  | 2827/3662 [00:36<00:10, 77.74it/s][A

77%|███████▋  | 2835/3662 [00:36<00:10, 77.63it/s][A

78%|███████▊  | 2843/3662 [00:36<00:10, 77.60it/s][A

78%|███████▊  | 2851/3662 [00:36<00:10, 77.93it/s][A

78%|███████▊  | 2859/3662 [00:36<00:10, 77.88it/s][A

78%|███████▊  | 2867/3662 [00:36<00:10, 77.94it/s][A

79%|███████▊  | 2875/3662 [00:36<00:10, 78.20it/s][A

79%|███████▊  | 2883/3662 [00:36<00:09, 78.20it/s][A

79%|███████▉  | 2891/3662 [00:36<00:09, 78.17it/s][A

79%|███████▉  | 2899/3662 [00:36<00:09, 78.14it/s][A

79%|███████▉  | 2907/3662 [00:37<00:09, 78.02it/s][A

80%|███████▉  | 2915/3662 [00:37<00:09, 78.01it/s][A

80%|███████▉  | 2923/3662 [00:37<00:09, 78.01it/s][A

80%|████████  | 2931/3662 [00:37<00:09, 78.14it/s][A

80%|████████  | 2939/3662 [00:37<00:09, 77.94it/s][A

80%|████████  | 2947/3662 [00:37<00:09, 78.05it/s][A

81%|████████  | 2955/3662 [00:37<00:09, 78.03it/s][A

81%|████████  | 2963/3662 [00:37<00:08, 77.98it/s][A

81%|████████  | 2971/3662 [00:37<00:08, 77.96it/s][A

81%|████████▏ | 2979/3662 [00:37<00:08, 78.06it/s][A

82%|████████▏ | 2987/3662 [00:38<00:08, 78.11it/s][A

82%|████████▏ | 2995/3662 [00:38<00:08, 78.05it/s][A

82%|████████▏ | 3003/3662 [00:38<00:08, 78.02it/s][A

82%|████████▏ | 3011/3662 [00:38<00:08, 78.09it/s][A

82%|████████▏ | 3019/3662 [00:38<00:08, 78.13it/s][A

83%|████████▎ | 3027/3662 [00:38<00:08, 78.19it/s][A

83%|████████▎ | 3035/3662 [00:38<00:08, 78.15it/s][A

83%|████████▎ | 3043/3662 [00:38<00:07, 78.29it/s][A

83%|████████▎ | 3051/3662 [00:38<00:07, 78.21it/s][A

84%|████████▎ | 3059/3662 [00:38<00:07, 78.27it/s][A

84%|████████▍ | 3067/3662 [00:39<00:07, 78.17it/s][A

84%|████████▍ | 3075/3662 [00:39<00:07, 78.02it/s][A

84%|████████▍ | 3083/3662 [00:39<00:07, 77.98it/s][A

84%|████████▍ | 3091/3662 [00:39<00:07, 78.15it/s][A

85%|████████▍ | 3099/3662 [00:39<00:07, 78.33it/s][A

85%|████████▍ | 3107/3662 [00:39<00:07, 78.29it/s][A

85%|████████▌ | 3115/3662 [00:39<00:06, 78.20it/s][A

85%|████████▌ | 3123/3662 [00:39<00:06, 78.26it/s][A

85%|████████▌ | 3131/3662 [00:39<00:06, 78.32it/s][A

86%|████████▌ | 3139/3662 [00:40<00:06, 78.25it/s][A

86%|████████▌ | 3147/3662 [00:40<00:06, 78.23it/s][A

86%|████████▌ | 3155/3662 [00:40<00:06, 78.37it/s][A

86%|████████▋ | 3164/3662 [00:40<00:06, 79.09it/s][A

87%|████████▋ | 3173/3662 [00:40<00:06, 79.59it/s][A

87%|████████▋ | 3182/3662 [00:40<00:06, 79.84it/s][A

87%|████████▋ | 3191/3662 [00:40<00:05, 80.11it/s][A

87%|████████▋ | 3200/3662 [00:40<00:05, 80.28it/s][A

88%|████████▊ | 3209/3662 [00:40<00:05, 80.39it/s][A

88%|████████▊ | 3218/3662 [00:41<00:05, 80.49it/s][A

88%|████████▊ | 3227/3662 [00:41<00:05, 80.51it/s][A

88%|████████▊ | 3236/3662 [00:41<00:05, 79.78it/s][A

89%|████████▊ | 3244/3662 [00:41<00:05, 79.49it/s][A

89%|████████▉ | 3252/3662 [00:41<00:05, 79.16it/s][A

89%|████████▉ | 3260/3662 [00:41<00:05, 78.91it/s][A

89%|████████▉ | 3268/3662 [00:41<00:05, 78.75it/s][A

89%|████████▉ | 3276/3662 [00:41<00:04, 78.46it/s][A

90%|████████▉ | 3284/3662 [00:41<00:04, 78.48it/s][A

90%|████████▉ | 3292/3662 [00:41<00:04, 78.35it/s][A

90%|█████████ | 3300/3662 [00:42<00:04, 78.46it/s][A

90%|█████████ | 3308/3662 [00:42<00:04, 78.23it/s][A

91%|█████████ | 3316/3662 [00:42<00:04, 78.22it/s][A

91%|█████████ | 3324/3662 [00:42<00:04, 78.10it/s][A

91%|█████████ | 3332/3662 [00:42<00:04, 78.20it/s][A

91%|█████████ | 3340/3662 [00:42<00:04, 78.34it/s][A

91%|█████████▏| 3348/3662 [00:42<00:04, 78.32it/s][A

92%|█████████▏| 3356/3662 [00:42<00:03, 78.44it/s][A

92%|█████████▏| 3364/3662 [00:42<00:03, 78.31it/s][A

92%|█████████▏| 3372/3662 [00:42<00:03, 78.24it/s][A

92%|█████████▏| 3380/3662 [00:43<00:03, 78.33it/s][A

93%|█████████▎| 3388/3662 [00:43<00:03, 78.20it/s][A

93%|█████████▎| 3396/3662 [00:43<00:03, 78.13it/s][A

93%|█████████▎| 3404/3662 [00:43<00:03, 78.21it/s][A

93%|█████████▎| 3412/3662 [00:43<00:03, 78.27it/s][A

93%|█████████▎| 3420/3662 [00:43<00:03, 78.15it/s][A

94%|█████████▎| 3428/3662 [00:43<00:02, 78.18it/s][A

94%|█████████▍| 3436/3662 [00:43<00:02, 78.16it/s][A

94%|█████████▍| 3444/3662 [00:43<00:02, 78.10it/s][A

94%|█████████▍| 3452/3662 [00:43<00:02, 78.20it/s][A

94%|█████████▍| 3460/3662 [00:44<00:02, 78.26it/s][A

95%|█████████▍| 3468/3662 [00:44<00:02, 78.07it/s][A

95%|█████████▍| 3476/3662 [00:44<00:02, 77.80it/s][A

95%|█████████▌| 3484/3662 [00:44<00:02, 77.86it/s][A

95%|█████████▌| 3492/3662 [00:44<00:02, 77.97it/s][A

96%|█████████▌| 3500/3662 [00:44<00:02, 78.03it/s][A

96%|█████████▌| 3508/3662 [00:44<00:01, 78.21it/s][A

96%|█████████▌| 3516/3662 [00:44<00:01, 78.08it/s][A

96%|█████████▌| 3524/3662 [00:44<00:01, 78.15it/s][A

96%|█████████▋| 3532/3662 [00:45<00:01, 78.22it/s][A

97%|█████████▋| 3540/3662 [00:45<00:01, 78.16it/s][A

97%|█████████▋| 3548/3662 [00:45<00:01, 78.06it/s][A

97%|█████████▋| 3556/3662 [00:45<00:01, 78.14it/s][A

97%|█████████▋| 3564/3662 [00:45<00:01, 78.14it/s][A

98%|█████████▊| 3572/3662 [00:45<00:01, 78.03it/s][A

98%|█████████▊| 3580/3662 [00:45<00:01, 78.16it/s][A

98%|█████████▊| 3588/3662 [00:45<00:00, 78.30it/s][A

98%|█████████▊| 3596/3662 [00:45<00:00, 78.33it/s][A

98%|█████████▊| 3604/3662 [00:45<00:00, 78.46it/s][A

99%|█████████▊| 3612/3662 [00:46<00:00, 78.25it/s][A

99%|█████████▉| 3620/3662 [00:46<00:00, 78.19it/s][A

99%|█████████▉| 3628/3662 [00:46<00:00, 78.37it/s][A

99%|█████████▉| 3636/3662 [00:46<00:00, 78.42it/s][A

100%|█████████▉| 3644/3662 [00:46<00:00, 78.35it/s][A

100%|█████████▉| 3653/3662 [00:46<00:00, 79.38it/s][A

100%|██████████| 3662/3662 [00:46<00:00, 64.86it/s][A



[A{'eval_loss': '6.591', 'eval_runtime': '47.13', 'eval_samples_per_second': 
'621.6', 'eval_steps_per_second': '77.7', 'epoch': '0.06881'}

1%|          | 750/109000 [07:54<13:11:18,  2.28it/s]

100%|██████████| 3662/3662 [00:46<00:00, 64.86it/s][A

[A

Writing model shards:   0%|          | 0/1 [00:00<?, ?it/s][A

Writing model shards: 100%|██████████| 1/1 [00:00<00:00,  1.56it/s][A
Writing model shards: 100%|██████████| 1/1 [00:00<00:00,  1.56it/s]

1%|          | 751/109000 [07:57<457:09:01, 15.20s/it]
1%|          | 752/109000 [07:57<323:57:40, 10.77s/it]
1%|          | 753/109000 [07:58<230:43:19,  7.67s/it]
1%|          | 754/109000 [07:58<165:27:31,  5.50s/it]
1%|          | 755/109000 [07:58<119:47:33,  3.98s/it]
1%|          | 756/109000 [07:59<87:49:03,  2.92s/it]
1%|          | 757/109000 [07:59<65:25:04,  2.18s/it]
1%|          | 758/109000 [08:00<49:45:13,  1.65s/it]
1%|          | 759/109000 [08:00<38:47:38,  1.29s/it]
1%|          | 760/109000 [08:01<31:06:44,  1.03s/it]
1%|          | 761/109000 [08:01<25:43:59,  1.17it/s]
1%|          | 762/109000 [08:02<21:58:33,  1.37it/s]
1%|          | 763/109000 [08:02<19:20:46,  1.55it/s]
1%|          | 764/109000 [08:02<17:29:52,  1.72it/s]
1%|          | 765/109000 [08:03<16:12:09,  1.86it/s]
1%|          | 766/109000 [08:03<15:18:30,  1.96it/s]
1%|          | 767/109000 [08:04<14:40:30,  2.05it/s]
1%|          | 768/109000 [08:04<14:13:15,  2.11it/s]
1%|          | 769/109000 [08:05<13:55:08,  2.16it/s]
1%|          | 770/109000 [08:05<13:42:28,  2.19it/s]
1%|          | 771/109000 [08:06<13:32:51,  2.22it/s]
1%|          | 772/109000 [08:06<13:26:28,  2.24it/s]
1%|          | 773/109000 [08:06<13:21:47,  2.25it/s]
1%|          | 774/109000 [08:07<13:19:28,  2.26it/s]
1%|          | 775/109000 [08:07<13:16:32,  2.26it/s]
1%|          | 776/109000 [08:08<13:15:10,  2.27it/s]
1%|          | 777/109000 [08:08<13:14:06,  2.27it/s]
1%|          | 778/109000 [08:09<13:13:19,  2.27it/s]
1%|          | 779/109000 [08:09<13:12:29,  2.28it/s]
1%|          | 780/109000 [08:09<13:12:47,  2.28it/s]
1%|          | 781/109000 [08:10<13:13:07,  2.27it/s]
1%|          | 782/109000 [08:10<13:12:25,  2.28it/s]
1%|          | 783/109000 [08:11<13:12:00,  2.28it/s]
1%|          | 784/109000 [08:11<13:11:43,  2.28it/s]
1%|          | 785/109000 [08:12<13:12:13,  2.28it/s]
1%|          | 786/109000 [08:12<13:11:50,  2.28it/s]
1%|          | 787/109000 [08:13<13:11:08,  2.28it/s]
1%|          | 788/109000 [08:13<13:11:45,  2.28it/s]
1%|          | 789/109000 [08:13<13:11:38,  2.28it/s]
1%|          | 790/109000 [08:14<13:11:28,  2.28it/s]
1%|          | 791/109000 [08:14<13:11:24,  2.28it/s]
1%|          | 792/109000 [08:15<13:12:03,  2.28it/s]
1%|          | 793/109000 [08:15<13:11:51,  2.28it/s]
1%|          | 794/109000 [08:16<13:11:38,  2.28it/s]
1%|          | 795/109000 [08:16<13:58:54,  2.15it/s]
1%|          | 796/109000 [08:17<13:44:25,  2.19it/s]
1%|          | 797/109000 [08:17<13:34:34,  2.21it/s]
1%|          | 798/109000 [08:17<13:27:58,  2.23it/s]
1%|          | 799/109000 [08:18<13:22:04,  2.25it/s]
1%|          | 800/109000 [08:18<13:18:58,  2.26it/s]

{'loss': '6.584', 'grad_norm': '1.226', 'learning_rate': '4.963e-05', 'epoch': 
'0.07339'}

1%|          | 800/109000 [08:18<13:18:58,  2.26it/s]
1%|          | 801/109000 [08:19<13:17:15,  2.26it/s]
1%|          | 802/109000 [08:19<13:15:22,  2.27it/s]
1%|          | 803/109000 [08:20<13:13:53,  2.27it/s]
1%|          | 804/109000 [08:20<13:12:54,  2.27it/s]
1%|          | 805/109000 [08:21<13:12:44,  2.27it/s]
1%|          | 806/109000 [08:21<13:11:40,  2.28it/s]
1%|          | 807/109000 [08:21<13:11:12,  2.28it/s]
1%|          | 808/109000 [08:22<13:11:43,  2.28it/s]
1%|          | 809/109000 [08:22<13:11:17,  2.28it/s]
1%|          | 810/109000 [08:23<13:11:17,  2.28it/s]
1%|          | 811/109000 [08:23<13:11:11,  2.28it/s]
1%|          | 812/109000 [08:24<13:11:50,  2.28it/s]
1%|          | 813/109000 [08:24<13:11:38,  2.28it/s]
1%|          | 814/109000 [08:24<13:11:00,  2.28it/s]
1%|          | 815/109000 [08:25<13:11:09,  2.28it/s]
1%|          | 816/109000 [08:25<13:11:56,  2.28it/s]
1%|          | 817/109000 [08:26<13:11:22,  2.28it/s]
1%|          | 818/109000 [08:26<13:10:49,  2.28it/s]
1%|          | 819/109000 [08:27<13:11:16,  2.28it/s]
1%|          | 820/109000 [08:27<13:11:33,  2.28it/s]
1%|          | 821/109000 [08:28<13:10:56,  2.28it/s]
1%|          | 822/109000 [08:28<13:11:06,  2.28it/s]
1%|          | 823/109000 [08:28<13:11:34,  2.28it/s]
1%|          | 824/109000 [08:29<13:11:56,  2.28it/s]
1%|          | 825/109000 [08:29<13:11:04,  2.28it/s]
1%|          | 826/109000 [08:30<13:11:25,  2.28it/s]
1%|          | 827/109000 [08:30<13:12:09,  2.28it/s]
1%|          | 828/109000 [08:31<13:12:14,  2.28it/s]
1%|          | 829/109000 [08:31<13:11:10,  2.28it/s]
1%|          | 830/109000 [08:31<13:11:00,  2.28it/s]
1%|          | 831/109000 [08:32<13:11:33,  2.28it/s]
1%|          | 832/109000 [08:32<13:10:57,  2.28it/s]
1%|          | 833/109000 [08:33<13:10:35,  2.28it/s]
1%|          | 834/109000 [08:33<13:11:28,  2.28it/s]
1%|          | 835/109000 [08:34<13:11:05,  2.28it/s]
1%|          | 836/109000 [08:34<13:10:27,  2.28it/s]
1%|          | 837/109000 [08:35<13:11:11,  2.28it/s]
1%|          | 838/109000 [08:35<13:11:33,  2.28it/s]
1%|          | 839/109000 [08:35<13:11:35,  2.28it/s]
1%|          | 840/109000 [08:36<13:10:53,  2.28it/s]
1%|          | 841/109000 [08:36<13:11:02,  2.28it/s]
1%|          | 842/109000 [08:37<13:11:33,  2.28it/s]
1%|          | 843/109000 [08:37<13:10:34,  2.28it/s]
1%|          | 844/109000 [08:38<13:11:04,  2.28it/s]
1%|          | 845/109000 [08:38<13:11:03,  2.28it/s]
1%|          | 846/109000 [08:39<13:10:31,  2.28it/s]
1%|          | 847/109000 [08:39<13:10:26,  2.28it/s]
1%|          | 848/109000 [08:39<13:11:00,  2.28it/s]
1%|          | 849/109000 [08:40<13:10:23,  2.28it/s]
1%|          | 850/109000 [08:40<13:11:00,  2.28it/s]

{'loss': '6.607', 'grad_norm': '0.8581', 'learning_rate': '4.961e-05', 'epoch': 
'0.07798'}

1%|          | 850/109000 [08:40<13:11:00,  2.28it/s]
1%|          | 851/109000 [08:41<13:11:48,  2.28it/s]
1%|          | 852/109000 [08:41<13:11:20,  2.28it/s]
1%|          | 853/109000 [08:42<13:10:47,  2.28it/s]
1%|          | 854/109000 [08:42<13:11:02,  2.28it/s]
1%|          | 855/109000 [08:42<13:10:36,  2.28it/s]
1%|          | 856/109000 [08:43<13:11:02,  2.28it/s]
1%|          | 857/109000 [08:43<13:10:53,  2.28it/s]
1%|          | 858/109000 [08:44<13:10:58,  2.28it/s]
1%|          | 859/109000 [08:44<13:10:26,  2.28it/s]
1%|          | 860/109000 [08:45<13:10:44,  2.28it/s]
1%|          | 861/109000 [08:45<13:11:03,  2.28it/s]
1%|          | 862/109000 [08:46<13:10:27,  2.28it/s]
1%|          | 863/109000 [08:46<13:10:46,  2.28it/s]
1%|          | 864/109000 [08:46<13:10:56,  2.28it/s]
1%|          | 865/109000 [08:47<13:10:12,  2.28it/s]
1%|          | 866/109000 [08:47<13:10:14,  2.28it/s]
1%|          | 867/109000 [08:48<13:10:48,  2.28it/s]
1%|          | 868/109000 [08:48<13:10:19,  2.28it/s]
1%|          | 869/109000 [08:49<13:10:48,  2.28it/s]
1%|          | 870/109000 [08:49<13:10:52,  2.28it/s]
1%|          | 871/109000 [08:49<13:10:30,  2.28it/s]
1%|          | 872/109000 [08:50<13:09:51,  2.28it/s]
1%|          | 873/109000 [08:50<13:10:25,  2.28it/s]
1%|          | 874/109000 [08:51<13:10:33,  2.28it/s]
1%|          | 875/109000 [08:51<13:09:27,  2.28it/s]
1%|          | 876/109000 [08:52<13:09:59,  2.28it/s]
1%|          | 877/109000 [08:52<13:10:23,  2.28it/s]
1%|          | 878/109000 [08:53<13:09:47,  2.28it/s]
1%|          | 879/109000 [08:53<13:10:14,  2.28it/s]
1%|          | 880/109000 [08:53<13:10:13,  2.28it/s]
1%|          | 881/109000 [08:54<13:09:36,  2.28it/s]
1%|          | 882/109000 [08:54<13:10:06,  2.28it/s]
1%|          | 883/109000 [08:55<13:10:25,  2.28it/s]
1%|          | 884/109000 [08:55<13:09:42,  2.28it/s]
1%|          | 885/109000 [08:56<13:10:33,  2.28it/s]
1%|          | 886/109000 [08:56<13:11:01,  2.28it/s]
1%|          | 887/109000 [08:56<13:10:39,  2.28it/s]
1%|          | 888/109000 [08:57<13:10:21,  2.28it/s]
1%|          | 889/109000 [08:57<13:10:25,  2.28it/s]
1%|          | 890/109000 [08:58<13:10:31,  2.28it/s]
1%|          | 891/109000 [08:58<13:09:52,  2.28it/s]
1%|          | 892/109000 [08:59<13:10:04,  2.28it/s]
1%|          | 893/109000 [08:59<13:10:57,  2.28it/s]
1%|          | 894/109000 [09:00<13:10:50,  2.28it/s]
1%|          | 895/109000 [09:00<13:10:15,  2.28it/s]
1%|          | 896/109000 [09:00<13:10:26,  2.28it/s]
1%|          | 897/109000 [09:01<13:10:33,  2.28it/s]
1%|          | 898/109000 [09:01<13:09:40,  2.28it/s]
1%|          | 899/109000 [09:02<13:09:34,  2.28it/s]
1%|          | 900/109000 [09:02<13:10:00,  2.28it/s]

{'loss': '6.563', 'grad_norm': '1.475', 'learning_rate': '4.959e-05', 'epoch': 
'0.08257'}

1%|          | 900/109000 [09:02<13:10:00,  2.28it/s]
1%|          | 901/109000 [09:03<13:10:52,  2.28it/s]
1%|          | 902/109000 [09:03<13:10:04,  2.28it/s]
1%|          | 903/109000 [09:04<13:10:01,  2.28it/s]
1%|          | 904/109000 [09:04<13:10:18,  2.28it/s]
1%|          | 905/109000 [09:04<13:09:49,  2.28it/s]
1%|          | 906/109000 [09:05<13:09:33,  2.28it/s]
1%|          | 907/109000 [09:05<13:10:26,  2.28it/s]
1%|          | 908/109000 [09:06<13:10:15,  2.28it/s]
1%|          | 909/109000 [09:06<13:10:14,  2.28it/s]
1%|          | 910/109000 [09:07<13:09:57,  2.28it/s]
1%|          | 911/109000 [09:07<13:10:27,  2.28it/s]
1%|          | 912/109000 [09:07<13:09:54,  2.28it/s]
1%|          | 913/109000 [09:08<13:09:44,  2.28it/s]
1%|          | 914/109000 [09:08<13:10:11,  2.28it/s]
1%|          | 915/109000 [09:09<13:10:04,  2.28it/s]
1%|          | 916/109000 [09:09<13:09:17,  2.28it/s]
1%|          | 917/109000 [09:10<13:10:07,  2.28it/s]
1%|          | 918/109000 [09:10<13:10:34,  2.28it/s]
1%|          | 919/109000 [09:11<13:10:23,  2.28it/s]
1%|          | 920/109000 [09:11<13:09:44,  2.28it/s]
1%|          | 921/109000 [09:11<13:10:06,  2.28it/s]
1%|          | 922/109000 [09:12<13:10:12,  2.28it/s]
1%|          | 923/109000 [09:12<13:09:37,  2.28it/s]
1%|          | 924/109000 [09:13<13:09:44,  2.28it/s]
1%|          | 925/109000 [09:13<13:10:50,  2.28it/s]
1%|          | 926/109000 [09:14<13:10:54,  2.28it/s]
1%|          | 927/109000 [09:14<13:10:19,  2.28it/s]
1%|          | 928/109000 [09:14<13:10:22,  2.28it/s]
1%|          | 929/109000 [09:15<13:10:42,  2.28it/s]
1%|          | 930/109000 [09:15<13:10:07,  2.28it/s]
1%|          | 931/109000 [09:16<13:10:03,  2.28it/s]
1%|          | 932/109000 [09:16<13:10:20,  2.28it/s]
1%|          | 933/109000 [09:17<13:10:59,  2.28it/s]
1%|          | 934/109000 [09:17<13:10:09,  2.28it/s]
1%|          | 935/109000 [09:18<13:09:59,  2.28it/s]
1%|          | 936/109000 [09:18<13:10:20,  2.28it/s]
1%|          | 937/109000 [09:18<13:10:44,  2.28it/s]
1%|          | 938/109000 [09:19<13:10:11,  2.28it/s]
1%|          | 939/109000 [09:19<13:10:47,  2.28it/s]
1%|          | 940/109000 [09:20<13:10:56,  2.28it/s]
1%|          | 941/109000 [09:20<13:10:45,  2.28it/s]
1%|          | 942/109000 [09:21<13:09:34,  2.28it/s]
1%|          | 943/109000 [09:21<13:10:11,  2.28it/s]
1%|          | 944/109000 [09:22<13:10:27,  2.28it/s]
1%|          | 945/109000 [09:22<13:10:03,  2.28it/s]
1%|          | 946/109000 [09:22<13:10:25,  2.28it/s]
1%|          | 947/109000 [09:23<13:10:36,  2.28it/s]
1%|          | 948/109000 [09:23<13:10:15,  2.28it/s]
1%|          | 949/109000 [09:24<13:09:32,  2.28it/s]
1%|          | 950/109000 [09:24<13:09:53,  2.28it/s]

{'loss': '6.541', 'grad_norm': '0.6006', 'learning_rate': '4.956e-05', 'epoch': 
'0.08716'}

1%|          | 950/109000 [09:24<13:09:53,  2.28it/s]
1%|          | 951/109000 [09:25<13:11:17,  2.28it/s]
1%|          | 952/109000 [09:25<13:10:29,  2.28it/s]
1%|          | 953/109000 [09:25<13:09:47,  2.28it/s]
1%|          | 954/109000 [09:26<13:09:54,  2.28it/s]
1%|          | 955/109000 [09:26<13:09:36,  2.28it/s]
1%|          | 956/109000 [09:27<13:09:12,  2.28it/s]
1%|          | 957/109000 [09:27<13:09:34,  2.28it/s]
1%|          | 958/109000 [09:28<13:09:34,  2.28it/s]
1%|          | 959/109000 [09:28<13:09:07,  2.28it/s]
1%|          | 960/109000 [09:29<13:09:49,  2.28it/s]
1%|          | 961/109000 [09:29<13:10:14,  2.28it/s]
1%|          | 962/109000 [09:29<13:09:41,  2.28it/s]
1%|          | 963/109000 [09:30<13:09:31,  2.28it/s]
1%|          | 964/109000 [09:30<13:10:05,  2.28it/s]
1%|          | 965/109000 [09:31<13:10:15,  2.28it/s]
1%|          | 966/109000 [09:31<13:09:26,  2.28it/s]
1%|          | 967/109000 [09:32<13:09:34,  2.28it/s]
1%|          | 968/109000 [09:32<13:10:27,  2.28it/s]
1%|          | 969/109000 [09:32<13:09:45,  2.28it/s]
1%|          | 970/109000 [09:33<13:09:20,  2.28it/s]
1%|          | 971/109000 [09:33<13:09:56,  2.28it/s]
1%|          | 972/109000 [09:34<13:09:31,  2.28it/s]
1%|          | 973/109000 [09:34<13:09:18,  2.28it/s]
1%|          | 974/109000 [09:35<13:09:45,  2.28it/s]
1%|          | 975/109000 [09:35<13:09:38,  2.28it/s]
1%|          | 976/109000 [09:36<13:09:13,  2.28it/s]
1%|          | 977/109000 [09:36<13:09:13,  2.28it/s]
1%|          | 978/109000 [09:36<13:09:48,  2.28it/s]
1%|          | 979/109000 [09:37<13:09:14,  2.28it/s]
1%|          | 980/109000 [09:37<13:08:58,  2.28it/s]
1%|          | 981/109000 [09:38<13:09:27,  2.28it/s]
1%|          | 982/109000 [09:38<13:09:24,  2.28it/s]
1%|          | 983/109000 [09:39<13:09:03,  2.28it/s]
1%|          | 984/109000 [09:39<13:09:21,  2.28it/s]
1%|          | 985/109000 [09:39<13:09:15,  2.28it/s]
1%|          | 986/109000 [09:40<13:08:52,  2.28it/s]
1%|          | 987/109000 [09:40<13:09:22,  2.28it/s]
1%|          | 988/109000 [09:41<13:09:16,  2.28it/s]
1%|          | 989/109000 [09:41<13:08:50,  2.28it/s]
1%|          | 990/109000 [09:42<13:09:02,  2.28it/s]
1%|          | 991/109000 [09:42<13:09:15,  2.28it/s]
1%|          | 992/109000 [09:43<13:09:06,  2.28it/s]
1%|          | 993/109000 [09:43<13:09:12,  2.28it/s]
1%|          | 994/109000 [09:43<13:09:55,  2.28it/s]
1%|          | 995/109000 [09:44<13:09:52,  2.28it/s]
1%|          | 996/109000 [09:44<13:09:10,  2.28it/s]
1%|          | 997/109000 [09:45<13:09:58,  2.28it/s]
1%|          | 998/109000 [09:45<13:09:56,  2.28it/s]
1%|          | 999/109000 [09:46<13:09:25,  2.28it/s]
1%|          | 1000/109000 [09:46<13:09:16,  2.28it/s]

{'loss': '6.536', 'grad_norm': '0.6867', 'learning_rate': '4.954e-05', 'epoch': 
'0.09174'}

1%|          | 1000/109000 [09:46<13:09:16,  2.28it/s]

0%|          | 0/3662 [00:00<?, ?it/s][A

0%|          | 9/3662 [00:00<00:41, 88.54it/s][A

0%|          | 18/3662 [00:00<00:43, 83.46it/s][A

1%|          | 27/3662 [00:00<00:44, 81.82it/s][A

1%|          | 36/3662 [00:00<00:44, 80.81it/s][A

1%|          | 45/3662 [00:00<00:44, 80.40it/s][A

1%|▏         | 54/3662 [00:00<00:45, 80.06it/s][A

2%|▏         | 63/3662 [00:00<00:45, 79.75it/s][A

2%|▏         | 71/3662 [00:00<00:44, 79.80it/s][A

2%|▏         | 79/3662 [00:00<00:44, 79.76it/s][A

2%|▏         | 87/3662 [00:01<00:44, 79.78it/s][A

3%|▎         | 95/3662 [00:01<00:44, 79.58it/s][A

3%|▎         | 103/3662 [00:01<00:44, 79.64it/s][A

3%|▎         | 111/3662 [00:01<00:44, 79.71it/s][A

3%|▎         | 119/3662 [00:01<00:44, 79.65it/s][A

3%|▎         | 127/3662 [00:01<00:44, 79.65it/s][A

4%|▎         | 135/3662 [00:01<00:44, 79.73it/s][A

4%|▍         | 143/3662 [00:01<00:44, 79.72it/s][A

4%|▍         | 151/3662 [00:01<00:44, 79.70it/s][A

4%|▍         | 159/3662 [00:01<00:44, 79.44it/s][A

5%|▍         | 167/3662 [00:02<00:44, 79.20it/s][A

5%|▍         | 175/3662 [00:02<00:44, 79.08it/s][A

5%|▍         | 183/3662 [00:02<00:44, 79.04it/s][A

5%|▌         | 191/3662 [00:02<00:43, 78.92it/s][A

5%|▌         | 199/3662 [00:02<00:43, 78.78it/s][A

6%|▌         | 207/3662 [00:02<00:43, 78.80it/s][A

6%|▌         | 215/3662 [00:02<00:43, 78.89it/s][A

6%|▌         | 223/3662 [00:02<00:43, 78.98it/s][A

6%|▋         | 231/3662 [00:02<00:43, 78.97it/s][A

7%|▋         | 239/3662 [00:03<00:43, 78.82it/s][A

7%|▋         | 247/3662 [00:03<00:43, 78.76it/s][A

7%|▋         | 255/3662 [00:03<00:43, 78.70it/s][A

7%|▋         | 263/3662 [00:03<00:43, 78.77it/s][A

7%|▋         | 271/3662 [00:03<00:43, 78.83it/s][A

8%|▊         | 279/3662 [00:03<00:42, 78.84it/s][A

8%|▊         | 287/3662 [00:03<00:42, 78.85it/s][A

8%|▊         | 296/3662 [00:03<00:42, 79.31it/s][A

8%|▊         | 305/3662 [00:03<00:42, 79.59it/s][A

9%|▊         | 313/3662 [00:03<00:42, 79.37it/s][A

9%|▉         | 321/3662 [00:04<00:42, 79.41it/s][A

9%|▉         | 329/3662 [00:04<00:42, 79.12it/s][A

9%|▉         | 337/3662 [00:04<00:42, 78.79it/s][A

9%|▉         | 345/3662 [00:04<00:41, 79.02it/s][A

10%|▉         | 354/3662 [00:04<00:41, 79.54it/s][A

10%|▉         | 363/3662 [00:04<00:41, 79.82it/s][A

10%|█         | 371/3662 [00:04<00:41, 79.87it/s][A

10%|█         | 380/3662 [00:04<00:41, 80.04it/s][A

11%|█         | 389/3662 [00:04<00:40, 80.03it/s][A

11%|█         | 398/3662 [00:05<00:40, 79.93it/s][A

11%|█         | 406/3662 [00:05<00:40, 79.58it/s][A

11%|█▏        | 414/3662 [00:05<00:40, 79.30it/s][A

12%|█▏        | 422/3662 [00:05<00:40, 79.09it/s][A

12%|█▏        | 430/3662 [00:05<00:40, 78.95it/s][A

12%|█▏        | 438/3662 [00:05<00:40, 78.90it/s][A

12%|█▏        | 446/3662 [00:05<00:40, 78.96it/s][A

12%|█▏        | 454/3662 [00:05<00:40, 78.92it/s][A

13%|█▎        | 462/3662 [00:05<00:40, 78.94it/s][A

13%|█▎        | 470/3662 [00:05<00:40, 78.93it/s][A

13%|█▎        | 479/3662 [00:06<00:40, 79.49it/s][A

13%|█▎        | 487/3662 [00:06<00:39, 79.58it/s][A

14%|█▎        | 495/3662 [00:06<00:39, 79.27it/s][A

14%|█▎        | 503/3662 [00:06<00:39, 79.20it/s][A

14%|█▍        | 511/3662 [00:06<00:39, 79.08it/s][A

14%|█▍        | 519/3662 [00:06<00:39, 78.92it/s][A

14%|█▍        | 527/3662 [00:06<00:39, 78.82it/s][A

15%|█▍        | 535/3662 [00:06<00:39, 78.99it/s][A

15%|█▍        | 543/3662 [00:06<00:39, 78.84it/s][A

15%|█▌        | 551/3662 [00:06<00:39, 78.84it/s][A

15%|█▌        | 559/3662 [00:07<00:39, 78.89it/s][A

15%|█▌        | 567/3662 [00:07<00:39, 78.79it/s][A

16%|█▌        | 575/3662 [00:07<00:39, 78.66it/s][A

16%|█▌        | 583/3662 [00:07<00:39, 78.67it/s][A

16%|█▌        | 591/3662 [00:07<00:38, 78.78it/s][A

16%|█▋        | 599/3662 [00:07<00:38, 78.78it/s][A

17%|█▋        | 607/3662 [00:07<00:38, 78.84it/s][A

17%|█▋        | 615/3662 [00:07<00:38, 78.85it/s][A

17%|█▋        | 623/3662 [00:07<00:38, 79.06it/s][A

17%|█▋        | 631/3662 [00:07<00:38, 78.92it/s][A

17%|█▋        | 639/3662 [00:08<00:38, 78.80it/s][A

18%|█▊        | 647/3662 [00:08<00:38, 78.58it/s][A

18%|█▊        | 655/3662 [00:08<00:38, 78.65it/s][A

18%|█▊        | 663/3662 [00:08<00:38, 78.71it/s][A

18%|█▊        | 671/3662 [00:08<00:37, 78.78it/s][A

19%|█▊        | 679/3662 [00:08<00:37, 78.67it/s][A

19%|█▉        | 687/3662 [00:08<00:37, 78.86it/s][A

19%|█▉        | 695/3662 [00:08<00:37, 78.79it/s][A

19%|█▉        | 703/3662 [00:08<00:37, 78.91it/s][A

19%|█▉        | 711/3662 [00:08<00:37, 78.79it/s][A

20%|█▉        | 719/3662 [00:09<00:37, 78.73it/s][A

20%|█▉        | 727/3662 [00:09<00:37, 78.64it/s][A

20%|██        | 735/3662 [00:09<00:37, 78.54it/s][A

20%|██        | 743/3662 [00:09<00:37, 78.58it/s][A

21%|██        | 751/3662 [00:09<00:37, 78.59it/s][A

21%|██        | 759/3662 [00:09<00:36, 78.83it/s][A

21%|██        | 767/3662 [00:09<00:36, 78.91it/s][A

21%|██        | 775/3662 [00:09<00:36, 78.89it/s][A

21%|██▏       | 783/3662 [00:09<00:36, 78.93it/s][A

22%|██▏       | 791/3662 [00:09<00:36, 78.81it/s][A

22%|██▏       | 799/3662 [00:10<00:36, 78.78it/s][A

22%|██▏       | 807/3662 [00:10<00:36, 78.51it/s][A

22%|██▏       | 815/3662 [00:10<00:36, 78.55it/s][A

22%|██▏       | 823/3662 [00:10<00:36, 78.62it/s][A

23%|██▎       | 831/3662 [00:10<00:36, 78.36it/s][A

23%|██▎       | 839/3662 [00:10<00:36, 78.33it/s][A

23%|██▎       | 847/3662 [00:10<00:35, 78.37it/s][A

23%|██▎       | 855/3662 [00:10<00:35, 78.50it/s][A

24%|██▎       | 863/3662 [00:10<00:35, 78.57it/s][A

24%|██▍       | 872/3662 [00:11<00:35, 79.13it/s][A

24%|██▍       | 881/3662 [00:11<00:35, 79.44it/s][A

24%|██▍       | 890/3662 [00:11<00:34, 79.81it/s][A

25%|██▍       | 899/3662 [00:11<00:34, 79.94it/s][A

25%|██▍       | 908/3662 [00:11<00:34, 80.21it/s][A

25%|██▌       | 917/3662 [00:11<00:34, 80.29it/s][A

25%|██▌       | 926/3662 [00:11<00:34, 79.82it/s][A

26%|██▌       | 934/3662 [00:11<00:34, 79.69it/s][A

26%|██▌       | 942/3662 [00:11<00:34, 79.43it/s][A

26%|██▌       | 950/3662 [00:11<00:34, 79.32it/s][A

26%|██▌       | 958/3662 [00:12<00:34, 78.99it/s][A

26%|██▋       | 966/3662 [00:12<00:34, 78.80it/s][A

27%|██▋       | 974/3662 [00:12<00:34, 78.62it/s][A

27%|██▋       | 982/3662 [00:12<00:34, 78.72it/s][A

27%|██▋       | 990/3662 [00:12<00:34, 78.55it/s][A

27%|██▋       | 998/3662 [00:12<00:33, 78.58it/s][A

27%|██▋       | 1006/3662 [00:12<00:33, 78.57it/s][A

28%|██▊       | 1014/3662 [00:12<00:33, 78.70it/s][A

28%|██▊       | 1022/3662 [00:12<00:33, 78.73it/s][A

28%|██▊       | 1030/3662 [00:13<00:33, 78.69it/s][A

28%|██▊       | 1038/3662 [00:13<00:33, 78.71it/s][A

29%|██▊       | 1046/3662 [00:13<00:33, 78.59it/s][A

29%|██▉       | 1054/3662 [00:13<00:33, 78.69it/s][A

29%|██▉       | 1062/3662 [00:13<00:33, 78.71it/s][A

29%|██▉       | 1070/3662 [00:13<00:32, 78.70it/s][A

29%|██▉       | 1078/3662 [00:13<00:32, 78.69it/s][A

30%|██▉       | 1086/3662 [00:13<00:32, 78.60it/s][A

30%|██▉       | 1094/3662 [00:13<00:32, 78.60it/s][A

30%|███       | 1102/3662 [00:13<00:32, 78.73it/s][A

30%|███       | 1110/3662 [00:14<00:32, 78.81it/s][A

31%|███       | 1118/3662 [00:14<00:32, 78.92it/s][A

31%|███       | 1126/3662 [00:14<00:32, 78.80it/s][A

31%|███       | 1134/3662 [00:14<00:32, 78.90it/s][A

31%|███       | 1142/3662 [00:14<00:31, 78.80it/s][A

31%|███▏      | 1150/3662 [00:14<00:31, 78.88it/s][A

32%|███▏      | 1158/3662 [00:14<00:31, 78.86it/s][A

32%|███▏      | 1166/3662 [00:14<00:31, 78.83it/s][A

32%|███▏      | 1174/3662 [00:14<00:31, 78.96it/s][A

32%|███▏      | 1182/3662 [00:14<00:31, 78.97it/s][A

32%|███▏      | 1190/3662 [00:15<00:31, 78.98it/s][A

33%|███▎      | 1198/3662 [00:15<00:31, 78.90it/s][A

33%|███▎      | 1206/3662 [00:15<00:31, 79.03it/s][A

33%|███▎      | 1214/3662 [00:15<00:31, 78.85it/s][A

33%|███▎      | 1222/3662 [00:15<00:31, 78.57it/s][A

34%|███▎      | 1230/3662 [00:15<00:30, 78.60it/s][A

34%|███▍      | 1238/3662 [00:15<00:30, 78.74it/s][A

34%|███▍      | 1246/3662 [00:15<00:30, 78.84it/s][A

34%|███▍      | 1254/3662 [00:15<00:30, 78.95it/s][A

34%|███▍      | 1263/3662 [00:15<00:30, 79.38it/s][A

35%|███▍      | 1271/3662 [00:16<00:30, 79.20it/s][A

35%|███▍      | 1279/3662 [00:16<00:30, 79.00it/s][A

35%|███▌      | 1287/3662 [00:16<00:30, 79.02it/s][A

35%|███▌      | 1295/3662 [00:16<00:29, 78.97it/s][A

36%|███▌      | 1303/3662 [00:16<00:29, 78.84it/s][A

36%|███▌      | 1311/3662 [00:16<00:29, 78.79it/s][A

36%|███▌      | 1319/3662 [00:16<00:29, 78.83it/s][A

36%|███▌      | 1327/3662 [00:16<00:29, 78.85it/s][A

36%|███▋      | 1335/3662 [00:16<00:29, 78.76it/s][A

37%|███▋      | 1343/3662 [00:16<00:29, 78.83it/s][A

37%|███▋      | 1351/3662 [00:17<00:29, 78.89it/s][A

37%|███▋      | 1359/3662 [00:17<00:29, 78.83it/s][A

37%|███▋      | 1367/3662 [00:17<00:29, 79.13it/s][A

38%|███▊      | 1376/3662 [00:17<00:28, 79.37it/s][A

38%|███▊      | 1384/3662 [00:17<00:28, 79.21it/s][A

38%|███▊      | 1392/3662 [00:17<00:28, 79.12it/s][A

38%|███▊      | 1400/3662 [00:17<00:28, 78.93it/s][A

38%|███▊      | 1408/3662 [00:17<00:28, 78.65it/s][A

39%|███▊      | 1416/3662 [00:17<00:28, 78.95it/s][A

39%|███▉      | 1424/3662 [00:18<00:28, 79.01it/s][A

39%|███▉      | 1432/3662 [00:18<00:28, 78.90it/s][A

39%|███▉      | 1440/3662 [00:18<00:28, 78.73it/s][A

40%|███▉      | 1448/3662 [00:18<00:28, 78.69it/s][A

40%|███▉      | 1456/3662 [00:18<00:28, 78.65it/s][A

40%|███▉      | 1464/3662 [00:18<00:27, 78.69it/s][A

40%|████      | 1472/3662 [00:18<00:27, 78.79it/s][A

40%|████      | 1480/3662 [00:18<00:27, 78.97it/s][A

41%|████      | 1488/3662 [00:18<00:27, 78.95it/s][A

41%|████      | 1496/3662 [00:18<00:27, 78.82it/s][A

41%|████      | 1504/3662 [00:19<00:27, 78.77it/s][A

41%|████▏     | 1512/3662 [00:19<00:27, 78.91it/s][A

42%|████▏     | 1520/3662 [00:19<00:27, 78.67it/s][A

42%|████▏     | 1528/3662 [00:19<00:27, 78.79it/s][A

42%|████▏     | 1536/3662 [00:19<00:26, 78.80it/s][A

42%|████▏     | 1544/3662 [00:19<00:26, 78.89it/s][A

42%|████▏     | 1552/3662 [00:19<00:26, 78.74it/s][A

43%|████▎     | 1560/3662 [00:19<00:26, 78.76it/s][A

43%|████▎     | 1568/3662 [00:19<00:26, 78.85it/s][A

43%|████▎     | 1576/3662 [00:19<00:26, 79.01it/s][A

43%|████▎     | 1584/3662 [00:20<00:26, 79.02it/s][A

43%|████▎     | 1592/3662 [00:20<00:26, 78.94it/s][A

44%|████▎     | 1600/3662 [00:20<00:26, 78.78it/s][A

44%|████▍     | 1608/3662 [00:20<00:26, 78.63it/s][A

44%|████▍     | 1616/3662 [00:20<00:26, 78.62it/s][A

44%|████▍     | 1624/3662 [00:20<00:25, 78.77it/s][A

45%|████▍     | 1632/3662 [00:20<00:25, 78.75it/s][A

45%|████▍     | 1640/3662 [00:20<00:25, 79.10it/s][A

45%|████▌     | 1648/3662 [00:20<00:25, 79.05it/s][A

45%|████▌     | 1656/3662 [00:20<00:25, 78.99it/s][A

45%|████▌     | 1664/3662 [00:21<00:25, 78.97it/s][A

46%|████▌     | 1672/3662 [00:21<00:25, 78.86it/s][A

46%|████▌     | 1680/3662 [00:21<00:25, 78.80it/s][A

46%|████▌     | 1688/3662 [00:21<00:25, 78.86it/s][A

46%|████▋     | 1696/3662 [00:21<00:24, 78.91it/s][A

47%|████▋     | 1705/3662 [00:21<00:24, 79.45it/s][A

47%|████▋     | 1714/3662 [00:21<00:24, 79.74it/s][A

47%|████▋     | 1722/3662 [00:21<00:24, 79.51it/s][A

47%|████▋     | 1730/3662 [00:21<00:24, 79.32it/s][A

47%|████▋     | 1738/3662 [00:21<00:24, 79.23it/s][A

48%|████▊     | 1746/3662 [00:22<00:24, 79.16it/s][A

48%|████▊     | 1754/3662 [00:22<00:24, 78.94it/s][A

48%|████▊     | 1762/3662 [00:22<00:24, 78.74it/s][A

48%|████▊     | 1770/3662 [00:22<00:23, 78.90it/s][A

49%|████▊     | 1778/3662 [00:22<00:23, 78.93it/s][A

49%|████▉     | 1786/3662 [00:22<00:23, 78.80it/s][A

49%|████▉     | 1794/3662 [00:22<00:23, 78.87it/s][A

49%|████▉     | 1802/3662 [00:22<00:23, 78.93it/s][A

49%|████▉     | 1810/3662 [00:22<00:23, 79.06it/s][A

50%|████▉     | 1818/3662 [00:23<00:23, 78.93it/s][A

50%|████▉     | 1826/3662 [00:23<00:23, 78.91it/s][A

50%|█████     | 1835/3662 [00:23<00:22, 79.58it/s][A

50%|█████     | 1844/3662 [00:23<00:22, 79.78it/s][A

51%|█████     | 1853/3662 [00:23<00:22, 79.91it/s][A

51%|█████     | 1862/3662 [00:23<00:22, 80.17it/s][A

51%|█████     | 1871/3662 [00:23<00:22, 80.29it/s][A

51%|█████▏    | 1880/3662 [00:23<00:22, 80.35it/s][A

52%|█████▏    | 1889/3662 [00:23<00:22, 80.54it/s][A

52%|█████▏    | 1898/3662 [00:23<00:22, 80.09it/s][A

52%|█████▏    | 1907/3662 [00:24<00:22, 79.75it/s][A

52%|█████▏    | 1915/3662 [00:24<00:22, 79.27it/s][A

53%|█████▎    | 1923/3662 [00:24<00:22, 78.91it/s][A

53%|█████▎    | 1931/3662 [00:24<00:21, 78.89it/s][A

53%|█████▎    | 1939/3662 [00:24<00:21, 78.87it/s][A

53%|█████▎    | 1947/3662 [00:24<00:21, 78.97it/s][A

53%|█████▎    | 1955/3662 [00:24<00:21, 79.12it/s][A

54%|█████▎    | 1963/3662 [00:24<00:21, 79.14it/s][A

54%|█████▍    | 1971/3662 [00:24<00:21, 79.02it/s][A

54%|█████▍    | 1979/3662 [00:25<00:21, 79.09it/s][A

54%|█████▍    | 1987/3662 [00:25<00:21, 79.03it/s][A

54%|█████▍    | 1995/3662 [00:25<00:21, 78.85it/s][A

55%|█████▍    | 2003/3662 [00:25<00:21, 78.84it/s][A

55%|█████▍    | 2011/3662 [00:25<00:20, 78.94it/s][A

55%|█████▌    | 2019/3662 [00:25<00:20, 78.90it/s][A

55%|█████▌    | 2027/3662 [00:25<00:20, 79.08it/s][A

56%|█████▌    | 2035/3662 [00:25<00:20, 79.02it/s][A

56%|█████▌    | 2043/3662 [00:25<00:20, 78.81it/s][A

56%|█████▌    | 2051/3662 [00:25<00:20, 78.81it/s][A

56%|█████▌    | 2059/3662 [00:26<00:20, 78.80it/s][A

56%|█████▋    | 2067/3662 [00:26<00:20, 78.60it/s][A

57%|█████▋    | 2075/3662 [00:26<00:20, 78.39it/s][A

57%|█████▋    | 2083/3662 [00:26<00:20, 78.46it/s][A

57%|█████▋    | 2091/3662 [00:26<00:20, 78.53it/s][A

57%|█████▋    | 2099/3662 [00:26<00:19, 78.49it/s][A

58%|█████▊    | 2107/3662 [00:26<00:19, 78.55it/s][A

58%|█████▊    | 2115/3662 [00:26<00:19, 78.62it/s][A

58%|█████▊    | 2123/3662 [00:26<00:19, 78.72it/s][A

58%|█████▊    | 2131/3662 [00:26<00:19, 78.81it/s][A

58%|█████▊    | 2139/3662 [00:27<00:19, 78.62it/s][A

59%|█████▊    | 2147/3662 [00:27<00:19, 78.50it/s][A

59%|█████▉    | 2155/3662 [00:27<00:19, 78.69it/s][A

59%|█████▉    | 2163/3662 [00:27<00:19, 78.77it/s][A

59%|█████▉    | 2171/3662 [00:27<00:18, 78.75it/s][A

60%|█████▉    | 2179/3662 [00:27<00:18, 78.73it/s][A

60%|█████▉    | 2187/3662 [00:27<00:18, 78.74it/s][A

60%|█████▉    | 2195/3662 [00:27<00:18, 78.72it/s][A

60%|██████    | 2203/3662 [00:27<00:18, 78.85it/s][A

60%|██████    | 2211/3662 [00:27<00:18, 78.78it/s][A

61%|██████    | 2219/3662 [00:28<00:18, 78.74it/s][A

61%|██████    | 2227/3662 [00:28<00:18, 78.48it/s][A

61%|██████    | 2235/3662 [00:28<00:18, 78.38it/s][A

61%|██████▏   | 2243/3662 [00:28<00:18, 78.50it/s][A

61%|██████▏   | 2251/3662 [00:28<00:17, 78.68it/s][A

62%|██████▏   | 2259/3662 [00:28<00:17, 78.56it/s][A

62%|██████▏   | 2267/3662 [00:28<00:17, 78.48it/s][A

62%|██████▏   | 2275/3662 [00:28<00:17, 78.53it/s][A

62%|██████▏   | 2283/3662 [00:28<00:17, 78.61it/s][A

63%|██████▎   | 2291/3662 [00:28<00:17, 78.58it/s][A

63%|██████▎   | 2299/3662 [00:29<00:17, 78.64it/s][A

63%|██████▎   | 2307/3662 [00:29<00:17, 78.37it/s][A

63%|██████▎   | 2315/3662 [00:29<00:17, 78.47it/s][A

63%|██████▎   | 2323/3662 [00:29<00:17, 78.70it/s][A

64%|██████▎   | 2331/3662 [00:29<00:16, 78.63it/s][A

64%|██████▍   | 2339/3662 [00:29<00:16, 78.69it/s][A

64%|██████▍   | 2347/3662 [00:29<00:16, 78.56it/s][A

64%|██████▍   | 2355/3662 [00:29<00:16, 78.42it/s][A

65%|██████▍   | 2363/3662 [00:29<00:16, 78.66it/s][A

65%|██████▍   | 2371/3662 [00:30<00:16, 78.74it/s][A

65%|██████▍   | 2379/3662 [00:30<00:16, 78.78it/s][A

65%|██████▌   | 2387/3662 [00:30<00:16, 78.58it/s][A

65%|██████▌   | 2395/3662 [00:30<00:16, 78.52it/s][A

66%|██████▌   | 2403/3662 [00:30<00:16, 78.65it/s][A

66%|██████▌   | 2411/3662 [00:30<00:15, 78.47it/s][A

66%|██████▌   | 2419/3662 [00:30<00:15, 78.33it/s][A

66%|██████▋   | 2427/3662 [00:30<00:15, 78.33it/s][A

66%|██████▋   | 2435/3662 [00:30<00:15, 78.40it/s][A

67%|██████▋   | 2443/3662 [00:30<00:15, 78.39it/s][A

67%|██████▋   | 2451/3662 [00:31<00:15, 78.54it/s][A

67%|██████▋   | 2459/3662 [00:31<00:15, 78.47it/s][A

67%|██████▋   | 2467/3662 [00:31<00:15, 78.45it/s][A

68%|██████▊   | 2475/3662 [00:31<00:15, 78.47it/s][A

68%|██████▊   | 2483/3662 [00:31<00:15, 78.54it/s][A

68%|██████▊   | 2491/3662 [00:31<00:14, 78.58it/s][A

68%|██████▊   | 2499/3662 [00:31<00:14, 78.56it/s][A

68%|██████▊   | 2507/3662 [00:31<00:14, 78.42it/s][A

69%|██████▊   | 2515/3662 [00:31<00:14, 78.47it/s][A

69%|██████▉   | 2523/3662 [00:31<00:14, 78.45it/s][A

69%|██████▉   | 2531/3662 [00:32<00:14, 78.51it/s][A

69%|██████▉   | 2539/3662 [00:32<00:14, 78.46it/s][A

70%|██████▉   | 2547/3662 [00:32<00:14, 78.33it/s][A

70%|██████▉   | 2555/3662 [00:32<00:14, 78.42it/s][A

70%|██████▉   | 2563/3662 [00:32<00:13, 78.51it/s][A

70%|███████   | 2571/3662 [00:32<00:13, 78.63it/s][A

70%|███████   | 2579/3662 [00:32<00:13, 78.62it/s][A

71%|███████   | 2587/3662 [00:32<00:13, 78.63it/s][A

71%|███████   | 2595/3662 [00:32<00:13, 78.71it/s][A

71%|███████   | 2603/3662 [00:32<00:13, 78.83it/s][A

71%|███████▏  | 2611/3662 [00:33<00:13, 78.80it/s][A

72%|███████▏  | 2619/3662 [00:33<00:13, 78.78it/s][A

72%|███████▏  | 2627/3662 [00:33<00:13, 78.65it/s][A

72%|███████▏  | 2635/3662 [00:33<00:13, 78.73it/s][A

72%|███████▏  | 2643/3662 [00:33<00:12, 78.61it/s][A

72%|███████▏  | 2651/3662 [00:33<00:12, 78.75it/s][A

73%|███████▎  | 2659/3662 [00:33<00:12, 78.81it/s][A

73%|███████▎  | 2667/3662 [00:33<00:12, 78.85it/s][A

73%|███████▎  | 2675/3662 [00:33<00:12, 78.73it/s][A

73%|███████▎  | 2683/3662 [00:33<00:12, 78.77it/s][A

73%|███████▎  | 2691/3662 [00:34<00:12, 78.76it/s][A

74%|███████▎  | 2699/3662 [00:34<00:12, 78.88it/s][A

74%|███████▍  | 2707/3662 [00:34<00:12, 78.66it/s][A

74%|███████▍  | 2715/3662 [00:34<00:12, 78.73it/s][A

74%|███████▍  | 2723/3662 [00:34<00:11, 78.82it/s][A

75%|███████▍  | 2731/3662 [00:34<00:11, 78.83it/s][A

75%|███████▍  | 2739/3662 [00:34<00:11, 78.82it/s][A

75%|███████▌  | 2747/3662 [00:34<00:11, 78.57it/s][A

75%|███████▌  | 2755/3662 [00:34<00:11, 78.70it/s][A

75%|███████▌  | 2763/3662 [00:34<00:11, 78.71it/s][A

76%|███████▌  | 2771/3662 [00:35<00:11, 78.76it/s][A

76%|███████▌  | 2779/3662 [00:35<00:11, 78.60it/s][A

76%|███████▌  | 2787/3662 [00:35<00:11, 78.49it/s][A

76%|███████▋  | 2795/3662 [00:35<00:11, 78.46it/s][A

77%|███████▋  | 2803/3662 [00:35<00:10, 78.39it/s][A

77%|███████▋  | 2811/3662 [00:35<00:10, 78.39it/s][A

77%|███████▋  | 2819/3662 [00:35<00:10, 78.48it/s][A

77%|███████▋  | 2827/3662 [00:35<00:10, 78.50it/s][A

77%|███████▋  | 2835/3662 [00:35<00:10, 78.47it/s][A

78%|███████▊  | 2843/3662 [00:36<00:10, 78.49it/s][A

78%|███████▊  | 2851/3662 [00:36<00:10, 78.42it/s][A

78%|███████▊  | 2859/3662 [00:36<00:10, 78.44it/s][A

78%|███████▊  | 2867/3662 [00:36<00:10, 78.44it/s][A

79%|███████▊  | 2875/3662 [00:36<00:10, 78.52it/s][A

79%|███████▊  | 2883/3662 [00:36<00:09, 78.52it/s][A

79%|███████▉  | 2891/3662 [00:36<00:09, 78.62it/s][A

79%|███████▉  | 2899/3662 [00:36<00:09, 78.62it/s][A

79%|███████▉  | 2907/3662 [00:36<00:09, 78.61it/s][A

80%|███████▉  | 2915/3662 [00:36<00:09, 78.79it/s][A

80%|███████▉  | 2923/3662 [00:37<00:09, 78.68it/s][A

80%|████████  | 2931/3662 [00:37<00:09, 78.78it/s][A

80%|████████  | 2939/3662 [00:37<00:09, 78.68it/s][A

80%|████████  | 2947/3662 [00:37<00:09, 78.57it/s][A

81%|████████  | 2955/3662 [00:37<00:08, 78.71it/s][A

81%|████████  | 2963/3662 [00:37<00:08, 78.76it/s][A

81%|████████  | 2971/3662 [00:37<00:08, 78.70it/s][A

81%|████████▏ | 2979/3662 [00:37<00:08, 78.72it/s][A

82%|████████▏ | 2987/3662 [00:37<00:08, 78.86it/s][A

82%|████████▏ | 2995/3662 [00:37<00:08, 78.88it/s][A

82%|████████▏ | 3003/3662 [00:38<00:08, 78.93it/s][A

82%|████████▏ | 3011/3662 [00:38<00:08, 79.12it/s][A

82%|████████▏ | 3019/3662 [00:38<00:08, 78.79it/s][A

83%|████████▎ | 3027/3662 [00:38<00:08, 78.82it/s][A

83%|████████▎ | 3035/3662 [00:38<00:07, 78.88it/s][A

83%|████████▎ | 3043/3662 [00:38<00:07, 78.88it/s][A

83%|████████▎ | 3051/3662 [00:38<00:07, 78.86it/s][A

84%|████████▎ | 3059/3662 [00:38<00:07, 78.86it/s][A

84%|████████▍ | 3067/3662 [00:38<00:07, 78.85it/s][A

84%|████████▍ | 3075/3662 [00:38<00:07, 78.93it/s][A

84%|████████▍ | 3083/3662 [00:39<00:07, 78.82it/s][A

84%|████████▍ | 3091/3662 [00:39<00:07, 78.68it/s][A

85%|████████▍ | 3099/3662 [00:39<00:07, 78.69it/s][A

85%|████████▍ | 3107/3662 [00:39<00:07, 78.68it/s][A

85%|████████▌ | 3115/3662 [00:39<00:06, 78.79it/s][A

85%|████████▌ | 3123/3662 [00:39<00:06, 78.61it/s][A

85%|████████▌ | 3131/3662 [00:39<00:06, 78.78it/s][A

86%|████████▌ | 3139/3662 [00:39<00:06, 78.74it/s][A

86%|████████▌ | 3147/3662 [00:39<00:06, 78.75it/s][A

86%|████████▌ | 3156/3662 [00:39<00:06, 79.24it/s][A

86%|████████▋ | 3165/3662 [00:40<00:06, 79.75it/s][A

87%|████████▋ | 3174/3662 [00:40<00:06, 80.01it/s][A

87%|████████▋ | 3183/3662 [00:40<00:05, 80.12it/s][A

87%|████████▋ | 3192/3662 [00:40<00:05, 80.11it/s][A

87%|████████▋ | 3201/3662 [00:40<00:05, 79.87it/s][A

88%|████████▊ | 3209/3662 [00:40<00:05, 79.48it/s][A

88%|████████▊ | 3217/3662 [00:40<00:05, 79.39it/s][A

88%|████████▊ | 3225/3662 [00:40<00:05, 79.19it/s][A

88%|████████▊ | 3233/3662 [00:40<00:05, 79.26it/s][A

89%|████████▊ | 3242/3662 [00:41<00:05, 79.70it/s][A

89%|████████▉ | 3251/3662 [00:41<00:05, 80.04it/s][A

89%|████████▉ | 3260/3662 [00:41<00:05, 80.02it/s][A

89%|████████▉ | 3269/3662 [00:41<00:04, 80.24it/s][A

90%|████████▉ | 3278/3662 [00:41<00:04, 79.78it/s][A

90%|████████▉ | 3286/3662 [00:41<00:04, 79.39it/s][A

90%|████████▉ | 3294/3662 [00:41<00:04, 79.20it/s][A

90%|█████████ | 3302/3662 [00:41<00:04, 79.04it/s][A

90%|█████████ | 3310/3662 [00:41<00:04, 79.08it/s][A

91%|█████████ | 3318/3662 [00:42<00:04, 79.09it/s][A

91%|█████████ | 3326/3662 [00:42<00:04, 78.91it/s][A

91%|█████████ | 3334/3662 [00:42<00:04, 78.68it/s][A

91%|█████████▏| 3342/3662 [00:42<00:04, 78.68it/s][A

91%|█████████▏| 3350/3662 [00:42<00:03, 78.78it/s][A

92%|█████████▏| 3358/3662 [00:42<00:03, 78.94it/s][A

92%|█████████▏| 3366/3662 [00:42<00:03, 79.02it/s][A

92%|█████████▏| 3374/3662 [00:42<00:03, 79.08it/s][A

92%|█████████▏| 3382/3662 [00:42<00:03, 79.19it/s][A

93%|█████████▎| 3390/3662 [00:42<00:03, 79.08it/s][A

93%|█████████▎| 3398/3662 [00:43<00:03, 79.01it/s][A

93%|█████████▎| 3406/3662 [00:43<00:03, 78.79it/s][A

93%|█████████▎| 3414/3662 [00:43<00:03, 78.96it/s][A

93%|█████████▎| 3422/3662 [00:43<00:03, 78.67it/s][A

94%|█████████▎| 3430/3662 [00:43<00:02, 78.63it/s][A

94%|█████████▍| 3438/3662 [00:43<00:02, 78.57it/s][A

94%|█████████▍| 3446/3662 [00:43<00:02, 78.67it/s][A

94%|█████████▍| 3454/3662 [00:43<00:02, 78.63it/s][A

95%|█████████▍| 3462/3662 [00:43<00:02, 78.73it/s][A

95%|█████████▍| 3470/3662 [00:43<00:02, 78.86it/s][A

95%|█████████▍| 3478/3662 [00:44<00:02, 78.74it/s][A

95%|█████████▌| 3486/3662 [00:44<00:02, 78.76it/s][A

95%|█████████▌| 3494/3662 [00:44<00:02, 78.53it/s][A

96%|█████████▌| 3502/3662 [00:44<00:02, 78.42it/s][A

96%|█████████▌| 3510/3662 [00:44<00:01, 78.39it/s][A

96%|█████████▌| 3518/3662 [00:44<00:01, 78.36it/s][A

96%|█████████▋| 3526/3662 [00:44<00:01, 78.25it/s][A

97%|█████████▋| 3534/3662 [00:44<00:01, 78.36it/s][A

97%|█████████▋| 3542/3662 [00:44<00:01, 78.23it/s][A

97%|█████████▋| 3550/3662 [00:44<00:01, 78.37it/s][A

97%|█████████▋| 3558/3662 [00:45<00:01, 78.07it/s][A

97%|█████████▋| 3566/3662 [00:45<00:01, 78.08it/s][A

98%|█████████▊| 3574/3662 [00:45<00:01, 77.89it/s][A

98%|█████████▊| 3582/3662 [00:45<00:01, 77.77it/s][A

98%|█████████▊| 3590/3662 [00:45<00:00, 77.92it/s][A

98%|█████████▊| 3598/3662 [00:45<00:00, 77.95it/s][A

98%|█████████▊| 3606/3662 [00:45<00:00, 77.77it/s][A

99%|█████████▊| 3614/3662 [00:45<00:00, 77.88it/s][A

99%|█████████▉| 3622/3662 [00:45<00:00, 78.12it/s][A

99%|█████████▉| 3630/3662 [00:45<00:00, 78.39it/s][A

99%|█████████▉| 3638/3662 [00:46<00:00, 78.50it/s][A

100%|█████████▉| 3646/3662 [00:46<00:00, 78.54it/s][A

100%|█████████▉| 3655/3662 [00:46<00:00, 79.55it/s][A



[A{'eval_loss': '6.527', 'eval_runtime': '46.82', 'eval_samples_per_second': 
'625.6', 'eval_steps_per_second': '78.21', 'epoch': '0.09174'}

1%|          | 1000/109000 [10:33<13:09:16,  2.28it/s]

100%|██████████| 3662/3662 [00:46<00:00, 79.55it/s][A

[A

Writing model shards:   0%|          | 0/1 [00:00<?, ?it/s][A

Writing model shards: 100%|██████████| 1/1 [00:00<00:00,  1.44it/s][A
Writing model shards: 100%|██████████| 1/1 [00:00<00:00,  1.44it/s]

1%|          | 1001/109000 [10:36<457:38:02, 15.25s/it]
1%|          | 1002/109000 [10:36<324:16:36, 10.81s/it]
1%|          | 1003/109000 [10:37<230:56:07,  7.70s/it]
1%|          | 1004/109000 [10:37<165:36:10,  5.52s/it]
1%|          | 1005/109000 [10:38<119:51:27,  4.00s/it]
1%|          | 1006/109000 [10:38<87:50:29,  2.93s/it]
1%|          | 1007/109000 [10:39<65:26:50,  2.18s/it]
1%|          | 1008/109000 [10:39<49:45:41,  1.66s/it]
1%|          | 1009/109000 [10:39<38:46:07,  1.29s/it]
1%|          | 1010/109000 [10:40<31:05:23,  1.04s/it]
1%|          | 1011/109000 [10:40<25:43:08,  1.17it/s]
1%|          | 1012/109000 [10:41<21:56:34,  1.37it/s]
1%|          | 1013/109000 [10:41<19:17:45,  1.55it/s]
1%|          | 1014/109000 [10:42<17:27:30,  1.72it/s]
1%|          | 1015/109000 [10:42<16:10:49,  1.85it/s]
1%|          | 1016/109000 [10:42<15:15:44,  1.97it/s]
1%|          | 1017/109000 [10:43<14:37:41,  2.05it/s]
1%|          | 1018/109000 [10:43<14:11:47,  2.11it/s]
1%|          | 1019/109000 [10:44<13:53:16,  2.16it/s]
1%|          | 1020/109000 [10:44<13:39:53,  2.20it/s]
1%|          | 1021/109000 [10:45<13:31:34,  2.22it/s]
1%|          | 1022/109000 [10:45<13:25:23,  2.23it/s]
1%|          | 1023/109000 [10:46<13:20:28,  2.25it/s]
1%|          | 1024/109000 [10:46<13:17:00,  2.26it/s]
1%|          | 1025/109000 [10:46<13:14:51,  2.26it/s]
1%|          | 1026/109000 [10:47<13:13:08,  2.27it/s]
1%|          | 1027/109000 [10:47<13:11:37,  2.27it/s]
1%|          | 1028/109000 [10:48<13:11:08,  2.27it/s]
1%|          | 1029/109000 [10:48<13:10:40,  2.28it/s]
1%|          | 1030/109000 [10:49<13:09:35,  2.28it/s]
1%|          | 1031/109000 [10:49<13:09:37,  2.28it/s]
1%|          | 1032/109000 [10:49<13:10:05,  2.28it/s]
1%|          | 1033/109000 [10:50<13:09:21,  2.28it/s]
1%|          | 1034/109000 [10:50<13:09:18,  2.28it/s]
1%|          | 1035/109000 [10:51<13:09:25,  2.28it/s]
1%|          | 1036/109000 [10:51<13:09:28,  2.28it/s]
1%|          | 1037/109000 [10:52<13:08:57,  2.28it/s]
1%|          | 1038/109000 [10:52<13:09:12,  2.28it/s]
1%|          | 1039/109000 [10:53<13:09:08,  2.28it/s]
1%|          | 1040/109000 [10:53<13:08:50,  2.28it/s]
1%|          | 1041/109000 [10:53<13:09:21,  2.28it/s]
1%|          | 1042/109000 [10:54<13:09:01,  2.28it/s]
1%|          | 1043/109000 [10:54<13:08:31,  2.28it/s]
1%|          | 1044/109000 [10:55<13:08:58,  2.28it/s]
1%|          | 1045/109000 [10:55<13:08:50,  2.28it/s]
1%|          | 1046/109000 [10:56<13:08:21,  2.28it/s]
1%|          | 1047/109000 [10:56<13:08:46,  2.28it/s]
1%|          | 1048/109000 [10:56<13:08:30,  2.28it/s]
1%|          | 1049/109000 [10:57<13:08:05,  2.28it/s]
1%|          | 1050/109000 [10:57<13:08:50,  2.28it/s]

{'loss': '6.539', 'grad_norm': '1.126', 'learning_rate': '4.952e-05', 'epoch': 
'0.09633'}

1%|          | 1050/109000 [10:57<13:08:50,  2.28it/s]
1%|          | 1051/109000 [10:58<13:09:15,  2.28it/s]
1%|          | 1052/109000 [10:58<13:08:39,  2.28it/s]
1%|          | 1053/109000 [10:59<13:09:29,  2.28it/s]
1%|          | 1054/109000 [10:59<13:08:57,  2.28it/s]
1%|          | 1055/109000 [11:00<13:09:06,  2.28it/s]
1%|          | 1056/109000 [11:00<13:09:28,  2.28it/s]
1%|          | 1057/109000 [11:00<13:09:39,  2.28it/s]
1%|          | 1058/109000 [11:01<13:09:01,  2.28it/s]
1%|          | 1059/109000 [11:01<13:09:29,  2.28it/s]
1%|          | 1060/109000 [11:02<13:09:37,  2.28it/s]
1%|          | 1061/109000 [11:02<13:09:00,  2.28it/s]
1%|          | 1062/109000 [11:03<13:09:16,  2.28it/s]
1%|          | 1063/109000 [11:03<13:10:34,  2.28it/s]
1%|          | 1064/109000 [11:04<13:10:13,  2.28it/s]
1%|          | 1065/109000 [11:04<13:09:23,  2.28it/s]
1%|          | 1066/109000 [11:04<13:10:02,  2.28it/s]
1%|          | 1067/109000 [11:05<13:10:10,  2.28it/s]
1%|          | 1068/109000 [11:05<13:10:07,  2.28it/s]
1%|          | 1069/109000 [11:06<13:09:28,  2.28it/s]
1%|          | 1070/109000 [11:06<13:10:20,  2.28it/s]
1%|          | 1071/109000 [11:07<13:10:25,  2.28it/s]
1%|          | 1072/109000 [11:07<13:09:21,  2.28it/s]
1%|          | 1073/109000 [11:07<13:09:32,  2.28it/s]
1%|          | 1074/109000 [11:08<13:09:55,  2.28it/s]
1%|          | 1075/109000 [11:08<13:09:41,  2.28it/s]
1%|          | 1076/109000 [11:09<13:09:25,  2.28it/s]
1%|          | 1077/109000 [11:09<13:10:13,  2.28it/s]
1%|          | 1078/109000 [11:10<13:09:33,  2.28it/s]
1%|          | 1079/109000 [11:10<13:09:24,  2.28it/s]
1%|          | 1080/109000 [11:11<13:09:18,  2.28it/s]
1%|          | 1081/109000 [11:11<13:09:36,  2.28it/s]
1%|          | 1082/109000 [11:12<13:52:01,  2.16it/s]
1%|          | 1083/109000 [11:12<13:38:52,  2.20it/s]
1%|          | 1084/109000 [11:12<13:30:46,  2.22it/s]
1%|          | 1085/109000 [11:13<13:24:09,  2.24it/s]
1%|          | 1086/109000 [11:13<13:19:32,  2.25it/s]
1%|          | 1087/109000 [11:14<13:16:29,  2.26it/s]
1%|          | 1088/109000 [11:14<13:15:03,  2.26it/s]
1%|          | 1089/109000 [11:15<13:13:07,  2.27it/s]
1%|          | 1090/109000 [11:15<13:11:20,  2.27it/s]
1%|          | 1091/109000 [11:15<13:11:00,  2.27it/s]
1%|          | 1092/109000 [11:16<13:10:32,  2.27it/s]
1%|          | 1093/109000 [11:16<13:10:20,  2.28it/s]
1%|          | 1094/109000 [11:17<13:09:10,  2.28it/s]
1%|          | 1095/109000 [11:17<13:09:31,  2.28it/s]
1%|          | 1096/109000 [11:18<13:09:36,  2.28it/s]
1%|          | 1097/109000 [11:18<13:09:08,  2.28it/s]
1%|          | 1098/109000 [11:19<13:09:07,  2.28it/s]
1%|          | 1099/109000 [11:19<13:09:47,  2.28it/s]
1%|          | 1100/109000 [11:19<13:10:06,  2.28it/s]

{'loss': '6.521', 'grad_norm': '0.8577', 'learning_rate': '4.95e-05', 'epoch': 
'0.1009'}

1%|          | 1100/109000 [11:19<13:10:06,  2.28it/s]
1%|          | 1101/109000 [11:20<13:09:54,  2.28it/s]
1%|          | 1102/109000 [11:20<13:09:28,  2.28it/s]
1%|          | 1103/109000 [11:21<13:10:07,  2.28it/s]
1%|          | 1104/109000 [11:21<13:09:35,  2.28it/s]
1%|          | 1105/109000 [11:22<13:08:46,  2.28it/s]
1%|          | 1106/109000 [11:22<13:08:44,  2.28it/s]
1%|          | 1107/109000 [11:22<13:09:12,  2.28it/s]
1%|          | 1108/109000 [11:23<13:08:59,  2.28it/s]
1%|          | 1109/109000 [11:23<13:08:22,  2.28it/s]
1%|          | 1110/109000 [11:24<13:08:39,  2.28it/s]
1%|          | 1111/109000 [11:24<13:09:30,  2.28it/s]
1%|          | 1112/109000 [11:25<13:08:36,  2.28it/s]
1%|          | 1113/109000 [11:25<13:08:40,  2.28it/s]
1%|          | 1114/109000 [11:26<13:09:07,  2.28it/s]
1%|          | 1115/109000 [11:26<13:09:08,  2.28it/s]
1%|          | 1116/109000 [11:26<13:08:36,  2.28it/s]
1%|          | 1117/109000 [11:27<13:08:52,  2.28it/s]
1%|          | 1118/109000 [11:27<13:09:21,  2.28it/s]
1%|          | 1119/109000 [11:28<13:09:35,  2.28it/s]
1%|          | 1120/109000 [11:28<13:08:55,  2.28it/s]
1%|          | 1121/109000 [11:29<13:09:18,  2.28it/s]
1%|          | 1122/109000 [11:29<13:09:49,  2.28it/s]
1%|          | 1123/109000 [11:29<13:09:02,  2.28it/s]
1%|          | 1124/109000 [11:30<13:08:32,  2.28it/s]
1%|          | 1125/109000 [11:30<13:08:42,  2.28it/s]
1%|          | 1126/109000 [11:31<13:08:30,  2.28it/s]
1%|          | 1127/109000 [11:31<13:08:30,  2.28it/s]
1%|          | 1128/109000 [11:32<13:08:35,  2.28it/s]
1%|          | 1129/109000 [11:32<13:09:20,  2.28it/s]
1%|          | 1130/109000 [11:33<13:08:58,  2.28it/s]
1%|          | 1131/109000 [11:33<13:08:22,  2.28it/s]
1%|          | 1132/109000 [11:33<13:09:01,  2.28it/s]
1%|          | 1133/109000 [11:34<13:09:27,  2.28it/s]
1%|          | 1134/109000 [11:34<13:08:57,  2.28it/s]
1%|          | 1135/109000 [11:35<13:09:16,  2.28it/s]
1%|          | 1136/109000 [11:35<13:09:28,  2.28it/s]
1%|          | 1137/109000 [11:36<13:09:21,  2.28it/s]
1%|          | 1138/109000 [11:36<13:08:28,  2.28it/s]
1%|          | 1139/109000 [11:37<13:08:33,  2.28it/s]
1%|          | 1140/109000 [11:37<13:09:11,  2.28it/s]
1%|          | 1141/109000 [11:37<13:08:34,  2.28it/s]
1%|          | 1142/109000 [11:38<13:08:35,  2.28it/s]
1%|          | 1143/109000 [11:38<13:09:03,  2.28it/s]
1%|          | 1144/109000 [11:39<13:09:02,  2.28it/s]
1%|          | 1145/109000 [11:39<13:08:19,  2.28it/s]
1%|          | 1146/109000 [11:40<13:08:38,  2.28it/s]
1%|          | 1147/109000 [11:40<13:09:15,  2.28it/s]
1%|          | 1148/109000 [11:40<13:09:08,  2.28it/s]
1%|          | 1149/109000 [11:41<13:08:24,  2.28it/s]
1%|          | 1150/109000 [11:41<13:08:37,  2.28it/s]

{'loss': '6.485', 'grad_norm': '1.192', 'learning_rate': '4.947e-05', 'epoch': 
'0.1055'}

1%|          | 1150/109000 [11:41<13:08:37,  2.28it/s]
1%|          | 1151/109000 [11:42<13:09:24,  2.28it/s]
1%|          | 1152/109000 [11:42<13:08:40,  2.28it/s]
1%|          | 1153/109000 [11:43<13:08:32,  2.28it/s]
1%|          | 1154/109000 [11:43<13:08:52,  2.28it/s]
1%|          | 1155/109000 [11:44<13:08:55,  2.28it/s]
1%|          | 1156/109000 [11:44<13:08:30,  2.28it/s]
1%|          | 1157/109000 [11:44<13:08:20,  2.28it/s]
1%|          | 1158/109000 [11:45<13:09:32,  2.28it/s]
1%|          | 1159/109000 [11:45<13:09:43,  2.28it/s]
1%|          | 1160/109000 [11:46<13:08:59,  2.28it/s]
1%|          | 1161/109000 [11:46<13:09:05,  2.28it/s]
1%|          | 1162/109000 [11:47<13:10:13,  2.27it/s]
1%|          | 1163/109000 [11:47<13:09:15,  2.28it/s]
1%|          | 1164/109000 [11:47<13:08:29,  2.28it/s]
1%|          | 1165/109000 [11:48<13:08:44,  2.28it/s]
1%|          | 1166/109000 [11:48<13:09:08,  2.28it/s]
1%|          | 1167/109000 [11:49<13:08:29,  2.28it/s]
1%|          | 1168/109000 [11:49<13:08:48,  2.28it/s]
1%|          | 1169/109000 [11:50<13:08:39,  2.28it/s]
1%|          | 1170/109000 [11:50<13:09:02,  2.28it/s]
1%|          | 1171/109000 [11:51<13:08:16,  2.28it/s]
1%|          | 1172/109000 [11:51<13:08:27,  2.28it/s]
1%|          | 1173/109000 [11:51<13:09:35,  2.28it/s]
1%|          | 1174/109000 [11:52<13:08:40,  2.28it/s]
1%|          | 1175/109000 [11:52<13:08:56,  2.28it/s]
1%|          | 1176/109000 [11:53<13:08:43,  2.28it/s]
1%|          | 1177/109000 [11:53<13:08:45,  2.28it/s]
1%|          | 1178/109000 [11:54<13:08:05,  2.28it/s]
1%|          | 1179/109000 [11:54<13:08:11,  2.28it/s]
1%|          | 1180/109000 [11:55<13:09:23,  2.28it/s]
1%|          | 1181/109000 [11:55<13:08:55,  2.28it/s]
1%|          | 1182/109000 [11:55<13:08:24,  2.28it/s]
1%|          | 1183/109000 [11:56<13:09:05,  2.28it/s]
1%|          | 1184/109000 [11:56<13:09:08,  2.28it/s]
1%|          | 1185/109000 [11:57<13:08:06,  2.28it/s]
1%|          | 1186/109000 [11:57<13:08:35,  2.28it/s]
1%|          | 1187/109000 [11:58<13:08:54,  2.28it/s]
1%|          | 1188/109000 [11:58<13:09:05,  2.28it/s]
1%|          | 1189/109000 [11:58<13:08:16,  2.28it/s]
1%|          | 1190/109000 [11:59<13:09:08,  2.28it/s]
1%|          | 1191/109000 [11:59<13:09:00,  2.28it/s]
1%|          | 1192/109000 [12:00<13:08:10,  2.28it/s]
1%|          | 1193/109000 [12:00<13:08:10,  2.28it/s]
1%|          | 1194/109000 [12:01<13:08:38,  2.28it/s]
1%|          | 1195/109000 [12:01<13:07:47,  2.28it/s]
1%|          | 1196/109000 [12:02<13:08:32,  2.28it/s]
1%|          | 1197/109000 [12:02<13:08:57,  2.28it/s]
1%|          | 1198/109000 [12:02<13:08:16,  2.28it/s]
1%|          | 1199/109000 [12:03<13:08:19,  2.28it/s]
1%|          | 1200/109000 [12:03<13:08:48,  2.28it/s]

{'loss': '6.493', 'grad_norm': '0.6733', 'learning_rate': '4.945e-05', 'epoch': 
'0.1101'}

1%|          | 1200/109000 [12:03<13:08:48,  2.28it/s]
1%|          | 1201/109000 [12:04<13:09:58,  2.27it/s]
1%|          | 1202/109000 [12:04<13:08:32,  2.28it/s]
1%|          | 1203/109000 [12:05<13:08:38,  2.28it/s]
1%|          | 1204/109000 [12:05<13:08:58,  2.28it/s]
1%|          | 1205/109000 [12:05<13:08:20,  2.28it/s]
1%|          | 1206/109000 [12:06<13:08:16,  2.28it/s]
1%|          | 1207/109000 [12:06<13:08:38,  2.28it/s]
1%|          | 1208/109000 [12:07<13:08:14,  2.28it/s]
1%|          | 1209/109000 [12:07<13:07:45,  2.28it/s]
1%|          | 1210/109000 [12:08<13:08:16,  2.28it/s]
1%|          | 1211/109000 [12:08<13:08:03,  2.28it/s]
1%|          | 1212/109000 [12:09<13:07:57,  2.28it/s]
1%|          | 1213/109000 [12:09<13:08:28,  2.28it/s]
1%|          | 1214/109000 [12:09<13:08:14,  2.28it/s]
1%|          | 1215/109000 [12:10<13:07:51,  2.28it/s]
1%|          | 1216/109000 [12:10<13:08:10,  2.28it/s]
1%|          | 1217/109000 [12:11<13:08:07,  2.28it/s]
1%|          | 1218/109000 [12:11<13:07:32,  2.28it/s]
1%|          | 1219/109000 [12:12<13:07:56,  2.28it/s]
1%|          | 1220/109000 [12:12<13:08:31,  2.28it/s]
1%|          | 1221/109000 [12:13<13:07:49,  2.28it/s]
1%|          | 1222/109000 [12:13<13:08:01,  2.28it/s]
1%|          | 1223/109000 [12:13<13:08:18,  2.28it/s]
1%|          | 1224/109000 [12:14<13:08:24,  2.28it/s]
1%|          | 1225/109000 [12:14<13:07:43,  2.28it/s]
1%|          | 1226/109000 [12:15<13:08:03,  2.28it/s]
1%|          | 1227/109000 [12:15<13:08:06,  2.28it/s]
1%|          | 1228/109000 [12:16<13:07:45,  2.28it/s]
1%|          | 1229/109000 [12:16<13:08:01,  2.28it/s]
1%|          | 1230/109000 [12:16<13:08:26,  2.28it/s]
1%|          | 1231/109000 [12:17<13:08:01,  2.28it/s]
1%|          | 1232/109000 [12:17<13:07:54,  2.28it/s]
1%|          | 1233/109000 [12:18<13:08:24,  2.28it/s]
1%|          | 1234/109000 [12:18<13:08:04,  2.28it/s]
1%|          | 1235/109000 [12:19<13:07:31,  2.28it/s]
1%|          | 1236/109000 [12:19<13:07:42,  2.28it/s]
1%|          | 1237/109000 [12:20<13:08:26,  2.28it/s]
1%|          | 1238/109000 [12:20<13:08:11,  2.28it/s]
1%|          | 1239/109000 [12:20<13:07:37,  2.28it/s]
1%|          | 1240/109000 [12:21<13:07:45,  2.28it/s]
1%|          | 1241/109000 [12:21<13:07:56,  2.28it/s]
1%|          | 1242/109000 [12:22<13:07:30,  2.28it/s]
1%|          | 1243/109000 [12:22<13:07:32,  2.28it/s]
1%|          | 1244/109000 [12:23<13:07:43,  2.28it/s]
1%|          | 1245/109000 [12:23<13:07:24,  2.28it/s]
1%|          | 1246/109000 [12:23<13:07:06,  2.28it/s]
1%|          | 1247/109000 [12:24<13:07:41,  2.28it/s]
1%|          | 1248/109000 [12:24<13:07:53,  2.28it/s]
1%|          | 1249/109000 [12:25<13:07:30,  2.28it/s]
1%|          | 1250/109000 [12:25<13:07:27,  2.28it/s]

{'loss': '6.488', 'grad_norm': '0.8825', 'learning_rate': '4.943e-05', 'epoch': 
'0.1147'}

1%|          | 1250/109000 [12:25<13:07:27,  2.28it/s]

0%|          | 0/3662 [00:00<?, ?it/s][A

0%|          | 9/3662 [00:00<00:41, 88.75it/s][A

0%|          | 18/3662 [00:00<00:43, 83.49it/s][A

1%|          | 27/3662 [00:00<00:44, 82.00it/s][A

1%|          | 36/3662 [00:00<00:44, 81.42it/s][A

1%|          | 45/3662 [00:00<00:44, 80.84it/s][A

1%|▏         | 54/3662 [00:00<00:44, 80.73it/s][A

2%|▏         | 63/3662 [00:00<00:44, 80.74it/s][A

2%|▏         | 72/3662 [00:00<00:44, 80.72it/s][A

2%|▏         | 81/3662 [00:00<00:44, 80.58it/s][A

2%|▏         | 90/3662 [00:01<00:44, 80.57it/s][A

3%|▎         | 99/3662 [00:01<00:44, 80.46it/s][A

3%|▎         | 108/3662 [00:01<00:44, 80.28it/s][A

3%|▎         | 117/3662 [00:01<00:44, 80.30it/s][A

3%|▎         | 126/3662 [00:01<00:44, 80.22it/s][A

4%|▎         | 135/3662 [00:01<00:43, 80.32it/s][A

4%|▍         | 144/3662 [00:01<00:43, 80.16it/s][A

4%|▍         | 153/3662 [00:01<00:43, 79.89it/s][A

4%|▍         | 161/3662 [00:01<00:43, 79.69it/s][A

5%|▍         | 169/3662 [00:02<00:43, 79.56it/s][A

5%|▍         | 177/3662 [00:02<00:43, 79.56it/s][A

5%|▌         | 185/3662 [00:02<00:43, 79.42it/s][A

5%|▌         | 193/3662 [00:02<00:43, 79.32it/s][A

5%|▌         | 201/3662 [00:02<00:43, 79.27it/s][A

6%|▌         | 209/3662 [00:02<00:43, 79.27it/s][A

6%|▌         | 217/3662 [00:02<00:43, 79.23it/s][A

6%|▌         | 225/3662 [00:02<00:43, 79.07it/s][A

6%|▋         | 234/3662 [00:02<00:43, 79.54it/s][A

7%|▋         | 243/3662 [00:03<00:42, 79.81it/s][A

7%|▋         | 251/3662 [00:03<00:42, 79.76it/s][A

7%|▋         | 259/3662 [00:03<00:42, 79.55it/s][A

7%|▋         | 267/3662 [00:03<00:42, 79.47it/s][A

8%|▊         | 275/3662 [00:03<00:42, 79.30it/s][A

8%|▊         | 283/3662 [00:03<00:42, 79.23it/s][A

8%|▊         | 291/3662 [00:03<00:42, 79.30it/s][A

8%|▊         | 299/3662 [00:03<00:42, 79.14it/s][A

8%|▊         | 307/3662 [00:03<00:42, 79.29it/s][A

9%|▊         | 315/3662 [00:03<00:42, 79.26it/s][A

9%|▉         | 323/3662 [00:04<00:42, 79.22it/s][A

9%|▉         | 331/3662 [00:04<00:42, 79.06it/s][A

9%|▉         | 339/3662 [00:04<00:41, 79.17it/s][A

9%|▉         | 347/3662 [00:04<00:41, 79.12it/s][A

10%|▉         | 355/3662 [00:04<00:41, 79.27it/s][A

10%|▉         | 364/3662 [00:04<00:41, 79.68it/s][A

10%|█         | 373/3662 [00:04<00:41, 79.96it/s][A

10%|█         | 382/3662 [00:04<00:40, 80.11it/s][A

11%|█         | 391/3662 [00:04<00:40, 80.35it/s][A

11%|█         | 400/3662 [00:05<00:40, 80.46it/s][A

11%|█         | 409/3662 [00:05<00:40, 80.43it/s][A

11%|█▏        | 418/3662 [00:05<00:40, 80.09it/s][A

12%|█▏        | 427/3662 [00:05<00:40, 79.94it/s][A

12%|█▏        | 436/3662 [00:05<00:40, 80.05it/s][A

12%|█▏        | 445/3662 [00:05<00:40, 80.13it/s][A

12%|█▏        | 454/3662 [00:05<00:40, 80.16it/s][A

13%|█▎        | 463/3662 [00:05<00:39, 80.23it/s][A

13%|█▎        | 472/3662 [00:05<00:39, 80.17it/s][A

13%|█▎        | 481/3662 [00:06<00:39, 80.29it/s][A

13%|█▎        | 490/3662 [00:06<00:39, 80.23it/s][A

14%|█▎        | 499/3662 [00:06<00:39, 79.87it/s][A

14%|█▍        | 507/3662 [00:06<00:39, 79.64it/s][A

14%|█▍        | 515/3662 [00:06<00:39, 79.57it/s][A

14%|█▍        | 523/3662 [00:06<00:39, 79.32it/s][A

15%|█▍        | 531/3662 [00:06<00:39, 79.29it/s][A

15%|█▍        | 539/3662 [00:06<00:39, 79.16it/s][A

15%|█▍        | 547/3662 [00:06<00:39, 79.30it/s][A

15%|█▌        | 555/3662 [00:06<00:39, 79.37it/s][A

15%|█▌        | 563/3662 [00:07<00:39, 79.34it/s][A

16%|█▌        | 571/3662 [00:07<00:39, 79.15it/s][A

16%|█▌        | 579/3662 [00:07<00:38, 79.26it/s][A

16%|█▌        | 587/3662 [00:07<00:38, 79.28it/s][A

16%|█▋        | 596/3662 [00:07<00:38, 79.54it/s][A

16%|█▋        | 604/3662 [00:07<00:38, 79.38it/s][A

17%|█▋        | 612/3662 [00:07<00:38, 79.30it/s][A

17%|█▋        | 620/3662 [00:07<00:38, 79.27it/s][A

17%|█▋        | 628/3662 [00:07<00:38, 79.47it/s][A

17%|█▋        | 636/3662 [00:07<00:38, 79.56it/s][A

18%|█▊        | 644/3662 [00:08<00:37, 79.46it/s][A

18%|█▊        | 652/3662 [00:08<00:37, 79.26it/s][A

18%|█▊        | 660/3662 [00:08<00:37, 79.11it/s][A

18%|█▊        | 668/3662 [00:08<00:37, 79.14it/s][A

18%|█▊        | 676/3662 [00:08<00:37, 79.14it/s][A

19%|█▊        | 684/3662 [00:08<00:37, 79.10it/s][A

19%|█▉        | 692/3662 [00:08<00:37, 79.17it/s][A

19%|█▉        | 700/3662 [00:08<00:37, 79.11it/s][A

19%|█▉        | 708/3662 [00:08<00:37, 79.10it/s][A

20%|█▉        | 716/3662 [00:08<00:37, 79.17it/s][A

20%|█▉        | 724/3662 [00:09<00:37, 79.24it/s][A

20%|█▉        | 732/3662 [00:09<00:36, 79.29it/s][A

20%|██        | 740/3662 [00:09<00:36, 79.32it/s][A

20%|██        | 748/3662 [00:09<00:36, 79.32it/s][A

21%|██        | 756/3662 [00:09<00:36, 79.27it/s][A

21%|██        | 764/3662 [00:09<00:36, 79.37it/s][A

21%|██        | 772/3662 [00:09<00:36, 79.24it/s][A

21%|██▏       | 780/3662 [00:09<00:36, 79.21it/s][A

22%|██▏       | 788/3662 [00:09<00:36, 79.17it/s][A

22%|██▏       | 796/3662 [00:09<00:36, 79.10it/s][A

22%|██▏       | 804/3662 [00:10<00:36, 79.01it/s][A

22%|██▏       | 812/3662 [00:10<00:36, 79.10it/s][A

22%|██▏       | 820/3662 [00:10<00:35, 79.12it/s][A

23%|██▎       | 828/3662 [00:10<00:35, 79.05it/s][A

23%|██▎       | 836/3662 [00:10<00:35, 79.24it/s][A

23%|██▎       | 844/3662 [00:10<00:35, 79.33it/s][A

23%|██▎       | 852/3662 [00:10<00:35, 79.23it/s][A

23%|██▎       | 860/3662 [00:10<00:35, 79.18it/s][A

24%|██▎       | 868/3662 [00:10<00:35, 79.17it/s][A

24%|██▍       | 876/3662 [00:10<00:35, 79.04it/s][A

24%|██▍       | 884/3662 [00:11<00:35, 79.10it/s][A

24%|██▍       | 892/3662 [00:11<00:35, 79.03it/s][A

25%|██▍       | 900/3662 [00:11<00:34, 79.04it/s][A

25%|██▍       | 908/3662 [00:11<00:34, 79.14it/s][A

25%|██▌       | 916/3662 [00:11<00:34, 78.98it/s][A

25%|██▌       | 924/3662 [00:11<00:34, 79.00it/s][A

25%|██▌       | 932/3662 [00:11<00:34, 78.96it/s][A

26%|██▌       | 940/3662 [00:11<00:34, 79.14it/s][A

26%|██▌       | 948/3662 [00:11<00:34, 79.14it/s][A

26%|██▌       | 956/3662 [00:12<00:34, 79.14it/s][A

26%|██▋       | 964/3662 [00:12<00:34, 79.17it/s][A

27%|██▋       | 972/3662 [00:12<00:33, 79.22it/s][A

27%|██▋       | 980/3662 [00:12<00:33, 79.29it/s][A

27%|██▋       | 988/3662 [00:12<00:33, 79.26it/s][A

27%|██▋       | 996/3662 [00:12<00:33, 79.23it/s][A

27%|██▋       | 1004/3662 [00:12<00:33, 79.34it/s][A

28%|██▊       | 1012/3662 [00:12<00:33, 79.22it/s][A

28%|██▊       | 1020/3662 [00:12<00:33, 79.14it/s][A

28%|██▊       | 1029/3662 [00:12<00:33, 79.52it/s][A

28%|██▊       | 1038/3662 [00:13<00:32, 79.64it/s][A

29%|██▊       | 1047/3662 [00:13<00:32, 79.96it/s][A

29%|██▉       | 1055/3662 [00:13<00:32, 79.41it/s][A

29%|██▉       | 1063/3662 [00:13<00:32, 79.11it/s][A

29%|██▉       | 1072/3662 [00:13<00:32, 79.52it/s][A

29%|██▉       | 1080/3662 [00:13<00:32, 79.21it/s][A

30%|██▉       | 1089/3662 [00:13<00:32, 79.62it/s][A

30%|██▉       | 1098/3662 [00:13<00:32, 79.71it/s][A

30%|███       | 1106/3662 [00:13<00:32, 79.30it/s][A

30%|███       | 1114/3662 [00:14<00:32, 78.78it/s][A

31%|███       | 1122/3662 [00:14<00:32, 78.49it/s][A

31%|███       | 1130/3662 [00:14<00:32, 78.36it/s][A

31%|███       | 1138/3662 [00:14<00:32, 78.42it/s][A

31%|███▏      | 1146/3662 [00:14<00:32, 78.52it/s][A

32%|███▏      | 1155/3662 [00:14<00:31, 79.10it/s][A

32%|███▏      | 1163/3662 [00:14<00:31, 78.97it/s][A

32%|███▏      | 1171/3662 [00:14<00:31, 78.53it/s][A

32%|███▏      | 1179/3662 [00:14<00:31, 78.31it/s][A

32%|███▏      | 1187/3662 [00:14<00:31, 78.24it/s][A

33%|███▎      | 1195/3662 [00:15<00:31, 78.09it/s][A

33%|███▎      | 1203/3662 [00:15<00:31, 78.14it/s][A

33%|███▎      | 1211/3662 [00:15<00:31, 78.06it/s][A

33%|███▎      | 1219/3662 [00:15<00:31, 78.02it/s][A

34%|███▎      | 1227/3662 [00:15<00:31, 78.07it/s][A

34%|███▎      | 1235/3662 [00:15<00:31, 77.92it/s][A

34%|███▍      | 1243/3662 [00:15<00:31, 77.92it/s][A

34%|███▍      | 1251/3662 [00:15<00:30, 77.78it/s][A

34%|███▍      | 1259/3662 [00:15<00:30, 77.85it/s][A

35%|███▍      | 1267/3662 [00:15<00:30, 77.75it/s][A

35%|███▍      | 1275/3662 [00:16<00:30, 77.68it/s][A

35%|███▌      | 1283/3662 [00:16<00:30, 77.75it/s][A

35%|███▌      | 1291/3662 [00:16<00:30, 77.67it/s][A

35%|███▌      | 1300/3662 [00:16<00:30, 78.45it/s][A

36%|███▌      | 1309/3662 [00:16<00:29, 79.07it/s][A

36%|███▌      | 1318/3662 [00:16<00:29, 79.49it/s][A

36%|███▌      | 1327/3662 [00:16<00:29, 79.83it/s][A

36%|███▋      | 1336/3662 [00:16<00:29, 79.97it/s][A

37%|███▋      | 1345/3662 [00:16<00:28, 80.10it/s][A

37%|███▋      | 1354/3662 [00:17<00:28, 80.13it/s][A

37%|███▋      | 1363/3662 [00:17<00:28, 80.19it/s][A

37%|███▋      | 1372/3662 [00:17<00:28, 79.96it/s][A

38%|███▊      | 1380/3662 [00:17<00:28, 79.77it/s][A

38%|███▊      | 1388/3662 [00:17<00:28, 79.71it/s][A

38%|███▊      | 1396/3662 [00:17<00:28, 79.60it/s][A

38%|███▊      | 1404/3662 [00:17<00:28, 79.38it/s][A

39%|███▊      | 1412/3662 [00:17<00:28, 79.36it/s][A

39%|███▉      | 1420/3662 [00:17<00:28, 79.20it/s][A

39%|███▉      | 1428/3662 [00:17<00:28, 79.29it/s][A

39%|███▉      | 1436/3662 [00:18<00:28, 79.43it/s][A

39%|███▉      | 1444/3662 [00:18<00:27, 79.40it/s][A

40%|███▉      | 1452/3662 [00:18<00:27, 79.39it/s][A

40%|███▉      | 1460/3662 [00:18<00:27, 79.28it/s][A

40%|████      | 1468/3662 [00:18<00:27, 79.27it/s][A

40%|████      | 1476/3662 [00:18<00:27, 79.22it/s][A

41%|████      | 1484/3662 [00:18<00:27, 79.21it/s][A

41%|████      | 1492/3662 [00:18<00:27, 79.10it/s][A

41%|████      | 1500/3662 [00:18<00:27, 79.04it/s][A

41%|████      | 1508/3662 [00:18<00:27, 79.13it/s][A

41%|████▏     | 1516/3662 [00:19<00:27, 79.07it/s][A

42%|████▏     | 1524/3662 [00:19<00:26, 79.21it/s][A

42%|████▏     | 1532/3662 [00:19<00:26, 79.32it/s][A

42%|████▏     | 1540/3662 [00:19<00:26, 79.21it/s][A

42%|████▏     | 1548/3662 [00:19<00:26, 79.10it/s][A

42%|████▏     | 1556/3662 [00:19<00:26, 79.14it/s][A

43%|████▎     | 1564/3662 [00:19<00:26, 79.07it/s][A

43%|████▎     | 1572/3662 [00:19<00:26, 79.20it/s][A

43%|████▎     | 1580/3662 [00:19<00:26, 79.17it/s][A

43%|████▎     | 1588/3662 [00:20<00:26, 79.24it/s][A

44%|████▎     | 1596/3662 [00:20<00:26, 79.21it/s][A

44%|████▍     | 1604/3662 [00:20<00:26, 79.15it/s][A

44%|████▍     | 1612/3662 [00:20<00:25, 79.12it/s][A

44%|████▍     | 1620/3662 [00:20<00:25, 79.25it/s][A

44%|████▍     | 1628/3662 [00:20<00:25, 79.27it/s][A

45%|████▍     | 1636/3662 [00:20<00:25, 79.31it/s][A

45%|████▍     | 1645/3662 [00:20<00:25, 79.71it/s][A

45%|████▌     | 1654/3662 [00:20<00:25, 80.16it/s][A

45%|████▌     | 1663/3662 [00:20<00:24, 80.30it/s][A

46%|████▌     | 1672/3662 [00:21<00:24, 80.34it/s][A

46%|████▌     | 1681/3662 [00:21<00:24, 80.51it/s][A

46%|████▌     | 1690/3662 [00:21<00:24, 80.47it/s][A

46%|████▋     | 1699/3662 [00:21<00:24, 80.12it/s][A

47%|████▋     | 1708/3662 [00:21<00:24, 79.82it/s][A

47%|████▋     | 1716/3662 [00:21<00:24, 79.64it/s][A

47%|████▋     | 1724/3662 [00:21<00:24, 79.39it/s][A

47%|████▋     | 1732/3662 [00:21<00:24, 79.47it/s][A

48%|████▊     | 1740/3662 [00:21<00:24, 79.38it/s][A

48%|████▊     | 1748/3662 [00:22<00:24, 79.39it/s][A

48%|████▊     | 1756/3662 [00:22<00:24, 79.26it/s][A

48%|████▊     | 1764/3662 [00:22<00:23, 79.33it/s][A

48%|████▊     | 1772/3662 [00:22<00:23, 79.35it/s][A

49%|████▊     | 1780/3662 [00:22<00:23, 79.31it/s][A

49%|████▉     | 1788/3662 [00:22<00:23, 79.38it/s][A

49%|████▉     | 1796/3662 [00:22<00:23, 79.37it/s][A

49%|████▉     | 1804/3662 [00:22<00:23, 79.41it/s][A

49%|████▉     | 1812/3662 [00:22<00:23, 79.43it/s][A

50%|████▉     | 1820/3662 [00:22<00:23, 79.47it/s][A

50%|████▉     | 1828/3662 [00:23<00:23, 79.36it/s][A

50%|█████     | 1836/3662 [00:23<00:23, 79.19it/s][A

50%|█████     | 1844/3662 [00:23<00:22, 79.35it/s][A

51%|█████     | 1852/3662 [00:23<00:22, 79.30it/s][A

51%|█████     | 1860/3662 [00:23<00:22, 79.24it/s][A

51%|█████     | 1868/3662 [00:23<00:22, 79.35it/s][A

51%|█████     | 1876/3662 [00:23<00:22, 79.24it/s][A

51%|█████▏    | 1884/3662 [00:23<00:22, 79.12it/s][A

52%|█████▏    | 1892/3662 [00:23<00:22, 79.20it/s][A

52%|█████▏    | 1900/3662 [00:23<00:22, 79.13it/s][A

52%|█████▏    | 1908/3662 [00:24<00:22, 79.11it/s][A

52%|█████▏    | 1916/3662 [00:24<00:22, 79.09it/s][A

53%|█████▎    | 1924/3662 [00:24<00:21, 79.36it/s][A

53%|█████▎    | 1932/3662 [00:24<00:21, 79.34it/s][A

53%|█████▎    | 1940/3662 [00:24<00:21, 79.28it/s][A

53%|█████▎    | 1948/3662 [00:24<00:21, 79.20it/s][A

53%|█████▎    | 1956/3662 [00:24<00:21, 79.27it/s][A

54%|█████▎    | 1964/3662 [00:24<00:21, 79.38it/s][A

54%|█████▍    | 1972/3662 [00:24<00:21, 79.46it/s][A

54%|█████▍    | 1980/3662 [00:24<00:21, 79.52it/s][A

54%|█████▍    | 1988/3662 [00:25<00:21, 79.57it/s][A

55%|█████▍    | 1996/3662 [00:25<00:20, 79.55it/s][A

55%|█████▍    | 2004/3662 [00:25<00:20, 79.42it/s][A

55%|█████▍    | 2012/3662 [00:25<00:20, 79.31it/s][A

55%|█████▌    | 2020/3662 [00:25<00:20, 79.47it/s][A

55%|█████▌    | 2028/3662 [00:25<00:20, 79.42it/s][A

56%|█████▌    | 2036/3662 [00:25<00:20, 79.16it/s][A

56%|█████▌    | 2044/3662 [00:25<00:20, 78.58it/s][A

56%|█████▌    | 2052/3662 [00:25<00:20, 78.40it/s][A

56%|█████▋    | 2060/3662 [00:25<00:20, 78.31it/s][A

56%|█████▋    | 2068/3662 [00:26<00:20, 78.16it/s][A

57%|█████▋    | 2076/3662 [00:26<00:20, 78.08it/s][A

57%|█████▋    | 2084/3662 [00:26<00:20, 78.17it/s][A

57%|█████▋    | 2092/3662 [00:26<00:19, 78.54it/s][A

57%|█████▋    | 2101/3662 [00:26<00:19, 79.17it/s][A

58%|█████▊    | 2109/3662 [00:26<00:19, 78.92it/s][A

58%|█████▊    | 2117/3662 [00:26<00:19, 78.77it/s][A

58%|█████▊    | 2125/3662 [00:26<00:19, 78.47it/s][A

58%|█████▊    | 2133/3662 [00:26<00:19, 78.51it/s][A

58%|█████▊    | 2141/3662 [00:26<00:19, 78.31it/s][A

59%|█████▊    | 2149/3662 [00:27<00:19, 78.24it/s][A

59%|█████▉    | 2157/3662 [00:27<00:19, 78.09it/s][A

59%|█████▉    | 2165/3662 [00:27<00:19, 78.20it/s][A

59%|█████▉    | 2173/3662 [00:27<00:19, 77.97it/s][A

60%|█████▉    | 2181/3662 [00:27<00:18, 77.99it/s][A

60%|█████▉    | 2189/3662 [00:27<00:18, 78.01it/s][A

60%|█████▉    | 2197/3662 [00:27<00:18, 77.94it/s][A

60%|██████    | 2205/3662 [00:27<00:18, 78.08it/s][A

60%|██████    | 2213/3662 [00:27<00:18, 78.07it/s][A

61%|██████    | 2221/3662 [00:28<00:18, 77.90it/s][A

61%|██████    | 2229/3662 [00:28<00:18, 77.81it/s][A

61%|██████    | 2237/3662 [00:28<00:18, 77.79it/s][A

61%|██████▏   | 2245/3662 [00:28<00:18, 77.63it/s][A

62%|██████▏   | 2253/3662 [00:28<00:18, 77.73it/s][A

62%|██████▏   | 2261/3662 [00:28<00:18, 77.62it/s][A

62%|██████▏   | 2269/3662 [00:28<00:17, 77.73it/s][A

62%|██████▏   | 2277/3662 [00:28<00:17, 77.80it/s][A

62%|██████▏   | 2285/3662 [00:28<00:17, 77.87it/s][A

63%|██████▎   | 2293/3662 [00:28<00:17, 78.06it/s][A

63%|██████▎   | 2302/3662 [00:29<00:17, 78.78it/s][A

63%|██████▎   | 2311/3662 [00:29<00:17, 79.28it/s][A

63%|██████▎   | 2320/3662 [00:29<00:16, 79.78it/s][A

64%|██████▎   | 2329/3662 [00:29<00:16, 79.96it/s][A

64%|██████▍   | 2338/3662 [00:29<00:16, 80.32it/s][A

64%|██████▍   | 2347/3662 [00:29<00:16, 80.43it/s][A

64%|██████▍   | 2356/3662 [00:29<00:16, 80.43it/s][A

65%|██████▍   | 2365/3662 [00:29<00:16, 80.49it/s][A

65%|██████▍   | 2374/3662 [00:29<00:16, 80.49it/s][A

65%|██████▌   | 2383/3662 [00:30<00:15, 80.35it/s][A

65%|██████▌   | 2392/3662 [00:30<00:15, 80.34it/s][A

66%|██████▌   | 2401/3662 [00:30<00:15, 80.52it/s][A

66%|██████▌   | 2410/3662 [00:30<00:15, 80.62it/s][A

66%|██████▌   | 2419/3662 [00:30<00:15, 80.61it/s][A

66%|██████▋   | 2428/3662 [00:30<00:15, 79.77it/s][A

67%|██████▋   | 2436/3662 [00:30<00:15, 79.46it/s][A

67%|██████▋   | 2444/3662 [00:30<00:15, 79.18it/s][A

67%|██████▋   | 2452/3662 [00:30<00:15, 78.91it/s][A

67%|██████▋   | 2460/3662 [00:31<00:15, 78.82it/s][A

67%|██████▋   | 2468/3662 [00:31<00:15, 78.61it/s][A

68%|██████▊   | 2476/3662 [00:31<00:15, 78.31it/s][A

68%|██████▊   | 2484/3662 [00:31<00:15, 78.04it/s][A

68%|██████▊   | 2492/3662 [00:31<00:14, 78.09it/s][A

68%|██████▊   | 2500/3662 [00:31<00:14, 78.14it/s][A

68%|██████▊   | 2508/3662 [00:31<00:14, 78.11it/s][A

69%|██████▊   | 2516/3662 [00:31<00:14, 77.92it/s][A

69%|██████▉   | 2524/3662 [00:31<00:14, 78.03it/s][A

69%|██████▉   | 2532/3662 [00:31<00:14, 77.92it/s][A

69%|██████▉   | 2540/3662 [00:32<00:14, 77.99it/s][A

70%|██████▉   | 2548/3662 [00:32<00:14, 77.96it/s][A

70%|██████▉   | 2556/3662 [00:32<00:14, 77.91it/s][A

70%|███████   | 2564/3662 [00:32<00:14, 77.83it/s][A

70%|███████   | 2572/3662 [00:32<00:13, 77.87it/s][A

70%|███████   | 2580/3662 [00:32<00:13, 77.98it/s][A

71%|███████   | 2588/3662 [00:32<00:13, 77.98it/s][A

71%|███████   | 2596/3662 [00:32<00:13, 78.08it/s][A

71%|███████   | 2604/3662 [00:32<00:13, 78.01it/s][A

71%|███████▏  | 2612/3662 [00:32<00:13, 78.03it/s][A

72%|███████▏  | 2620/3662 [00:33<00:13, 77.98it/s][A

72%|███████▏  | 2628/3662 [00:33<00:13, 77.99it/s][A

72%|███████▏  | 2636/3662 [00:33<00:13, 77.85it/s][A

72%|███████▏  | 2644/3662 [00:33<00:13, 77.88it/s][A

72%|███████▏  | 2652/3662 [00:33<00:12, 77.73it/s][A

73%|███████▎  | 2660/3662 [00:33<00:12, 77.78it/s][A

73%|███████▎  | 2668/3662 [00:33<00:12, 77.87it/s][A

73%|███████▎  | 2676/3662 [00:33<00:12, 77.79it/s][A

73%|███████▎  | 2684/3662 [00:33<00:12, 77.87it/s][A

74%|███████▎  | 2692/3662 [00:34<00:12, 77.89it/s][A

74%|███████▎  | 2700/3662 [00:34<00:12, 77.84it/s][A

74%|███████▍  | 2708/3662 [00:34<00:12, 77.70it/s][A

74%|███████▍  | 2716/3662 [00:34<00:12, 77.73it/s][A

74%|███████▍  | 2724/3662 [00:34<00:12, 77.68it/s][A

75%|███████▍  | 2732/3662 [00:34<00:11, 77.73it/s][A

75%|███████▍  | 2740/3662 [00:34<00:11, 77.69it/s][A

75%|███████▌  | 2748/3662 [00:34<00:11, 77.66it/s][A

75%|███████▌  | 2756/3662 [00:34<00:11, 77.83it/s][A

75%|███████▌  | 2764/3662 [00:34<00:11, 77.99it/s][A

76%|███████▌  | 2772/3662 [00:35<00:11, 78.03it/s][A

76%|███████▌  | 2780/3662 [00:35<00:11, 78.13it/s][A

76%|███████▌  | 2788/3662 [00:35<00:11, 78.00it/s][A

76%|███████▋  | 2796/3662 [00:35<00:11, 77.94it/s][A

77%|███████▋  | 2804/3662 [00:35<00:11, 77.73it/s][A

77%|███████▋  | 2812/3662 [00:35<00:10, 77.87it/s][A

77%|███████▋  | 2820/3662 [00:35<00:10, 77.81it/s][A

77%|███████▋  | 2828/3662 [00:35<00:10, 77.74it/s][A

77%|███████▋  | 2836/3662 [00:35<00:10, 77.83it/s][A

78%|███████▊  | 2844/3662 [00:35<00:10, 77.63it/s][A

78%|███████▊  | 2852/3662 [00:36<00:10, 77.74it/s][A

78%|███████▊  | 2860/3662 [00:36<00:10, 77.84it/s][A

78%|███████▊  | 2868/3662 [00:36<00:10, 77.81it/s][A

79%|███████▊  | 2876/3662 [00:36<00:10, 77.85it/s][A

79%|███████▉  | 2884/3662 [00:36<00:09, 78.04it/s][A

79%|███████▉  | 2892/3662 [00:36<00:09, 78.51it/s][A

79%|███████▉  | 2901/3662 [00:36<00:09, 79.15it/s][A

79%|███████▉  | 2909/3662 [00:36<00:09, 78.80it/s][A

80%|███████▉  | 2917/3662 [00:36<00:09, 78.68it/s][A

80%|███████▉  | 2925/3662 [00:36<00:09, 78.47it/s][A

80%|████████  | 2933/3662 [00:37<00:09, 78.13it/s][A

80%|████████  | 2941/3662 [00:37<00:09, 77.99it/s][A

81%|████████  | 2949/3662 [00:37<00:09, 78.02it/s][A

81%|████████  | 2957/3662 [00:37<00:09, 78.08it/s][A

81%|████████  | 2965/3662 [00:37<00:08, 78.00it/s][A

81%|████████  | 2973/3662 [00:37<00:08, 77.88it/s][A

81%|████████▏ | 2981/3662 [00:37<00:08, 77.84it/s][A

82%|████████▏ | 2989/3662 [00:37<00:08, 77.95it/s][A

82%|████████▏ | 2997/3662 [00:37<00:08, 77.87it/s][A

82%|████████▏ | 3005/3662 [00:38<00:08, 77.95it/s][A

82%|████████▏ | 3013/3662 [00:38<00:08, 77.92it/s][A

82%|████████▏ | 3021/3662 [00:38<00:08, 77.95it/s][A

83%|████████▎ | 3029/3662 [00:38<00:08, 77.89it/s][A

83%|████████▎ | 3037/3662 [00:38<00:08, 77.91it/s][A

83%|████████▎ | 3045/3662 [00:38<00:07, 77.81it/s][A

83%|████████▎ | 3053/3662 [00:38<00:07, 78.06it/s][A

84%|████████▎ | 3061/3662 [00:38<00:07, 78.07it/s][A

84%|████████▍ | 3069/3662 [00:38<00:07, 78.31it/s][A

84%|████████▍ | 3078/3662 [00:38<00:07, 79.11it/s][A

84%|████████▍ | 3086/3662 [00:39<00:07, 79.33it/s][A

84%|████████▍ | 3094/3662 [00:39<00:07, 78.93it/s][A

85%|████████▍ | 3102/3662 [00:39<00:07, 78.54it/s][A

85%|████████▍ | 3110/3662 [00:39<00:07, 78.37it/s][A

85%|████████▌ | 3118/3662 [00:39<00:06, 78.15it/s][A

85%|████████▌ | 3126/3662 [00:39<00:06, 78.10it/s][A

86%|████████▌ | 3134/3662 [00:39<00:06, 78.49it/s][A

86%|████████▌ | 3143/3662 [00:39<00:06, 79.13it/s][A

86%|████████▌ | 3152/3662 [00:39<00:06, 79.61it/s][A

86%|████████▋ | 3160/3662 [00:39<00:06, 79.30it/s][A

87%|████████▋ | 3168/3662 [00:40<00:06, 79.04it/s][A

87%|████████▋ | 3176/3662 [00:40<00:06, 78.76it/s][A

87%|████████▋ | 3184/3662 [00:40<00:06, 78.55it/s][A

87%|████████▋ | 3192/3662 [00:40<00:05, 78.46it/s][A

87%|████████▋ | 3200/3662 [00:40<00:05, 78.18it/s][A

88%|████████▊ | 3208/3662 [00:40<00:05, 78.13it/s][A

88%|████████▊ | 3216/3662 [00:40<00:05, 77.98it/s][A

88%|████████▊ | 3224/3662 [00:40<00:05, 77.99it/s][A

88%|████████▊ | 3233/3662 [00:40<00:05, 78.54it/s][A

89%|████████▊ | 3241/3662 [00:41<00:05, 78.43it/s][A

89%|████████▊ | 3249/3662 [00:41<00:05, 78.39it/s][A

89%|████████▉ | 3257/3662 [00:41<00:05, 78.47it/s][A

89%|████████▉ | 3265/3662 [00:41<00:05, 78.39it/s][A

89%|████████▉ | 3273/3662 [00:41<00:04, 78.36it/s][A

90%|████████▉ | 3281/3662 [00:41<00:04, 78.35it/s][A

90%|████████▉ | 3289/3662 [00:41<00:04, 78.59it/s][A

90%|█████████ | 3297/3662 [00:41<00:04, 78.17it/s][A

90%|█████████ | 3305/3662 [00:41<00:04, 78.18it/s][A

90%|█████████ | 3313/3662 [00:41<00:04, 78.02it/s][A

91%|█████████ | 3321/3662 [00:42<00:04, 77.88it/s][A

91%|█████████ | 3329/3662 [00:42<00:04, 77.94it/s][A

91%|█████████ | 3337/3662 [00:42<00:04, 78.02it/s][A

91%|█████████▏| 3345/3662 [00:42<00:04, 77.94it/s][A

92%|█████████▏| 3353/3662 [00:42<00:03, 78.08it/s][A

92%|█████████▏| 3361/3662 [00:42<00:03, 77.98it/s][A

92%|█████████▏| 3369/3662 [00:42<00:03, 77.74it/s][A

92%|█████████▏| 3378/3662 [00:42<00:03, 78.48it/s][A

92%|█████████▏| 3386/3662 [00:42<00:03, 78.64it/s][A

93%|█████████▎| 3394/3662 [00:42<00:03, 78.43it/s][A

93%|█████████▎| 3402/3662 [00:43<00:03, 78.80it/s][A

93%|█████████▎| 3410/3662 [00:43<00:03, 79.13it/s][A

93%|█████████▎| 3419/3662 [00:43<00:03, 79.51it/s][A

94%|█████████▎| 3428/3662 [00:43<00:02, 79.96it/s][A

94%|█████████▍| 3437/3662 [00:43<00:02, 80.11it/s][A

94%|█████████▍| 3446/3662 [00:43<00:02, 80.22it/s][A

94%|█████████▍| 3455/3662 [00:43<00:02, 80.29it/s][A

95%|█████████▍| 3464/3662 [00:43<00:02, 80.41it/s][A

95%|█████████▍| 3473/3662 [00:43<00:02, 80.44it/s][A

95%|█████████▌| 3482/3662 [00:44<00:02, 80.27it/s][A

95%|█████████▌| 3491/3662 [00:44<00:02, 79.93it/s][A

96%|█████████▌| 3499/3662 [00:44<00:02, 79.31it/s][A

96%|█████████▌| 3507/3662 [00:44<00:01, 78.93it/s][A

96%|█████████▌| 3515/3662 [00:44<00:01, 78.69it/s][A

96%|█████████▌| 3523/3662 [00:44<00:01, 78.41it/s][A

96%|█████████▋| 3531/3662 [00:44<00:01, 78.34it/s][A

97%|█████████▋| 3539/3662 [00:44<00:01, 78.49it/s][A

97%|█████████▋| 3548/3662 [00:44<00:01, 79.20it/s][A

97%|█████████▋| 3556/3662 [00:45<00:01, 78.95it/s][A

97%|█████████▋| 3564/3662 [00:45<00:01, 78.75it/s][A

98%|█████████▊| 3572/3662 [00:45<00:01, 78.76it/s][A

98%|█████████▊| 3580/3662 [00:45<00:01, 78.57it/s][A

98%|█████████▊| 3588/3662 [00:45<00:00, 78.47it/s][A

98%|█████████▊| 3596/3662 [00:45<00:00, 78.23it/s][A

98%|█████████▊| 3604/3662 [00:45<00:00, 78.11it/s][A

99%|█████████▊| 3612/3662 [00:45<00:00, 78.23it/s][A

99%|█████████▉| 3620/3662 [00:45<00:00, 78.29it/s][A

99%|█████████▉| 3628/3662 [00:45<00:00, 78.46it/s][A

99%|█████████▉| 3636/3662 [00:46<00:00, 78.50it/s][A

100%|█████████▉| 3644/3662 [00:46<00:00, 78.38it/s][A

100%|█████████▉| 3653/3662 [00:46<00:00, 79.27it/s][A

100%|██████████| 3662/3662 [00:46<00:00, 66.80it/s][A



[A{'eval_loss': '6.478', 'eval_runtime': '46.8', 'eval_samples_per_second': 
'625.9', 'eval_steps_per_second': '78.25', 'epoch': '0.1147'}

1%|          | 1250/109000 [13:12<13:07:27,  2.28it/s]

100%|██████████| 3662/3662 [00:46<00:00, 66.80it/s][A

[A

Writing model shards:   0%|          | 0/1 [00:00<?, ?it/s][A

Writing model shards: 100%|██████████| 1/1 [00:00<00:00,  1.49it/s][A
Writing model shards: 100%|██████████| 1/1 [00:00<00:00,  1.49it/s]

1%|          | 1251/109000 [13:15<455:43:52, 15.23s/it]
1%|          | 1252/109000 [13:15<322:57:08, 10.79s/it]
1%|          | 1253/109000 [13:16<230:00:00,  7.68s/it]
1%|          | 1254/109000 [13:16<164:55:52,  5.51s/it]
1%|          | 1255/109000 [13:17<119:24:24,  3.99s/it]
1%|          | 1256/109000 [13:17<87:31:57,  2.92s/it]
1%|          | 1257/109000 [13:18<65:12:00,  2.18s/it]
1%|          | 1258/109000 [13:18<49:35:05,  1.66s/it]
1%|          | 1259/109000 [13:18<38:39:42,  1.29s/it]
1%|          | 1260/109000 [13:19<30:59:44,  1.04s/it]
1%|          | 1261/109000 [13:19<25:37:47,  1.17it/s]
1%|          | 1262/109000 [13:20<21:52:57,  1.37it/s]
1%|          | 1263/109000 [13:20<19:15:47,  1.55it/s]
1%|          | 1264/109000 [13:21<17:25:24,  1.72it/s]
1%|          | 1265/109000 [13:21<16:08:00,  1.85it/s]
1%|          | 1266/109000 [13:22<15:14:16,  1.96it/s]
1%|          | 1267/109000 [13:22<14:36:30,  2.05it/s]
1%|          | 1268/109000 [13:22<14:09:13,  2.11it/s]
1%|          | 1269/109000 [13:23<13:51:38,  2.16it/s]
1%|          | 1270/109000 [13:23<13:38:45,  2.19it/s]
1%|          | 1271/109000 [13:24<13:29:21,  2.22it/s]
1%|          | 1272/109000 [13:24<13:23:26,  2.23it/s]
1%|          | 1273/109000 [13:25<13:19:23,  2.25it/s]
1%|          | 1274/109000 [13:25<13:15:54,  2.26it/s]
1%|          | 1275/109000 [13:25<13:13:37,  2.26it/s]
1%|          | 1276/109000 [13:26<13:11:53,  2.27it/s]
1%|          | 1277/109000 [13:26<13:11:09,  2.27it/s]
1%|          | 1278/109000 [13:27<13:10:22,  2.27it/s]
1%|          | 1279/109000 [13:27<13:09:07,  2.28it/s]
1%|          | 1280/109000 [13:28<13:09:27,  2.27it/s]
1%|          | 1281/109000 [13:28<13:09:14,  2.27it/s]
1%|          | 1282/109000 [13:29<13:09:15,  2.27it/s]
1%|          | 1283/109000 [13:29<13:08:31,  2.28it/s]
1%|          | 1284/109000 [13:29<13:08:31,  2.28it/s]
1%|          | 1285/109000 [13:30<13:09:16,  2.27it/s]
1%|          | 1286/109000 [13:30<13:08:18,  2.28it/s]
1%|          | 1287/109000 [13:31<13:08:29,  2.28it/s]
1%|          | 1288/109000 [13:31<13:08:28,  2.28it/s]
1%|          | 1289/109000 [13:32<13:09:14,  2.27it/s]
1%|          | 1290/109000 [13:32<13:08:32,  2.28it/s]
1%|          | 1291/109000 [13:33<13:07:54,  2.28it/s]
1%|          | 1292/109000 [13:33<13:08:18,  2.28it/s]
1%|          | 1293/109000 [13:33<13:08:27,  2.28it/s]
1%|          | 1294/109000 [13:34<13:08:01,  2.28it/s]
1%|          | 1295/109000 [13:34<13:07:36,  2.28it/s]
1%|          | 1296/109000 [13:35<13:08:01,  2.28it/s]
1%|          | 1297/109000 [13:35<13:08:25,  2.28it/s]
1%|          | 1298/109000 [13:36<13:07:42,  2.28it/s]
1%|          | 1299/109000 [13:36<13:07:30,  2.28it/s]
1%|          | 1300/109000 [13:36<13:08:13,  2.28it/s]

{'loss': '6.474', 'grad_norm': '1.215', 'learning_rate': '4.94e-05', 'epoch': 
'0.1193'}

1%|          | 1300/109000 [13:36<13:08:13,  2.28it/s]
1%|          | 1301/109000 [13:37<13:08:23,  2.28it/s]
1%|          | 1302/109000 [13:37<13:07:43,  2.28it/s]
1%|          | 1303/109000 [13:38<13:07:35,  2.28it/s]
1%|          | 1304/109000 [13:38<13:08:02,  2.28it/s]
1%|          | 1305/109000 [13:39<13:07:51,  2.28it/s]
1%|          | 1306/109000 [13:39<13:07:18,  2.28it/s]
1%|          | 1307/109000 [13:40<13:07:22,  2.28it/s]
1%|          | 1308/109000 [13:40<13:07:50,  2.28it/s]
1%|          | 1309/109000 [13:40<13:07:23,  2.28it/s]
1%|          | 1310/109000 [13:41<13:07:22,  2.28it/s]
1%|          | 1311/109000 [13:41<13:07:34,  2.28it/s]
1%|          | 1312/109000 [13:42<13:07:29,  2.28it/s]
1%|          | 1313/109000 [13:42<13:06:49,  2.28it/s]
1%|          | 1314/109000 [13:43<13:07:00,  2.28it/s]
1%|          | 1315/109000 [13:43<13:07:46,  2.28it/s]
1%|          | 1316/109000 [13:43<13:07:52,  2.28it/s]
1%|          | 1317/109000 [13:44<13:07:11,  2.28it/s]
1%|          | 1318/109000 [13:44<13:07:44,  2.28it/s]
1%|          | 1319/109000 [13:45<13:08:20,  2.28it/s]
1%|          | 1320/109000 [13:45<13:07:52,  2.28it/s]
1%|          | 1321/109000 [13:46<13:07:15,  2.28it/s]
1%|          | 1322/109000 [13:46<13:07:55,  2.28it/s]
1%|          | 1323/109000 [13:47<13:08:06,  2.28it/s]
1%|          | 1324/109000 [13:47<13:07:27,  2.28it/s]
1%|          | 1325/109000 [13:47<13:08:41,  2.28it/s]
1%|          | 1326/109000 [13:48<13:08:55,  2.27it/s]
1%|          | 1327/109000 [13:48<13:08:18,  2.28it/s]
1%|          | 1328/109000 [13:49<13:08:01,  2.28it/s]
1%|          | 1329/109000 [13:49<13:07:36,  2.28it/s]
1%|          | 1330/109000 [13:50<13:08:22,  2.28it/s]
1%|          | 1331/109000 [13:50<13:07:53,  2.28it/s]
1%|          | 1332/109000 [13:51<13:07:24,  2.28it/s]
1%|          | 1333/109000 [13:51<13:07:16,  2.28it/s]
1%|          | 1334/109000 [13:51<13:07:59,  2.28it/s]
1%|          | 1335/109000 [13:52<13:07:29,  2.28it/s]
1%|          | 1336/109000 [13:52<13:07:13,  2.28it/s]
1%|          | 1337/109000 [13:53<13:07:30,  2.28it/s]
1%|          | 1338/109000 [13:53<13:07:43,  2.28it/s]
1%|          | 1339/109000 [13:54<13:07:03,  2.28it/s]
1%|          | 1340/109000 [13:54<13:07:15,  2.28it/s]
1%|          | 1341/109000 [13:54<13:07:32,  2.28it/s]
1%|          | 1342/109000 [13:55<13:07:10,  2.28it/s]
1%|          | 1343/109000 [13:55<13:06:59,  2.28it/s]
1%|          | 1344/109000 [13:56<13:07:31,  2.28it/s]
1%|          | 1345/109000 [13:56<13:07:38,  2.28it/s]
1%|          | 1346/109000 [13:57<13:07:00,  2.28it/s]
1%|          | 1347/109000 [13:57<13:07:08,  2.28it/s]
1%|          | 1348/109000 [13:58<13:08:00,  2.28it/s]
1%|          | 1349/109000 [13:58<13:07:50,  2.28it/s]
1%|          | 1350/109000 [13:58<13:07:18,  2.28it/s]

{'loss': '6.446', 'grad_norm': '0.8941', 'learning_rate': '4.938e-05', 'epoch': 
'0.1239'}

1%|          | 1350/109000 [13:58<13:07:18,  2.28it/s]
1%|          | 1351/109000 [13:59<13:08:13,  2.28it/s]
1%|          | 1352/109000 [13:59<13:08:23,  2.28it/s]
1%|          | 1353/109000 [14:00<13:07:45,  2.28it/s]
1%|          | 1354/109000 [14:00<13:07:29,  2.28it/s]
1%|          | 1355/109000 [14:01<13:07:39,  2.28it/s]
1%|          | 1356/109000 [14:01<13:08:00,  2.28it/s]
1%|          | 1357/109000 [14:01<13:07:37,  2.28it/s]
1%|          | 1358/109000 [14:02<13:07:04,  2.28it/s]
1%|          | 1359/109000 [14:02<13:07:16,  2.28it/s]
1%|          | 1360/109000 [14:03<13:07:17,  2.28it/s]
1%|          | 1361/109000 [14:03<13:06:52,  2.28it/s]
1%|          | 1362/109000 [14:04<13:07:01,  2.28it/s]
1%|▏         | 1363/109000 [14:04<13:07:43,  2.28it/s]
1%|▏         | 1364/109000 [14:05<13:07:21,  2.28it/s]
1%|▏         | 1365/109000 [14:05<13:06:56,  2.28it/s]
1%|▏         | 1366/109000 [14:05<13:07:23,  2.28it/s]
1%|▏         | 1367/109000 [14:06<13:07:53,  2.28it/s]
1%|▏         | 1368/109000 [14:06<13:07:03,  2.28it/s]
1%|▏         | 1369/109000 [14:07<13:06:54,  2.28it/s]
1%|▏         | 1370/109000 [14:07<13:07:20,  2.28it/s]
1%|▏         | 1371/109000 [14:08<13:07:11,  2.28it/s]
1%|▏         | 1372/109000 [14:08<13:06:36,  2.28it/s]
1%|▏         | 1373/109000 [14:09<13:07:05,  2.28it/s]
1%|▏         | 1374/109000 [14:09<13:07:36,  2.28it/s]
1%|▏         | 1375/109000 [14:09<13:07:09,  2.28it/s]
1%|▏         | 1376/109000 [14:10<13:07:04,  2.28it/s]
1%|▏         | 1377/109000 [14:10<13:07:28,  2.28it/s]
1%|▏         | 1378/109000 [14:11<13:07:28,  2.28it/s]
1%|▏         | 1379/109000 [14:11<13:06:55,  2.28it/s]
1%|▏         | 1380/109000 [14:12<13:07:09,  2.28it/s]
1%|▏         | 1381/109000 [14:12<13:07:27,  2.28it/s]
1%|▏         | 1382/109000 [14:12<13:06:54,  2.28it/s]
1%|▏         | 1383/109000 [14:13<13:06:33,  2.28it/s]
1%|▏         | 1384/109000 [14:13<13:07:13,  2.28it/s]
1%|▏         | 1385/109000 [14:14<13:07:19,  2.28it/s]
1%|▏         | 1386/109000 [14:14<13:06:43,  2.28it/s]
1%|▏         | 1387/109000 [14:15<13:07:09,  2.28it/s]
1%|▏         | 1388/109000 [14:15<13:07:25,  2.28it/s]
1%|▏         | 1389/109000 [14:16<13:06:42,  2.28it/s]
1%|▏         | 1390/109000 [14:16<13:06:52,  2.28it/s]
1%|▏         | 1391/109000 [14:16<13:07:12,  2.28it/s]
1%|▏         | 1392/109000 [14:17<13:06:47,  2.28it/s]
1%|▏         | 1393/109000 [14:17<13:06:47,  2.28it/s]
1%|▏         | 1394/109000 [14:18<13:07:19,  2.28it/s]
1%|▏         | 1395/109000 [14:18<13:07:19,  2.28it/s]
1%|▏         | 1396/109000 [14:19<13:06:54,  2.28it/s]
1%|▏         | 1397/109000 [14:19<13:07:24,  2.28it/s]
1%|▏         | 1398/109000 [14:19<13:07:30,  2.28it/s]
1%|▏         | 1399/109000 [14:20<13:06:41,  2.28it/s]
1%|▏         | 1400/109000 [14:20<13:06:56,  2.28it/s]

{'loss': '6.437', 'grad_norm': '0.7081', 'learning_rate': '4.936e-05', 'epoch': 
'0.1284'}

1%|▏         | 1400/109000 [14:20<13:06:56,  2.28it/s]
1%|▏         | 1401/109000 [14:21<13:08:03,  2.28it/s]
1%|▏         | 1402/109000 [14:21<13:07:22,  2.28it/s]
1%|▏         | 1403/109000 [14:22<13:07:15,  2.28it/s]
1%|▏         | 1404/109000 [14:22<13:07:21,  2.28it/s]
1%|▏         | 1405/109000 [14:23<13:07:28,  2.28it/s]
1%|▏         | 1406/109000 [14:23<13:06:47,  2.28it/s]
1%|▏         | 1407/109000 [14:23<13:06:50,  2.28it/s]
1%|▏         | 1408/109000 [14:24<13:07:14,  2.28it/s]
1%|▏         | 1409/109000 [14:24<13:06:42,  2.28it/s]
1%|▏         | 1410/109000 [14:25<13:06:45,  2.28it/s]
1%|▏         | 1411/109000 [14:25<13:07:18,  2.28it/s]
1%|▏         | 1412/109000 [14:26<13:06:52,  2.28it/s]
1%|▏         | 1413/109000 [14:26<13:06:40,  2.28it/s]
1%|▏         | 1414/109000 [14:27<13:07:03,  2.28it/s]
1%|▏         | 1415/109000 [14:27<13:07:10,  2.28it/s]
1%|▏         | 1416/109000 [14:27<13:06:25,  2.28it/s]
1%|▏         | 1417/109000 [14:28<13:06:49,  2.28it/s]
1%|▏         | 1418/109000 [14:28<13:07:02,  2.28it/s]
1%|▏         | 1419/109000 [14:29<13:06:29,  2.28it/s]
1%|▏         | 1420/109000 [14:29<13:06:14,  2.28it/s]
1%|▏         | 1421/109000 [14:30<13:06:54,  2.28it/s]
1%|▏         | 1422/109000 [14:30<13:06:15,  2.28it/s]
1%|▏         | 1423/109000 [14:30<13:06:23,  2.28it/s]
1%|▏         | 1424/109000 [14:31<13:07:14,  2.28it/s]
1%|▏         | 1425/109000 [14:31<13:07:01,  2.28it/s]
1%|▏         | 1426/109000 [14:32<13:06:42,  2.28it/s]
1%|▏         | 1427/109000 [14:32<13:06:43,  2.28it/s]
1%|▏         | 1428/109000 [14:33<13:07:07,  2.28it/s]
1%|▏         | 1429/109000 [14:33<13:06:37,  2.28it/s]
1%|▏         | 1430/109000 [14:34<13:06:06,  2.28it/s]
1%|▏         | 1431/109000 [14:34<13:06:57,  2.28it/s]
1%|▏         | 1432/109000 [14:34<13:06:31,  2.28it/s]
1%|▏         | 1433/109000 [14:35<13:05:53,  2.28it/s]
1%|▏         | 1434/109000 [14:35<13:06:06,  2.28it/s]
1%|▏         | 1435/109000 [14:36<13:07:02,  2.28it/s]
1%|▏         | 1436/109000 [14:36<13:06:39,  2.28it/s]
1%|▏         | 1437/109000 [14:37<13:06:26,  2.28it/s]
1%|▏         | 1438/109000 [14:37<13:06:39,  2.28it/s]
1%|▏         | 1439/109000 [14:37<13:06:55,  2.28it/s]
1%|▏         | 1440/109000 [14:38<13:06:13,  2.28it/s]
1%|▏         | 1441/109000 [14:38<13:06:09,  2.28it/s]
1%|▏         | 1442/109000 [14:39<13:06:46,  2.28it/s]
1%|▏         | 1443/109000 [14:39<13:06:32,  2.28it/s]
1%|▏         | 1444/109000 [14:40<13:06:15,  2.28it/s]
1%|▏         | 1445/109000 [14:40<13:06:30,  2.28it/s]
1%|▏         | 1446/109000 [14:41<13:07:03,  2.28it/s]
1%|▏         | 1447/109000 [14:41<13:06:43,  2.28it/s]
1%|▏         | 1448/109000 [14:41<13:06:32,  2.28it/s]
1%|▏         | 1449/109000 [14:42<13:06:43,  2.28it/s]
1%|▏         | 1450/109000 [14:42<13:06:39,  2.28it/s]

{'loss': '6.468', 'grad_norm': '0.9416', 'learning_rate': '4.934e-05', 'epoch': 
'0.133'}

1%|▏         | 1450/109000 [14:42<13:06:39,  2.28it/s]
1%|▏         | 1451/109000 [14:43<13:06:20,  2.28it/s]
1%|▏         | 1452/109000 [14:43<13:06:23,  2.28it/s]
1%|▏         | 1453/109000 [14:44<13:07:20,  2.28it/s]
1%|▏         | 1454/109000 [14:44<13:06:44,  2.28it/s]
1%|▏         | 1455/109000 [14:44<13:06:17,  2.28it/s]
1%|▏         | 1456/109000 [14:45<13:06:39,  2.28it/s]
1%|▏         | 1457/109000 [14:45<13:06:42,  2.28it/s]
1%|▏         | 1458/109000 [14:46<13:06:11,  2.28it/s]
1%|▏         | 1459/109000 [14:46<13:06:00,  2.28it/s]
1%|▏         | 1460/109000 [14:47<13:06:35,  2.28it/s]
1%|▏         | 1461/109000 [14:47<13:06:18,  2.28it/s]
1%|▏         | 1462/109000 [14:48<13:05:56,  2.28it/s]
1%|▏         | 1463/109000 [14:48<13:06:31,  2.28it/s]
1%|▏         | 1464/109000 [14:48<13:07:08,  2.28it/s]
1%|▏         | 1465/109000 [14:49<13:06:37,  2.28it/s]
1%|▏         | 1466/109000 [14:49<13:06:07,  2.28it/s]
1%|▏         | 1467/109000 [14:50<13:06:29,  2.28it/s]
1%|▏         | 1468/109000 [14:50<13:06:50,  2.28it/s]
1%|▏         | 1469/109000 [14:51<13:06:06,  2.28it/s]
1%|▏         | 1470/109000 [14:51<13:06:05,  2.28it/s]
1%|▏         | 1471/109000 [14:52<13:06:37,  2.28it/s]
1%|▏         | 1472/109000 [14:52<13:06:31,  2.28it/s]
1%|▏         | 1473/109000 [14:52<13:06:00,  2.28it/s]
1%|▏         | 1474/109000 [14:53<13:06:10,  2.28it/s]
1%|▏         | 1475/109000 [14:53<13:06:20,  2.28it/s]
1%|▏         | 1476/109000 [14:54<13:05:56,  2.28it/s]
1%|▏         | 1477/109000 [14:54<13:05:55,  2.28it/s]
1%|▏         | 1478/109000 [14:55<13:06:33,  2.28it/s]
1%|▏         | 1479/109000 [14:55<13:06:17,  2.28it/s]
1%|▏         | 1480/109000 [14:55<13:05:32,  2.28it/s]
1%|▏         | 1481/109000 [14:56<13:05:55,  2.28it/s]
1%|▏         | 1482/109000 [14:56<13:06:23,  2.28it/s]
1%|▏         | 1483/109000 [14:57<13:05:45,  2.28it/s]
1%|▏         | 1484/109000 [14:57<13:05:42,  2.28it/s]
1%|▏         | 1485/109000 [14:58<13:06:04,  2.28it/s]
1%|▏         | 1486/109000 [14:58<13:06:04,  2.28it/s]
1%|▏         | 1487/109000 [14:59<13:05:47,  2.28it/s]
1%|▏         | 1488/109000 [14:59<13:06:15,  2.28it/s]
1%|▏         | 1489/109000 [14:59<13:06:48,  2.28it/s]
1%|▏         | 1490/109000 [15:00<13:06:28,  2.28it/s]
1%|▏         | 1491/109000 [15:00<13:05:55,  2.28it/s]
1%|▏         | 1492/109000 [15:01<13:06:19,  2.28it/s]
1%|▏         | 1493/109000 [15:01<13:06:39,  2.28it/s]
1%|▏         | 1494/109000 [15:02<13:06:03,  2.28it/s]
1%|▏         | 1495/109000 [15:02<13:06:01,  2.28it/s]
1%|▏         | 1496/109000 [15:02<13:06:34,  2.28it/s]
1%|▏         | 1497/109000 [15:03<13:06:11,  2.28it/s]
1%|▏         | 1498/109000 [15:03<13:05:46,  2.28it/s]
1%|▏         | 1499/109000 [15:04<13:06:11,  2.28it/s]
1%|▏         | 1500/109000 [15:04<13:06:08,  2.28it/s]

{'loss': '6.468', 'grad_norm': '0.9537', 'learning_rate': '4.931e-05', 'epoch': 
'0.1376'}

1%|▏         | 1500/109000 [15:04<13:06:08,  2.28it/s]

0%|          | 0/3662 [00:00<?, ?it/s][A

0%|          | 8/3662 [00:00<00:46, 78.48it/s][A

0%|          | 16/3662 [00:00<00:47, 76.90it/s][A

1%|          | 24/3662 [00:00<00:47, 77.18it/s][A

1%|          | 32/3662 [00:00<00:46, 77.62it/s][A

1%|          | 40/3662 [00:00<00:46, 78.25it/s][A

1%|▏         | 48/3662 [00:00<00:46, 78.39it/s][A

2%|▏         | 56/3662 [00:00<00:45, 78.55it/s][A

2%|▏         | 64/3662 [00:00<00:45, 78.63it/s][A

2%|▏         | 72/3662 [00:00<00:45, 78.51it/s][A

2%|▏         | 80/3662 [00:01<00:45, 78.36it/s][A

2%|▏         | 88/3662 [00:01<00:45, 78.39it/s][A

3%|▎         | 96/3662 [00:01<00:45, 78.40it/s][A

3%|▎         | 104/3662 [00:01<00:45, 78.35it/s][A

3%|▎         | 112/3662 [00:01<00:45, 78.33it/s][A

3%|▎         | 120/3662 [00:01<00:45, 78.44it/s][A

3%|▎         | 128/3662 [00:01<00:45, 78.42it/s][A

4%|▎         | 136/3662 [00:01<00:44, 78.47it/s][A

4%|▍         | 144/3662 [00:01<00:44, 78.56it/s][A

4%|▍         | 152/3662 [00:01<00:44, 78.30it/s][A

4%|▍         | 160/3662 [00:02<00:44, 78.47it/s][A

5%|▍         | 168/3662 [00:02<00:44, 78.26it/s][A

5%|▍         | 176/3662 [00:02<00:44, 78.19it/s][A

5%|▌         | 184/3662 [00:02<00:44, 78.14it/s][A

5%|▌         | 192/3662 [00:02<00:44, 78.13it/s][A

5%|▌         | 200/3662 [00:02<00:44, 78.13it/s][A

6%|▌         | 208/3662 [00:02<00:44, 78.03it/s][A

6%|▌         | 216/3662 [00:02<00:44, 77.95it/s][A

6%|▌         | 224/3662 [00:02<00:44, 77.98it/s][A

6%|▋         | 232/3662 [00:02<00:43, 78.17it/s][A

7%|▋         | 240/3662 [00:03<00:43, 77.85it/s][A

7%|▋         | 249/3662 [00:03<00:43, 78.79it/s][A

7%|▋         | 257/3662 [00:03<00:43, 78.49it/s][A

7%|▋         | 265/3662 [00:03<00:43, 78.80it/s][A

7%|▋         | 274/3662 [00:03<00:42, 79.41it/s][A

8%|▊         | 282/3662 [00:03<00:42, 79.05it/s][A

8%|▊         | 290/3662 [00:03<00:42, 79.07it/s][A

8%|▊         | 298/3662 [00:03<00:42, 78.79it/s][A

8%|▊         | 306/3662 [00:03<00:42, 78.80it/s][A

9%|▊         | 314/3662 [00:04<00:42, 78.80it/s][A

9%|▉         | 322/3662 [00:04<00:42, 78.65it/s][A

9%|▉         | 330/3662 [00:04<00:42, 78.46it/s][A

9%|▉         | 338/3662 [00:04<00:42, 78.74it/s][A

9%|▉         | 346/3662 [00:04<00:42, 78.76it/s][A

10%|▉         | 354/3662 [00:04<00:42, 78.71it/s][A

10%|▉         | 362/3662 [00:04<00:41, 78.59it/s][A

10%|█         | 370/3662 [00:04<00:41, 78.71it/s][A

10%|█         | 378/3662 [00:04<00:41, 78.77it/s][A

11%|█         | 386/3662 [00:04<00:41, 78.84it/s][A

11%|█         | 394/3662 [00:05<00:41, 78.68it/s][A

11%|█         | 402/3662 [00:05<00:41, 78.54it/s][A

11%|█         | 410/3662 [00:05<00:41, 78.60it/s][A

11%|█▏        | 418/3662 [00:05<00:41, 78.70it/s][A

12%|█▏        | 426/3662 [00:05<00:41, 78.74it/s][A

12%|█▏        | 434/3662 [00:05<00:40, 78.86it/s][A

12%|█▏        | 442/3662 [00:05<00:40, 78.68it/s][A

12%|█▏        | 450/3662 [00:05<00:40, 78.74it/s][A

13%|█▎        | 458/3662 [00:05<00:40, 78.79it/s][A

13%|█▎        | 467/3662 [00:05<00:40, 79.32it/s][A

13%|█▎        | 475/3662 [00:06<00:40, 79.50it/s][A

13%|█▎        | 483/3662 [00:06<00:40, 79.40it/s][A

13%|█▎        | 491/3662 [00:06<00:40, 78.98it/s][A

14%|█▎        | 499/3662 [00:06<00:40, 79.07it/s][A

14%|█▍        | 507/3662 [00:06<00:39, 78.90it/s][A

14%|█▍        | 515/3662 [00:06<00:39, 78.72it/s][A

14%|█▍        | 523/3662 [00:06<00:39, 78.95it/s][A

15%|█▍        | 531/3662 [00:06<00:39, 78.83it/s][A

15%|█▍        | 539/3662 [00:06<00:39, 78.87it/s][A

15%|█▍        | 547/3662 [00:06<00:39, 78.84it/s][A

15%|█▌        | 555/3662 [00:07<00:39, 78.74it/s][A

15%|█▌        | 563/3662 [00:07<00:39, 78.79it/s][A

16%|█▌        | 571/3662 [00:07<00:39, 78.69it/s][A

16%|█▌        | 579/3662 [00:07<00:39, 78.91it/s][A

16%|█▌        | 588/3662 [00:07<00:38, 79.27it/s][A

16%|█▋        | 596/3662 [00:07<00:38, 79.19it/s][A

16%|█▋        | 604/3662 [00:07<00:38, 79.20it/s][A

17%|█▋        | 612/3662 [00:07<00:38, 79.09it/s][A

17%|█▋        | 620/3662 [00:07<00:38, 79.22it/s][A

17%|█▋        | 629/3662 [00:07<00:38, 79.60it/s][A

17%|█▋        | 637/3662 [00:08<00:38, 79.58it/s][A

18%|█▊        | 645/3662 [00:08<00:37, 79.69it/s][A

18%|█▊        | 654/3662 [00:08<00:37, 79.91it/s][A

18%|█▊        | 663/3662 [00:08<00:37, 80.15it/s][A

18%|█▊        | 672/3662 [00:08<00:37, 80.35it/s][A

19%|█▊        | 681/3662 [00:08<00:37, 79.76it/s][A

19%|█▉        | 689/3662 [00:08<00:37, 79.80it/s][A

19%|█▉        | 698/3662 [00:08<00:37, 79.95it/s][A

19%|█▉        | 707/3662 [00:08<00:36, 80.13it/s][A

20%|█▉        | 716/3662 [00:09<00:36, 80.18it/s][A

20%|█▉        | 725/3662 [00:09<00:36, 80.33it/s][A

20%|██        | 734/3662 [00:09<00:36, 80.25it/s][A

20%|██        | 743/3662 [00:09<00:36, 80.35it/s][A

21%|██        | 752/3662 [00:09<00:36, 80.09it/s][A

21%|██        | 761/3662 [00:09<00:36, 79.54it/s][A

21%|██        | 770/3662 [00:09<00:36, 79.76it/s][A

21%|██▏       | 779/3662 [00:09<00:36, 79.88it/s][A

21%|██▏       | 787/3662 [00:09<00:36, 79.56it/s][A

22%|██▏       | 795/3662 [00:10<00:36, 79.44it/s][A

22%|██▏       | 803/3662 [00:10<00:35, 79.45it/s][A

22%|██▏       | 811/3662 [00:10<00:35, 79.35it/s][A

22%|██▏       | 819/3662 [00:10<00:35, 79.36it/s][A

23%|██▎       | 827/3662 [00:10<00:35, 79.22it/s][A

23%|██▎       | 835/3662 [00:10<00:35, 79.01it/s][A

23%|██▎       | 843/3662 [00:10<00:35, 78.94it/s][A

23%|██▎       | 851/3662 [00:10<00:35, 78.98it/s][A

23%|██▎       | 859/3662 [00:10<00:35, 78.95it/s][A

24%|██▎       | 867/3662 [00:10<00:35, 78.83it/s][A

24%|██▍       | 875/3662 [00:11<00:35, 78.87it/s][A

24%|██▍       | 884/3662 [00:11<00:34, 79.45it/s][A

24%|██▍       | 892/3662 [00:11<00:34, 79.52it/s][A

25%|██▍       | 900/3662 [00:11<00:34, 79.40it/s][A

25%|██▍       | 908/3662 [00:11<00:34, 79.09it/s][A

25%|██▌       | 916/3662 [00:11<00:34, 79.27it/s][A

25%|██▌       | 925/3662 [00:11<00:34, 79.70it/s][A

26%|██▌       | 934/3662 [00:11<00:34, 80.01it/s][A

26%|██▌       | 943/3662 [00:11<00:33, 80.22it/s][A

26%|██▌       | 952/3662 [00:12<00:33, 80.32it/s][A

26%|██▌       | 961/3662 [00:12<00:33, 80.36it/s][A

26%|██▋       | 970/3662 [00:12<00:33, 80.23it/s][A

27%|██▋       | 979/3662 [00:12<00:33, 79.79it/s][A

27%|██▋       | 987/3662 [00:12<00:33, 79.38it/s][A

27%|██▋       | 995/3662 [00:12<00:33, 79.16it/s][A

27%|██▋       | 1003/3662 [00:12<00:33, 79.15it/s][A

28%|██▊       | 1011/3662 [00:12<00:33, 79.20it/s][A

28%|██▊       | 1019/3662 [00:12<00:33, 79.24it/s][A

28%|██▊       | 1027/3662 [00:12<00:33, 79.03it/s][A

28%|██▊       | 1035/3662 [00:13<00:33, 78.94it/s][A

28%|██▊       | 1043/3662 [00:13<00:33, 78.79it/s][A

29%|██▊       | 1051/3662 [00:13<00:33, 78.85it/s][A

29%|██▉       | 1059/3662 [00:13<00:33, 78.85it/s][A

29%|██▉       | 1067/3662 [00:13<00:32, 78.64it/s][A

29%|██▉       | 1075/3662 [00:13<00:32, 78.69it/s][A

30%|██▉       | 1083/3662 [00:13<00:32, 78.60it/s][A

30%|██▉       | 1091/3662 [00:13<00:32, 78.72it/s][A

30%|███       | 1099/3662 [00:13<00:32, 78.77it/s][A

30%|███       | 1107/3662 [00:14<00:32, 78.80it/s][A

30%|███       | 1115/3662 [00:14<00:32, 78.83it/s][A

31%|███       | 1123/3662 [00:14<00:32, 78.85it/s][A

31%|███       | 1131/3662 [00:14<00:32, 78.94it/s][A

31%|███       | 1139/3662 [00:14<00:31, 79.02it/s][A

31%|███▏      | 1147/3662 [00:14<00:31, 79.01it/s][A

32%|███▏      | 1155/3662 [00:14<00:31, 78.74it/s][A

32%|███▏      | 1163/3662 [00:14<00:31, 78.71it/s][A

32%|███▏      | 1171/3662 [00:14<00:31, 78.80it/s][A

32%|███▏      | 1179/3662 [00:14<00:32, 77.49it/s][A

32%|███▏      | 1187/3662 [00:15<00:31, 77.89it/s][A

33%|███▎      | 1195/3662 [00:15<00:31, 78.18it/s][A

33%|███▎      | 1203/3662 [00:15<00:31, 78.34it/s][A

33%|███▎      | 1211/3662 [00:15<00:31, 78.63it/s][A

33%|███▎      | 1219/3662 [00:15<00:31, 78.73it/s][A

34%|███▎      | 1227/3662 [00:15<00:30, 78.94it/s][A

34%|███▎      | 1235/3662 [00:15<00:30, 78.93it/s][A

34%|███▍      | 1243/3662 [00:15<00:30, 79.06it/s][A

34%|███▍      | 1251/3662 [00:15<00:30, 78.94it/s][A

34%|███▍      | 1259/3662 [00:15<00:30, 78.90it/s][A

35%|███▍      | 1267/3662 [00:16<00:30, 78.90it/s][A

35%|███▍      | 1275/3662 [00:16<00:30, 78.88it/s][A

35%|███▌      | 1284/3662 [00:16<00:29, 79.49it/s][A

35%|███▌      | 1293/3662 [00:16<00:29, 79.68it/s][A

36%|███▌      | 1301/3662 [00:16<00:29, 79.71it/s][A

36%|███▌      | 1309/3662 [00:16<00:29, 79.38it/s][A

36%|███▌      | 1317/3662 [00:16<00:29, 79.26it/s][A

36%|███▌      | 1325/3662 [00:16<00:29, 79.20it/s][A

36%|███▋      | 1333/3662 [00:16<00:29, 79.01it/s][A

37%|███▋      | 1341/3662 [00:16<00:29, 78.87it/s][A

37%|███▋      | 1349/3662 [00:17<00:29, 78.88it/s][A

37%|███▋      | 1357/3662 [00:17<00:29, 78.92it/s][A

37%|███▋      | 1365/3662 [00:17<00:29, 78.99it/s][A

37%|███▋      | 1373/3662 [00:17<00:28, 78.98it/s][A

38%|███▊      | 1381/3662 [00:17<00:28, 78.96it/s][A

38%|███▊      | 1389/3662 [00:17<00:28, 78.96it/s][A

38%|███▊      | 1397/3662 [00:17<00:28, 78.93it/s][A

38%|███▊      | 1405/3662 [00:17<00:28, 78.96it/s][A

39%|███▊      | 1413/3662 [00:17<00:28, 78.70it/s][A

39%|███▉      | 1421/3662 [00:17<00:28, 78.72it/s][A

39%|███▉      | 1429/3662 [00:18<00:28, 78.75it/s][A

39%|███▉      | 1437/3662 [00:18<00:28, 78.92it/s][A

39%|███▉      | 1445/3662 [00:18<00:28, 78.86it/s][A

40%|███▉      | 1453/3662 [00:18<00:28, 78.83it/s][A

40%|███▉      | 1461/3662 [00:18<00:27, 78.86it/s][A

40%|████      | 1469/3662 [00:18<00:27, 78.69it/s][A

40%|████      | 1477/3662 [00:18<00:27, 78.70it/s][A

41%|████      | 1485/3662 [00:18<00:27, 78.78it/s][A

41%|████      | 1493/3662 [00:18<00:27, 78.80it/s][A

41%|████      | 1501/3662 [00:19<00:27, 78.73it/s][A

41%|████      | 1509/3662 [00:19<00:27, 78.73it/s][A

41%|████▏     | 1517/3662 [00:19<00:27, 78.65it/s][A

42%|████▏     | 1525/3662 [00:19<00:27, 78.74it/s][A

42%|████▏     | 1533/3662 [00:19<00:27, 78.85it/s][A

42%|████▏     | 1541/3662 [00:19<00:26, 78.87it/s][A

42%|████▏     | 1549/3662 [00:19<00:26, 78.70it/s][A

43%|████▎     | 1557/3662 [00:19<00:26, 78.81it/s][A

43%|████▎     | 1565/3662 [00:19<00:26, 78.88it/s][A

43%|████▎     | 1573/3662 [00:19<00:26, 78.87it/s][A

43%|████▎     | 1581/3662 [00:20<00:26, 78.87it/s][A

43%|████▎     | 1589/3662 [00:20<00:26, 78.85it/s][A

44%|████▎     | 1597/3662 [00:20<00:26, 78.89it/s][A

44%|████▍     | 1605/3662 [00:20<00:26, 78.93it/s][A

44%|████▍     | 1613/3662 [00:20<00:25, 78.97it/s][A

44%|████▍     | 1621/3662 [00:20<00:25, 78.78it/s][A

44%|████▍     | 1629/3662 [00:20<00:25, 78.87it/s][A

45%|████▍     | 1637/3662 [00:20<00:25, 78.84it/s][A

45%|████▍     | 1645/3662 [00:20<00:25, 78.84it/s][A

45%|████▌     | 1653/3662 [00:20<00:25, 78.93it/s][A

45%|████▌     | 1661/3662 [00:21<00:25, 79.05it/s][A

46%|████▌     | 1669/3662 [00:21<00:25, 78.84it/s][A

46%|████▌     | 1677/3662 [00:21<00:25, 78.95it/s][A

46%|████▌     | 1685/3662 [00:21<00:25, 78.95it/s][A

46%|████▌     | 1693/3662 [00:21<00:24, 78.81it/s][A

46%|████▋     | 1701/3662 [00:21<00:24, 78.89it/s][A

47%|████▋     | 1709/3662 [00:21<00:24, 78.66it/s][A

47%|████▋     | 1717/3662 [00:21<00:24, 78.82it/s][A

47%|████▋     | 1725/3662 [00:21<00:24, 78.80it/s][A

47%|████▋     | 1733/3662 [00:21<00:24, 78.71it/s][A

48%|████▊     | 1741/3662 [00:22<00:24, 78.85it/s][A

48%|████▊     | 1750/3662 [00:22<00:24, 79.20it/s][A

48%|████▊     | 1758/3662 [00:22<00:24, 79.11it/s][A

48%|████▊     | 1766/3662 [00:22<00:23, 79.04it/s][A

48%|████▊     | 1774/3662 [00:22<00:23, 79.02it/s][A

49%|████▊     | 1782/3662 [00:22<00:23, 78.95it/s][A

49%|████▉     | 1790/3662 [00:22<00:23, 78.91it/s][A

49%|████▉     | 1798/3662 [00:22<00:23, 78.88it/s][A

49%|████▉     | 1806/3662 [00:22<00:23, 78.82it/s][A

50%|████▉     | 1814/3662 [00:22<00:23, 78.83it/s][A

50%|████▉     | 1822/3662 [00:23<00:23, 78.75it/s][A

50%|████▉     | 1830/3662 [00:23<00:23, 78.77it/s][A

50%|█████     | 1838/3662 [00:23<00:23, 78.97it/s][A

50%|█████     | 1846/3662 [00:23<00:23, 78.88it/s][A

51%|█████     | 1854/3662 [00:23<00:22, 78.86it/s][A

51%|█████     | 1862/3662 [00:23<00:22, 78.80it/s][A

51%|█████     | 1870/3662 [00:23<00:22, 78.97it/s][A

51%|█████▏    | 1878/3662 [00:23<00:22, 78.92it/s][A

52%|█████▏    | 1886/3662 [00:23<00:22, 79.09it/s][A

52%|█████▏    | 1894/3662 [00:23<00:22, 79.13it/s][A

52%|█████▏    | 1903/3662 [00:24<00:22, 79.48it/s][A

52%|█████▏    | 1912/3662 [00:24<00:21, 79.90it/s][A

52%|█████▏    | 1921/3662 [00:24<00:21, 80.12it/s][A

53%|█████▎    | 1930/3662 [00:24<00:21, 80.24it/s][A

53%|█████▎    | 1939/3662 [00:24<00:21, 80.23it/s][A

53%|█████▎    | 1948/3662 [00:24<00:21, 80.15it/s][A

53%|█████▎    | 1957/3662 [00:24<00:21, 80.20it/s][A

54%|█████▎    | 1966/3662 [00:24<00:21, 79.74it/s][A

54%|█████▍    | 1974/3662 [00:24<00:21, 79.51it/s][A

54%|█████▍    | 1982/3662 [00:25<00:21, 79.28it/s][A

54%|█████▍    | 1990/3662 [00:25<00:21, 79.03it/s][A

55%|█████▍    | 1998/3662 [00:25<00:21, 78.83it/s][A

55%|█████▍    | 2006/3662 [00:25<00:21, 78.85it/s][A

55%|█████▍    | 2014/3662 [00:25<00:20, 78.81it/s][A

55%|█████▌    | 2022/3662 [00:25<00:20, 78.80it/s][A

55%|█████▌    | 2030/3662 [00:25<00:20, 78.83it/s][A

56%|█████▌    | 2038/3662 [00:25<00:20, 78.79it/s][A

56%|█████▌    | 2046/3662 [00:25<00:20, 78.66it/s][A

56%|█████▌    | 2054/3662 [00:26<00:20, 78.76it/s][A

56%|█████▋    | 2062/3662 [00:26<00:20, 78.74it/s][A

57%|█████▋    | 2070/3662 [00:26<00:20, 78.87it/s][A

57%|█████▋    | 2078/3662 [00:26<00:20, 79.00it/s][A

57%|█████▋    | 2086/3662 [00:26<00:19, 78.94it/s][A

57%|█████▋    | 2094/3662 [00:26<00:19, 78.85it/s][A

57%|█████▋    | 2102/3662 [00:26<00:19, 78.81it/s][A

58%|█████▊    | 2110/3662 [00:26<00:19, 78.76it/s][A

58%|█████▊    | 2118/3662 [00:26<00:19, 78.83it/s][A

58%|█████▊    | 2126/3662 [00:26<00:19, 78.86it/s][A

58%|█████▊    | 2134/3662 [00:27<00:19, 78.93it/s][A

58%|█████▊    | 2142/3662 [00:27<00:19, 78.95it/s][A

59%|█████▊    | 2150/3662 [00:27<00:19, 78.95it/s][A

59%|█████▉    | 2158/3662 [00:27<00:19, 78.82it/s][A

59%|█████▉    | 2166/3662 [00:27<00:19, 78.62it/s][A

59%|█████▉    | 2174/3662 [00:27<00:18, 78.72it/s][A

60%|█████▉    | 2182/3662 [00:27<00:18, 78.68it/s][A

60%|█████▉    | 2190/3662 [00:27<00:18, 78.69it/s][A

60%|██████    | 2198/3662 [00:27<00:18, 78.73it/s][A

60%|██████    | 2206/3662 [00:27<00:18, 78.73it/s][A

60%|██████    | 2214/3662 [00:28<00:18, 78.60it/s][A

61%|██████    | 2222/3662 [00:28<00:18, 78.65it/s][A

61%|██████    | 2230/3662 [00:28<00:18, 78.88it/s][A

61%|██████    | 2238/3662 [00:28<00:18, 78.95it/s][A

61%|██████▏   | 2246/3662 [00:28<00:17, 79.10it/s][A

62%|██████▏   | 2254/3662 [00:28<00:17, 79.06it/s][A

62%|██████▏   | 2262/3662 [00:28<00:17, 78.84it/s][A

62%|██████▏   | 2270/3662 [00:28<00:17, 78.79it/s][A

62%|██████▏   | 2278/3662 [00:28<00:17, 78.83it/s][A

62%|██████▏   | 2286/3662 [00:28<00:17, 78.75it/s][A

63%|██████▎   | 2294/3662 [00:29<00:17, 78.77it/s][A

63%|██████▎   | 2302/3662 [00:29<00:17, 78.75it/s][A

63%|██████▎   | 2310/3662 [00:29<00:17, 78.94it/s][A

63%|██████▎   | 2318/3662 [00:29<00:17, 78.77it/s][A

64%|██████▎   | 2326/3662 [00:29<00:16, 78.72it/s][A

64%|██████▎   | 2334/3662 [00:29<00:16, 79.01it/s][A

64%|██████▍   | 2343/3662 [00:29<00:16, 79.35it/s][A

64%|██████▍   | 2352/3662 [00:29<00:16, 79.64it/s][A

64%|██████▍   | 2361/3662 [00:29<00:16, 79.78it/s][A

65%|██████▍   | 2370/3662 [00:30<00:16, 79.95it/s][A

65%|██████▍   | 2378/3662 [00:30<00:16, 79.61it/s][A

65%|██████▌   | 2386/3662 [00:30<00:16, 79.41it/s][A

65%|██████▌   | 2394/3662 [00:30<00:15, 79.33it/s][A

66%|██████▌   | 2402/3662 [00:30<00:15, 79.06it/s][A

66%|██████▌   | 2410/3662 [00:30<00:15, 78.96it/s][A

66%|██████▌   | 2418/3662 [00:30<00:15, 78.69it/s][A

66%|██████▌   | 2426/3662 [00:30<00:15, 78.80it/s][A

66%|██████▋   | 2434/3662 [00:30<00:15, 78.77it/s][A

67%|██████▋   | 2442/3662 [00:30<00:15, 78.83it/s][A

67%|██████▋   | 2450/3662 [00:31<00:15, 78.74it/s][A

67%|██████▋   | 2458/3662 [00:31<00:15, 78.65it/s][A

67%|██████▋   | 2466/3662 [00:31<00:15, 78.82it/s][A

68%|██████▊   | 2474/3662 [00:31<00:15, 78.92it/s][A

68%|██████▊   | 2482/3662 [00:31<00:14, 78.97it/s][A

68%|██████▊   | 2490/3662 [00:31<00:14, 78.98it/s][A

68%|██████▊   | 2498/3662 [00:31<00:14, 78.86it/s][A

68%|██████▊   | 2506/3662 [00:31<00:14, 78.84it/s][A

69%|██████▊   | 2514/3662 [00:31<00:14, 78.87it/s][A

69%|██████▉   | 2522/3662 [00:31<00:14, 78.92it/s][A

69%|██████▉   | 2530/3662 [00:32<00:14, 78.86it/s][A

69%|██████▉   | 2538/3662 [00:32<00:14, 78.89it/s][A

70%|██████▉   | 2546/3662 [00:32<00:14, 78.80it/s][A

70%|██████▉   | 2554/3662 [00:32<00:14, 78.80it/s][A

70%|██████▉   | 2562/3662 [00:32<00:13, 78.90it/s][A

70%|███████   | 2570/3662 [00:32<00:13, 79.01it/s][A

70%|███████   | 2578/3662 [00:32<00:13, 78.73it/s][A

71%|███████   | 2587/3662 [00:32<00:13, 79.16it/s][A

71%|███████   | 2596/3662 [00:32<00:13, 79.53it/s][A

71%|███████   | 2605/3662 [00:32<00:13, 79.67it/s][A

71%|███████▏  | 2614/3662 [00:33<00:13, 79.99it/s][A

72%|███████▏  | 2623/3662 [00:33<00:12, 80.29it/s][A

72%|███████▏  | 2632/3662 [00:33<00:12, 79.85it/s][A

72%|███████▏  | 2640/3662 [00:33<00:12, 79.64it/s][A

72%|███████▏  | 2648/3662 [00:33<00:12, 79.34it/s][A

73%|███████▎  | 2656/3662 [00:33<00:12, 79.13it/s][A

73%|███████▎  | 2664/3662 [00:33<00:12, 79.13it/s][A

73%|███████▎  | 2672/3662 [00:33<00:12, 78.88it/s][A

73%|███████▎  | 2680/3662 [00:33<00:12, 78.71it/s][A

73%|███████▎  | 2688/3662 [00:34<00:12, 78.90it/s][A

74%|███████▎  | 2696/3662 [00:34<00:12, 78.86it/s][A

74%|███████▍  | 2704/3662 [00:34<00:12, 78.98it/s][A

74%|███████▍  | 2712/3662 [00:34<00:12, 79.12it/s][A

74%|███████▍  | 2720/3662 [00:34<00:11, 79.26it/s][A

74%|███████▍  | 2728/3662 [00:34<00:11, 79.13it/s][A

75%|███████▍  | 2736/3662 [00:34<00:11, 79.10it/s][A

75%|███████▍  | 2744/3662 [00:34<00:11, 79.13it/s][A

75%|███████▌  | 2752/3662 [00:34<00:11, 79.01it/s][A

75%|███████▌  | 2760/3662 [00:34<00:11, 78.84it/s][A

76%|███████▌  | 2768/3662 [00:35<00:11, 78.75it/s][A

76%|███████▌  | 2776/3662 [00:35<00:11, 78.83it/s][A

76%|███████▌  | 2784/3662 [00:35<00:11, 78.79it/s][A

76%|███████▌  | 2792/3662 [00:35<00:11, 78.96it/s][A

76%|███████▋  | 2800/3662 [00:35<00:10, 78.93it/s][A

77%|███████▋  | 2808/3662 [00:35<00:10, 78.99it/s][A

77%|███████▋  | 2816/3662 [00:35<00:10, 79.09it/s][A

77%|███████▋  | 2824/3662 [00:35<00:10, 79.22it/s][A

77%|███████▋  | 2832/3662 [00:35<00:10, 79.18it/s][A

78%|███████▊  | 2840/3662 [00:35<00:10, 79.11it/s][A

78%|███████▊  | 2848/3662 [00:36<00:10, 79.16it/s][A

78%|███████▊  | 2856/3662 [00:36<00:10, 79.09it/s][A

78%|███████▊  | 2864/3662 [00:36<00:10, 79.06it/s][A

78%|███████▊  | 2872/3662 [00:36<00:09, 79.21it/s][A

79%|███████▊  | 2880/3662 [00:36<00:09, 79.29it/s][A

79%|███████▉  | 2888/3662 [00:36<00:09, 79.14it/s][A

79%|███████▉  | 2896/3662 [00:36<00:09, 78.96it/s][A

79%|███████▉  | 2904/3662 [00:36<00:09, 79.17it/s][A

80%|███████▉  | 2912/3662 [00:36<00:09, 79.13it/s][A

80%|███████▉  | 2920/3662 [00:36<00:09, 78.92it/s][A

80%|███████▉  | 2928/3662 [00:37<00:09, 78.98it/s][A

80%|████████  | 2936/3662 [00:37<00:09, 79.08it/s][A

80%|████████  | 2944/3662 [00:37<00:09, 78.94it/s][A

81%|████████  | 2952/3662 [00:37<00:09, 78.84it/s][A

81%|████████  | 2960/3662 [00:37<00:08, 78.93it/s][A

81%|████████  | 2968/3662 [00:37<00:08, 79.08it/s][A

81%|████████▏ | 2976/3662 [00:37<00:08, 79.06it/s][A

81%|████████▏ | 2984/3662 [00:37<00:08, 79.13it/s][A

82%|████████▏ | 2993/3662 [00:37<00:08, 79.47it/s][A

82%|████████▏ | 3002/3662 [00:37<00:08, 79.74it/s][A

82%|████████▏ | 3010/3662 [00:38<00:08, 79.77it/s][A

82%|████████▏ | 3019/3662 [00:38<00:08, 80.01it/s][A

83%|████████▎ | 3028/3662 [00:38<00:07, 80.25it/s][A

83%|████████▎ | 3037/3662 [00:38<00:07, 80.18it/s][A

83%|████████▎ | 3046/3662 [00:38<00:07, 80.08it/s][A

83%|████████▎ | 3055/3662 [00:38<00:07, 80.13it/s][A

84%|████████▎ | 3064/3662 [00:38<00:07, 80.12it/s][A

84%|████████▍ | 3073/3662 [00:38<00:07, 80.06it/s][A

84%|████████▍ | 3082/3662 [00:38<00:07, 80.17it/s][A

84%|████████▍ | 3091/3662 [00:39<00:07, 80.20it/s][A

85%|████████▍ | 3100/3662 [00:39<00:07, 80.25it/s][A

85%|████████▍ | 3109/3662 [00:39<00:06, 80.22it/s][A

85%|████████▌ | 3118/3662 [00:39<00:06, 80.21it/s][A

85%|████████▌ | 3127/3662 [00:39<00:06, 79.97it/s][A

86%|████████▌ | 3136/3662 [00:39<00:06, 80.13it/s][A

86%|████████▌ | 3145/3662 [00:39<00:06, 80.11it/s][A

86%|████████▌ | 3154/3662 [00:39<00:06, 80.26it/s][A

86%|████████▋ | 3163/3662 [00:40<00:06, 80.20it/s][A

87%|████████▋ | 3172/3662 [00:40<00:06, 79.94it/s][A

87%|████████▋ | 3180/3662 [00:40<00:06, 79.60it/s][A

87%|████████▋ | 3188/3662 [00:40<00:05, 79.50it/s][A

87%|████████▋ | 3196/3662 [00:40<00:05, 79.51it/s][A

87%|████████▋ | 3204/3662 [00:40<00:05, 79.52it/s][A

88%|████████▊ | 3212/3662 [00:40<00:05, 79.25it/s][A

88%|████████▊ | 3220/3662 [00:40<00:05, 79.13it/s][A

88%|████████▊ | 3229/3662 [00:40<00:05, 79.56it/s][A

88%|████████▊ | 3238/3662 [00:40<00:05, 79.85it/s][A

89%|████████▊ | 3247/3662 [00:41<00:05, 80.01it/s][A

89%|████████▉ | 3256/3662 [00:41<00:05, 80.34it/s][A

89%|████████▉ | 3265/3662 [00:41<00:04, 80.32it/s][A

89%|████████▉ | 3274/3662 [00:41<00:04, 80.33it/s][A

90%|████████▉ | 3283/3662 [00:41<00:04, 80.32it/s][A

90%|████████▉ | 3292/3662 [00:41<00:04, 80.51it/s][A

90%|█████████ | 3301/3662 [00:41<00:04, 80.57it/s][A

90%|█████████ | 3310/3662 [00:41<00:04, 80.57it/s][A

91%|█████████ | 3319/3662 [00:41<00:04, 80.58it/s][A

91%|█████████ | 3328/3662 [00:42<00:04, 80.06it/s][A

91%|█████████ | 3337/3662 [00:42<00:04, 79.31it/s][A

91%|█████████▏| 3345/3662 [00:42<00:04, 78.92it/s][A

92%|█████████▏| 3353/3662 [00:42<00:03, 78.64it/s][A

92%|█████████▏| 3361/3662 [00:42<00:03, 78.38it/s][A

92%|█████████▏| 3369/3662 [00:42<00:03, 78.34it/s][A

92%|█████████▏| 3377/3662 [00:42<00:03, 78.07it/s][A

92%|█████████▏| 3385/3662 [00:42<00:03, 77.85it/s][A

93%|█████████▎| 3393/3662 [00:42<00:03, 77.81it/s][A

93%|█████████▎| 3401/3662 [00:43<00:03, 77.74it/s][A

93%|█████████▎| 3409/3662 [00:43<00:03, 77.67it/s][A

93%|█████████▎| 3417/3662 [00:43<00:03, 77.70it/s][A

94%|█████████▎| 3425/3662 [00:43<00:03, 77.77it/s][A

94%|█████████▎| 3433/3662 [00:43<00:02, 77.74it/s][A

94%|█████████▍| 3441/3662 [00:43<00:02, 77.67it/s][A

94%|█████████▍| 3449/3662 [00:43<00:02, 77.58it/s][A

94%|█████████▍| 3457/3662 [00:43<00:02, 77.56it/s][A

95%|█████████▍| 3465/3662 [00:43<00:02, 77.64it/s][A

95%|█████████▍| 3473/3662 [00:43<00:02, 77.49it/s][A

95%|█████████▌| 3481/3662 [00:44<00:02, 77.52it/s][A

95%|█████████▌| 3489/3662 [00:44<00:02, 77.54it/s][A

95%|█████████▌| 3497/3662 [00:44<00:02, 77.60it/s][A

96%|█████████▌| 3505/3662 [00:44<00:02, 77.53it/s][A

96%|█████████▌| 3513/3662 [00:44<00:01, 77.64it/s][A

96%|█████████▌| 3521/3662 [00:44<00:01, 77.71it/s][A

96%|█████████▋| 3529/3662 [00:44<00:01, 77.62it/s][A

97%|█████████▋| 3537/3662 [00:44<00:01, 77.86it/s][A

97%|█████████▋| 3545/3662 [00:44<00:01, 77.83it/s][A

97%|█████████▋| 3553/3662 [00:44<00:01, 77.82it/s][A

97%|█████████▋| 3561/3662 [00:45<00:01, 77.75it/s][A

97%|█████████▋| 3569/3662 [00:45<00:01, 77.73it/s][A

98%|█████████▊| 3577/3662 [00:45<00:01, 77.67it/s][A

98%|█████████▊| 3585/3662 [00:45<00:00, 77.75it/s][A

98%|█████████▊| 3593/3662 [00:45<00:00, 77.80it/s][A

98%|█████████▊| 3601/3662 [00:45<00:00, 77.77it/s][A

99%|█████████▊| 3609/3662 [00:45<00:00, 77.67it/s][A

99%|█████████▉| 3617/3662 [00:45<00:00, 77.75it/s][A

99%|█████████▉| 3625/3662 [00:45<00:00, 77.73it/s][A

99%|█████████▉| 3633/3662 [00:45<00:00, 77.99it/s][A

99%|█████████▉| 3641/3662 [00:46<00:00, 77.78it/s][A

100%|█████████▉| 3649/3662 [00:46<00:00, 78.28it/s][A

100%|█████████▉| 3658/3662 [00:46<00:00, 79.40it/s][A



[A{'eval_loss': '6.434', 'eval_runtime': '46.8', 'eval_samples_per_second': 
'626', 'eval_steps_per_second': '78.25', 'epoch': '0.1376'}

1%|▏         | 1500/109000 [15:51<13:06:08,  2.28it/s]

100%|██████████| 3662/3662 [00:46<00:00, 79.40it/s][A

[A

Writing model shards:   0%|          | 0/1 [00:00<?, ?it/s][A

Writing model shards: 100%|██████████| 1/1 [00:00<00:00,  1.59it/s][A
Writing model shards: 100%|██████████| 1/1 [00:00<00:00,  1.59it/s]

1%|▏         | 1501/109000 [15:54<453:29:49, 15.19s/it]
1%|▏         | 1502/109000 [15:54<321:35:57, 10.77s/it]
1%|▏         | 1503/109000 [15:55<229:02:48,  7.67s/it]
1%|▏         | 1504/109000 [15:55<164:15:17,  5.50s/it]
1%|▏         | 1505/109000 [15:56<118:54:16,  3.98s/it]
1%|▏         | 1506/109000 [15:56<87:10:05,  2.92s/it]
1%|▏         | 1507/109000 [15:56<64:57:43,  2.18s/it]
1%|▏         | 1508/109000 [15:57<49:23:48,  1.65s/it]
1%|▏         | 1509/109000 [15:57<38:30:27,  1.29s/it]
1%|▏         | 1510/109000 [15:58<30:53:25,  1.03s/it]
1%|▏         | 1511/109000 [15:58<25:33:25,  1.17it/s]
1%|▏         | 1512/109000 [15:59<21:48:46,  1.37it/s]
1%|▏         | 1513/109000 [15:59<19:11:39,  1.56it/s]
1%|▏         | 1514/109000 [16:00<17:22:54,  1.72it/s]
1%|▏         | 1515/109000 [16:00<16:05:59,  1.85it/s]
1%|▏         | 1516/109000 [16:00<15:12:04,  1.96it/s]
1%|▏         | 1517/109000 [16:01<14:34:02,  2.05it/s]
1%|▏         | 1518/109000 [16:01<14:08:36,  2.11it/s]
1%|▏         | 1519/109000 [16:02<13:50:12,  2.16it/s]
1%|▏         | 1520/109000 [16:02<13:36:31,  2.19it/s]
1%|▏         | 1521/109000 [16:03<13:27:12,  2.22it/s]
1%|▏         | 1522/109000 [16:03<13:21:27,  2.24it/s]
1%|▏         | 1523/109000 [16:04<13:17:03,  2.25it/s]
1%|▏         | 1524/109000 [16:04<13:12:58,  2.26it/s]
1%|▏         | 1525/109000 [16:04<13:11:20,  2.26it/s]
1%|▏         | 1526/109000 [16:05<13:10:09,  2.27it/s]
1%|▏         | 1527/109000 [16:05<13:08:26,  2.27it/s]
1%|▏         | 1528/109000 [16:06<13:07:34,  2.27it/s]
1%|▏         | 1529/109000 [16:06<13:07:22,  2.27it/s]
1%|▏         | 1530/109000 [16:07<13:07:09,  2.28it/s]
1%|▏         | 1531/109000 [16:07<13:06:32,  2.28it/s]
1%|▏         | 1532/109000 [16:07<13:06:33,  2.28it/s]
1%|▏         | 1533/109000 [16:08<13:06:52,  2.28it/s]
1%|▏         | 1534/109000 [16:08<13:06:02,  2.28it/s]
1%|▏         | 1535/109000 [16:09<13:06:05,  2.28it/s]
1%|▏         | 1536/109000 [16:09<13:06:21,  2.28it/s]
1%|▏         | 1537/109000 [16:10<13:06:08,  2.28it/s]
1%|▏         | 1538/109000 [16:10<13:05:24,  2.28it/s]
1%|▏         | 1539/109000 [16:11<13:06:26,  2.28it/s]
1%|▏         | 1540/109000 [16:11<13:06:35,  2.28it/s]
1%|▏         | 1541/109000 [16:11<13:06:12,  2.28it/s]
1%|▏         | 1542/109000 [16:12<13:06:13,  2.28it/s]
1%|▏         | 1543/109000 [16:12<13:06:30,  2.28it/s]
1%|▏         | 1544/109000 [16:13<13:06:54,  2.28it/s]
1%|▏         | 1545/109000 [16:13<13:06:00,  2.28it/s]
1%|▏         | 1546/109000 [16:14<13:06:34,  2.28it/s]
1%|▏         | 1547/109000 [16:14<13:06:48,  2.28it/s]
1%|▏         | 1548/109000 [16:14<13:06:36,  2.28it/s]
1%|▏         | 1549/109000 [16:15<13:05:58,  2.28it/s]
1%|▏         | 1550/109000 [16:15<13:06:10,  2.28it/s]

{'loss': '6.427', 'grad_norm': '0.894', 'learning_rate': '4.929e-05', 'epoch': 
'0.1422'}

1%|▏         | 1550/109000 [16:15<13:06:10,  2.28it/s]
1%|▏         | 1551/109000 [16:16<13:06:47,  2.28it/s]
1%|▏         | 1552/109000 [16:16<13:06:35,  2.28it/s]
1%|▏         | 1553/109000 [16:17<13:06:09,  2.28it/s]
1%|▏         | 1554/109000 [16:17<13:06:06,  2.28it/s]
1%|▏         | 1555/109000 [16:18<13:07:02,  2.28it/s]
1%|▏         | 1556/109000 [16:18<13:06:24,  2.28it/s]
1%|▏         | 1557/109000 [16:18<13:05:35,  2.28it/s]
1%|▏         | 1558/109000 [16:19<13:05:45,  2.28it/s]
1%|▏         | 1559/109000 [16:19<13:06:07,  2.28it/s]
1%|▏         | 1560/109000 [16:20<13:05:16,  2.28it/s]
1%|▏         | 1561/109000 [16:20<13:05:25,  2.28it/s]
1%|▏         | 1562/109000 [16:21<13:06:12,  2.28it/s]
1%|▏         | 1563/109000 [16:21<13:06:04,  2.28it/s]
1%|▏         | 1564/109000 [16:22<13:05:17,  2.28it/s]
1%|▏         | 1565/109000 [16:22<13:05:52,  2.28it/s]
1%|▏         | 1566/109000 [16:22<13:06:06,  2.28it/s]
1%|▏         | 1567/109000 [16:23<13:05:42,  2.28it/s]
1%|▏         | 1568/109000 [16:23<13:05:35,  2.28it/s]
1%|▏         | 1569/109000 [16:24<13:06:07,  2.28it/s]
1%|▏         | 1570/109000 [16:24<13:05:40,  2.28it/s]
1%|▏         | 1571/109000 [16:25<13:05:45,  2.28it/s]
1%|▏         | 1572/109000 [16:25<13:05:40,  2.28it/s]
1%|▏         | 1573/109000 [16:25<13:06:14,  2.28it/s]
1%|▏         | 1574/109000 [16:26<13:05:46,  2.28it/s]
1%|▏         | 1575/109000 [16:26<13:05:59,  2.28it/s]
1%|▏         | 1576/109000 [16:27<13:06:07,  2.28it/s]
1%|▏         | 1577/109000 [16:27<13:06:08,  2.28it/s]
1%|▏         | 1578/109000 [16:28<13:05:52,  2.28it/s]
1%|▏         | 1579/109000 [16:28<13:05:35,  2.28it/s]
1%|▏         | 1580/109000 [16:29<13:06:01,  2.28it/s]
1%|▏         | 1581/109000 [16:29<13:05:48,  2.28it/s]
1%|▏         | 1582/109000 [16:29<13:06:25,  2.28it/s]
1%|▏         | 1583/109000 [16:30<13:07:03,  2.27it/s]
1%|▏         | 1584/109000 [16:30<13:06:12,  2.28it/s]
1%|▏         | 1585/109000 [16:31<13:05:27,  2.28it/s]
1%|▏         | 1586/109000 [16:31<13:05:21,  2.28it/s]
1%|▏         | 1587/109000 [16:32<13:05:14,  2.28it/s]
1%|▏         | 1588/109000 [16:32<13:05:29,  2.28it/s]
1%|▏         | 1589/109000 [16:32<13:05:26,  2.28it/s]
1%|▏         | 1590/109000 [16:33<13:05:33,  2.28it/s]
1%|▏         | 1591/109000 [16:33<13:05:18,  2.28it/s]
1%|▏         | 1592/109000 [16:34<13:05:24,  2.28it/s]
1%|▏         | 1593/109000 [16:34<13:05:41,  2.28it/s]
1%|▏         | 1594/109000 [16:35<13:05:40,  2.28it/s]
1%|▏         | 1595/109000 [16:35<13:05:28,  2.28it/s]
1%|▏         | 1596/109000 [16:36<13:06:32,  2.28it/s]
1%|▏         | 1597/109000 [16:36<13:05:36,  2.28it/s]
1%|▏         | 1598/109000 [16:36<13:05:14,  2.28it/s]
1%|▏         | 1599/109000 [16:37<13:06:00,  2.28it/s]
1%|▏         | 1600/109000 [16:37<13:05:22,  2.28it/s]

{'loss': '6.41', 'grad_norm': '1.429', 'learning_rate': '4.927e-05', 'epoch': 
'0.1468'}

1%|▏         | 1600/109000 [16:37<13:05:22,  2.28it/s]
1%|▏         | 1601/109000 [16:38<13:05:37,  2.28it/s]
1%|▏         | 1602/109000 [16:38<13:05:44,  2.28it/s]
1%|▏         | 1603/109000 [16:39<13:05:49,  2.28it/s]
1%|▏         | 1604/109000 [16:39<13:05:33,  2.28it/s]
1%|▏         | 1605/109000 [16:40<13:05:40,  2.28it/s]
1%|▏         | 1606/109000 [16:40<13:06:10,  2.28it/s]
1%|▏         | 1607/109000 [16:40<13:05:47,  2.28it/s]
1%|▏         | 1608/109000 [16:41<13:05:35,  2.28it/s]
1%|▏         | 1609/109000 [16:41<13:05:44,  2.28it/s]
1%|▏         | 1610/109000 [16:42<13:05:40,  2.28it/s]
1%|▏         | 1611/109000 [16:42<13:05:03,  2.28it/s]
1%|▏         | 1612/109000 [16:43<13:05:52,  2.28it/s]
1%|▏         | 1613/109000 [16:43<13:06:13,  2.28it/s]
1%|▏         | 1614/109000 [16:43<13:05:30,  2.28it/s]
1%|▏         | 1615/109000 [16:44<13:05:44,  2.28it/s]
1%|▏         | 1616/109000 [16:44<13:06:03,  2.28it/s]
1%|▏         | 1617/109000 [16:45<13:05:41,  2.28it/s]
1%|▏         | 1618/109000 [16:45<13:05:17,  2.28it/s]
1%|▏         | 1619/109000 [16:46<13:05:36,  2.28it/s]
1%|▏         | 1620/109000 [16:46<13:05:53,  2.28it/s]
1%|▏         | 1621/109000 [16:47<13:04:49,  2.28it/s]
1%|▏         | 1622/109000 [16:47<13:05:30,  2.28it/s]
1%|▏         | 1623/109000 [16:47<13:06:06,  2.28it/s]
1%|▏         | 1624/109000 [16:48<13:05:15,  2.28it/s]
1%|▏         | 1625/109000 [16:48<13:05:00,  2.28it/s]
1%|▏         | 1626/109000 [16:49<13:05:18,  2.28it/s]
1%|▏         | 1627/109000 [16:49<13:05:09,  2.28it/s]
1%|▏         | 1628/109000 [16:50<13:05:22,  2.28it/s]
1%|▏         | 1629/109000 [16:50<13:05:23,  2.28it/s]
1%|▏         | 1630/109000 [16:50<13:05:38,  2.28it/s]
1%|▏         | 1631/109000 [16:51<13:05:24,  2.28it/s]
1%|▏         | 1632/109000 [16:51<13:05:09,  2.28it/s]
1%|▏         | 1633/109000 [16:52<13:05:20,  2.28it/s]
1%|▏         | 1634/109000 [16:52<13:05:34,  2.28it/s]
2%|▏         | 1635/109000 [16:53<13:04:41,  2.28it/s]
2%|▏         | 1636/109000 [16:53<13:05:15,  2.28it/s]
2%|▏         | 1637/109000 [16:54<13:05:30,  2.28it/s]
2%|▏         | 1638/109000 [16:54<13:05:00,  2.28it/s]
2%|▏         | 1639/109000 [16:54<13:05:09,  2.28it/s]
2%|▏         | 1640/109000 [16:55<13:05:34,  2.28it/s]
2%|▏         | 1641/109000 [16:55<13:05:23,  2.28it/s]
2%|▏         | 1642/109000 [16:56<13:04:46,  2.28it/s]
2%|▏         | 1643/109000 [16:56<13:04:54,  2.28it/s]
2%|▏         | 1644/109000 [16:57<13:06:01,  2.28it/s]
2%|▏         | 1645/109000 [16:57<13:05:33,  2.28it/s]
2%|▏         | 1646/109000 [16:58<13:04:45,  2.28it/s]
2%|▏         | 1647/109000 [16:58<13:05:16,  2.28it/s]
2%|▏         | 1648/109000 [16:58<13:05:31,  2.28it/s]
2%|▏         | 1649/109000 [16:59<13:05:02,  2.28it/s]
2%|▏         | 1650/109000 [16:59<13:04:42,  2.28it/s]

{'loss': '6.348', 'grad_norm': '0.9739', 'learning_rate': '4.924e-05', 'epoch': 
'0.1514'}

2%|▏         | 1650/109000 [16:59<13:04:42,  2.28it/s]
2%|▏         | 1651/109000 [17:00<13:05:29,  2.28it/s]
2%|▏         | 1652/109000 [17:00<13:05:55,  2.28it/s]
2%|▏         | 1653/109000 [17:01<13:04:49,  2.28it/s]
2%|▏         | 1654/109000 [17:01<13:04:49,  2.28it/s]
2%|▏         | 1655/109000 [17:01<13:05:40,  2.28it/s]
2%|▏         | 1656/109000 [17:02<13:04:58,  2.28it/s]
2%|▏         | 1657/109000 [17:02<13:04:32,  2.28it/s]
2%|▏         | 1658/109000 [17:03<13:05:08,  2.28it/s]
2%|▏         | 1659/109000 [17:03<13:05:15,  2.28it/s]
2%|▏         | 1660/109000 [17:04<13:05:01,  2.28it/s]
2%|▏         | 1661/109000 [17:04<13:04:58,  2.28it/s]
2%|▏         | 1662/109000 [17:05<13:05:17,  2.28it/s]
2%|▏         | 1663/109000 [17:05<13:05:29,  2.28it/s]
2%|▏         | 1664/109000 [17:05<13:04:51,  2.28it/s]
2%|▏         | 1665/109000 [17:06<13:05:07,  2.28it/s]
2%|▏         | 1666/109000 [17:06<13:05:29,  2.28it/s]
2%|▏         | 1667/109000 [17:07<13:04:46,  2.28it/s]
2%|▏         | 1668/109000 [17:07<13:05:03,  2.28it/s]
2%|▏         | 1669/109000 [17:08<13:05:11,  2.28it/s]
2%|▏         | 1670/109000 [17:08<13:05:13,  2.28it/s]
2%|▏         | 1671/109000 [17:08<13:04:49,  2.28it/s]
2%|▏         | 1672/109000 [17:09<13:04:55,  2.28it/s]
2%|▏         | 1673/109000 [17:09<13:05:12,  2.28it/s]
2%|▏         | 1674/109000 [17:10<13:04:58,  2.28it/s]
2%|▏         | 1675/109000 [17:10<13:04:21,  2.28it/s]
2%|▏         | 1676/109000 [17:11<13:05:09,  2.28it/s]
2%|▏         | 1677/109000 [17:11<13:05:21,  2.28it/s]
2%|▏         | 1678/109000 [17:12<13:04:41,  2.28it/s]
2%|▏         | 1679/109000 [17:12<13:04:49,  2.28it/s]
2%|▏         | 1680/109000 [17:12<13:05:14,  2.28it/s]
2%|▏         | 1681/109000 [17:13<13:04:46,  2.28it/s]
2%|▏         | 1682/109000 [17:13<13:04:04,  2.28it/s]
2%|▏         | 1683/109000 [17:14<13:04:45,  2.28it/s]
2%|▏         | 1684/109000 [17:14<13:05:36,  2.28it/s]
2%|▏         | 1685/109000 [17:15<13:04:40,  2.28it/s]
2%|▏         | 1686/109000 [17:15<13:04:37,  2.28it/s]
2%|▏         | 1687/109000 [17:16<13:05:21,  2.28it/s]
2%|▏         | 1688/109000 [17:16<13:04:53,  2.28it/s]
2%|▏         | 1689/109000 [17:16<13:04:15,  2.28it/s]
2%|▏         | 1690/109000 [17:17<13:04:40,  2.28it/s]
2%|▏         | 1691/109000 [17:17<13:04:50,  2.28it/s]
2%|▏         | 1692/109000 [17:18<13:04:50,  2.28it/s]
2%|▏         | 1693/109000 [17:18<13:04:44,  2.28it/s]
2%|▏         | 1694/109000 [17:19<13:05:01,  2.28it/s]
2%|▏         | 1695/109000 [17:19<13:04:58,  2.28it/s]
2%|▏         | 1696/109000 [17:19<13:04:29,  2.28it/s]
2%|▏         | 1697/109000 [17:20<13:04:40,  2.28it/s]
2%|▏         | 1698/109000 [17:20<13:04:58,  2.28it/s]
2%|▏         | 1699/109000 [17:21<13:04:20,  2.28it/s]
2%|▏         | 1700/109000 [17:21<13:04:56,  2.28it/s]

{'loss': '6.34', 'grad_norm': '2.049', 'learning_rate': '4.922e-05', 'epoch': 
'0.156'}

2%|▏         | 1700/109000 [17:21<13:04:56,  2.28it/s]
2%|▏         | 1701/109000 [17:22<13:05:29,  2.28it/s]
2%|▏         | 1702/109000 [17:22<13:05:34,  2.28it/s]
2%|▏         | 1703/109000 [17:23<13:05:03,  2.28it/s]
2%|▏         | 1704/109000 [17:23<13:04:59,  2.28it/s]
2%|▏         | 1705/109000 [17:23<13:04:56,  2.28it/s]
2%|▏         | 1706/109000 [17:24<13:04:34,  2.28it/s]
2%|▏         | 1707/109000 [17:24<13:04:05,  2.28it/s]
2%|▏         | 1708/109000 [17:25<13:04:47,  2.28it/s]
2%|▏         | 1709/109000 [17:25<13:05:05,  2.28it/s]
2%|▏         | 1710/109000 [17:26<13:04:29,  2.28it/s]
2%|▏         | 1711/109000 [17:26<13:04:35,  2.28it/s]
2%|▏         | 1712/109000 [17:26<13:04:50,  2.28it/s]
2%|▏         | 1713/109000 [17:27<13:04:29,  2.28it/s]
2%|▏         | 1714/109000 [17:27<13:03:59,  2.28it/s]
2%|▏         | 1715/109000 [17:28<13:04:14,  2.28it/s]
2%|▏         | 1716/109000 [17:28<13:05:05,  2.28it/s]
2%|▏         | 1717/109000 [17:29<13:04:54,  2.28it/s]
2%|▏         | 1718/109000 [17:29<13:04:52,  2.28it/s]
2%|▏         | 1719/109000 [17:30<13:05:18,  2.28it/s]
2%|▏         | 1720/109000 [17:30<13:05:14,  2.28it/s]
2%|▏         | 1721/109000 [17:30<13:04:38,  2.28it/s]
2%|▏         | 1722/109000 [17:31<13:04:28,  2.28it/s]
2%|▏         | 1723/109000 [17:31<13:04:43,  2.28it/s]
2%|▏         | 1724/109000 [17:32<13:04:46,  2.28it/s]
2%|▏         | 1725/109000 [17:32<13:04:37,  2.28it/s]
2%|▏         | 1726/109000 [17:33<13:05:00,  2.28it/s]
2%|▏         | 1727/109000 [17:33<13:04:57,  2.28it/s]
2%|▏         | 1728/109000 [17:33<13:04:20,  2.28it/s]
2%|▏         | 1729/109000 [17:34<13:04:19,  2.28it/s]
2%|▏         | 1730/109000 [17:34<13:04:43,  2.28it/s]
2%|▏         | 1731/109000 [17:35<13:04:33,  2.28it/s]
2%|▏         | 1732/109000 [17:35<13:04:21,  2.28it/s]
2%|▏         | 1733/109000 [17:36<13:04:47,  2.28it/s]
2%|▏         | 1734/109000 [17:36<13:04:48,  2.28it/s]
2%|▏         | 1735/109000 [17:37<13:04:43,  2.28it/s]
2%|▏         | 1736/109000 [17:37<13:04:28,  2.28it/s]
2%|▏         | 1737/109000 [17:37<13:04:44,  2.28it/s]
2%|▏         | 1738/109000 [17:38<13:04:24,  2.28it/s]
2%|▏         | 1739/109000 [17:38<13:04:09,  2.28it/s]
2%|▏         | 1740/109000 [17:39<13:04:30,  2.28it/s]
2%|▏         | 1741/109000 [17:39<13:04:22,  2.28it/s]
2%|▏         | 1742/109000 [17:40<13:04:05,  2.28it/s]
2%|▏         | 1743/109000 [17:40<13:04:40,  2.28it/s]
2%|▏         | 1744/109000 [17:41<13:04:24,  2.28it/s]
2%|▏         | 1745/109000 [17:41<13:04:07,  2.28it/s]
2%|▏         | 1746/109000 [17:41<13:04:28,  2.28it/s]
2%|▏         | 1747/109000 [17:42<13:04:27,  2.28it/s]
2%|▏         | 1748/109000 [17:42<13:03:55,  2.28it/s]
2%|▏         | 1749/109000 [17:43<13:04:43,  2.28it/s]
2%|▏         | 1750/109000 [17:43<13:04:19,  2.28it/s]

{'loss': '6.323', 'grad_norm': '0.9538', 'learning_rate': '4.92e-05', 'epoch': 
'0.1606'}

2%|▏         | 1750/109000 [17:43<13:04:19,  2.28it/s]

0%|          | 0/3662 [00:00<?, ?it/s][A

0%|          | 9/3662 [00:00<00:41, 87.50it/s][A

0%|          | 18/3662 [00:00<00:43, 84.28it/s][A

1%|          | 27/3662 [00:00<00:43, 83.16it/s][A

1%|          | 36/3662 [00:00<00:43, 82.54it/s][A

1%|          | 45/3662 [00:00<00:44, 82.20it/s][A

1%|▏         | 54/3662 [00:00<00:43, 82.03it/s][A

2%|▏         | 63/3662 [00:00<00:43, 81.82it/s][A

2%|▏         | 72/3662 [00:00<00:43, 81.75it/s][A

2%|▏         | 81/3662 [00:00<00:43, 81.69it/s][A

2%|▏         | 90/3662 [00:01<00:43, 81.35it/s][A

3%|▎         | 99/3662 [00:01<00:43, 81.14it/s][A

3%|▎         | 108/3662 [00:01<00:44, 80.48it/s][A

3%|▎         | 117/3662 [00:01<00:44, 80.16it/s][A

3%|▎         | 126/3662 [00:01<00:44, 80.03it/s][A

4%|▎         | 135/3662 [00:01<00:44, 79.92it/s][A

4%|▍         | 143/3662 [00:01<00:44, 79.71it/s][A

4%|▍         | 151/3662 [00:01<00:44, 79.62it/s][A

4%|▍         | 159/3662 [00:01<00:43, 79.68it/s][A

5%|▍         | 167/3662 [00:02<00:43, 79.61it/s][A

5%|▍         | 175/3662 [00:02<00:43, 79.64it/s][A

5%|▍         | 183/3662 [00:02<00:43, 79.34it/s][A

5%|▌         | 191/3662 [00:02<00:43, 79.15it/s][A

5%|▌         | 200/3662 [00:02<00:43, 79.55it/s][A

6%|▌         | 209/3662 [00:02<00:43, 79.84it/s][A

6%|▌         | 218/3662 [00:02<00:43, 80.07it/s][A

6%|▌         | 227/3662 [00:02<00:42, 80.21it/s][A

6%|▋         | 236/3662 [00:02<00:42, 80.40it/s][A

7%|▋         | 245/3662 [00:03<00:42, 80.40it/s][A

7%|▋         | 254/3662 [00:03<00:42, 80.43it/s][A

7%|▋         | 263/3662 [00:03<00:42, 80.11it/s][A

7%|▋         | 272/3662 [00:03<00:42, 79.87it/s][A

8%|▊         | 280/3662 [00:03<00:42, 79.70it/s][A

8%|▊         | 288/3662 [00:03<00:42, 79.48it/s][A

8%|▊         | 296/3662 [00:03<00:42, 79.32it/s][A

8%|▊         | 304/3662 [00:03<00:42, 79.23it/s][A

9%|▊         | 312/3662 [00:03<00:42, 79.20it/s][A

9%|▊         | 320/3662 [00:03<00:42, 79.20it/s][A

9%|▉         | 328/3662 [00:04<00:42, 79.16it/s][A

9%|▉         | 336/3662 [00:04<00:42, 79.06it/s][A

9%|▉         | 344/3662 [00:04<00:41, 79.10it/s][A

10%|▉         | 352/3662 [00:04<00:41, 79.04it/s][A

10%|▉         | 360/3662 [00:04<00:41, 78.99it/s][A

10%|█         | 368/3662 [00:04<00:41, 79.12it/s][A

10%|█         | 376/3662 [00:04<00:41, 79.15it/s][A

10%|█         | 384/3662 [00:04<00:41, 79.14it/s][A

11%|█         | 392/3662 [00:04<00:41, 79.08it/s][A

11%|█         | 400/3662 [00:04<00:41, 79.04it/s][A

11%|█         | 408/3662 [00:05<00:41, 78.90it/s][A

11%|█▏        | 416/3662 [00:05<00:41, 78.84it/s][A

12%|█▏        | 424/3662 [00:05<00:41, 78.88it/s][A

12%|█▏        | 432/3662 [00:05<00:40, 79.00it/s][A

12%|█▏        | 440/3662 [00:05<00:40, 78.98it/s][A

12%|█▏        | 448/3662 [00:05<00:40, 78.95it/s][A

12%|█▏        | 456/3662 [00:05<00:40, 78.98it/s][A

13%|█▎        | 464/3662 [00:05<00:40, 79.11it/s][A

13%|█▎        | 472/3662 [00:05<00:40, 79.09it/s][A

13%|█▎        | 480/3662 [00:06<00:40, 78.93it/s][A

13%|█▎        | 488/3662 [00:06<00:40, 78.96it/s][A

14%|█▎        | 496/3662 [00:06<00:40, 79.02it/s][A

14%|█▍        | 504/3662 [00:06<00:40, 78.91it/s][A

14%|█▍        | 512/3662 [00:06<00:39, 79.14it/s][A

14%|█▍        | 521/3662 [00:06<00:39, 79.63it/s][A

14%|█▍        | 530/3662 [00:06<00:39, 79.80it/s][A

15%|█▍        | 538/3662 [00:06<00:39, 79.86it/s][A

15%|█▍        | 547/3662 [00:06<00:38, 80.04it/s][A

15%|█▌        | 556/3662 [00:06<00:38, 80.14it/s][A

15%|█▌        | 565/3662 [00:07<00:39, 79.36it/s][A

16%|█▌        | 573/3662 [00:07<00:39, 78.98it/s][A

16%|█▌        | 581/3662 [00:07<00:39, 78.54it/s][A

16%|█▌        | 589/3662 [00:07<00:39, 78.39it/s][A

16%|█▋        | 597/3662 [00:07<00:38, 78.84it/s][A

17%|█▋        | 606/3662 [00:07<00:38, 79.36it/s][A

17%|█▋        | 615/3662 [00:07<00:38, 79.65it/s][A

17%|█▋        | 623/3662 [00:07<00:38, 79.52it/s][A

17%|█▋        | 631/3662 [00:07<00:38, 79.30it/s][A

17%|█▋        | 640/3662 [00:08<00:37, 79.60it/s][A

18%|█▊        | 648/3662 [00:08<00:37, 79.53it/s][A

18%|█▊        | 656/3662 [00:08<00:37, 79.51it/s][A

18%|█▊        | 664/3662 [00:08<00:37, 79.50it/s][A

18%|█▊        | 672/3662 [00:08<00:37, 79.38it/s][A

19%|█▊        | 680/3662 [00:08<00:37, 79.23it/s][A

19%|█▉        | 688/3662 [00:08<00:37, 79.35it/s][A

19%|█▉        | 696/3662 [00:08<00:37, 79.24it/s][A

19%|█▉        | 704/3662 [00:08<00:37, 79.20it/s][A

19%|█▉        | 712/3662 [00:08<00:37, 79.35it/s][A

20%|█▉        | 720/3662 [00:09<00:37, 79.40it/s][A

20%|█▉        | 728/3662 [00:09<00:37, 79.28it/s][A

20%|██        | 736/3662 [00:09<00:36, 79.25it/s][A

20%|██        | 744/3662 [00:09<00:36, 79.42it/s][A

21%|██        | 753/3662 [00:09<00:36, 79.91it/s][A

21%|██        | 761/3662 [00:09<00:36, 79.83it/s][A

21%|██        | 769/3662 [00:09<00:36, 79.72it/s][A

21%|██        | 777/3662 [00:09<00:36, 79.56it/s][A

21%|██▏       | 785/3662 [00:09<00:36, 79.49it/s][A

22%|██▏       | 793/3662 [00:09<00:36, 79.40it/s][A

22%|██▏       | 801/3662 [00:10<00:36, 79.33it/s][A

22%|██▏       | 809/3662 [00:10<00:35, 79.34it/s][A

22%|██▏       | 817/3662 [00:10<00:35, 79.29it/s][A

23%|██▎       | 825/3662 [00:10<00:36, 77.77it/s][A

23%|██▎       | 833/3662 [00:10<00:36, 78.23it/s][A

23%|██▎       | 841/3662 [00:10<00:35, 78.52it/s][A

23%|██▎       | 849/3662 [00:10<00:35, 78.90it/s][A

23%|██▎       | 857/3662 [00:10<00:35, 79.02it/s][A

24%|██▎       | 865/3662 [00:10<00:35, 79.06it/s][A

24%|██▍       | 873/3662 [00:10<00:35, 79.08it/s][A

24%|██▍       | 881/3662 [00:11<00:35, 79.16it/s][A

24%|██▍       | 889/3662 [00:11<00:35, 79.09it/s][A

24%|██▍       | 897/3662 [00:11<00:34, 79.08it/s][A

25%|██▍       | 905/3662 [00:11<00:34, 79.20it/s][A

25%|██▍       | 914/3662 [00:11<00:34, 79.49it/s][A

25%|██▌       | 922/3662 [00:11<00:34, 79.30it/s][A

25%|██▌       | 930/3662 [00:11<00:34, 78.97it/s][A

26%|██▌       | 938/3662 [00:11<00:34, 79.01it/s][A

26%|██▌       | 946/3662 [00:11<00:34, 78.91it/s][A

26%|██▌       | 954/3662 [00:11<00:34, 78.87it/s][A

26%|██▋       | 962/3662 [00:12<00:34, 78.85it/s][A

26%|██▋       | 970/3662 [00:12<00:34, 78.88it/s][A

27%|██▋       | 978/3662 [00:12<00:34, 78.79it/s][A

27%|██▋       | 986/3662 [00:12<00:33, 78.82it/s][A

27%|██▋       | 994/3662 [00:12<00:33, 78.88it/s][A

27%|██▋       | 1002/3662 [00:12<00:33, 78.84it/s][A

28%|██▊       | 1010/3662 [00:12<00:33, 78.83it/s][A

28%|██▊       | 1018/3662 [00:12<00:33, 78.88it/s][A

28%|██▊       | 1026/3662 [00:12<00:33, 78.91it/s][A

28%|██▊       | 1035/3662 [00:13<00:33, 79.39it/s][A

29%|██▊       | 1044/3662 [00:13<00:32, 79.81it/s][A

29%|██▉       | 1053/3662 [00:13<00:32, 79.96it/s][A

29%|██▉       | 1061/3662 [00:13<00:32, 79.73it/s][A

29%|██▉       | 1069/3662 [00:13<00:32, 79.47it/s][A

29%|██▉       | 1077/3662 [00:13<00:32, 79.21it/s][A

30%|██▉       | 1085/3662 [00:13<00:32, 79.18it/s][A

30%|██▉       | 1093/3662 [00:13<00:32, 78.96it/s][A

30%|███       | 1101/3662 [00:13<00:32, 78.96it/s][A

30%|███       | 1109/3662 [00:13<00:32, 78.89it/s][A

31%|███       | 1117/3662 [00:14<00:32, 78.78it/s][A

31%|███       | 1125/3662 [00:14<00:32, 78.80it/s][A

31%|███       | 1133/3662 [00:14<00:32, 78.83it/s][A

31%|███       | 1141/3662 [00:14<00:32, 78.65it/s][A

31%|███▏      | 1149/3662 [00:14<00:31, 78.56it/s][A

32%|███▏      | 1157/3662 [00:14<00:31, 78.54it/s][A

32%|███▏      | 1165/3662 [00:14<00:31, 78.55it/s][A

32%|███▏      | 1173/3662 [00:14<00:31, 78.69it/s][A

32%|███▏      | 1181/3662 [00:14<00:31, 78.76it/s][A

32%|███▏      | 1189/3662 [00:14<00:31, 78.73it/s][A

33%|███▎      | 1197/3662 [00:15<00:31, 78.73it/s][A

33%|███▎      | 1205/3662 [00:15<00:31, 78.84it/s][A

33%|███▎      | 1214/3662 [00:15<00:30, 79.33it/s][A

33%|███▎      | 1223/3662 [00:15<00:30, 79.83it/s][A

34%|███▎      | 1232/3662 [00:15<00:30, 79.89it/s][A

34%|███▍      | 1240/3662 [00:15<00:30, 79.55it/s][A

34%|███▍      | 1248/3662 [00:15<00:30, 79.48it/s][A

34%|███▍      | 1257/3662 [00:15<00:30, 79.80it/s][A

35%|███▍      | 1265/3662 [00:15<00:30, 79.69it/s][A

35%|███▍      | 1273/3662 [00:16<00:30, 79.49it/s][A

35%|███▍      | 1281/3662 [00:16<00:29, 79.39it/s][A

35%|███▌      | 1289/3662 [00:16<00:29, 79.33it/s][A

35%|███▌      | 1297/3662 [00:16<00:29, 79.33it/s][A

36%|███▌      | 1305/3662 [00:16<00:29, 79.31it/s][A

36%|███▌      | 1313/3662 [00:16<00:29, 79.25it/s][A

36%|███▌      | 1321/3662 [00:16<00:29, 79.41it/s][A

36%|███▋      | 1329/3662 [00:16<00:29, 79.35it/s][A

37%|███▋      | 1337/3662 [00:16<00:29, 79.19it/s][A

37%|███▋      | 1345/3662 [00:16<00:29, 79.21it/s][A

37%|███▋      | 1353/3662 [00:17<00:29, 79.13it/s][A

37%|███▋      | 1361/3662 [00:17<00:29, 79.05it/s][A

37%|███▋      | 1369/3662 [00:17<00:29, 78.89it/s][A

38%|███▊      | 1377/3662 [00:17<00:28, 78.90it/s][A

38%|███▊      | 1386/3662 [00:17<00:28, 79.27it/s][A

38%|███▊      | 1395/3662 [00:17<00:28, 79.61it/s][A

38%|███▊      | 1404/3662 [00:17<00:28, 79.88it/s][A

39%|███▊      | 1413/3662 [00:17<00:28, 80.02it/s][A

39%|███▉      | 1422/3662 [00:17<00:28, 80.00it/s][A

39%|███▉      | 1430/3662 [00:17<00:28, 79.66it/s][A

39%|███▉      | 1438/3662 [00:18<00:28, 79.34it/s][A

39%|███▉      | 1446/3662 [00:18<00:27, 79.17it/s][A

40%|███▉      | 1454/3662 [00:18<00:27, 78.93it/s][A

40%|███▉      | 1462/3662 [00:18<00:27, 78.93it/s][A

40%|████      | 1470/3662 [00:18<00:27, 78.86it/s][A

40%|████      | 1478/3662 [00:18<00:27, 78.85it/s][A

41%|████      | 1486/3662 [00:18<00:27, 78.84it/s][A

41%|████      | 1494/3662 [00:18<00:27, 78.79it/s][A

41%|████      | 1502/3662 [00:18<00:27, 78.88it/s][A

41%|████      | 1510/3662 [00:19<00:27, 79.00it/s][A

41%|████▏     | 1518/3662 [00:19<00:27, 79.01it/s][A

42%|████▏     | 1526/3662 [00:19<00:27, 78.98it/s][A

42%|████▏     | 1534/3662 [00:19<00:26, 78.85it/s][A

42%|████▏     | 1543/3662 [00:19<00:26, 79.35it/s][A

42%|████▏     | 1552/3662 [00:19<00:26, 79.61it/s][A

43%|████▎     | 1561/3662 [00:19<00:26, 79.97it/s][A

43%|████▎     | 1570/3662 [00:19<00:26, 80.23it/s][A

43%|████▎     | 1579/3662 [00:19<00:25, 80.27it/s][A

43%|████▎     | 1588/3662 [00:19<00:25, 80.38it/s][A

44%|████▎     | 1597/3662 [00:20<00:25, 80.26it/s][A

44%|████▍     | 1606/3662 [00:20<00:25, 79.64it/s][A

44%|████▍     | 1614/3662 [00:20<00:25, 79.30it/s][A

44%|████▍     | 1622/3662 [00:20<00:25, 79.16it/s][A

45%|████▍     | 1630/3662 [00:20<00:25, 78.98it/s][A

45%|████▍     | 1638/3662 [00:20<00:25, 78.79it/s][A

45%|████▍     | 1646/3662 [00:20<00:25, 78.94it/s][A

45%|████▌     | 1654/3662 [00:20<00:25, 78.89it/s][A

45%|████▌     | 1662/3662 [00:20<00:25, 78.92it/s][A

46%|████▌     | 1670/3662 [00:21<00:25, 78.97it/s][A

46%|████▌     | 1678/3662 [00:21<00:25, 79.18it/s][A

46%|████▌     | 1687/3662 [00:21<00:24, 79.65it/s][A

46%|████▋     | 1696/3662 [00:21<00:24, 79.91it/s][A

47%|████▋     | 1704/3662 [00:21<00:24, 79.89it/s][A

47%|████▋     | 1713/3662 [00:21<00:24, 80.06it/s][A

47%|████▋     | 1722/3662 [00:21<00:24, 79.70it/s][A

47%|████▋     | 1730/3662 [00:21<00:24, 79.25it/s][A

47%|████▋     | 1739/3662 [00:21<00:24, 79.72it/s][A

48%|████▊     | 1748/3662 [00:22<00:23, 79.93it/s][A

48%|████▊     | 1757/3662 [00:22<00:23, 80.07it/s][A

48%|████▊     | 1766/3662 [00:22<00:23, 80.32it/s][A

48%|████▊     | 1775/3662 [00:22<00:23, 80.51it/s][A

49%|████▊     | 1784/3662 [00:22<00:23, 80.06it/s][A

49%|████▉     | 1793/3662 [00:22<00:23, 79.75it/s][A

49%|████▉     | 1801/3662 [00:22<00:23, 79.53it/s][A

49%|████▉     | 1809/3662 [00:22<00:23, 79.42it/s][A

50%|████▉     | 1817/3662 [00:22<00:23, 79.29it/s][A

50%|████▉     | 1825/3662 [00:22<00:23, 79.21it/s][A

50%|█████     | 1833/3662 [00:23<00:23, 79.14it/s][A

50%|█████     | 1841/3662 [00:23<00:23, 79.16it/s][A

50%|█████     | 1849/3662 [00:23<00:22, 79.09it/s][A

51%|█████     | 1858/3662 [00:23<00:22, 79.43it/s][A

51%|█████     | 1866/3662 [00:23<00:22, 79.15it/s][A

51%|█████     | 1874/3662 [00:23<00:22, 79.05it/s][A

51%|█████▏    | 1882/3662 [00:23<00:22, 79.02it/s][A

52%|█████▏    | 1890/3662 [00:23<00:22, 79.03it/s][A

52%|█████▏    | 1898/3662 [00:23<00:22, 79.05it/s][A

52%|█████▏    | 1906/3662 [00:23<00:22, 79.00it/s][A

52%|█████▏    | 1914/3662 [00:24<00:22, 78.91it/s][A

52%|█████▏    | 1922/3662 [00:24<00:22, 78.92it/s][A

53%|█████▎    | 1930/3662 [00:24<00:21, 78.93it/s][A

53%|█████▎    | 1938/3662 [00:24<00:21, 78.84it/s][A

53%|█████▎    | 1946/3662 [00:24<00:21, 78.98it/s][A

53%|█████▎    | 1954/3662 [00:24<00:21, 78.96it/s][A

54%|█████▎    | 1962/3662 [00:24<00:21, 78.99it/s][A

54%|█████▍    | 1970/3662 [00:24<00:21, 79.01it/s][A

54%|█████▍    | 1978/3662 [00:24<00:21, 79.02it/s][A

54%|█████▍    | 1986/3662 [00:25<00:21, 79.18it/s][A

54%|█████▍    | 1994/3662 [00:25<00:21, 79.10it/s][A

55%|█████▍    | 2002/3662 [00:25<00:21, 78.89it/s][A

55%|█████▍    | 2010/3662 [00:25<00:20, 78.88it/s][A

55%|█████▌    | 2018/3662 [00:25<00:20, 78.89it/s][A

55%|█████▌    | 2026/3662 [00:25<00:20, 78.84it/s][A

56%|█████▌    | 2034/3662 [00:25<00:20, 78.82it/s][A

56%|█████▌    | 2042/3662 [00:25<00:20, 78.76it/s][A

56%|█████▌    | 2050/3662 [00:25<00:20, 78.87it/s][A

56%|█████▌    | 2058/3662 [00:25<00:20, 78.84it/s][A

56%|█████▋    | 2066/3662 [00:26<00:20, 78.96it/s][A

57%|█████▋    | 2074/3662 [00:26<00:20, 79.03it/s][A

57%|█████▋    | 2083/3662 [00:26<00:19, 79.38it/s][A

57%|█████▋    | 2091/3662 [00:26<00:19, 79.17it/s][A

57%|█████▋    | 2099/3662 [00:26<00:19, 79.22it/s][A

58%|█████▊    | 2107/3662 [00:26<00:19, 79.10it/s][A

58%|█████▊    | 2115/3662 [00:26<00:19, 79.10it/s][A

58%|█████▊    | 2123/3662 [00:26<00:19, 78.94it/s][A

58%|█████▊    | 2131/3662 [00:26<00:19, 78.99it/s][A

58%|█████▊    | 2139/3662 [00:26<00:19, 78.92it/s][A

59%|█████▊    | 2147/3662 [00:27<00:19, 78.86it/s][A

59%|█████▉    | 2155/3662 [00:27<00:19, 78.86it/s][A

59%|█████▉    | 2164/3662 [00:27<00:18, 79.34it/s][A

59%|█████▉    | 2172/3662 [00:27<00:18, 79.37it/s][A

60%|█████▉    | 2180/3662 [00:27<00:18, 79.33it/s][A

60%|█████▉    | 2188/3662 [00:27<00:18, 79.36it/s][A

60%|█████▉    | 2197/3662 [00:27<00:18, 79.80it/s][A

60%|██████    | 2206/3662 [00:27<00:18, 79.96it/s][A

60%|██████    | 2214/3662 [00:27<00:18, 79.84it/s][A

61%|██████    | 2222/3662 [00:27<00:18, 79.63it/s][A

61%|██████    | 2230/3662 [00:28<00:18, 79.25it/s][A

61%|██████    | 2238/3662 [00:28<00:17, 79.19it/s][A

61%|██████▏   | 2246/3662 [00:28<00:17, 79.00it/s][A

62%|██████▏   | 2254/3662 [00:28<00:17, 78.95it/s][A

62%|██████▏   | 2263/3662 [00:28<00:17, 79.39it/s][A

62%|██████▏   | 2272/3662 [00:28<00:17, 79.61it/s][A

62%|██████▏   | 2280/3662 [00:28<00:17, 79.33it/s][A

62%|██████▏   | 2288/3662 [00:28<00:17, 79.11it/s][A

63%|██████▎   | 2296/3662 [00:28<00:17, 79.15it/s][A

63%|██████▎   | 2304/3662 [00:29<00:17, 79.10it/s][A

63%|██████▎   | 2312/3662 [00:29<00:17, 79.15it/s][A

63%|██████▎   | 2320/3662 [00:29<00:16, 79.13it/s][A

64%|██████▎   | 2328/3662 [00:29<00:16, 79.00it/s][A

64%|██████▍   | 2336/3662 [00:29<00:16, 78.90it/s][A

64%|██████▍   | 2344/3662 [00:29<00:16, 78.91it/s][A

64%|██████▍   | 2352/3662 [00:29<00:16, 78.92it/s][A

64%|██████▍   | 2360/3662 [00:29<00:16, 79.06it/s][A

65%|██████▍   | 2368/3662 [00:29<00:16, 79.17it/s][A

65%|██████▍   | 2376/3662 [00:29<00:16, 78.88it/s][A

65%|██████▌   | 2384/3662 [00:30<00:16, 78.77it/s][A

65%|██████▌   | 2392/3662 [00:30<00:16, 78.82it/s][A

66%|██████▌   | 2400/3662 [00:30<00:15, 78.98it/s][A

66%|██████▌   | 2408/3662 [00:30<00:15, 78.96it/s][A

66%|██████▌   | 2416/3662 [00:30<00:15, 78.87it/s][A

66%|██████▌   | 2424/3662 [00:30<00:15, 78.88it/s][A

66%|██████▋   | 2432/3662 [00:30<00:15, 78.99it/s][A

67%|██████▋   | 2440/3662 [00:30<00:15, 78.93it/s][A

67%|██████▋   | 2448/3662 [00:30<00:15, 79.01it/s][A

67%|██████▋   | 2456/3662 [00:30<00:15, 78.95it/s][A

67%|██████▋   | 2464/3662 [00:31<00:15, 78.98it/s][A

68%|██████▊   | 2472/3662 [00:31<00:15, 78.97it/s][A

68%|██████▊   | 2480/3662 [00:31<00:14, 78.99it/s][A

68%|██████▊   | 2488/3662 [00:31<00:14, 78.86it/s][A

68%|██████▊   | 2496/3662 [00:31<00:14, 78.79it/s][A

68%|██████▊   | 2504/3662 [00:31<00:14, 78.88it/s][A

69%|██████▊   | 2512/3662 [00:31<00:14, 78.88it/s][A

69%|██████▉   | 2520/3662 [00:31<00:14, 78.85it/s][A

69%|██████▉   | 2528/3662 [00:31<00:14, 78.96it/s][A

69%|██████▉   | 2536/3662 [00:31<00:14, 78.99it/s][A

69%|██████▉   | 2544/3662 [00:32<00:14, 78.95it/s][A

70%|██████▉   | 2552/3662 [00:32<00:14, 79.00it/s][A

70%|██████▉   | 2560/3662 [00:32<00:13, 78.87it/s][A

70%|███████   | 2568/3662 [00:32<00:13, 78.88it/s][A

70%|███████   | 2576/3662 [00:32<00:13, 79.13it/s][A

71%|███████   | 2585/3662 [00:32<00:13, 79.51it/s][A

71%|███████   | 2594/3662 [00:32<00:13, 79.78it/s][A

71%|███████   | 2603/3662 [00:32<00:13, 79.92it/s][A

71%|███████▏  | 2612/3662 [00:32<00:13, 80.08it/s][A

72%|███████▏  | 2621/3662 [00:33<00:12, 80.15it/s][A

72%|███████▏  | 2630/3662 [00:33<00:12, 80.02it/s][A

72%|███████▏  | 2639/3662 [00:33<00:12, 79.64it/s][A

72%|███████▏  | 2647/3662 [00:33<00:12, 79.52it/s][A

73%|███████▎  | 2655/3662 [00:33<00:12, 79.32it/s][A

73%|███████▎  | 2663/3662 [00:33<00:12, 79.19it/s][A

73%|███████▎  | 2671/3662 [00:33<00:12, 79.14it/s][A

73%|███████▎  | 2679/3662 [00:33<00:12, 79.09it/s][A

73%|███████▎  | 2687/3662 [00:33<00:12, 79.09it/s][A

74%|███████▎  | 2695/3662 [00:33<00:12, 79.19it/s][A

74%|███████▍  | 2703/3662 [00:34<00:12, 79.08it/s][A

74%|███████▍  | 2711/3662 [00:34<00:11, 79.29it/s][A

74%|███████▍  | 2720/3662 [00:34<00:11, 79.56it/s][A

74%|███████▍  | 2728/3662 [00:34<00:11, 79.45it/s][A

75%|███████▍  | 2736/3662 [00:34<00:11, 79.37it/s][A

75%|███████▍  | 2744/3662 [00:34<00:11, 79.44it/s][A

75%|███████▌  | 2752/3662 [00:34<00:11, 79.30it/s][A

75%|███████▌  | 2760/3662 [00:34<00:11, 79.29it/s][A

76%|███████▌  | 2768/3662 [00:34<00:11, 79.14it/s][A

76%|███████▌  | 2776/3662 [00:34<00:11, 79.08it/s][A

76%|███████▌  | 2784/3662 [00:35<00:11, 79.07it/s][A

76%|███████▌  | 2792/3662 [00:35<00:11, 79.08it/s][A

76%|███████▋  | 2800/3662 [00:35<00:10, 79.04it/s][A

77%|███████▋  | 2808/3662 [00:35<00:10, 79.04it/s][A

77%|███████▋  | 2816/3662 [00:35<00:10, 78.93it/s][A

77%|███████▋  | 2824/3662 [00:35<00:10, 78.89it/s][A

77%|███████▋  | 2832/3662 [00:35<00:10, 78.83it/s][A

78%|███████▊  | 2840/3662 [00:35<00:10, 79.00it/s][A

78%|███████▊  | 2848/3662 [00:35<00:10, 79.15it/s][A

78%|███████▊  | 2856/3662 [00:36<00:10, 79.04it/s][A

78%|███████▊  | 2864/3662 [00:36<00:10, 79.06it/s][A

78%|███████▊  | 2872/3662 [00:36<00:09, 79.10it/s][A

79%|███████▊  | 2880/3662 [00:36<00:09, 78.97it/s][A

79%|███████▉  | 2888/3662 [00:36<00:09, 78.98it/s][A

79%|███████▉  | 2896/3662 [00:36<00:09, 79.09it/s][A

79%|███████▉  | 2904/3662 [00:36<00:09, 79.12it/s][A

80%|███████▉  | 2912/3662 [00:36<00:09, 79.09it/s][A

80%|███████▉  | 2920/3662 [00:36<00:09, 78.93it/s][A

80%|███████▉  | 2928/3662 [00:36<00:09, 79.09it/s][A

80%|████████  | 2936/3662 [00:37<00:09, 79.02it/s][A

80%|████████  | 2944/3662 [00:37<00:09, 78.84it/s][A

81%|████████  | 2952/3662 [00:37<00:09, 78.86it/s][A

81%|████████  | 2960/3662 [00:37<00:08, 78.80it/s][A

81%|████████  | 2968/3662 [00:37<00:08, 78.91it/s][A

81%|████████▏ | 2976/3662 [00:37<00:08, 78.80it/s][A

81%|████████▏ | 2984/3662 [00:37<00:08, 78.92it/s][A

82%|████████▏ | 2992/3662 [00:37<00:08, 78.97it/s][A

82%|████████▏ | 3000/3662 [00:37<00:08, 78.88it/s][A

82%|████████▏ | 3008/3662 [00:37<00:08, 78.99it/s][A

82%|████████▏ | 3016/3662 [00:38<00:08, 79.07it/s][A

83%|████████▎ | 3024/3662 [00:38<00:08, 78.99it/s][A

83%|████████▎ | 3032/3662 [00:38<00:07, 78.90it/s][A

83%|████████▎ | 3040/3662 [00:38<00:07, 78.89it/s][A

83%|████████▎ | 3048/3662 [00:38<00:07, 78.83it/s][A

83%|████████▎ | 3056/3662 [00:38<00:07, 78.86it/s][A

84%|████████▎ | 3064/3662 [00:38<00:07, 78.91it/s][A

84%|████████▍ | 3072/3662 [00:38<00:07, 78.80it/s][A

84%|████████▍ | 3080/3662 [00:38<00:07, 78.92it/s][A

84%|████████▍ | 3088/3662 [00:38<00:07, 78.79it/s][A

85%|████████▍ | 3096/3662 [00:39<00:07, 78.77it/s][A

85%|████████▍ | 3104/3662 [00:39<00:07, 78.81it/s][A

85%|████████▍ | 3112/3662 [00:39<00:06, 79.07it/s][A

85%|████████▌ | 3120/3662 [00:39<00:06, 79.22it/s][A

85%|████████▌ | 3128/3662 [00:39<00:06, 79.02it/s][A

86%|████████▌ | 3136/3662 [00:39<00:06, 79.09it/s][A

86%|████████▌ | 3144/3662 [00:39<00:06, 79.19it/s][A

86%|████████▌ | 3152/3662 [00:39<00:06, 79.09it/s][A

86%|████████▋ | 3160/3662 [00:39<00:06, 79.06it/s][A

87%|████████▋ | 3168/3662 [00:39<00:06, 79.05it/s][A

87%|████████▋ | 3176/3662 [00:40<00:06, 78.99it/s][A

87%|████████▋ | 3184/3662 [00:40<00:06, 78.88it/s][A

87%|████████▋ | 3192/3662 [00:40<00:05, 78.78it/s][A

87%|████████▋ | 3200/3662 [00:40<00:05, 78.92it/s][A

88%|████████▊ | 3209/3662 [00:40<00:05, 79.46it/s][A

88%|████████▊ | 3218/3662 [00:40<00:05, 79.82it/s][A

88%|████████▊ | 3226/3662 [00:40<00:05, 79.46it/s][A

88%|████████▊ | 3234/3662 [00:40<00:05, 79.42it/s][A

89%|████████▊ | 3242/3662 [00:40<00:05, 79.38it/s][A

89%|████████▊ | 3250/3662 [00:40<00:05, 79.43it/s][A

89%|████████▉ | 3258/3662 [00:41<00:05, 79.19it/s][A

89%|████████▉ | 3266/3662 [00:41<00:05, 79.02it/s][A

89%|████████▉ | 3274/3662 [00:41<00:05, 77.37it/s][A

90%|████████▉ | 3282/3662 [00:41<00:05, 75.01it/s][A

90%|████████▉ | 3290/3662 [00:41<00:04, 75.66it/s][A

90%|█████████ | 3298/3662 [00:41<00:04, 76.38it/s][A

90%|█████████ | 3306/3662 [00:41<00:04, 77.41it/s][A

90%|█████████ | 3314/3662 [00:41<00:04, 76.70it/s][A

91%|█████████ | 3322/3662 [00:41<00:04, 77.41it/s][A

91%|█████████ | 3330/3662 [00:42<00:04, 75.19it/s][A

91%|█████████ | 3338/3662 [00:42<00:04, 73.57it/s][A

91%|█████████▏| 3346/3662 [00:42<00:04, 74.46it/s][A

92%|█████████▏| 3354/3662 [00:42<00:04, 75.26it/s][A

92%|█████████▏| 3362/3662 [00:42<00:03, 75.52it/s][A

92%|█████████▏| 3370/3662 [00:42<00:03, 76.21it/s][A

92%|█████████▏| 3378/3662 [00:42<00:03, 77.07it/s][A

92%|█████████▏| 3387/3662 [00:42<00:03, 78.10it/s][A

93%|█████████▎| 3396/3662 [00:42<00:03, 78.76it/s][A

93%|█████████▎| 3405/3662 [00:43<00:03, 79.21it/s][A

93%|█████████▎| 3413/3662 [00:43<00:03, 78.95it/s][A

93%|█████████▎| 3421/3662 [00:43<00:03, 78.86it/s][A

94%|█████████▎| 3429/3662 [00:43<00:02, 78.81it/s][A

94%|█████████▍| 3437/3662 [00:43<00:02, 78.73it/s][A

94%|█████████▍| 3445/3662 [00:43<00:02, 78.62it/s][A

94%|█████████▍| 3453/3662 [00:43<00:02, 78.72it/s][A

95%|█████████▍| 3461/3662 [00:43<00:02, 78.84it/s][A

95%|█████████▍| 3469/3662 [00:43<00:02, 78.75it/s][A

95%|█████████▍| 3477/3662 [00:43<00:02, 78.77it/s][A

95%|█████████▌| 3485/3662 [00:44<00:02, 78.83it/s][A

95%|█████████▌| 3493/3662 [00:44<00:02, 78.90it/s][A

96%|█████████▌| 3501/3662 [00:44<00:02, 78.99it/s][A

96%|█████████▌| 3509/3662 [00:44<00:01, 78.90it/s][A

96%|█████████▌| 3517/3662 [00:44<00:01, 78.83it/s][A

96%|█████████▋| 3525/3662 [00:44<00:01, 78.61it/s][A

96%|█████████▋| 3533/3662 [00:44<00:01, 78.58it/s][A

97%|█████████▋| 3541/3662 [00:44<00:01, 78.77it/s][A

97%|█████████▋| 3549/3662 [00:44<00:01, 78.66it/s][A

97%|█████████▋| 3557/3662 [00:44<00:01, 78.53it/s][A

97%|█████████▋| 3565/3662 [00:45<00:01, 78.51it/s][A

98%|█████████▊| 3573/3662 [00:45<00:01, 78.46it/s][A

98%|█████████▊| 3581/3662 [00:45<00:01, 78.54it/s][A

98%|█████████▊| 3589/3662 [00:45<00:00, 78.56it/s][A

98%|█████████▊| 3597/3662 [00:45<00:00, 78.59it/s][A

98%|█████████▊| 3605/3662 [00:45<00:00, 78.65it/s][A

99%|█████████▊| 3613/3662 [00:45<00:00, 78.69it/s][A

99%|█████████▉| 3621/3662 [00:45<00:00, 78.57it/s][A

99%|█████████▉| 3629/3662 [00:45<00:00, 78.56it/s][A

99%|█████████▉| 3637/3662 [00:45<00:00, 78.51it/s][A

100%|█████████▉| 3645/3662 [00:46<00:00, 78.45it/s][A

100%|█████████▉| 3654/3662 [00:46<00:00, 79.82it/s][A

100%|██████████| 3662/3662 [00:46<00:00, 64.16it/s][A



[A{'eval_loss': '6.302', 'eval_runtime': '46.73', 'eval_samples_per_second': 
'626.9', 'eval_steps_per_second': '78.37', 'epoch': '0.1606'}

2%|▏         | 1750/109000 [18:30<13:04:19,  2.28it/s]

100%|██████████| 3662/3662 [00:46<00:00, 64.16it/s][A

[A

Writing model shards:   0%|          | 0/1 [00:00<?, ?it/s][A

Writing model shards: 100%|██████████| 1/1 [00:00<00:00,  1.54it/s][A
Writing model shards: 100%|██████████| 1/1 [00:00<00:00,  1.54it/s]

2%|▏         | 1751/109000 [18:33<452:56:32, 15.20s/it]
2%|▏         | 1752/109000 [18:33<320:59:09, 10.77s/it]
2%|▏         | 1753/109000 [18:34<228:36:17,  7.67s/it]
2%|▏         | 1754/109000 [18:34<163:56:47,  5.50s/it]
2%|▏         | 1755/109000 [18:35<118:40:21,  3.98s/it]
2%|▏         | 1756/109000 [18:35<86:59:50,  2.92s/it]
2%|▏         | 1757/109000 [18:35<64:49:00,  2.18s/it]
2%|▏         | 1758/109000 [18:36<49:17:12,  1.65s/it]
2%|▏         | 1759/109000 [18:36<38:25:51,  1.29s/it]
2%|▏         | 1760/109000 [18:37<30:50:03,  1.04s/it]
2%|▏         | 1761/109000 [18:37<25:29:33,  1.17it/s]
2%|▏         | 1762/109000 [18:38<21:46:37,  1.37it/s]
2%|▏         | 1763/109000 [18:38<19:10:14,  1.55it/s]
2%|▏         | 1764/109000 [18:39<17:20:15,  1.72it/s]
2%|▏         | 1765/109000 [18:39<16:03:17,  1.86it/s]
2%|▏         | 1766/109000 [18:39<15:09:47,  1.96it/s]
2%|▏         | 1767/109000 [18:40<14:31:52,  2.05it/s]
2%|▏         | 1768/109000 [18:40<14:05:57,  2.11it/s]
2%|▏         | 1769/109000 [18:41<13:47:24,  2.16it/s]
2%|▏         | 1770/109000 [18:41<13:35:32,  2.19it/s]
2%|▏         | 1771/109000 [18:42<13:25:59,  2.22it/s]
2%|▏         | 1772/109000 [18:42<13:18:54,  2.24it/s]
2%|▏         | 1773/109000 [18:42<13:14:50,  2.25it/s]
2%|▏         | 1774/109000 [18:43<13:12:05,  2.26it/s]
2%|▏         | 1775/109000 [18:43<13:08:59,  2.27it/s]
2%|▏         | 1776/109000 [18:44<13:08:23,  2.27it/s]
2%|▏         | 1777/109000 [18:44<13:07:45,  2.27it/s]
2%|▏         | 1778/109000 [18:45<13:06:23,  2.27it/s]
2%|▏         | 1779/109000 [18:45<13:05:42,  2.27it/s]
2%|▏         | 1780/109000 [18:46<13:05:44,  2.27it/s]
2%|▏         | 1781/109000 [18:46<13:04:58,  2.28it/s]
2%|▏         | 1782/109000 [18:46<13:04:12,  2.28it/s]
2%|▏         | 1783/109000 [18:47<13:04:32,  2.28it/s]
2%|▏         | 1784/109000 [18:47<13:04:44,  2.28it/s]
2%|▏         | 1785/109000 [18:48<13:03:42,  2.28it/s]
2%|▏         | 1786/109000 [18:48<13:04:45,  2.28it/s]
2%|▏         | 1787/109000 [18:49<13:04:45,  2.28it/s]
2%|▏         | 1788/109000 [18:49<13:03:59,  2.28it/s]
2%|▏         | 1789/109000 [18:49<13:04:16,  2.28it/s]
2%|▏         | 1790/109000 [18:50<13:04:46,  2.28it/s]
2%|▏         | 1791/109000 [18:50<13:04:03,  2.28it/s]
2%|▏         | 1792/109000 [18:51<13:04:44,  2.28it/s]
2%|▏         | 1793/109000 [18:51<13:04:42,  2.28it/s]
2%|▏         | 1794/109000 [18:52<13:05:12,  2.28it/s]
2%|▏         | 1795/109000 [18:52<13:04:15,  2.28it/s]
2%|▏         | 1796/109000 [18:53<13:04:25,  2.28it/s]
2%|▏         | 1797/109000 [18:53<13:04:37,  2.28it/s]
2%|▏         | 1798/109000 [18:53<13:04:12,  2.28it/s]
2%|▏         | 1799/109000 [18:54<13:03:52,  2.28it/s]
2%|▏         | 1800/109000 [18:54<13:04:57,  2.28it/s]

{'loss': '6.299', 'grad_norm': '0.9099', 'learning_rate': '4.917e-05', 'epoch': 
'0.1651'}

2%|▏         | 1800/109000 [18:54<13:04:57,  2.28it/s]
2%|▏         | 1801/109000 [18:55<13:04:44,  2.28it/s]
2%|▏         | 1802/109000 [18:55<13:04:37,  2.28it/s]
2%|▏         | 1803/109000 [18:56<13:04:44,  2.28it/s]
2%|▏         | 1804/109000 [18:56<13:04:59,  2.28it/s]
2%|▏         | 1805/109000 [18:57<13:04:07,  2.28it/s]
2%|▏         | 1806/109000 [18:57<13:04:10,  2.28it/s]
2%|▏         | 1807/109000 [18:57<13:04:43,  2.28it/s]
2%|▏         | 1808/109000 [18:58<13:04:32,  2.28it/s]
2%|▏         | 1809/109000 [18:58<13:03:57,  2.28it/s]
2%|▏         | 1810/109000 [18:59<13:04:51,  2.28it/s]
2%|▏         | 1811/109000 [18:59<13:04:27,  2.28it/s]
2%|▏         | 1812/109000 [19:00<13:03:47,  2.28it/s]
2%|▏         | 1813/109000 [19:00<13:03:46,  2.28it/s]
2%|▏         | 1814/109000 [19:00<13:04:24,  2.28it/s]
2%|▏         | 1815/109000 [19:01<13:04:16,  2.28it/s]
2%|▏         | 1816/109000 [19:01<13:04:30,  2.28it/s]
2%|▏         | 1817/109000 [19:02<13:04:46,  2.28it/s]
2%|▏         | 1818/109000 [19:02<13:05:34,  2.27it/s]
2%|▏         | 1819/109000 [19:03<13:04:23,  2.28it/s]
2%|▏         | 1820/109000 [19:03<13:04:16,  2.28it/s]
2%|▏         | 1821/109000 [19:04<13:04:36,  2.28it/s]
2%|▏         | 1822/109000 [19:04<13:04:43,  2.28it/s]
2%|▏         | 1823/109000 [19:04<13:04:00,  2.28it/s]
2%|▏         | 1824/109000 [19:05<13:04:10,  2.28it/s]
2%|▏         | 1825/109000 [19:05<13:04:18,  2.28it/s]
2%|▏         | 1826/109000 [19:06<13:04:50,  2.28it/s]
2%|▏         | 1827/109000 [19:06<13:04:02,  2.28it/s]
2%|▏         | 1828/109000 [19:07<13:04:05,  2.28it/s]
2%|▏         | 1829/109000 [19:07<13:04:35,  2.28it/s]
2%|▏         | 1830/109000 [19:07<13:04:11,  2.28it/s]
2%|▏         | 1831/109000 [19:08<13:03:29,  2.28it/s]
2%|▏         | 1832/109000 [19:08<13:04:14,  2.28it/s]
2%|▏         | 1833/109000 [19:09<13:04:42,  2.28it/s]
2%|▏         | 1834/109000 [19:09<13:04:46,  2.28it/s]
2%|▏         | 1835/109000 [19:10<13:04:15,  2.28it/s]
2%|▏         | 1836/109000 [19:10<13:04:30,  2.28it/s]
2%|▏         | 1837/109000 [19:11<13:04:48,  2.28it/s]
2%|▏         | 1838/109000 [19:11<13:04:02,  2.28it/s]
2%|▏         | 1839/109000 [19:11<13:03:59,  2.28it/s]
2%|▏         | 1840/109000 [19:12<13:04:58,  2.28it/s]
2%|▏         | 1841/109000 [19:12<13:05:00,  2.28it/s]
2%|▏         | 1842/109000 [19:13<13:04:48,  2.28it/s]
2%|▏         | 1843/109000 [19:13<13:04:05,  2.28it/s]
2%|▏         | 1844/109000 [19:14<13:04:45,  2.28it/s]
2%|▏         | 1845/109000 [19:14<13:04:33,  2.28it/s]
2%|▏         | 1846/109000 [19:15<13:03:49,  2.28it/s]
2%|▏         | 1847/109000 [19:15<13:03:49,  2.28it/s]
2%|▏         | 1848/109000 [19:15<13:04:41,  2.28it/s]
2%|▏         | 1849/109000 [19:16<13:04:32,  2.28it/s]
2%|▏         | 1850/109000 [19:16<13:04:29,  2.28it/s]

{'loss': '6.294', 'grad_norm': '0.9294', 'learning_rate': '4.915e-05', 'epoch': 
'0.1697'}

2%|▏         | 1850/109000 [19:16<13:04:29,  2.28it/s]
2%|▏         | 1851/109000 [19:17<13:04:41,  2.28it/s]
2%|▏         | 1852/109000 [19:17<13:04:46,  2.28it/s]
2%|▏         | 1853/109000 [19:18<13:04:34,  2.28it/s]
2%|▏         | 1854/109000 [19:18<13:04:09,  2.28it/s]
2%|▏         | 1855/109000 [19:18<13:04:09,  2.28it/s]
2%|▏         | 1856/109000 [19:19<13:05:03,  2.27it/s]
2%|▏         | 1857/109000 [19:19<13:04:30,  2.28it/s]
2%|▏         | 1858/109000 [19:20<13:04:07,  2.28it/s]
2%|▏         | 1859/109000 [19:20<13:03:47,  2.28it/s]
2%|▏         | 1860/109000 [19:21<13:04:09,  2.28it/s]
2%|▏         | 1861/109000 [19:21<13:04:05,  2.28it/s]
2%|▏         | 1862/109000 [19:22<13:03:30,  2.28it/s]
2%|▏         | 1863/109000 [19:22<13:03:48,  2.28it/s]
2%|▏         | 1864/109000 [19:22<13:04:59,  2.27it/s]
2%|▏         | 1865/109000 [19:23<13:04:23,  2.28it/s]
2%|▏         | 1866/109000 [19:23<13:04:17,  2.28it/s]
2%|▏         | 1867/109000 [19:24<13:04:08,  2.28it/s]
2%|▏         | 1868/109000 [19:24<13:04:29,  2.28it/s]
2%|▏         | 1869/109000 [19:25<13:04:13,  2.28it/s]
2%|▏         | 1870/109000 [19:25<13:03:31,  2.28it/s]
2%|▏         | 1871/109000 [19:25<13:03:24,  2.28it/s]
2%|▏         | 1872/109000 [19:26<13:04:31,  2.28it/s]
2%|▏         | 1873/109000 [19:26<13:03:47,  2.28it/s]
2%|▏         | 1874/109000 [19:27<13:03:40,  2.28it/s]
2%|▏         | 1875/109000 [19:27<13:03:39,  2.28it/s]
2%|▏         | 1876/109000 [19:28<13:04:18,  2.28it/s]
2%|▏         | 1877/109000 [19:28<13:04:05,  2.28it/s]
2%|▏         | 1878/109000 [19:29<13:03:59,  2.28it/s]
2%|▏         | 1879/109000 [19:29<13:04:14,  2.28it/s]
2%|▏         | 1880/109000 [19:29<13:04:58,  2.27it/s]
2%|▏         | 1881/109000 [19:30<13:04:20,  2.28it/s]
2%|▏         | 1882/109000 [19:30<13:03:57,  2.28it/s]
2%|▏         | 1883/109000 [19:31<13:04:00,  2.28it/s]
2%|▏         | 1884/109000 [19:31<13:04:22,  2.28it/s]
2%|▏         | 1885/109000 [19:32<13:03:49,  2.28it/s]
2%|▏         | 1886/109000 [19:32<13:03:52,  2.28it/s]
2%|▏         | 1887/109000 [19:33<13:04:00,  2.28it/s]
2%|▏         | 1888/109000 [19:33<13:04:46,  2.27it/s]
2%|▏         | 1889/109000 [19:33<13:03:39,  2.28it/s]
2%|▏         | 1890/109000 [19:34<13:04:00,  2.28it/s]
2%|▏         | 1891/109000 [19:34<13:04:08,  2.28it/s]
2%|▏         | 1892/109000 [19:35<13:04:02,  2.28it/s]
2%|▏         | 1893/109000 [19:35<13:03:36,  2.28it/s]
2%|▏         | 1894/109000 [19:36<13:03:13,  2.28it/s]
2%|▏         | 1895/109000 [19:36<13:04:00,  2.28it/s]
2%|▏         | 1896/109000 [19:36<13:04:06,  2.28it/s]
2%|▏         | 1897/109000 [19:37<13:03:45,  2.28it/s]
2%|▏         | 1898/109000 [19:37<13:03:35,  2.28it/s]
2%|▏         | 1899/109000 [19:38<13:04:03,  2.28it/s]
2%|▏         | 1900/109000 [19:38<13:03:54,  2.28it/s]

{'loss': '6.285', 'grad_norm': '0.9367', 'learning_rate': '4.913e-05', 'epoch': 
'0.1743'}

2%|▏         | 1900/109000 [19:38<13:03:54,  2.28it/s]
2%|▏         | 1901/109000 [19:39<13:03:54,  2.28it/s]
2%|▏         | 1902/109000 [19:39<13:03:50,  2.28it/s]
2%|▏         | 1903/109000 [19:40<13:04:13,  2.28it/s]
2%|▏         | 1904/109000 [19:40<13:03:39,  2.28it/s]
2%|▏         | 1905/109000 [19:40<13:02:57,  2.28it/s]
2%|▏         | 1906/109000 [19:41<13:03:33,  2.28it/s]
2%|▏         | 1907/109000 [19:41<13:03:33,  2.28it/s]
2%|▏         | 1908/109000 [19:42<13:03:05,  2.28it/s]
2%|▏         | 1909/109000 [19:42<13:02:50,  2.28it/s]
2%|▏         | 1910/109000 [19:43<13:03:24,  2.28it/s]
2%|▏         | 1911/109000 [19:43<13:03:04,  2.28it/s]
2%|▏         | 1912/109000 [19:43<13:02:49,  2.28it/s]
2%|▏         | 1913/109000 [19:44<13:02:55,  2.28it/s]
2%|▏         | 1914/109000 [19:44<13:03:15,  2.28it/s]
2%|▏         | 1915/109000 [19:45<13:02:52,  2.28it/s]
2%|▏         | 1916/109000 [19:45<13:02:50,  2.28it/s]
2%|▏         | 1917/109000 [19:46<13:04:08,  2.28it/s]
2%|▏         | 1918/109000 [19:46<13:03:35,  2.28it/s]
2%|▏         | 1919/109000 [19:47<13:03:02,  2.28it/s]
2%|▏         | 1920/109000 [19:47<13:03:47,  2.28it/s]
2%|▏         | 1921/109000 [19:47<13:03:52,  2.28it/s]
2%|▏         | 1922/109000 [19:48<13:03:49,  2.28it/s]
2%|▏         | 1923/109000 [19:48<13:03:43,  2.28it/s]
2%|▏         | 1924/109000 [19:49<13:04:14,  2.28it/s]
2%|▏         | 1925/109000 [19:49<13:03:45,  2.28it/s]
2%|▏         | 1926/109000 [19:50<13:03:35,  2.28it/s]
2%|▏         | 1927/109000 [19:50<13:03:30,  2.28it/s]
2%|▏         | 1928/109000 [19:51<13:04:16,  2.28it/s]
2%|▏         | 1929/109000 [19:51<13:03:28,  2.28it/s]
2%|▏         | 1930/109000 [19:51<13:03:05,  2.28it/s]
2%|▏         | 1931/109000 [19:52<13:03:53,  2.28it/s]
2%|▏         | 1932/109000 [19:52<13:03:20,  2.28it/s]
2%|▏         | 1933/109000 [19:53<13:02:54,  2.28it/s]
2%|▏         | 1934/109000 [19:53<13:02:57,  2.28it/s]
2%|▏         | 1935/109000 [19:54<13:03:32,  2.28it/s]
2%|▏         | 1936/109000 [19:54<13:03:08,  2.28it/s]
2%|▏         | 1937/109000 [19:54<13:03:02,  2.28it/s]
2%|▏         | 1938/109000 [19:55<13:03:45,  2.28it/s]
2%|▏         | 1939/109000 [19:55<13:03:21,  2.28it/s]
2%|▏         | 1940/109000 [19:56<13:03:00,  2.28it/s]
2%|▏         | 1941/109000 [19:56<13:03:23,  2.28it/s]
2%|▏         | 1942/109000 [19:57<13:02:56,  2.28it/s]
2%|▏         | 1943/109000 [19:57<13:02:47,  2.28it/s]
2%|▏         | 1944/109000 [19:58<13:03:58,  2.28it/s]
2%|▏         | 1945/109000 [19:58<13:02:52,  2.28it/s]
2%|▏         | 1946/109000 [19:58<13:02:31,  2.28it/s]
2%|▏         | 1947/109000 [19:59<13:03:31,  2.28it/s]
2%|▏         | 1948/109000 [19:59<13:03:05,  2.28it/s]
2%|▏         | 1949/109000 [20:00<13:02:38,  2.28it/s]
2%|▏         | 1950/109000 [20:00<13:02:59,  2.28it/s]

{'loss': '6.234', 'grad_norm': '1.211', 'learning_rate': '4.911e-05', 'epoch': 
'0.1789'}

2%|▏         | 1950/109000 [20:00<13:02:59,  2.28it/s]
2%|▏         | 1951/109000 [20:01<13:03:35,  2.28it/s]
2%|▏         | 1952/109000 [20:01<13:03:20,  2.28it/s]
2%|▏         | 1953/109000 [20:01<13:03:35,  2.28it/s]
2%|▏         | 1954/109000 [20:02<13:03:16,  2.28it/s]
2%|▏         | 1955/109000 [20:02<13:03:00,  2.28it/s]
2%|▏         | 1956/109000 [20:03<13:02:54,  2.28it/s]
2%|▏         | 1957/109000 [20:03<13:03:15,  2.28it/s]
2%|▏         | 1958/109000 [20:04<13:02:30,  2.28it/s]
2%|▏         | 1959/109000 [20:04<13:02:16,  2.28it/s]
2%|▏         | 1960/109000 [20:05<13:03:08,  2.28it/s]
2%|▏         | 1961/109000 [20:05<13:02:39,  2.28it/s]
2%|▏         | 1962/109000 [20:05<13:02:42,  2.28it/s]
2%|▏         | 1963/109000 [20:06<13:03:33,  2.28it/s]
2%|▏         | 1964/109000 [20:06<13:03:41,  2.28it/s]
2%|▏         | 1965/109000 [20:07<13:03:01,  2.28it/s]
2%|▏         | 1966/109000 [20:07<13:02:44,  2.28it/s]
2%|▏         | 1967/109000 [20:08<13:02:57,  2.28it/s]
2%|▏         | 1968/109000 [20:08<13:02:54,  2.28it/s]
2%|▏         | 1969/109000 [20:09<13:02:32,  2.28it/s]
2%|▏         | 1970/109000 [20:09<13:02:39,  2.28it/s]
2%|▏         | 1971/109000 [20:09<13:02:51,  2.28it/s]
2%|▏         | 1972/109000 [20:10<13:02:25,  2.28it/s]
2%|▏         | 1973/109000 [20:10<13:03:00,  2.28it/s]
2%|▏         | 1974/109000 [20:11<13:03:31,  2.28it/s]
2%|▏         | 1975/109000 [20:11<13:03:06,  2.28it/s]
2%|▏         | 1976/109000 [20:12<13:03:07,  2.28it/s]
2%|▏         | 1977/109000 [20:12<13:02:57,  2.28it/s]
2%|▏         | 1978/109000 [20:12<13:03:14,  2.28it/s]
2%|▏         | 1979/109000 [20:13<13:03:07,  2.28it/s]
2%|▏         | 1980/109000 [20:13<13:02:53,  2.28it/s]
2%|▏         | 1981/109000 [20:14<13:03:47,  2.28it/s]
2%|▏         | 1982/109000 [20:14<13:04:06,  2.27it/s]
2%|▏         | 1983/109000 [20:15<13:03:16,  2.28it/s]
2%|▏         | 1984/109000 [20:15<13:03:14,  2.28it/s]
2%|▏         | 1985/109000 [20:16<13:03:57,  2.28it/s]
2%|▏         | 1986/109000 [20:16<13:03:44,  2.28it/s]
2%|▏         | 1987/109000 [20:16<13:03:09,  2.28it/s]
2%|▏         | 1988/109000 [20:17<13:02:51,  2.28it/s]
2%|▏         | 1989/109000 [20:17<13:03:35,  2.28it/s]
2%|▏         | 1990/109000 [20:18<13:03:43,  2.28it/s]
2%|▏         | 1991/109000 [20:18<13:03:01,  2.28it/s]
2%|▏         | 1992/109000 [20:19<13:02:36,  2.28it/s]
2%|▏         | 1993/109000 [20:19<13:03:12,  2.28it/s]
2%|▏         | 1994/109000 [20:19<13:03:20,  2.28it/s]
2%|▏         | 1995/109000 [20:20<13:02:35,  2.28it/s]
2%|▏         | 1996/109000 [20:20<13:02:34,  2.28it/s]
2%|▏         | 1997/109000 [20:21<13:03:43,  2.28it/s]
2%|▏         | 1998/109000 [20:21<13:03:43,  2.28it/s]
2%|▏         | 1999/109000 [20:22<13:02:40,  2.28it/s]
2%|▏         | 2000/109000 [20:22<13:02:39,  2.28it/s]

{'loss': '6.255', 'grad_norm': '0.9101', 'learning_rate': '4.908e-05', 'epoch': 
'0.1835'}

2%|▏         | 2000/109000 [20:22<13:02:39,  2.28it/s]

0%|          | 0/3662 [00:00<?, ?it/s][A

0%|          | 10/3662 [00:00<00:39, 91.66it/s][A

1%|          | 20/3662 [00:00<00:42, 86.05it/s][A

1%|          | 29/3662 [00:00<00:43, 84.40it/s][A

1%|          | 38/3662 [00:00<00:43, 83.45it/s][A

1%|▏         | 47/3662 [00:00<00:43, 82.91it/s][A

2%|▏         | 56/3662 [00:00<00:43, 82.63it/s][A

2%|▏         | 65/3662 [00:00<00:43, 82.36it/s][A

2%|▏         | 74/3662 [00:00<00:43, 82.27it/s][A

2%|▏         | 83/3662 [00:00<00:43, 82.09it/s][A

3%|▎         | 92/3662 [00:01<00:43, 82.00it/s][A

3%|▎         | 101/3662 [00:01<00:43, 81.94it/s][A

3%|▎         | 110/3662 [00:01<00:43, 81.78it/s][A

3%|▎         | 119/3662 [00:01<00:43, 81.39it/s][A

3%|▎         | 128/3662 [00:01<00:43, 81.22it/s][A

4%|▎         | 137/3662 [00:01<00:43, 81.03it/s][A

4%|▍         | 146/3662 [00:01<00:43, 80.92it/s][A

4%|▍         | 155/3662 [00:01<00:43, 80.95it/s][A

4%|▍         | 164/3662 [00:01<00:43, 81.05it/s][A

5%|▍         | 173/3662 [00:02<00:43, 80.87it/s][A

5%|▍         | 182/3662 [00:02<00:43, 80.80it/s][A

5%|▌         | 191/3662 [00:02<00:43, 80.70it/s][A

5%|▌         | 200/3662 [00:02<00:42, 80.58it/s][A

6%|▌         | 209/3662 [00:02<00:42, 80.55it/s][A

6%|▌         | 218/3662 [00:02<00:42, 80.09it/s][A

6%|▌         | 227/3662 [00:02<00:43, 79.65it/s][A

6%|▋         | 235/3662 [00:02<00:43, 79.53it/s][A

7%|▋         | 243/3662 [00:02<00:43, 79.41it/s][A

7%|▋         | 251/3662 [00:03<00:42, 79.48it/s][A

7%|▋         | 259/3662 [00:03<00:42, 79.27it/s][A

7%|▋         | 267/3662 [00:03<00:42, 79.31it/s][A

8%|▊         | 275/3662 [00:03<00:42, 79.24it/s][A

8%|▊         | 283/3662 [00:03<00:42, 79.28it/s][A

8%|▊         | 291/3662 [00:03<00:42, 79.33it/s][A

8%|▊         | 299/3662 [00:03<00:42, 79.29it/s][A

8%|▊         | 307/3662 [00:03<00:42, 79.16it/s][A

9%|▊         | 316/3662 [00:03<00:42, 79.43it/s][A

9%|▉         | 324/3662 [00:04<00:42, 79.33it/s][A

9%|▉         | 333/3662 [00:04<00:41, 79.80it/s][A

9%|▉         | 342/3662 [00:04<00:41, 80.03it/s][A

10%|▉         | 351/3662 [00:04<00:41, 80.24it/s][A

10%|▉         | 360/3662 [00:04<00:41, 79.93it/s][A

10%|█         | 368/3662 [00:04<00:41, 79.72it/s][A

10%|█         | 376/3662 [00:04<00:41, 79.52it/s][A

10%|█         | 384/3662 [00:04<00:41, 79.31it/s][A

11%|█         | 392/3662 [00:04<00:41, 79.06it/s][A

11%|█         | 400/3662 [00:04<00:41, 79.05it/s][A

11%|█         | 408/3662 [00:05<00:41, 79.10it/s][A

11%|█▏        | 416/3662 [00:05<00:41, 79.12it/s][A

12%|█▏        | 424/3662 [00:05<00:40, 79.10it/s][A

12%|█▏        | 432/3662 [00:05<00:40, 79.12it/s][A

12%|█▏        | 440/3662 [00:05<00:40, 78.99it/s][A

12%|█▏        | 448/3662 [00:05<00:40, 79.17it/s][A

12%|█▏        | 457/3662 [00:05<00:40, 79.62it/s][A

13%|█▎        | 466/3662 [00:05<00:39, 79.91it/s][A

13%|█▎        | 474/3662 [00:05<00:40, 78.12it/s][A

13%|█▎        | 482/3662 [00:06<00:40, 78.23it/s][A

13%|█▎        | 490/3662 [00:06<00:40, 78.38it/s][A

14%|█▎        | 498/3662 [00:06<00:40, 78.40it/s][A

14%|█▍        | 506/3662 [00:06<00:40, 78.65it/s][A

14%|█▍        | 514/3662 [00:06<00:39, 78.80it/s][A

14%|█▍        | 522/3662 [00:06<00:39, 78.84it/s][A

14%|█▍        | 530/3662 [00:06<00:39, 79.05it/s][A

15%|█▍        | 538/3662 [00:06<00:39, 79.03it/s][A

15%|█▍        | 546/3662 [00:06<00:39, 78.94it/s][A

15%|█▌        | 554/3662 [00:06<00:39, 79.03it/s][A

15%|█▌        | 562/3662 [00:07<00:39, 78.94it/s][A

16%|█▌        | 570/3662 [00:07<00:39, 78.94it/s][A

16%|█▌        | 578/3662 [00:07<00:39, 79.04it/s][A

16%|█▌        | 586/3662 [00:07<00:38, 79.04it/s][A

16%|█▌        | 594/3662 [00:07<00:38, 79.05it/s][A

16%|█▋        | 602/3662 [00:07<00:38, 79.00it/s][A

17%|█▋        | 610/3662 [00:07<00:38, 79.04it/s][A

17%|█▋        | 618/3662 [00:07<00:38, 78.94it/s][A

17%|█▋        | 626/3662 [00:07<00:38, 79.03it/s][A

17%|█▋        | 634/3662 [00:07<00:38, 79.16it/s][A

18%|█▊        | 642/3662 [00:08<00:38, 79.03it/s][A

18%|█▊        | 650/3662 [00:08<00:38, 79.13it/s][A

18%|█▊        | 658/3662 [00:08<00:37, 79.10it/s][A

18%|█▊        | 666/3662 [00:08<00:37, 79.15it/s][A

18%|█▊        | 674/3662 [00:08<00:37, 79.18it/s][A

19%|█▊        | 682/3662 [00:08<00:37, 79.35it/s][A

19%|█▉        | 690/3662 [00:08<00:37, 79.47it/s][A

19%|█▉        | 698/3662 [00:08<00:37, 79.59it/s][A

19%|█▉        | 706/3662 [00:08<00:37, 79.66it/s][A

19%|█▉        | 714/3662 [00:08<00:37, 79.67it/s][A

20%|█▉        | 722/3662 [00:09<00:36, 79.59it/s][A

20%|█▉        | 730/3662 [00:09<00:36, 79.56it/s][A

20%|██        | 738/3662 [00:09<00:36, 79.51it/s][A

20%|██        | 746/3662 [00:09<00:36, 79.51it/s][A

21%|██        | 754/3662 [00:09<00:36, 79.32it/s][A

21%|██        | 762/3662 [00:09<00:36, 79.15it/s][A

21%|██        | 770/3662 [00:09<00:36, 78.83it/s][A

21%|██        | 778/3662 [00:09<00:36, 79.02it/s][A

21%|██▏       | 786/3662 [00:09<00:36, 79.23it/s][A

22%|██▏       | 794/3662 [00:09<00:36, 79.26it/s][A

22%|██▏       | 802/3662 [00:10<00:36, 79.35it/s][A

22%|██▏       | 810/3662 [00:10<00:35, 79.23it/s][A

22%|██▏       | 818/3662 [00:10<00:35, 79.02it/s][A

23%|██▎       | 826/3662 [00:10<00:35, 79.08it/s][A

23%|██▎       | 835/3662 [00:10<00:35, 79.42it/s][A

23%|██▎       | 844/3662 [00:10<00:35, 79.69it/s][A

23%|██▎       | 853/3662 [00:10<00:35, 79.90it/s][A

24%|██▎       | 862/3662 [00:10<00:34, 80.23it/s][A

24%|██▍       | 871/3662 [00:10<00:34, 79.89it/s][A

24%|██▍       | 879/3662 [00:11<00:34, 79.56it/s][A

24%|██▍       | 887/3662 [00:11<00:34, 79.48it/s][A

24%|██▍       | 895/3662 [00:11<00:34, 79.36it/s][A

25%|██▍       | 903/3662 [00:11<00:34, 79.39it/s][A

25%|██▍       | 911/3662 [00:11<00:34, 79.35it/s][A

25%|██▌       | 919/3662 [00:11<00:34, 79.15it/s][A

25%|██▌       | 927/3662 [00:11<00:34, 79.19it/s][A

26%|██▌       | 935/3662 [00:11<00:34, 79.06it/s][A

26%|██▌       | 943/3662 [00:11<00:34, 78.92it/s][A

26%|██▌       | 951/3662 [00:11<00:34, 79.01it/s][A

26%|██▌       | 959/3662 [00:12<00:34, 79.07it/s][A

26%|██▋       | 967/3662 [00:12<00:34, 79.22it/s][A

27%|██▋       | 975/3662 [00:12<00:33, 79.20it/s][A

27%|██▋       | 983/3662 [00:12<00:33, 79.34it/s][A

27%|██▋       | 992/3662 [00:12<00:33, 79.57it/s][A

27%|██▋       | 1000/3662 [00:12<00:33, 79.66it/s][A

28%|██▊       | 1009/3662 [00:12<00:33, 80.00it/s][A

28%|██▊       | 1018/3662 [00:12<00:32, 80.25it/s][A

28%|██▊       | 1027/3662 [00:12<00:32, 80.18it/s][A

28%|██▊       | 1036/3662 [00:12<00:32, 79.81it/s][A

29%|██▊       | 1044/3662 [00:13<00:32, 79.35it/s][A

29%|██▊       | 1052/3662 [00:13<00:32, 79.22it/s][A

29%|██▉       | 1060/3662 [00:13<00:32, 79.36it/s][A

29%|██▉       | 1068/3662 [00:13<00:32, 79.14it/s][A

29%|██▉       | 1076/3662 [00:13<00:32, 79.03it/s][A

30%|██▉       | 1084/3662 [00:13<00:32, 78.92it/s][A

30%|██▉       | 1092/3662 [00:13<00:32, 78.83it/s][A

30%|███       | 1100/3662 [00:13<00:32, 78.82it/s][A

30%|███       | 1108/3662 [00:13<00:32, 78.70it/s][A

30%|███       | 1116/3662 [00:14<00:32, 78.57it/s][A

31%|███       | 1124/3662 [00:14<00:32, 78.76it/s][A

31%|███       | 1132/3662 [00:14<00:32, 78.85it/s][A

31%|███       | 1140/3662 [00:14<00:31, 78.94it/s][A

31%|███▏      | 1148/3662 [00:14<00:31, 78.82it/s][A

32%|███▏      | 1156/3662 [00:14<00:31, 79.15it/s][A

32%|███▏      | 1164/3662 [00:14<00:31, 78.89it/s][A

32%|███▏      | 1172/3662 [00:14<00:31, 79.02it/s][A

32%|███▏      | 1180/3662 [00:14<00:31, 78.89it/s][A

32%|███▏      | 1188/3662 [00:14<00:31, 79.04it/s][A

33%|███▎      | 1196/3662 [00:15<00:31, 79.03it/s][A

33%|███▎      | 1204/3662 [00:15<00:31, 79.03it/s][A

33%|███▎      | 1212/3662 [00:15<00:31, 78.95it/s][A

33%|███▎      | 1220/3662 [00:15<00:30, 78.95it/s][A

34%|███▎      | 1228/3662 [00:15<00:30, 78.97it/s][A

34%|███▍      | 1236/3662 [00:15<00:30, 78.77it/s][A

34%|███▍      | 1244/3662 [00:15<00:30, 78.74it/s][A

34%|███▍      | 1252/3662 [00:15<00:30, 78.80it/s][A

34%|███▍      | 1260/3662 [00:15<00:30, 78.81it/s][A

35%|███▍      | 1268/3662 [00:15<00:30, 78.91it/s][A

35%|███▍      | 1276/3662 [00:16<00:30, 78.89it/s][A

35%|███▌      | 1284/3662 [00:16<00:30, 79.03it/s][A

35%|███▌      | 1292/3662 [00:16<00:29, 79.02it/s][A

35%|███▌      | 1300/3662 [00:16<00:29, 79.03it/s][A

36%|███▌      | 1308/3662 [00:16<00:29, 79.05it/s][A

36%|███▌      | 1316/3662 [00:16<00:29, 78.78it/s][A

36%|███▌      | 1324/3662 [00:16<00:29, 78.83it/s][A

36%|███▋      | 1332/3662 [00:16<00:29, 78.79it/s][A

37%|███▋      | 1340/3662 [00:16<00:29, 78.76it/s][A

37%|███▋      | 1348/3662 [00:16<00:29, 78.83it/s][A

37%|███▋      | 1356/3662 [00:17<00:29, 78.78it/s][A

37%|███▋      | 1364/3662 [00:17<00:29, 78.82it/s][A

37%|███▋      | 1372/3662 [00:17<00:29, 78.85it/s][A

38%|███▊      | 1380/3662 [00:17<00:28, 78.88it/s][A

38%|███▊      | 1388/3662 [00:17<00:28, 78.69it/s][A

38%|███▊      | 1396/3662 [00:17<00:28, 78.50it/s][A

38%|███▊      | 1404/3662 [00:17<00:28, 78.58it/s][A

39%|███▊      | 1412/3662 [00:17<00:28, 78.60it/s][A

39%|███▉      | 1420/3662 [00:17<00:28, 78.67it/s][A

39%|███▉      | 1428/3662 [00:17<00:28, 78.75it/s][A

39%|███▉      | 1436/3662 [00:18<00:28, 78.58it/s][A

39%|███▉      | 1444/3662 [00:18<00:28, 78.37it/s][A

40%|███▉      | 1452/3662 [00:18<00:28, 78.03it/s][A

40%|███▉      | 1460/3662 [00:18<00:28, 78.18it/s][A

40%|████      | 1468/3662 [00:18<00:28, 78.26it/s][A

40%|████      | 1476/3662 [00:18<00:27, 78.39it/s][A

41%|████      | 1484/3662 [00:18<00:27, 78.35it/s][A

41%|████      | 1492/3662 [00:18<00:27, 78.27it/s][A

41%|████      | 1500/3662 [00:18<00:27, 78.23it/s][A

41%|████      | 1508/3662 [00:18<00:27, 78.50it/s][A

41%|████▏     | 1516/3662 [00:19<00:27, 78.58it/s][A

42%|████▏     | 1524/3662 [00:19<00:27, 78.56it/s][A

42%|████▏     | 1532/3662 [00:19<00:27, 78.80it/s][A

42%|████▏     | 1540/3662 [00:19<00:26, 78.84it/s][A

42%|████▏     | 1548/3662 [00:19<00:26, 78.82it/s][A

42%|████▏     | 1556/3662 [00:19<00:26, 78.72it/s][A

43%|████▎     | 1564/3662 [00:19<00:26, 78.89it/s][A

43%|████▎     | 1572/3662 [00:19<00:26, 78.84it/s][A

43%|████▎     | 1580/3662 [00:19<00:26, 78.68it/s][A

43%|████▎     | 1588/3662 [00:19<00:26, 78.81it/s][A

44%|████▎     | 1596/3662 [00:20<00:26, 78.84it/s][A

44%|████▍     | 1604/3662 [00:20<00:26, 78.69it/s][A

44%|████▍     | 1612/3662 [00:20<00:26, 78.66it/s][A

44%|████▍     | 1620/3662 [00:20<00:25, 78.91it/s][A

44%|████▍     | 1629/3662 [00:20<00:25, 79.42it/s][A

45%|████▍     | 1638/3662 [00:20<00:25, 79.80it/s][A

45%|████▍     | 1647/3662 [00:20<00:25, 79.96it/s][A

45%|████▌     | 1656/3662 [00:20<00:25, 80.13it/s][A

45%|████▌     | 1665/3662 [00:20<00:24, 80.23it/s][A

46%|████▌     | 1674/3662 [00:21<00:24, 80.21it/s][A

46%|████▌     | 1683/3662 [00:21<00:24, 80.22it/s][A

46%|████▌     | 1692/3662 [00:21<00:24, 80.10it/s][A

46%|████▋     | 1701/3662 [00:21<00:24, 79.65it/s][A

47%|████▋     | 1709/3662 [00:21<00:24, 79.49it/s][A

47%|████▋     | 1717/3662 [00:21<00:24, 79.27it/s][A

47%|████▋     | 1725/3662 [00:21<00:24, 79.22it/s][A

47%|████▋     | 1733/3662 [00:21<00:24, 79.06it/s][A

48%|████▊     | 1741/3662 [00:21<00:24, 78.97it/s][A

48%|████▊     | 1749/3662 [00:22<00:24, 78.99it/s][A

48%|████▊     | 1757/3662 [00:22<00:24, 78.91it/s][A

48%|████▊     | 1765/3662 [00:22<00:24, 78.90it/s][A

48%|████▊     | 1773/3662 [00:22<00:23, 78.99it/s][A

49%|████▊     | 1781/3662 [00:22<00:23, 78.96it/s][A

49%|████▉     | 1789/3662 [00:22<00:23, 78.81it/s][A

49%|████▉     | 1797/3662 [00:22<00:23, 78.97it/s][A

49%|████▉     | 1806/3662 [00:22<00:23, 79.51it/s][A

50%|████▉     | 1815/3662 [00:22<00:23, 79.81it/s][A

50%|████▉     | 1824/3662 [00:22<00:22, 80.04it/s][A

50%|█████     | 1833/3662 [00:23<00:22, 79.61it/s][A

50%|█████     | 1841/3662 [00:23<00:22, 79.23it/s][A

50%|█████     | 1849/3662 [00:23<00:22, 79.12it/s][A

51%|█████     | 1857/3662 [00:23<00:22, 79.09it/s][A

51%|█████     | 1865/3662 [00:23<00:22, 78.90it/s][A

51%|█████     | 1873/3662 [00:23<00:22, 78.91it/s][A

51%|█████▏    | 1881/3662 [00:23<00:22, 78.93it/s][A

52%|█████▏    | 1889/3662 [00:23<00:22, 78.72it/s][A

52%|█████▏    | 1897/3662 [00:23<00:22, 78.74it/s][A

52%|█████▏    | 1905/3662 [00:23<00:22, 78.79it/s][A

52%|█████▏    | 1913/3662 [00:24<00:22, 79.10it/s][A

52%|█████▏    | 1921/3662 [00:24<00:22, 79.01it/s][A

53%|█████▎    | 1929/3662 [00:24<00:21, 78.99it/s][A

53%|█████▎    | 1937/3662 [00:24<00:21, 78.79it/s][A

53%|█████▎    | 1945/3662 [00:24<00:21, 78.71it/s][A

53%|█████▎    | 1953/3662 [00:24<00:21, 78.64it/s][A

54%|█████▎    | 1961/3662 [00:24<00:21, 78.75it/s][A

54%|█████▍    | 1969/3662 [00:24<00:21, 78.60it/s][A

54%|█████▍    | 1977/3662 [00:24<00:21, 78.63it/s][A

54%|█████▍    | 1985/3662 [00:25<00:21, 78.62it/s][A

54%|█████▍    | 1993/3662 [00:25<00:21, 78.55it/s][A

55%|█████▍    | 2001/3662 [00:25<00:21, 78.44it/s][A

55%|█████▍    | 2009/3662 [00:25<00:21, 78.61it/s][A

55%|█████▌    | 2017/3662 [00:25<00:20, 78.72it/s][A

55%|█████▌    | 2025/3662 [00:25<00:20, 78.81it/s][A

56%|█████▌    | 2033/3662 [00:25<00:20, 78.73it/s][A

56%|█████▌    | 2041/3662 [00:25<00:20, 78.97it/s][A

56%|█████▌    | 2049/3662 [00:25<00:20, 78.76it/s][A

56%|█████▌    | 2057/3662 [00:25<00:20, 78.81it/s][A

56%|█████▋    | 2065/3662 [00:26<00:20, 78.71it/s][A

57%|█████▋    | 2073/3662 [00:26<00:20, 78.54it/s][A

57%|█████▋    | 2081/3662 [00:26<00:20, 78.57it/s][A

57%|█████▋    | 2089/3662 [00:26<00:19, 78.66it/s][A

57%|█████▋    | 2097/3662 [00:26<00:19, 78.60it/s][A

57%|█████▋    | 2105/3662 [00:26<00:19, 78.72it/s][A

58%|█████▊    | 2113/3662 [00:26<00:19, 78.75it/s][A

58%|█████▊    | 2121/3662 [00:26<00:19, 78.83it/s][A

58%|█████▊    | 2129/3662 [00:26<00:19, 78.77it/s][A

58%|█████▊    | 2137/3662 [00:26<00:19, 78.91it/s][A

59%|█████▊    | 2145/3662 [00:27<00:19, 79.01it/s][A

59%|█████▉    | 2153/3662 [00:27<00:19, 78.84it/s][A

59%|█████▉    | 2161/3662 [00:27<00:19, 78.72it/s][A

59%|█████▉    | 2169/3662 [00:27<00:18, 78.81it/s][A

59%|█████▉    | 2177/3662 [00:27<00:18, 78.97it/s][A

60%|█████▉    | 2185/3662 [00:27<00:18, 78.73it/s][A

60%|█████▉    | 2193/3662 [00:27<00:18, 78.69it/s][A

60%|██████    | 2201/3662 [00:27<00:18, 78.92it/s][A

60%|██████    | 2209/3662 [00:27<00:18, 79.06it/s][A

61%|██████    | 2217/3662 [00:27<00:18, 78.87it/s][A

61%|██████    | 2225/3662 [00:28<00:18, 79.04it/s][A

61%|██████    | 2233/3662 [00:28<00:18, 78.86it/s][A

61%|██████    | 2241/3662 [00:28<00:18, 78.73it/s][A

61%|██████▏   | 2249/3662 [00:28<00:17, 78.68it/s][A

62%|██████▏   | 2257/3662 [00:28<00:17, 79.01it/s][A

62%|██████▏   | 2266/3662 [00:28<00:17, 79.48it/s][A

62%|██████▏   | 2274/3662 [00:28<00:17, 79.61it/s][A

62%|██████▏   | 2282/3662 [00:28<00:17, 79.55it/s][A

63%|██████▎   | 2291/3662 [00:28<00:17, 79.75it/s][A

63%|██████▎   | 2300/3662 [00:28<00:17, 79.91it/s][A

63%|██████▎   | 2309/3662 [00:29<00:16, 79.98it/s][A

63%|██████▎   | 2318/3662 [00:29<00:16, 80.10it/s][A

64%|██████▎   | 2327/3662 [00:29<00:16, 80.02it/s][A

64%|██████▍   | 2336/3662 [00:29<00:16, 79.98it/s][A

64%|██████▍   | 2344/3662 [00:29<00:16, 79.97it/s][A

64%|██████▍   | 2353/3662 [00:29<00:16, 80.03it/s][A

65%|██████▍   | 2362/3662 [00:29<00:16, 80.04it/s][A

65%|██████▍   | 2371/3662 [00:29<00:16, 80.00it/s][A

65%|██████▍   | 2380/3662 [00:29<00:15, 80.14it/s][A

65%|██████▌   | 2389/3662 [00:30<00:15, 80.10it/s][A

65%|██████▌   | 2398/3662 [00:30<00:15, 79.78it/s][A

66%|██████▌   | 2406/3662 [00:30<00:15, 79.38it/s][A

66%|██████▌   | 2414/3662 [00:30<00:15, 79.25it/s][A

66%|██████▌   | 2422/3662 [00:30<00:15, 79.20it/s][A

66%|██████▋   | 2430/3662 [00:30<00:15, 79.23it/s][A

67%|██████▋   | 2439/3662 [00:30<00:15, 79.61it/s][A

67%|██████▋   | 2447/3662 [00:30<00:15, 79.36it/s][A

67%|██████▋   | 2455/3662 [00:30<00:15, 79.10it/s][A

67%|██████▋   | 2463/3662 [00:31<00:15, 79.08it/s][A

67%|██████▋   | 2471/3662 [00:31<00:15, 79.02it/s][A

68%|██████▊   | 2479/3662 [00:31<00:14, 79.07it/s][A

68%|██████▊   | 2487/3662 [00:31<00:14, 79.11it/s][A

68%|██████▊   | 2495/3662 [00:31<00:14, 79.03it/s][A

68%|██████▊   | 2503/3662 [00:31<00:14, 79.00it/s][A

69%|██████▊   | 2511/3662 [00:31<00:14, 79.20it/s][A

69%|██████▉   | 2519/3662 [00:31<00:14, 79.25it/s][A

69%|██████▉   | 2527/3662 [00:31<00:14, 79.18it/s][A

69%|██████▉   | 2535/3662 [00:31<00:14, 78.98it/s][A

69%|██████▉   | 2543/3662 [00:32<00:14, 79.01it/s][A

70%|██████▉   | 2551/3662 [00:32<00:14, 79.04it/s][A

70%|██████▉   | 2559/3662 [00:32<00:13, 79.18it/s][A

70%|███████   | 2567/3662 [00:32<00:13, 79.41it/s][A

70%|███████   | 2575/3662 [00:32<00:13, 79.49it/s][A

71%|███████   | 2584/3662 [00:32<00:13, 79.73it/s][A

71%|███████   | 2593/3662 [00:32<00:13, 80.09it/s][A

71%|███████   | 2602/3662 [00:32<00:13, 80.30it/s][A

71%|███████▏  | 2611/3662 [00:32<00:13, 80.16it/s][A

72%|███████▏  | 2620/3662 [00:33<00:12, 80.29it/s][A

72%|███████▏  | 2629/3662 [00:33<00:12, 80.20it/s][A

72%|███████▏  | 2638/3662 [00:33<00:12, 80.21it/s][A

72%|███████▏  | 2647/3662 [00:33<00:12, 80.14it/s][A

73%|███████▎  | 2656/3662 [00:33<00:12, 80.02it/s][A

73%|███████▎  | 2665/3662 [00:33<00:12, 79.96it/s][A

73%|███████▎  | 2674/3662 [00:33<00:12, 79.99it/s][A

73%|███████▎  | 2683/3662 [00:33<00:12, 80.04it/s][A

74%|███████▎  | 2692/3662 [00:33<00:12, 80.13it/s][A

74%|███████▍  | 2701/3662 [00:34<00:11, 80.12it/s][A

74%|███████▍  | 2710/3662 [00:34<00:11, 80.19it/s][A

74%|███████▍  | 2719/3662 [00:34<00:11, 80.15it/s][A

74%|███████▍  | 2728/3662 [00:34<00:11, 80.06it/s][A

75%|███████▍  | 2737/3662 [00:34<00:11, 79.57it/s][A

75%|███████▍  | 2745/3662 [00:34<00:11, 79.35it/s][A

75%|███████▌  | 2753/3662 [00:34<00:11, 79.13it/s][A

75%|███████▌  | 2761/3662 [00:34<00:11, 79.11it/s][A

76%|███████▌  | 2769/3662 [00:34<00:11, 79.10it/s][A

76%|███████▌  | 2777/3662 [00:34<00:11, 79.00it/s][A

76%|███████▌  | 2785/3662 [00:35<00:11, 78.85it/s][A

76%|███████▋  | 2793/3662 [00:35<00:11, 78.89it/s][A

76%|███████▋  | 2801/3662 [00:35<00:10, 78.95it/s][A

77%|███████▋  | 2809/3662 [00:35<00:10, 78.88it/s][A

77%|███████▋  | 2817/3662 [00:35<00:10, 79.05it/s][A

77%|███████▋  | 2825/3662 [00:35<00:10, 78.95it/s][A

77%|███████▋  | 2833/3662 [00:35<00:10, 78.98it/s][A

78%|███████▊  | 2841/3662 [00:35<00:10, 79.16it/s][A

78%|███████▊  | 2849/3662 [00:35<00:10, 79.08it/s][A

78%|███████▊  | 2857/3662 [00:36<00:10, 78.99it/s][A

78%|███████▊  | 2865/3662 [00:36<00:10, 79.06it/s][A

78%|███████▊  | 2873/3662 [00:36<00:10, 78.85it/s][A

79%|███████▊  | 2881/3662 [00:36<00:09, 78.75it/s][A

79%|███████▉  | 2889/3662 [00:36<00:09, 78.84it/s][A

79%|███████▉  | 2897/3662 [00:36<00:09, 78.81it/s][A

79%|███████▉  | 2905/3662 [00:36<00:09, 78.77it/s][A

80%|███████▉  | 2913/3662 [00:36<00:09, 78.84it/s][A

80%|███████▉  | 2921/3662 [00:36<00:09, 78.91it/s][A

80%|███████▉  | 2929/3662 [00:36<00:09, 78.88it/s][A

80%|████████  | 2937/3662 [00:37<00:09, 78.96it/s][A

80%|████████  | 2946/3662 [00:37<00:09, 79.38it/s][A

81%|████████  | 2954/3662 [00:37<00:08, 79.41it/s][A

81%|████████  | 2963/3662 [00:37<00:08, 79.84it/s][A

81%|████████  | 2972/3662 [00:37<00:08, 80.10it/s][A

81%|████████▏ | 2981/3662 [00:37<00:08, 80.09it/s][A

82%|████████▏ | 2990/3662 [00:37<00:08, 80.20it/s][A

82%|████████▏ | 2999/3662 [00:37<00:08, 80.08it/s][A

82%|████████▏ | 3008/3662 [00:37<00:08, 80.02it/s][A

82%|████████▏ | 3017/3662 [00:38<00:08, 80.00it/s][A

83%|████████▎ | 3025/3662 [00:38<00:07, 79.75it/s][A

83%|████████▎ | 3033/3662 [00:38<00:07, 79.55it/s][A

83%|████████▎ | 3041/3662 [00:38<00:07, 79.39it/s][A

83%|████████▎ | 3049/3662 [00:38<00:07, 79.32it/s][A

83%|████████▎ | 3057/3662 [00:38<00:07, 79.10it/s][A

84%|████████▎ | 3065/3662 [00:38<00:07, 79.00it/s][A

84%|████████▍ | 3073/3662 [00:38<00:07, 79.10it/s][A

84%|████████▍ | 3081/3662 [00:38<00:07, 79.01it/s][A

84%|████████▍ | 3089/3662 [00:38<00:07, 78.99it/s][A

85%|████████▍ | 3097/3662 [00:39<00:07, 79.11it/s][A

85%|████████▍ | 3105/3662 [00:39<00:07, 79.12it/s][A

85%|████████▌ | 3113/3662 [00:39<00:06, 79.04it/s][A

85%|████████▌ | 3121/3662 [00:39<00:06, 78.91it/s][A

85%|████████▌ | 3129/3662 [00:39<00:06, 78.97it/s][A

86%|████████▌ | 3137/3662 [00:39<00:06, 78.83it/s][A

86%|████████▌ | 3145/3662 [00:39<00:06, 78.71it/s][A

86%|████████▌ | 3153/3662 [00:39<00:06, 78.93it/s][A

86%|████████▋ | 3161/3662 [00:39<00:06, 78.86it/s][A

87%|████████▋ | 3169/3662 [00:39<00:06, 78.64it/s][A

87%|████████▋ | 3177/3662 [00:40<00:06, 78.83it/s][A

87%|████████▋ | 3185/3662 [00:40<00:06, 78.86it/s][A

87%|████████▋ | 3193/3662 [00:40<00:05, 78.99it/s][A

87%|████████▋ | 3201/3662 [00:40<00:05, 78.96it/s][A

88%|████████▊ | 3209/3662 [00:40<00:05, 78.95it/s][A

88%|████████▊ | 3217/3662 [00:40<00:05, 78.95it/s][A

88%|████████▊ | 3225/3662 [00:40<00:05, 78.80it/s][A

88%|████████▊ | 3233/3662 [00:40<00:05, 78.87it/s][A

89%|████████▊ | 3241/3662 [00:40<00:05, 78.63it/s][A

89%|████████▊ | 3249/3662 [00:40<00:05, 78.76it/s][A

89%|████████▉ | 3257/3662 [00:41<00:05, 78.87it/s][A

89%|████████▉ | 3265/3662 [00:41<00:05, 78.93it/s][A

89%|████████▉ | 3273/3662 [00:41<00:04, 78.80it/s][A

90%|████████▉ | 3281/3662 [00:41<00:04, 78.83it/s][A

90%|████████▉ | 3289/3662 [00:41<00:04, 79.08it/s][A

90%|█████████ | 3297/3662 [00:41<00:04, 79.11it/s][A

90%|█████████ | 3305/3662 [00:41<00:04, 78.94it/s][A

90%|█████████ | 3313/3662 [00:41<00:04, 79.00it/s][A

91%|█████████ | 3321/3662 [00:41<00:04, 78.97it/s][A

91%|█████████ | 3329/3662 [00:41<00:04, 79.07it/s][A

91%|█████████ | 3337/3662 [00:42<00:04, 79.08it/s][A

91%|█████████▏| 3345/3662 [00:42<00:04, 79.02it/s][A

92%|█████████▏| 3353/3662 [00:42<00:03, 79.25it/s][A

92%|█████████▏| 3361/3662 [00:42<00:03, 79.17it/s][A

92%|█████████▏| 3369/3662 [00:42<00:03, 79.17it/s][A

92%|█████████▏| 3378/3662 [00:42<00:03, 79.45it/s][A

92%|█████████▏| 3386/3662 [00:42<00:03, 79.32it/s][A

93%|█████████▎| 3394/3662 [00:42<00:03, 79.07it/s][A

93%|█████████▎| 3402/3662 [00:42<00:03, 78.87it/s][A

93%|█████████▎| 3410/3662 [00:42<00:03, 78.97it/s][A

93%|█████████▎| 3418/3662 [00:43<00:03, 78.94it/s][A

94%|█████████▎| 3426/3662 [00:43<00:02, 78.93it/s][A

94%|█████████▍| 3434/3662 [00:43<00:02, 78.86it/s][A

94%|█████████▍| 3442/3662 [00:43<00:02, 78.93it/s][A

94%|█████████▍| 3450/3662 [00:43<00:02, 78.93it/s][A

94%|█████████▍| 3458/3662 [00:43<00:02, 78.95it/s][A

95%|█████████▍| 3466/3662 [00:43<00:02, 79.01it/s][A

95%|█████████▍| 3474/3662 [00:43<00:02, 79.01it/s][A

95%|█████████▌| 3482/3662 [00:43<00:02, 79.04it/s][A

95%|█████████▌| 3490/3662 [00:44<00:02, 79.06it/s][A

96%|█████████▌| 3498/3662 [00:44<00:02, 78.93it/s][A

96%|█████████▌| 3506/3662 [00:44<00:01, 79.18it/s][A

96%|█████████▌| 3515/3662 [00:44<00:01, 79.68it/s][A

96%|█████████▌| 3523/3662 [00:44<00:01, 79.64it/s][A

96%|█████████▋| 3531/3662 [00:44<00:01, 79.23it/s][A

97%|█████████▋| 3539/3662 [00:44<00:01, 79.09it/s][A

97%|█████████▋| 3547/3662 [00:44<00:01, 79.16it/s][A

97%|█████████▋| 3556/3662 [00:44<00:01, 79.48it/s][A

97%|█████████▋| 3565/3662 [00:44<00:01, 79.72it/s][A

98%|█████████▊| 3573/3662 [00:45<00:01, 79.47it/s][A

98%|█████████▊| 3581/3662 [00:45<00:01, 79.32it/s][A

98%|█████████▊| 3589/3662 [00:45<00:00, 79.11it/s][A

98%|█████████▊| 3597/3662 [00:45<00:00, 79.26it/s][A

98%|█████████▊| 3605/3662 [00:45<00:00, 79.30it/s][A

99%|█████████▊| 3613/3662 [00:45<00:00, 79.22it/s][A

99%|█████████▉| 3621/3662 [00:45<00:00, 79.31it/s][A

99%|█████████▉| 3629/3662 [00:45<00:00, 79.13it/s][A

99%|█████████▉| 3637/3662 [00:45<00:00, 79.02it/s][A

100%|█████████▉| 3645/3662 [00:45<00:00, 78.94it/s][A

100%|█████████▉| 3654/3662 [00:46<00:00, 80.43it/s][A



[A{'eval_loss': '6.217', 'eval_runtime': '46.63', 'eval_samples_per_second': 
'628.3', 'eval_steps_per_second': '78.54', 'epoch': '0.1835'}

2%|▏         | 2000/109000 [21:09<13:02:39,  2.28it/s]

100%|██████████| 3662/3662 [00:46<00:00, 80.43it/s][A

[A

Writing model shards:   0%|          | 0/1 [00:00<?, ?it/s][A

Writing model shards: 100%|██████████| 1/1 [00:00<00:00,  1.49it/s][A
Writing model shards: 100%|██████████| 1/1 [00:00<00:00,  1.49it/s]

2%|▏         | 2001/109000 [21:12<450:43:51, 15.16s/it]
2%|▏         | 2002/109000 [21:12<319:24:15, 10.75s/it]
2%|▏         | 2003/109000 [21:13<227:30:01,  7.65s/it]
2%|▏         | 2004/109000 [21:13<163:09:19,  5.49s/it]
2%|▏         | 2005/109000 [21:13<118:07:05,  3.97s/it]
2%|▏         | 2006/109000 [21:14<86:35:53,  2.91s/it]
2%|▏         | 2007/109000 [21:14<64:31:19,  2.17s/it]
2%|▏         | 2008/109000 [21:15<49:04:07,  1.65s/it]
2%|▏         | 2009/109000 [21:15<38:15:37,  1.29s/it]
2%|▏         | 2010/109000 [21:16<30:41:38,  1.03s/it]
2%|▏         | 2011/109000 [21:16<25:23:19,  1.17it/s]
2%|▏         | 2012/109000 [21:16<21:41:15,  1.37it/s]
2%|▏         | 2013/109000 [21:17<19:06:03,  1.56it/s]
2%|▏         | 2014/109000 [21:17<17:16:33,  1.72it/s]
2%|▏         | 2015/109000 [21:18<16:00:23,  1.86it/s]
2%|▏         | 2016/109000 [21:18<15:07:19,  1.97it/s]
2%|▏         | 2017/109000 [21:19<14:29:42,  2.05it/s]
2%|▏         | 2018/109000 [21:19<14:03:01,  2.12it/s]
2%|▏         | 2019/109000 [21:20<13:44:50,  2.16it/s]
2%|▏         | 2020/109000 [21:20<13:32:28,  2.19it/s]
2%|▏         | 2021/109000 [21:20<13:23:11,  2.22it/s]
2%|▏         | 2022/109000 [21:21<13:16:45,  2.24it/s]
2%|▏         | 2023/109000 [21:21<13:12:41,  2.25it/s]
2%|▏         | 2024/109000 [21:22<13:09:34,  2.26it/s]
2%|▏         | 2025/109000 [21:22<13:07:01,  2.27it/s]
2%|▏         | 2026/109000 [21:23<13:05:58,  2.27it/s]
2%|▏         | 2027/109000 [21:23<13:05:36,  2.27it/s]
2%|▏         | 2028/109000 [21:24<13:04:11,  2.27it/s]
2%|▏         | 2029/109000 [21:24<13:03:34,  2.28it/s]
2%|▏         | 2030/109000 [21:24<13:03:34,  2.28it/s]
2%|▏         | 2031/109000 [21:25<13:03:34,  2.28it/s]
2%|▏         | 2032/109000 [21:25<13:02:54,  2.28it/s]
2%|▏         | 2033/109000 [21:26<13:02:36,  2.28it/s]
2%|▏         | 2034/109000 [21:26<13:02:54,  2.28it/s]
2%|▏         | 2035/109000 [21:27<13:02:54,  2.28it/s]
2%|▏         | 2036/109000 [21:27<13:02:09,  2.28it/s]
2%|▏         | 2037/109000 [21:27<13:02:17,  2.28it/s]
2%|▏         | 2038/109000 [21:28<13:02:48,  2.28it/s]
2%|▏         | 2039/109000 [21:28<13:02:35,  2.28it/s]
2%|▏         | 2040/109000 [21:29<13:02:37,  2.28it/s]
2%|▏         | 2041/109000 [21:29<13:02:20,  2.28it/s]
2%|▏         | 2042/109000 [21:30<13:02:49,  2.28it/s]
2%|▏         | 2043/109000 [21:30<13:02:21,  2.28it/s]
2%|▏         | 2044/109000 [21:31<13:02:08,  2.28it/s]
2%|▏         | 2045/109000 [21:31<13:02:45,  2.28it/s]
2%|▏         | 2046/109000 [21:31<13:03:21,  2.28it/s]
2%|▏         | 2047/109000 [21:32<13:02:56,  2.28it/s]
2%|▏         | 2048/109000 [21:32<13:02:27,  2.28it/s]
2%|▏         | 2049/109000 [21:33<13:02:41,  2.28it/s]
2%|▏         | 2050/109000 [21:33<13:02:57,  2.28it/s]

{'loss': '6.213', 'grad_norm': '1.446', 'learning_rate': '4.906e-05', 'epoch': 
'0.1881'}

2%|▏         | 2050/109000 [21:33<13:02:57,  2.28it/s]
2%|▏         | 2051/109000 [21:34<13:02:54,  2.28it/s]
2%|▏         | 2052/109000 [21:34<13:02:41,  2.28it/s]
2%|▏         | 2053/109000 [21:34<13:02:43,  2.28it/s]
2%|▏         | 2054/109000 [21:35<13:02:41,  2.28it/s]
2%|▏         | 2055/109000 [21:35<13:02:11,  2.28it/s]
2%|▏         | 2056/109000 [21:36<13:02:09,  2.28it/s]
2%|▏         | 2057/109000 [21:36<13:02:23,  2.28it/s]
2%|▏         | 2058/109000 [21:37<13:02:18,  2.28it/s]
2%|▏         | 2059/109000 [21:37<13:01:49,  2.28it/s]
2%|▏         | 2060/109000 [21:38<13:02:09,  2.28it/s]
2%|▏         | 2061/109000 [21:38<13:02:39,  2.28it/s]
2%|▏         | 2062/109000 [21:38<13:02:26,  2.28it/s]
2%|▏         | 2063/109000 [21:39<13:01:43,  2.28it/s]
2%|▏         | 2064/109000 [21:39<13:02:04,  2.28it/s]
2%|▏         | 2065/109000 [21:40<13:02:31,  2.28it/s]
2%|▏         | 2066/109000 [21:40<13:02:01,  2.28it/s]
2%|▏         | 2067/109000 [21:41<13:01:45,  2.28it/s]
2%|▏         | 2068/109000 [21:41<13:02:15,  2.28it/s]
2%|▏         | 2069/109000 [21:42<13:02:05,  2.28it/s]
2%|▏         | 2070/109000 [21:42<13:01:37,  2.28it/s]
2%|▏         | 2071/109000 [21:42<13:01:51,  2.28it/s]
2%|▏         | 2072/109000 [21:43<13:02:14,  2.28it/s]
2%|▏         | 2073/109000 [21:43<13:01:56,  2.28it/s]
2%|▏         | 2074/109000 [21:44<13:02:12,  2.28it/s]
2%|▏         | 2075/109000 [21:44<13:02:21,  2.28it/s]
2%|▏         | 2076/109000 [21:45<13:02:24,  2.28it/s]
2%|▏         | 2077/109000 [21:45<13:02:08,  2.28it/s]
2%|▏         | 2078/109000 [21:45<13:02:03,  2.28it/s]
2%|▏         | 2079/109000 [21:46<13:02:23,  2.28it/s]
2%|▏         | 2080/109000 [21:46<13:01:53,  2.28it/s]
2%|▏         | 2081/109000 [21:47<13:01:29,  2.28it/s]
2%|▏         | 2082/109000 [21:47<13:02:09,  2.28it/s]
2%|▏         | 2083/109000 [21:48<13:02:47,  2.28it/s]
2%|▏         | 2084/109000 [21:48<13:01:59,  2.28it/s]
2%|▏         | 2085/109000 [21:49<13:01:42,  2.28it/s]
2%|▏         | 2086/109000 [21:49<13:02:06,  2.28it/s]
2%|▏         | 2087/109000 [21:49<13:02:32,  2.28it/s]
2%|▏         | 2088/109000 [21:50<13:01:57,  2.28it/s]
2%|▏         | 2089/109000 [21:50<13:01:55,  2.28it/s]
2%|▏         | 2090/109000 [21:51<13:02:23,  2.28it/s]
2%|▏         | 2091/109000 [21:51<13:02:14,  2.28it/s]
2%|▏         | 2092/109000 [21:52<13:01:09,  2.28it/s]
2%|▏         | 2093/109000 [21:52<13:01:29,  2.28it/s]
2%|▏         | 2094/109000 [21:52<13:02:28,  2.28it/s]
2%|▏         | 2095/109000 [21:53<13:01:50,  2.28it/s]
2%|▏         | 2096/109000 [21:53<13:01:38,  2.28it/s]
2%|▏         | 2097/109000 [21:54<13:01:53,  2.28it/s]
2%|▏         | 2098/109000 [21:54<13:02:24,  2.28it/s]
2%|▏         | 2099/109000 [21:55<13:01:43,  2.28it/s]
2%|▏         | 2100/109000 [21:55<13:01:37,  2.28it/s]

{'loss': '6.215', 'grad_norm': '0.7946', 'learning_rate': '4.904e-05', 'epoch': 
'0.1927'}

2%|▏         | 2100/109000 [21:55<13:01:37,  2.28it/s]
2%|▏         | 2101/109000 [21:56<13:02:43,  2.28it/s]
2%|▏         | 2102/109000 [21:56<13:02:22,  2.28it/s]
2%|▏         | 2103/109000 [21:56<13:01:46,  2.28it/s]
2%|▏         | 2104/109000 [21:57<13:01:56,  2.28it/s]
2%|▏         | 2105/109000 [21:57<13:02:31,  2.28it/s]
2%|▏         | 2106/109000 [21:58<13:01:54,  2.28it/s]
2%|▏         | 2107/109000 [21:58<13:01:34,  2.28it/s]
2%|▏         | 2108/109000 [21:59<13:02:26,  2.28it/s]
2%|▏         | 2109/109000 [21:59<13:02:20,  2.28it/s]
2%|▏         | 2110/109000 [21:59<13:02:03,  2.28it/s]
2%|▏         | 2111/109000 [22:00<13:01:54,  2.28it/s]
2%|▏         | 2112/109000 [22:00<13:02:08,  2.28it/s]
2%|▏         | 2113/109000 [22:01<13:01:50,  2.28it/s]
2%|▏         | 2114/109000 [22:01<13:01:40,  2.28it/s]
2%|▏         | 2115/109000 [22:02<13:01:55,  2.28it/s]
2%|▏         | 2116/109000 [22:02<13:02:10,  2.28it/s]
2%|▏         | 2117/109000 [22:03<13:01:25,  2.28it/s]
2%|▏         | 2118/109000 [22:03<13:01:32,  2.28it/s]
2%|▏         | 2119/109000 [22:03<13:02:09,  2.28it/s]
2%|▏         | 2120/109000 [22:04<13:01:36,  2.28it/s]
2%|▏         | 2121/109000 [22:04<13:01:22,  2.28it/s]
2%|▏         | 2122/109000 [22:05<13:02:06,  2.28it/s]
2%|▏         | 2123/109000 [22:05<13:02:04,  2.28it/s]
2%|▏         | 2124/109000 [22:06<13:01:36,  2.28it/s]
2%|▏         | 2125/109000 [22:06<13:01:53,  2.28it/s]
2%|▏         | 2126/109000 [22:07<13:02:08,  2.28it/s]
2%|▏         | 2127/109000 [22:07<13:01:43,  2.28it/s]
2%|▏         | 2128/109000 [22:07<13:01:23,  2.28it/s]
2%|▏         | 2129/109000 [22:08<13:01:55,  2.28it/s]
2%|▏         | 2130/109000 [22:08<13:01:33,  2.28it/s]
2%|▏         | 2131/109000 [22:09<13:01:11,  2.28it/s]
2%|▏         | 2132/109000 [22:09<13:01:30,  2.28it/s]
2%|▏         | 2133/109000 [22:10<13:01:18,  2.28it/s]
2%|▏         | 2134/109000 [22:10<13:01:05,  2.28it/s]
2%|▏         | 2135/109000 [22:10<13:01:33,  2.28it/s]
2%|▏         | 2136/109000 [22:11<13:01:34,  2.28it/s]
2%|▏         | 2137/109000 [22:11<13:01:11,  2.28it/s]
2%|▏         | 2138/109000 [22:12<13:01:18,  2.28it/s]
2%|▏         | 2139/109000 [22:12<13:01:27,  2.28it/s]
2%|▏         | 2140/109000 [22:13<13:01:07,  2.28it/s]
2%|▏         | 2141/109000 [22:13<13:01:12,  2.28it/s]
2%|▏         | 2142/109000 [22:14<13:02:13,  2.28it/s]
2%|▏         | 2143/109000 [22:14<13:01:38,  2.28it/s]
2%|▏         | 2144/109000 [22:14<13:01:21,  2.28it/s]
2%|▏         | 2145/109000 [22:15<13:01:26,  2.28it/s]
2%|▏         | 2146/109000 [22:15<13:01:16,  2.28it/s]
2%|▏         | 2147/109000 [22:16<13:00:59,  2.28it/s]
2%|▏         | 2148/109000 [22:16<13:01:18,  2.28it/s]
2%|▏         | 2149/109000 [22:17<13:01:30,  2.28it/s]
2%|▏         | 2150/109000 [22:17<13:00:59,  2.28it/s]

{'loss': '6.168', 'grad_norm': '1.376', 'learning_rate': '4.901e-05', 'epoch': 
'0.1972'}

2%|▏         | 2150/109000 [22:17<13:00:59,  2.28it/s]
2%|▏         | 2151/109000 [22:17<13:02:27,  2.28it/s]
2%|▏         | 2152/109000 [22:18<13:02:31,  2.28it/s]
2%|▏         | 2153/109000 [22:18<13:01:41,  2.28it/s]
2%|▏         | 2154/109000 [22:19<13:01:33,  2.28it/s]
2%|▏         | 2155/109000 [22:19<13:01:57,  2.28it/s]
2%|▏         | 2156/109000 [22:20<13:01:56,  2.28it/s]
2%|▏         | 2157/109000 [22:20<13:01:33,  2.28it/s]
2%|▏         | 2158/109000 [22:21<13:02:05,  2.28it/s]
2%|▏         | 2159/109000 [22:21<13:02:35,  2.28it/s]
2%|▏         | 2160/109000 [22:21<13:01:56,  2.28it/s]
2%|▏         | 2161/109000 [22:22<13:01:42,  2.28it/s]
2%|▏         | 2162/109000 [22:22<13:02:15,  2.28it/s]
2%|▏         | 2163/109000 [22:23<13:02:36,  2.28it/s]
2%|▏         | 2164/109000 [22:23<13:02:27,  2.28it/s]
2%|▏         | 2165/109000 [22:24<13:02:10,  2.28it/s]
2%|▏         | 2166/109000 [22:24<13:02:32,  2.28it/s]
2%|▏         | 2167/109000 [22:25<13:02:00,  2.28it/s]
2%|▏         | 2168/109000 [22:25<13:01:09,  2.28it/s]
2%|▏         | 2169/109000 [22:25<13:01:00,  2.28it/s]
2%|▏         | 2170/109000 [22:26<13:01:57,  2.28it/s]
2%|▏         | 2171/109000 [22:26<13:01:39,  2.28it/s]
2%|▏         | 2172/109000 [22:27<13:01:33,  2.28it/s]
2%|▏         | 2173/109000 [22:27<13:01:46,  2.28it/s]
2%|▏         | 2174/109000 [22:28<13:02:41,  2.27it/s]
2%|▏         | 2175/109000 [22:28<13:01:57,  2.28it/s]
2%|▏         | 2176/109000 [22:28<13:01:32,  2.28it/s]
2%|▏         | 2177/109000 [22:29<13:01:52,  2.28it/s]
2%|▏         | 2178/109000 [22:29<13:02:15,  2.28it/s]
2%|▏         | 2179/109000 [22:30<13:01:45,  2.28it/s]
2%|▏         | 2180/109000 [22:30<13:01:35,  2.28it/s]
2%|▏         | 2181/109000 [22:31<13:02:07,  2.28it/s]
2%|▏         | 2182/109000 [22:31<13:02:38,  2.27it/s]
2%|▏         | 2183/109000 [22:32<13:01:50,  2.28it/s]
2%|▏         | 2184/109000 [22:32<13:01:30,  2.28it/s]
2%|▏         | 2185/109000 [22:32<13:01:41,  2.28it/s]
2%|▏         | 2186/109000 [22:33<13:01:44,  2.28it/s]
2%|▏         | 2187/109000 [22:33<13:01:19,  2.28it/s]
2%|▏         | 2188/109000 [22:34<13:01:18,  2.28it/s]
2%|▏         | 2189/109000 [22:34<13:01:46,  2.28it/s]
2%|▏         | 2190/109000 [22:35<13:01:27,  2.28it/s]
2%|▏         | 2191/109000 [22:35<13:01:24,  2.28it/s]
2%|▏         | 2192/109000 [22:35<13:01:36,  2.28it/s]
2%|▏         | 2193/109000 [22:36<13:02:02,  2.28it/s]
2%|▏         | 2194/109000 [22:36<13:01:14,  2.28it/s]
2%|▏         | 2195/109000 [22:37<13:00:50,  2.28it/s]
2%|▏         | 2196/109000 [22:37<13:01:21,  2.28it/s]
2%|▏         | 2197/109000 [22:38<13:01:46,  2.28it/s]
2%|▏         | 2198/109000 [22:38<13:01:42,  2.28it/s]
2%|▏         | 2199/109000 [22:39<13:01:24,  2.28it/s]
2%|▏         | 2200/109000 [22:39<13:01:38,  2.28it/s]

{'loss': '6.165', 'grad_norm': '0.914', 'learning_rate': '4.899e-05', 'epoch': 
'0.2018'}

2%|▏         | 2200/109000 [22:39<13:01:38,  2.28it/s]
2%|▏         | 2201/109000 [22:39<13:02:33,  2.27it/s]
2%|▏         | 2202/109000 [22:40<13:01:47,  2.28it/s]
2%|▏         | 2203/109000 [22:40<13:01:20,  2.28it/s]
2%|▏         | 2204/109000 [22:41<13:01:35,  2.28it/s]
2%|▏         | 2205/109000 [22:41<13:01:51,  2.28it/s]
2%|▏         | 2206/109000 [22:42<13:01:34,  2.28it/s]
2%|▏         | 2207/109000 [22:42<13:00:58,  2.28it/s]
2%|▏         | 2208/109000 [22:43<13:01:09,  2.28it/s]
2%|▏         | 2209/109000 [22:43<13:01:43,  2.28it/s]
2%|▏         | 2210/109000 [22:43<13:01:18,  2.28it/s]
2%|▏         | 2211/109000 [22:44<13:01:27,  2.28it/s]
2%|▏         | 2212/109000 [22:44<13:01:39,  2.28it/s]
2%|▏         | 2213/109000 [22:45<13:02:05,  2.28it/s]
2%|▏         | 2214/109000 [22:45<13:01:59,  2.28it/s]
2%|▏         | 2215/109000 [22:46<13:01:40,  2.28it/s]
2%|▏         | 2216/109000 [22:46<13:01:48,  2.28it/s]
2%|▏         | 2217/109000 [22:46<13:02:18,  2.27it/s]
2%|▏         | 2218/109000 [22:47<13:01:47,  2.28it/s]
2%|▏         | 2219/109000 [22:47<13:01:09,  2.28it/s]
2%|▏         | 2220/109000 [22:48<13:01:35,  2.28it/s]
2%|▏         | 2221/109000 [22:48<13:01:52,  2.28it/s]
2%|▏         | 2222/109000 [22:49<13:01:27,  2.28it/s]
2%|▏         | 2223/109000 [22:49<13:01:03,  2.28it/s]
2%|▏         | 2224/109000 [22:50<13:01:31,  2.28it/s]
2%|▏         | 2225/109000 [22:50<13:01:20,  2.28it/s]
2%|▏         | 2226/109000 [22:50<13:00:44,  2.28it/s]
2%|▏         | 2227/109000 [22:51<13:01:01,  2.28it/s]
2%|▏         | 2228/109000 [22:51<13:01:40,  2.28it/s]
2%|▏         | 2229/109000 [22:52<13:01:23,  2.28it/s]
2%|▏         | 2230/109000 [22:52<13:01:09,  2.28it/s]
2%|▏         | 2231/109000 [22:53<13:01:26,  2.28it/s]
2%|▏         | 2232/109000 [22:53<13:01:47,  2.28it/s]
2%|▏         | 2233/109000 [22:53<13:01:03,  2.28it/s]
2%|▏         | 2234/109000 [22:54<13:01:10,  2.28it/s]
2%|▏         | 2235/109000 [22:54<13:01:06,  2.28it/s]
2%|▏         | 2236/109000 [22:55<13:01:18,  2.28it/s]
2%|▏         | 2237/109000 [22:55<13:01:19,  2.28it/s]
2%|▏         | 2238/109000 [22:56<13:01:23,  2.28it/s]
2%|▏         | 2239/109000 [22:56<13:01:36,  2.28it/s]
2%|▏         | 2240/109000 [22:57<13:01:17,  2.28it/s]
2%|▏         | 2241/109000 [22:57<13:00:52,  2.28it/s]
2%|▏         | 2242/109000 [22:57<13:00:36,  2.28it/s]
2%|▏         | 2243/109000 [22:58<13:01:06,  2.28it/s]
2%|▏         | 2244/109000 [22:58<13:00:29,  2.28it/s]
2%|▏         | 2245/109000 [22:59<13:00:43,  2.28it/s]
2%|▏         | 2246/109000 [22:59<13:00:43,  2.28it/s]
2%|▏         | 2247/109000 [23:00<13:00:38,  2.28it/s]
2%|▏         | 2248/109000 [23:00<13:00:04,  2.28it/s]
2%|▏         | 2249/109000 [23:01<13:00:50,  2.28it/s]
2%|▏         | 2250/109000 [23:01<13:01:08,  2.28it/s]

{'loss': '6.177', 'grad_norm': '1.076', 'learning_rate': '4.897e-05', 'epoch': 
'0.2064'}

2%|▏         | 2250/109000 [23:01<13:01:08,  2.28it/s]

0%|          | 0/3662 [00:00<?, ?it/s][A

0%|          | 10/3662 [00:00<00:40, 90.56it/s][A

1%|          | 20/3662 [00:00<00:42, 85.78it/s][A

1%|          | 29/3662 [00:00<00:43, 84.26it/s][A

1%|          | 38/3662 [00:00<00:43, 83.17it/s][A

1%|▏         | 47/3662 [00:00<00:43, 82.82it/s][A

2%|▏         | 56/3662 [00:00<00:44, 81.75it/s][A

2%|▏         | 65/3662 [00:00<00:44, 81.25it/s][A

2%|▏         | 74/3662 [00:00<00:44, 80.92it/s][A

2%|▏         | 83/3662 [00:01<00:44, 80.66it/s][A

3%|▎         | 92/3662 [00:01<00:44, 80.39it/s][A

3%|▎         | 101/3662 [00:01<00:44, 80.15it/s][A

3%|▎         | 110/3662 [00:01<00:44, 79.88it/s][A

3%|▎         | 118/3662 [00:01<00:45, 78.00it/s][A

3%|▎         | 126/3662 [00:01<00:45, 78.19it/s][A

4%|▎         | 134/3662 [00:01<00:45, 78.29it/s][A

4%|▍         | 142/3662 [00:01<00:44, 78.55it/s][A

4%|▍         | 150/3662 [00:01<00:44, 78.72it/s][A

4%|▍         | 159/3662 [00:01<00:44, 79.20it/s][A

5%|▍         | 168/3662 [00:02<00:43, 79.53it/s][A

5%|▍         | 176/3662 [00:02<00:43, 79.35it/s][A

5%|▌         | 184/3662 [00:02<00:43, 79.13it/s][A

5%|▌         | 192/3662 [00:02<00:43, 78.88it/s][A

5%|▌         | 200/3662 [00:02<00:43, 78.91it/s][A

6%|▌         | 208/3662 [00:02<00:43, 78.90it/s][A

6%|▌         | 216/3662 [00:02<00:43, 78.77it/s][A

6%|▌         | 224/3662 [00:02<00:43, 78.76it/s][A

6%|▋         | 232/3662 [00:02<00:43, 78.75it/s][A

7%|▋         | 240/3662 [00:03<00:43, 78.79it/s][A

7%|▋         | 248/3662 [00:03<00:43, 78.82it/s][A

7%|▋         | 256/3662 [00:03<00:43, 78.80it/s][A

7%|▋         | 264/3662 [00:03<00:43, 78.42it/s][A

7%|▋         | 272/3662 [00:03<00:43, 78.45it/s][A

8%|▊         | 280/3662 [00:03<00:43, 78.51it/s][A

8%|▊         | 288/3662 [00:03<00:42, 78.61it/s][A

8%|▊         | 296/3662 [00:03<00:42, 78.60it/s][A

8%|▊         | 304/3662 [00:03<00:42, 78.51it/s][A

9%|▊         | 312/3662 [00:03<00:42, 78.63it/s][A

9%|▊         | 320/3662 [00:04<00:42, 78.76it/s][A

9%|▉         | 328/3662 [00:04<00:42, 78.77it/s][A

9%|▉         | 336/3662 [00:04<00:42, 78.70it/s][A

9%|▉         | 344/3662 [00:04<00:42, 78.50it/s][A

10%|▉         | 352/3662 [00:04<00:42, 78.60it/s][A

10%|▉         | 360/3662 [00:04<00:41, 78.71it/s][A

10%|█         | 368/3662 [00:04<00:41, 78.73it/s][A

10%|█         | 376/3662 [00:04<00:41, 78.64it/s][A

10%|█         | 384/3662 [00:04<00:41, 78.58it/s][A

11%|█         | 392/3662 [00:04<00:41, 78.71it/s][A

11%|█         | 400/3662 [00:05<00:41, 78.72it/s][A

11%|█         | 408/3662 [00:05<00:41, 78.81it/s][A

11%|█▏        | 416/3662 [00:05<00:41, 78.70it/s][A

12%|█▏        | 424/3662 [00:05<00:41, 78.59it/s][A

12%|█▏        | 432/3662 [00:05<00:41, 78.52it/s][A

12%|█▏        | 440/3662 [00:05<00:40, 78.60it/s][A

12%|█▏        | 448/3662 [00:05<00:40, 78.65it/s][A

12%|█▏        | 456/3662 [00:05<00:40, 78.64it/s][A

13%|█▎        | 464/3662 [00:05<00:40, 78.70it/s][A

13%|█▎        | 472/3662 [00:05<00:40, 78.69it/s][A

13%|█▎        | 480/3662 [00:06<00:40, 78.67it/s][A

13%|█▎        | 488/3662 [00:06<00:40, 78.57it/s][A

14%|█▎        | 496/3662 [00:06<00:40, 78.52it/s][A

14%|█▍        | 504/3662 [00:06<00:40, 78.52it/s][A

14%|█▍        | 512/3662 [00:06<00:40, 78.59it/s][A

14%|█▍        | 520/3662 [00:06<00:39, 78.76it/s][A

14%|█▍        | 528/3662 [00:06<00:39, 78.68it/s][A

15%|█▍        | 536/3662 [00:06<00:39, 78.79it/s][A

15%|█▍        | 544/3662 [00:06<00:39, 78.86it/s][A

15%|█▌        | 552/3662 [00:06<00:39, 78.78it/s][A

15%|█▌        | 560/3662 [00:07<00:39, 78.80it/s][A

16%|█▌        | 568/3662 [00:07<00:39, 78.86it/s][A

16%|█▌        | 576/3662 [00:07<00:39, 78.66it/s][A

16%|█▌        | 584/3662 [00:07<00:39, 78.62it/s][A

16%|█▌        | 592/3662 [00:07<00:39, 78.64it/s][A

16%|█▋        | 600/3662 [00:07<00:38, 78.58it/s][A

17%|█▋        | 608/3662 [00:07<00:38, 78.56it/s][A

17%|█▋        | 616/3662 [00:07<00:38, 78.49it/s][A

17%|█▋        | 624/3662 [00:07<00:38, 78.44it/s][A

17%|█▋        | 632/3662 [00:07<00:38, 78.72it/s][A

17%|█▋        | 640/3662 [00:08<00:38, 78.61it/s][A

18%|█▊        | 648/3662 [00:08<00:38, 78.69it/s][A

18%|█▊        | 656/3662 [00:08<00:38, 78.61it/s][A

18%|█▊        | 664/3662 [00:08<00:38, 78.46it/s][A

18%|█▊        | 672/3662 [00:08<00:38, 78.45it/s][A

19%|█▊        | 680/3662 [00:08<00:37, 78.53it/s][A

19%|█▉        | 688/3662 [00:08<00:37, 78.57it/s][A

19%|█▉        | 696/3662 [00:08<00:37, 78.69it/s][A

19%|█▉        | 704/3662 [00:08<00:37, 78.76it/s][A

19%|█▉        | 712/3662 [00:09<00:37, 78.73it/s][A

20%|█▉        | 720/3662 [00:09<00:37, 78.71it/s][A

20%|█▉        | 728/3662 [00:09<00:37, 78.63it/s][A

20%|██        | 736/3662 [00:09<00:37, 78.52it/s][A

20%|██        | 744/3662 [00:09<00:37, 78.55it/s][A

21%|██        | 752/3662 [00:09<00:37, 78.61it/s][A

21%|██        | 760/3662 [00:09<00:36, 78.72it/s][A

21%|██        | 768/3662 [00:09<00:36, 78.84it/s][A

21%|██        | 776/3662 [00:09<00:36, 78.70it/s][A

21%|██▏       | 784/3662 [00:09<00:36, 78.79it/s][A

22%|██▏       | 792/3662 [00:10<00:36, 78.79it/s][A

22%|██▏       | 800/3662 [00:10<00:36, 78.86it/s][A

22%|██▏       | 808/3662 [00:10<00:36, 78.97it/s][A

22%|██▏       | 816/3662 [00:10<00:36, 78.77it/s][A

23%|██▎       | 824/3662 [00:10<00:35, 78.90it/s][A

23%|██▎       | 833/3662 [00:10<00:35, 79.38it/s][A

23%|██▎       | 841/3662 [00:10<00:35, 79.18it/s][A

23%|██▎       | 849/3662 [00:10<00:35, 79.04it/s][A

23%|██▎       | 857/3662 [00:10<00:35, 79.04it/s][A

24%|██▎       | 865/3662 [00:10<00:35, 79.06it/s][A

24%|██▍       | 873/3662 [00:11<00:35, 78.88it/s][A

24%|██▍       | 881/3662 [00:11<00:35, 79.00it/s][A

24%|██▍       | 890/3662 [00:11<00:34, 79.54it/s][A

25%|██▍       | 899/3662 [00:11<00:34, 79.87it/s][A

25%|██▍       | 908/3662 [00:11<00:34, 80.01it/s][A

25%|██▌       | 917/3662 [00:11<00:34, 80.23it/s][A

25%|██▌       | 926/3662 [00:11<00:34, 80.27it/s][A

26%|██▌       | 935/3662 [00:11<00:33, 80.32it/s][A

26%|██▌       | 944/3662 [00:11<00:33, 80.40it/s][A

26%|██▌       | 953/3662 [00:12<00:33, 80.46it/s][A

26%|██▋       | 962/3662 [00:12<00:33, 80.32it/s][A

27%|██▋       | 971/3662 [00:12<00:33, 80.30it/s][A

27%|██▋       | 980/3662 [00:12<00:33, 79.95it/s][A

27%|██▋       | 989/3662 [00:12<00:33, 80.10it/s][A

27%|██▋       | 998/3662 [00:12<00:33, 79.84it/s][A

27%|██▋       | 1006/3662 [00:12<00:33, 79.68it/s][A

28%|██▊       | 1014/3662 [00:12<00:33, 79.47it/s][A

28%|██▊       | 1022/3662 [00:12<00:33, 79.55it/s][A

28%|██▊       | 1030/3662 [00:13<00:33, 79.44it/s][A

28%|██▊       | 1038/3662 [00:13<00:33, 79.35it/s][A

29%|██▊       | 1046/3662 [00:13<00:32, 79.36it/s][A

29%|██▉       | 1054/3662 [00:13<00:32, 79.18it/s][A

29%|██▉       | 1062/3662 [00:13<00:32, 79.11it/s][A

29%|██▉       | 1070/3662 [00:13<00:32, 79.13it/s][A

29%|██▉       | 1078/3662 [00:13<00:32, 79.17it/s][A

30%|██▉       | 1086/3662 [00:13<00:32, 79.15it/s][A

30%|██▉       | 1094/3662 [00:13<00:32, 79.28it/s][A

30%|███       | 1102/3662 [00:13<00:32, 79.24it/s][A

30%|███       | 1110/3662 [00:14<00:32, 79.37it/s][A

31%|███       | 1119/3662 [00:14<00:31, 79.72it/s][A

31%|███       | 1127/3662 [00:14<00:31, 79.45it/s][A

31%|███       | 1135/3662 [00:14<00:31, 79.25it/s][A

31%|███       | 1143/3662 [00:14<00:31, 79.06it/s][A

31%|███▏      | 1151/3662 [00:14<00:31, 78.99it/s][A

32%|███▏      | 1159/3662 [00:14<00:31, 79.02it/s][A

32%|███▏      | 1167/3662 [00:14<00:31, 78.99it/s][A

32%|███▏      | 1175/3662 [00:14<00:31, 79.03it/s][A

32%|███▏      | 1183/3662 [00:14<00:31, 78.98it/s][A

33%|███▎      | 1191/3662 [00:15<00:31, 78.82it/s][A

33%|███▎      | 1199/3662 [00:15<00:31, 78.98it/s][A

33%|███▎      | 1207/3662 [00:15<00:31, 78.91it/s][A

33%|███▎      | 1215/3662 [00:15<00:31, 78.92it/s][A

33%|███▎      | 1223/3662 [00:15<00:30, 79.00it/s][A

34%|███▎      | 1231/3662 [00:15<00:30, 79.02it/s][A

34%|███▍      | 1239/3662 [00:15<00:30, 79.02it/s][A

34%|███▍      | 1247/3662 [00:15<00:30, 78.96it/s][A

34%|███▍      | 1256/3662 [00:15<00:30, 79.27it/s][A

35%|███▍      | 1264/3662 [00:15<00:30, 79.16it/s][A

35%|███▍      | 1272/3662 [00:16<00:30, 78.92it/s][A

35%|███▍      | 1280/3662 [00:16<00:30, 78.77it/s][A

35%|███▌      | 1288/3662 [00:16<00:30, 78.89it/s][A

35%|███▌      | 1296/3662 [00:16<00:29, 78.94it/s][A

36%|███▌      | 1304/3662 [00:16<00:29, 79.02it/s][A

36%|███▌      | 1312/3662 [00:16<00:29, 78.89it/s][A

36%|███▌      | 1320/3662 [00:16<00:29, 78.95it/s][A

36%|███▋      | 1328/3662 [00:16<00:29, 78.98it/s][A

36%|███▋      | 1336/3662 [00:16<00:29, 78.95it/s][A

37%|███▋      | 1344/3662 [00:16<00:29, 79.12it/s][A

37%|███▋      | 1352/3662 [00:17<00:29, 79.02it/s][A

37%|███▋      | 1360/3662 [00:17<00:29, 79.01it/s][A

37%|███▋      | 1368/3662 [00:17<00:29, 79.00it/s][A

38%|███▊      | 1376/3662 [00:17<00:28, 79.07it/s][A

38%|███▊      | 1384/3662 [00:17<00:28, 79.11it/s][A

38%|███▊      | 1392/3662 [00:17<00:28, 79.00it/s][A

38%|███▊      | 1400/3662 [00:17<00:28, 79.10it/s][A

38%|███▊      | 1408/3662 [00:17<00:28, 79.00it/s][A

39%|███▊      | 1416/3662 [00:17<00:28, 79.00it/s][A

39%|███▉      | 1424/3662 [00:17<00:28, 79.00it/s][A

39%|███▉      | 1432/3662 [00:18<00:28, 78.96it/s][A

39%|███▉      | 1440/3662 [00:18<00:28, 79.11it/s][A

40%|███▉      | 1448/3662 [00:18<00:27, 79.16it/s][A

40%|███▉      | 1456/3662 [00:18<00:27, 78.98it/s][A

40%|███▉      | 1464/3662 [00:18<00:27, 78.93it/s][A

40%|████      | 1472/3662 [00:18<00:27, 78.95it/s][A

40%|████      | 1480/3662 [00:18<00:27, 78.80it/s][A

41%|████      | 1488/3662 [00:18<00:27, 78.84it/s][A

41%|████      | 1496/3662 [00:18<00:27, 78.82it/s][A

41%|████      | 1504/3662 [00:19<00:27, 78.77it/s][A

41%|████▏     | 1512/3662 [00:19<00:27, 78.81it/s][A

42%|████▏     | 1520/3662 [00:19<00:27, 78.72it/s][A

42%|████▏     | 1528/3662 [00:19<00:27, 78.72it/s][A

42%|████▏     | 1536/3662 [00:19<00:26, 78.86it/s][A

42%|████▏     | 1544/3662 [00:19<00:26, 79.03it/s][A

42%|████▏     | 1552/3662 [00:19<00:26, 79.11it/s][A

43%|████▎     | 1560/3662 [00:19<00:26, 79.12it/s][A

43%|████▎     | 1568/3662 [00:19<00:26, 79.15it/s][A

43%|████▎     | 1576/3662 [00:19<00:26, 79.22it/s][A

43%|████▎     | 1584/3662 [00:20<00:26, 79.17it/s][A

43%|████▎     | 1592/3662 [00:20<00:26, 79.22it/s][A

44%|████▎     | 1600/3662 [00:20<00:26, 79.30it/s][A

44%|████▍     | 1608/3662 [00:20<00:25, 79.19it/s][A

44%|████▍     | 1616/3662 [00:20<00:25, 79.04it/s][A

44%|████▍     | 1624/3662 [00:20<00:25, 78.96it/s][A

45%|████▍     | 1632/3662 [00:20<00:25, 78.99it/s][A

45%|████▍     | 1640/3662 [00:20<00:25, 78.98it/s][A

45%|████▌     | 1648/3662 [00:20<00:25, 79.15it/s][A

45%|████▌     | 1656/3662 [00:20<00:25, 79.18it/s][A

45%|████▌     | 1664/3662 [00:21<00:25, 79.22it/s][A

46%|████▌     | 1672/3662 [00:21<00:25, 79.13it/s][A

46%|████▌     | 1680/3662 [00:21<00:25, 79.26it/s][A

46%|████▌     | 1688/3662 [00:21<00:24, 79.13it/s][A

46%|████▋     | 1696/3662 [00:21<00:24, 79.09it/s][A

47%|████▋     | 1704/3662 [00:21<00:24, 79.15it/s][A

47%|████▋     | 1712/3662 [00:21<00:24, 79.22it/s][A

47%|████▋     | 1720/3662 [00:21<00:24, 79.16it/s][A

47%|████▋     | 1728/3662 [00:21<00:24, 79.07it/s][A

47%|████▋     | 1736/3662 [00:21<00:24, 79.12it/s][A

48%|████▊     | 1744/3662 [00:22<00:24, 79.14it/s][A

48%|████▊     | 1752/3662 [00:22<00:24, 79.30it/s][A

48%|████▊     | 1760/3662 [00:22<00:24, 79.18it/s][A

48%|████▊     | 1768/3662 [00:22<00:23, 79.04it/s][A

48%|████▊     | 1776/3662 [00:22<00:23, 79.12it/s][A

49%|████▊     | 1784/3662 [00:22<00:23, 79.19it/s][A

49%|████▉     | 1792/3662 [00:22<00:23, 79.16it/s][A

49%|████▉     | 1800/3662 [00:22<00:23, 79.09it/s][A

49%|████▉     | 1808/3662 [00:22<00:23, 79.09it/s][A

50%|████▉     | 1816/3662 [00:22<00:23, 79.11it/s][A

50%|████▉     | 1824/3662 [00:23<00:23, 79.13it/s][A

50%|█████     | 1832/3662 [00:23<00:23, 79.11it/s][A

50%|█████     | 1840/3662 [00:23<00:23, 79.01it/s][A

50%|█████     | 1848/3662 [00:23<00:22, 78.89it/s][A

51%|█████     | 1856/3662 [00:23<00:22, 78.81it/s][A

51%|█████     | 1864/3662 [00:23<00:22, 78.85it/s][A

51%|█████     | 1872/3662 [00:23<00:22, 78.83it/s][A

51%|█████▏    | 1880/3662 [00:23<00:22, 78.86it/s][A

52%|█████▏    | 1888/3662 [00:23<00:22, 78.89it/s][A

52%|█████▏    | 1896/3662 [00:23<00:22, 78.88it/s][A

52%|█████▏    | 1904/3662 [00:24<00:22, 79.01it/s][A

52%|█████▏    | 1912/3662 [00:24<00:22, 79.08it/s][A

52%|█████▏    | 1920/3662 [00:24<00:22, 79.04it/s][A

53%|█████▎    | 1928/3662 [00:24<00:21, 79.02it/s][A

53%|█████▎    | 1936/3662 [00:24<00:21, 79.07it/s][A

53%|█████▎    | 1944/3662 [00:24<00:21, 79.31it/s][A

53%|█████▎    | 1953/3662 [00:24<00:21, 79.68it/s][A

54%|█████▎    | 1962/3662 [00:24<00:21, 80.05it/s][A

54%|█████▍    | 1971/3662 [00:24<00:21, 80.15it/s][A

54%|█████▍    | 1980/3662 [00:25<00:20, 80.33it/s][A

54%|█████▍    | 1989/3662 [00:25<00:20, 80.47it/s][A

55%|█████▍    | 1998/3662 [00:25<00:20, 80.38it/s][A

55%|█████▍    | 2007/3662 [00:25<00:20, 80.00it/s][A

55%|█████▌    | 2015/3662 [00:25<00:20, 79.68it/s][A

55%|█████▌    | 2023/3662 [00:25<00:20, 79.46it/s][A

55%|█████▌    | 2031/3662 [00:25<00:20, 79.28it/s][A

56%|█████▌    | 2039/3662 [00:25<00:20, 79.09it/s][A

56%|█████▌    | 2047/3662 [00:25<00:20, 79.07it/s][A

56%|█████▌    | 2055/3662 [00:25<00:20, 79.08it/s][A

56%|█████▋    | 2063/3662 [00:26<00:20, 78.99it/s][A

57%|█████▋    | 2071/3662 [00:26<00:20, 79.08it/s][A

57%|█████▋    | 2079/3662 [00:26<00:20, 79.12it/s][A

57%|█████▋    | 2087/3662 [00:26<00:19, 79.07it/s][A

57%|█████▋    | 2095/3662 [00:26<00:19, 79.15it/s][A

57%|█████▋    | 2103/3662 [00:26<00:19, 79.16it/s][A

58%|█████▊    | 2111/3662 [00:26<00:19, 79.09it/s][A

58%|█████▊    | 2119/3662 [00:26<00:19, 79.07it/s][A

58%|█████▊    | 2127/3662 [00:26<00:19, 79.12it/s][A

58%|█████▊    | 2135/3662 [00:26<00:19, 79.20it/s][A

59%|█████▊    | 2143/3662 [00:27<00:19, 79.06it/s][A

59%|█████▊    | 2151/3662 [00:27<00:19, 78.89it/s][A

59%|█████▉    | 2159/3662 [00:27<00:19, 78.96it/s][A

59%|█████▉    | 2167/3662 [00:27<00:18, 78.74it/s][A

59%|█████▉    | 2175/3662 [00:27<00:18, 78.70it/s][A

60%|█████▉    | 2183/3662 [00:27<00:18, 78.77it/s][A

60%|█████▉    | 2191/3662 [00:27<00:18, 78.85it/s][A

60%|██████    | 2199/3662 [00:27<00:18, 78.92it/s][A

60%|██████    | 2207/3662 [00:27<00:18, 79.02it/s][A

60%|██████    | 2215/3662 [00:27<00:18, 79.16it/s][A

61%|██████    | 2223/3662 [00:28<00:18, 78.98it/s][A

61%|██████    | 2231/3662 [00:28<00:18, 78.93it/s][A

61%|██████    | 2239/3662 [00:28<00:18, 78.81it/s][A

61%|██████▏   | 2247/3662 [00:28<00:17, 78.90it/s][A

62%|██████▏   | 2255/3662 [00:28<00:17, 79.03it/s][A

62%|██████▏   | 2263/3662 [00:28<00:17, 79.02it/s][A

62%|██████▏   | 2271/3662 [00:28<00:17, 79.02it/s][A

62%|██████▏   | 2279/3662 [00:28<00:17, 79.15it/s][A

62%|██████▏   | 2287/3662 [00:28<00:17, 79.34it/s][A

63%|██████▎   | 2296/3662 [00:29<00:17, 79.87it/s][A

63%|██████▎   | 2304/3662 [00:29<00:17, 79.79it/s][A

63%|██████▎   | 2312/3662 [00:29<00:16, 79.55it/s][A

63%|██████▎   | 2320/3662 [00:29<00:16, 79.35it/s][A

64%|██████▎   | 2328/3662 [00:29<00:16, 79.12it/s][A

64%|██████▍   | 2336/3662 [00:29<00:16, 79.35it/s][A

64%|██████▍   | 2345/3662 [00:29<00:16, 79.74it/s][A

64%|██████▍   | 2354/3662 [00:29<00:16, 80.03it/s][A

65%|██████▍   | 2363/3662 [00:29<00:16, 80.11it/s][A

65%|██████▍   | 2372/3662 [00:29<00:16, 79.81it/s][A

65%|██████▍   | 2380/3662 [00:30<00:16, 79.55it/s][A

65%|██████▌   | 2388/3662 [00:30<00:16, 79.36it/s][A

65%|██████▌   | 2396/3662 [00:30<00:15, 79.29it/s][A

66%|██████▌   | 2404/3662 [00:30<00:15, 79.20it/s][A

66%|██████▌   | 2412/3662 [00:30<00:15, 79.10it/s][A

66%|██████▌   | 2420/3662 [00:30<00:15, 79.05it/s][A

66%|██████▋   | 2428/3662 [00:30<00:15, 79.05it/s][A

67%|██████▋   | 2436/3662 [00:30<00:15, 79.01it/s][A

67%|██████▋   | 2444/3662 [00:30<00:15, 78.86it/s][A

67%|██████▋   | 2452/3662 [00:30<00:15, 78.86it/s][A

67%|██████▋   | 2460/3662 [00:31<00:15, 78.86it/s][A

67%|██████▋   | 2468/3662 [00:31<00:15, 78.95it/s][A

68%|██████▊   | 2476/3662 [00:31<00:15, 78.89it/s][A

68%|██████▊   | 2484/3662 [00:31<00:14, 78.83it/s][A

68%|██████▊   | 2492/3662 [00:31<00:14, 78.89it/s][A

68%|██████▊   | 2500/3662 [00:31<00:14, 78.81it/s][A

68%|██████▊   | 2508/3662 [00:31<00:14, 78.79it/s][A

69%|██████▊   | 2516/3662 [00:31<00:14, 78.78it/s][A

69%|██████▉   | 2524/3662 [00:31<00:14, 78.80it/s][A

69%|██████▉   | 2532/3662 [00:31<00:14, 78.78it/s][A

69%|██████▉   | 2540/3662 [00:32<00:14, 78.84it/s][A

70%|██████▉   | 2548/3662 [00:32<00:14, 78.90it/s][A

70%|██████▉   | 2556/3662 [00:32<00:14, 78.84it/s][A

70%|███████   | 2564/3662 [00:32<00:13, 78.89it/s][A

70%|███████   | 2572/3662 [00:32<00:13, 78.93it/s][A

70%|███████   | 2580/3662 [00:32<00:13, 79.08it/s][A

71%|███████   | 2588/3662 [00:32<00:13, 79.03it/s][A

71%|███████   | 2596/3662 [00:32<00:13, 79.00it/s][A

71%|███████   | 2604/3662 [00:32<00:13, 78.95it/s][A

71%|███████▏  | 2612/3662 [00:33<00:13, 78.93it/s][A

72%|███████▏  | 2620/3662 [00:33<00:13, 78.85it/s][A

72%|███████▏  | 2628/3662 [00:33<00:13, 78.80it/s][A

72%|███████▏  | 2636/3662 [00:33<00:13, 78.75it/s][A

72%|███████▏  | 2644/3662 [00:33<00:12, 78.81it/s][A

72%|███████▏  | 2652/3662 [00:33<00:12, 78.84it/s][A

73%|███████▎  | 2660/3662 [00:33<00:12, 78.98it/s][A

73%|███████▎  | 2668/3662 [00:33<00:12, 78.92it/s][A

73%|███████▎  | 2677/3662 [00:33<00:12, 79.56it/s][A

73%|███████▎  | 2686/3662 [00:33<00:12, 79.85it/s][A

74%|███████▎  | 2694/3662 [00:34<00:12, 79.58it/s][A

74%|███████▍  | 2702/3662 [00:34<00:12, 79.53it/s][A

74%|███████▍  | 2710/3662 [00:34<00:11, 79.38it/s][A

74%|███████▍  | 2718/3662 [00:34<00:11, 79.26it/s][A

74%|███████▍  | 2726/3662 [00:34<00:11, 79.29it/s][A

75%|███████▍  | 2734/3662 [00:34<00:11, 79.25it/s][A

75%|███████▍  | 2742/3662 [00:34<00:11, 79.05it/s][A

75%|███████▌  | 2750/3662 [00:34<00:11, 78.92it/s][A

75%|███████▌  | 2758/3662 [00:34<00:11, 78.88it/s][A

76%|███████▌  | 2766/3662 [00:34<00:11, 78.88it/s][A

76%|███████▌  | 2774/3662 [00:35<00:11, 78.92it/s][A

76%|███████▌  | 2782/3662 [00:35<00:11, 78.97it/s][A

76%|███████▌  | 2790/3662 [00:35<00:11, 79.01it/s][A

76%|███████▋  | 2798/3662 [00:35<00:10, 78.87it/s][A

77%|███████▋  | 2806/3662 [00:35<00:10, 78.91it/s][A

77%|███████▋  | 2814/3662 [00:35<00:10, 78.88it/s][A

77%|███████▋  | 2822/3662 [00:35<00:10, 78.88it/s][A

77%|███████▋  | 2830/3662 [00:35<00:10, 79.03it/s][A

77%|███████▋  | 2838/3662 [00:35<00:10, 79.02it/s][A

78%|███████▊  | 2846/3662 [00:35<00:10, 78.98it/s][A

78%|███████▊  | 2854/3662 [00:36<00:10, 78.87it/s][A

78%|███████▊  | 2862/3662 [00:36<00:10, 78.87it/s][A

78%|███████▊  | 2870/3662 [00:36<00:10, 78.93it/s][A

79%|███████▊  | 2878/3662 [00:36<00:09, 78.94it/s][A

79%|███████▉  | 2886/3662 [00:36<00:09, 78.99it/s][A

79%|███████▉  | 2894/3662 [00:36<00:09, 78.95it/s][A

79%|███████▉  | 2902/3662 [00:36<00:09, 78.96it/s][A

79%|███████▉  | 2910/3662 [00:36<00:09, 79.02it/s][A

80%|███████▉  | 2918/3662 [00:36<00:09, 79.18it/s][A

80%|███████▉  | 2926/3662 [00:36<00:09, 79.23it/s][A

80%|████████  | 2934/3662 [00:37<00:09, 79.17it/s][A

80%|████████  | 2942/3662 [00:37<00:09, 79.09it/s][A

81%|████████  | 2950/3662 [00:37<00:08, 79.14it/s][A

81%|████████  | 2958/3662 [00:37<00:08, 79.07it/s][A

81%|████████  | 2966/3662 [00:37<00:08, 78.93it/s][A

81%|████████  | 2975/3662 [00:37<00:08, 79.40it/s][A

81%|████████▏ | 2983/3662 [00:37<00:08, 79.52it/s][A

82%|████████▏ | 2991/3662 [00:37<00:08, 79.63it/s][A

82%|████████▏ | 3000/3662 [00:37<00:08, 79.86it/s][A

82%|████████▏ | 3008/3662 [00:38<00:08, 79.82it/s][A

82%|████████▏ | 3017/3662 [00:38<00:08, 79.88it/s][A

83%|████████▎ | 3026/3662 [00:38<00:07, 80.06it/s][A

83%|████████▎ | 3035/3662 [00:38<00:07, 79.99it/s][A

83%|████████▎ | 3044/3662 [00:38<00:07, 80.06it/s][A

83%|████████▎ | 3053/3662 [00:38<00:07, 80.12it/s][A

84%|████████▎ | 3062/3662 [00:38<00:07, 80.17it/s][A

84%|████████▍ | 3071/3662 [00:38<00:07, 80.08it/s][A

84%|████████▍ | 3080/3662 [00:38<00:07, 80.04it/s][A

84%|████████▍ | 3089/3662 [00:39<00:07, 80.02it/s][A

85%|████████▍ | 3098/3662 [00:39<00:07, 79.98it/s][A

85%|████████▍ | 3107/3662 [00:39<00:06, 80.11it/s][A

85%|████████▌ | 3116/3662 [00:39<00:06, 80.20it/s][A

85%|████████▌ | 3125/3662 [00:39<00:06, 80.24it/s][A

86%|████████▌ | 3134/3662 [00:39<00:06, 80.29it/s][A

86%|████████▌ | 3143/3662 [00:39<00:06, 80.37it/s][A

86%|████████▌ | 3152/3662 [00:39<00:06, 80.33it/s][A

86%|████████▋ | 3161/3662 [00:39<00:06, 80.36it/s][A

87%|████████▋ | 3170/3662 [00:40<00:06, 80.29it/s][A

87%|████████▋ | 3179/3662 [00:40<00:06, 80.39it/s][A

87%|████████▋ | 3188/3662 [00:40<00:05, 80.55it/s][A

87%|████████▋ | 3197/3662 [00:40<00:05, 80.53it/s][A

88%|████████▊ | 3206/3662 [00:40<00:05, 80.45it/s][A

88%|████████▊ | 3215/3662 [00:40<00:05, 80.46it/s][A

88%|████████▊ | 3224/3662 [00:40<00:05, 80.58it/s][A

88%|████████▊ | 3233/3662 [00:40<00:05, 80.61it/s][A

89%|████████▊ | 3242/3662 [00:40<00:05, 80.60it/s][A

89%|████████▉ | 3251/3662 [00:41<00:05, 80.62it/s][A

89%|████████▉ | 3260/3662 [00:41<00:04, 80.76it/s][A

89%|████████▉ | 3269/3662 [00:41<00:04, 80.67it/s][A

90%|████████▉ | 3278/3662 [00:41<00:04, 80.57it/s][A

90%|████████▉ | 3287/3662 [00:41<00:04, 80.61it/s][A

90%|█████████ | 3296/3662 [00:41<00:04, 80.64it/s][A

90%|█████████ | 3305/3662 [00:41<00:04, 80.58it/s][A

90%|█████████ | 3314/3662 [00:41<00:04, 80.60it/s][A

91%|█████████ | 3323/3662 [00:41<00:04, 80.68it/s][A

91%|█████████ | 3332/3662 [00:42<00:04, 80.71it/s][A

91%|█████████ | 3341/3662 [00:42<00:03, 80.70it/s][A

91%|█████████▏| 3350/3662 [00:42<00:03, 80.63it/s][A

92%|█████████▏| 3359/3662 [00:42<00:03, 80.49it/s][A

92%|█████████▏| 3368/3662 [00:42<00:03, 80.42it/s][A

92%|█████████▏| 3377/3662 [00:42<00:03, 80.50it/s][A

92%|█████████▏| 3386/3662 [00:42<00:03, 80.59it/s][A

93%|█████████▎| 3395/3662 [00:42<00:03, 80.57it/s][A

93%|█████████▎| 3404/3662 [00:42<00:03, 80.63it/s][A

93%|█████████▎| 3413/3662 [00:43<00:03, 80.52it/s][A

93%|█████████▎| 3422/3662 [00:43<00:02, 80.66it/s][A

94%|█████████▎| 3431/3662 [00:43<00:02, 80.57it/s][A

94%|█████████▍| 3440/3662 [00:43<00:02, 80.55it/s][A

94%|█████████▍| 3449/3662 [00:43<00:02, 80.55it/s][A

94%|█████████▍| 3458/3662 [00:43<00:02, 80.56it/s][A

95%|█████████▍| 3467/3662 [00:43<00:02, 80.39it/s][A

95%|█████████▍| 3476/3662 [00:43<00:02, 80.57it/s][A

95%|█████████▌| 3485/3662 [00:43<00:02, 80.52it/s][A

95%|█████████▌| 3494/3662 [00:44<00:02, 80.42it/s][A

96%|█████████▌| 3503/3662 [00:44<00:01, 80.44it/s][A

96%|█████████▌| 3512/3662 [00:44<00:01, 80.37it/s][A

96%|█████████▌| 3521/3662 [00:44<00:01, 80.38it/s][A

96%|█████████▋| 3530/3662 [00:44<00:01, 80.48it/s][A

97%|█████████▋| 3539/3662 [00:44<00:01, 80.49it/s][A

97%|█████████▋| 3548/3662 [00:44<00:01, 80.57it/s][A

97%|█████████▋| 3557/3662 [00:44<00:01, 80.63it/s][A

97%|█████████▋| 3566/3662 [00:44<00:01, 80.70it/s][A

98%|█████████▊| 3575/3662 [00:45<00:01, 80.69it/s][A

98%|█████████▊| 3584/3662 [00:45<00:00, 80.62it/s][A

98%|█████████▊| 3593/3662 [00:45<00:00, 80.56it/s][A

98%|█████████▊| 3602/3662 [00:45<00:00, 80.55it/s][A

99%|█████████▊| 3611/3662 [00:45<00:00, 80.50it/s][A

99%|█████████▉| 3620/3662 [00:45<00:00, 80.44it/s][A

99%|█████████▉| 3629/3662 [00:45<00:00, 80.44it/s][A

99%|█████████▉| 3638/3662 [00:45<00:00, 80.56it/s][A

100%|█████████▉| 3647/3662 [00:45<00:00, 80.94it/s][A

100%|█████████▉| 3656/3662 [00:46<00:00, 82.48it/s][A



[A{'eval_loss': '6.172', 'eval_runtime': '46.6', 'eval_samples_per_second': 
'628.6', 'eval_steps_per_second': '78.58', 'epoch': '0.2064'}

2%|▏         | 2250/109000 [23:48<13:01:08,  2.28it/s]

100%|██████████| 3662/3662 [00:46<00:00, 82.48it/s][A

[A

Writing model shards:   0%|          | 0/1 [00:00<?, ?it/s][A

Writing model shards: 100%|██████████| 1/1 [00:00<00:00,  1.57it/s][A
Writing model shards: 100%|██████████| 1/1 [00:00<00:00,  1.56it/s]

2%|▏         | 2251/109000 [23:50<448:21:46, 15.12s/it]
2%|▏         | 2252/109000 [23:51<317:44:16, 10.72s/it]
2%|▏         | 2253/109000 [23:51<226:18:49,  7.63s/it]
2%|▏         | 2254/109000 [23:52<162:18:41,  5.47s/it]
2%|▏         | 2255/109000 [23:52<117:31:27,  3.96s/it]
2%|▏         | 2256/109000 [23:53<86:10:06,  2.91s/it]
2%|▏         | 2257/109000 [23:53<64:12:41,  2.17s/it]
2%|▏         | 2258/109000 [23:53<48:51:13,  1.65s/it]
2%|▏         | 2259/109000 [23:54<38:06:38,  1.29s/it]
2%|▏         | 2260/109000 [23:54<30:34:53,  1.03s/it]
2%|▏         | 2261/109000 [23:55<25:19:04,  1.17it/s]
2%|▏         | 2262/109000 [23:55<21:37:42,  1.37it/s]
2%|▏         | 2263/109000 [23:56<19:03:16,  1.56it/s]
2%|▏         | 2264/109000 [23:56<17:14:14,  1.72it/s]
2%|▏         | 2265/109000 [23:56<15:57:51,  1.86it/s]
2%|▏         | 2266/109000 [23:57<15:05:05,  1.97it/s]
2%|▏         | 2267/109000 [23:57<14:28:09,  2.05it/s]
2%|▏         | 2268/109000 [23:58<14:00:56,  2.12it/s]
2%|▏         | 2269/109000 [23:58<13:43:04,  2.16it/s]
2%|▏         | 2270/109000 [23:59<13:31:08,  2.19it/s]
2%|▏         | 2271/109000 [23:59<13:22:07,  2.22it/s]
2%|▏         | 2272/109000 [24:00<13:15:04,  2.24it/s]
2%|▏         | 2273/109000 [24:00<13:10:52,  2.25it/s]
2%|▏         | 2274/109000 [24:00<13:08:35,  2.26it/s]
2%|▏         | 2275/109000 [24:01<13:06:03,  2.26it/s]
2%|▏         | 2276/109000 [24:01<13:04:06,  2.27it/s]
2%|▏         | 2277/109000 [24:02<13:03:31,  2.27it/s]
2%|▏         | 2278/109000 [24:02<13:03:23,  2.27it/s]
2%|▏         | 2279/109000 [24:03<13:02:13,  2.27it/s]
2%|▏         | 2280/109000 [24:03<13:01:17,  2.28it/s]
2%|▏         | 2281/109000 [24:04<13:01:21,  2.28it/s]
2%|▏         | 2282/109000 [24:04<13:01:34,  2.28it/s]
2%|▏         | 2283/109000 [24:04<13:00:55,  2.28it/s]
2%|▏         | 2284/109000 [24:05<13:00:52,  2.28it/s]
2%|▏         | 2285/109000 [24:05<13:01:04,  2.28it/s]
2%|▏         | 2286/109000 [24:06<13:01:14,  2.28it/s]
2%|▏         | 2287/109000 [24:06<13:00:50,  2.28it/s]
2%|▏         | 2288/109000 [24:07<13:00:48,  2.28it/s]
2%|▏         | 2289/109000 [24:07<13:01:16,  2.28it/s]
2%|▏         | 2290/109000 [24:07<13:01:36,  2.28it/s]
2%|▏         | 2291/109000 [24:08<13:01:11,  2.28it/s]
2%|▏         | 2292/109000 [24:08<13:01:00,  2.28it/s]
2%|▏         | 2293/109000 [24:09<13:01:05,  2.28it/s]
2%|▏         | 2294/109000 [24:09<13:01:42,  2.28it/s]
2%|▏         | 2295/109000 [24:10<13:00:56,  2.28it/s]
2%|▏         | 2296/109000 [24:10<13:00:37,  2.28it/s]
2%|▏         | 2297/109000 [24:11<13:00:56,  2.28it/s]
2%|▏         | 2298/109000 [24:11<13:00:54,  2.28it/s]
2%|▏         | 2299/109000 [24:11<12:59:52,  2.28it/s]
2%|▏         | 2300/109000 [24:12<13:00:08,  2.28it/s]

{'loss': '6.173', 'grad_norm': '1.353', 'learning_rate': '4.895e-05', 'epoch': 
'0.211'}

2%|▏         | 2300/109000 [24:12<13:00:08,  2.28it/s]
2%|▏         | 2301/109000 [24:12<13:01:17,  2.28it/s]
2%|▏         | 2302/109000 [24:13<13:00:49,  2.28it/s]
2%|▏         | 2303/109000 [24:13<13:00:37,  2.28it/s]
2%|▏         | 2304/109000 [24:14<13:01:33,  2.28it/s]
2%|▏         | 2305/109000 [24:14<13:01:45,  2.27it/s]
2%|▏         | 2306/109000 [24:14<13:01:07,  2.28it/s]
2%|▏         | 2307/109000 [24:15<13:00:45,  2.28it/s]
2%|▏         | 2308/109000 [24:15<13:00:54,  2.28it/s]
2%|▏         | 2309/109000 [24:16<13:01:32,  2.28it/s]
2%|▏         | 2310/109000 [24:16<13:00:56,  2.28it/s]
2%|▏         | 2311/109000 [24:17<13:00:42,  2.28it/s]
2%|▏         | 2312/109000 [24:17<13:01:06,  2.28it/s]
2%|▏         | 2313/109000 [24:18<13:01:08,  2.28it/s]
2%|▏         | 2314/109000 [24:18<13:00:28,  2.28it/s]
2%|▏         | 2315/109000 [24:18<13:00:40,  2.28it/s]
2%|▏         | 2316/109000 [24:19<13:01:06,  2.28it/s]
2%|▏         | 2317/109000 [24:19<13:00:35,  2.28it/s]
2%|▏         | 2318/109000 [24:20<13:00:21,  2.28it/s]
2%|▏         | 2319/109000 [24:20<13:00:46,  2.28it/s]
2%|▏         | 2320/109000 [24:21<13:01:15,  2.28it/s]
2%|▏         | 2321/109000 [24:21<13:00:32,  2.28it/s]
2%|▏         | 2322/109000 [24:22<13:00:26,  2.28it/s]
2%|▏         | 2323/109000 [24:22<13:00:54,  2.28it/s]
2%|▏         | 2324/109000 [24:22<13:00:44,  2.28it/s]
2%|▏         | 2325/109000 [24:23<13:00:21,  2.28it/s]
2%|▏         | 2326/109000 [24:23<13:00:37,  2.28it/s]
2%|▏         | 2327/109000 [24:24<13:00:49,  2.28it/s]
2%|▏         | 2328/109000 [24:24<13:00:00,  2.28it/s]
2%|▏         | 2329/109000 [24:25<13:00:11,  2.28it/s]
2%|▏         | 2330/109000 [24:25<13:00:33,  2.28it/s]
2%|▏         | 2331/109000 [24:25<13:00:04,  2.28it/s]
2%|▏         | 2332/109000 [24:26<13:00:16,  2.28it/s]
2%|▏         | 2333/109000 [24:26<13:00:54,  2.28it/s]
2%|▏         | 2334/109000 [24:27<13:00:30,  2.28it/s]
2%|▏         | 2335/109000 [24:27<13:00:17,  2.28it/s]
2%|▏         | 2336/109000 [24:28<13:00:51,  2.28it/s]
2%|▏         | 2337/109000 [24:28<13:00:11,  2.28it/s]
2%|▏         | 2338/109000 [24:29<13:00:13,  2.28it/s]
2%|▏         | 2339/109000 [24:29<13:00:40,  2.28it/s]
2%|▏         | 2340/109000 [24:29<13:00:59,  2.28it/s]
2%|▏         | 2341/109000 [24:30<13:00:01,  2.28it/s]
2%|▏         | 2342/109000 [24:30<13:00:23,  2.28it/s]
2%|▏         | 2343/109000 [24:31<13:00:57,  2.28it/s]
2%|▏         | 2344/109000 [24:31<13:00:21,  2.28it/s]
2%|▏         | 2345/109000 [24:32<12:59:55,  2.28it/s]
2%|▏         | 2346/109000 [24:32<13:00:36,  2.28it/s]
2%|▏         | 2347/109000 [24:32<13:00:28,  2.28it/s]
2%|▏         | 2348/109000 [24:33<12:59:58,  2.28it/s]
2%|▏         | 2349/109000 [24:33<13:00:00,  2.28it/s]
2%|▏         | 2350/109000 [24:34<13:00:21,  2.28it/s]

{'loss': '6.165', 'grad_norm': '1.521', 'learning_rate': '4.892e-05', 'epoch': 
'0.2156'}

2%|▏         | 2350/109000 [24:34<13:00:21,  2.28it/s]
2%|▏         | 2351/109000 [24:34<13:00:29,  2.28it/s]
2%|▏         | 2352/109000 [24:35<13:00:20,  2.28it/s]
2%|▏         | 2353/109000 [24:35<13:00:37,  2.28it/s]
2%|▏         | 2354/109000 [24:36<13:00:39,  2.28it/s]
2%|▏         | 2355/109000 [24:36<12:59:54,  2.28it/s]
2%|▏         | 2356/109000 [24:36<13:00:20,  2.28it/s]
2%|▏         | 2357/109000 [24:37<13:00:59,  2.28it/s]
2%|▏         | 2358/109000 [24:37<13:00:25,  2.28it/s]
2%|▏         | 2359/109000 [24:38<13:00:03,  2.28it/s]
2%|▏         | 2360/109000 [24:38<13:00:51,  2.28it/s]
2%|▏         | 2361/109000 [24:39<13:01:10,  2.28it/s]
2%|▏         | 2362/109000 [24:39<13:00:29,  2.28it/s]
2%|▏         | 2363/109000 [24:40<13:00:09,  2.28it/s]
2%|▏         | 2364/109000 [24:40<13:00:20,  2.28it/s]
2%|▏         | 2365/109000 [24:40<13:00:20,  2.28it/s]
2%|▏         | 2366/109000 [24:41<12:59:47,  2.28it/s]
2%|▏         | 2367/109000 [24:41<13:00:11,  2.28it/s]
2%|▏         | 2368/109000 [24:42<13:00:44,  2.28it/s]
2%|▏         | 2369/109000 [24:42<13:00:22,  2.28it/s]
2%|▏         | 2370/109000 [24:43<12:59:53,  2.28it/s]
2%|▏         | 2371/109000 [24:43<13:00:17,  2.28it/s]
2%|▏         | 2372/109000 [24:43<13:00:44,  2.28it/s]
2%|▏         | 2373/109000 [24:44<13:00:41,  2.28it/s]
2%|▏         | 2374/109000 [24:44<13:00:05,  2.28it/s]
2%|▏         | 2375/109000 [24:45<13:00:06,  2.28it/s]
2%|▏         | 2376/109000 [24:45<13:00:21,  2.28it/s]
2%|▏         | 2377/109000 [24:46<12:59:47,  2.28it/s]
2%|▏         | 2378/109000 [24:46<12:59:59,  2.28it/s]
2%|▏         | 2379/109000 [24:47<13:00:32,  2.28it/s]
2%|▏         | 2380/109000 [24:47<13:00:37,  2.28it/s]
2%|▏         | 2381/109000 [24:47<13:00:01,  2.28it/s]
2%|▏         | 2382/109000 [24:48<12:59:52,  2.28it/s]
2%|▏         | 2383/109000 [24:48<13:00:23,  2.28it/s]
2%|▏         | 2384/109000 [24:49<13:00:25,  2.28it/s]
2%|▏         | 2385/109000 [24:49<12:59:40,  2.28it/s]
2%|▏         | 2386/109000 [24:50<13:00:02,  2.28it/s]
2%|▏         | 2387/109000 [24:50<13:00:26,  2.28it/s]
2%|▏         | 2388/109000 [24:50<13:00:06,  2.28it/s]
2%|▏         | 2389/109000 [24:51<12:59:55,  2.28it/s]
2%|▏         | 2390/109000 [24:51<13:00:10,  2.28it/s]
2%|▏         | 2391/109000 [24:52<13:00:47,  2.28it/s]
2%|▏         | 2392/109000 [24:52<13:00:26,  2.28it/s]
2%|▏         | 2393/109000 [24:53<12:59:57,  2.28it/s]
2%|▏         | 2394/109000 [24:53<13:00:03,  2.28it/s]
2%|▏         | 2395/109000 [24:54<13:00:37,  2.28it/s]
2%|▏         | 2396/109000 [24:54<13:00:06,  2.28it/s]
2%|▏         | 2397/109000 [24:54<12:59:45,  2.28it/s]
2%|▏         | 2398/109000 [24:55<13:00:13,  2.28it/s]
2%|▏         | 2399/109000 [24:55<13:00:36,  2.28it/s]
2%|▏         | 2400/109000 [24:56<13:00:04,  2.28it/s]

{'loss': '6.14', 'grad_norm': '0.9257', 'learning_rate': '4.89e-05', 'epoch': 
'0.2202'}

2%|▏         | 2400/109000 [24:56<13:00:04,  2.28it/s]
2%|▏         | 2401/109000 [24:56<13:00:01,  2.28it/s]
2%|▏         | 2402/109000 [24:57<13:00:23,  2.28it/s]
2%|▏         | 2403/109000 [24:57<13:00:54,  2.28it/s]
2%|▏         | 2404/109000 [24:58<13:00:23,  2.28it/s]
2%|▏         | 2405/109000 [24:58<12:59:58,  2.28it/s]
2%|▏         | 2406/109000 [24:58<13:00:06,  2.28it/s]
2%|▏         | 2407/109000 [24:59<13:00:44,  2.28it/s]
2%|▏         | 2408/109000 [24:59<13:00:13,  2.28it/s]
2%|▏         | 2409/109000 [25:00<12:59:51,  2.28it/s]
2%|▏         | 2410/109000 [25:00<13:00:42,  2.28it/s]
2%|▏         | 2411/109000 [25:01<13:01:50,  2.27it/s]
2%|▏         | 2412/109000 [25:01<13:01:58,  2.27it/s]
2%|▏         | 2413/109000 [25:01<13:01:28,  2.27it/s]
2%|▏         | 2414/109000 [25:02<13:00:48,  2.28it/s]
2%|▏         | 2415/109000 [25:02<13:01:00,  2.27it/s]
2%|▏         | 2416/109000 [25:03<13:00:45,  2.28it/s]
2%|▏         | 2417/109000 [25:03<12:59:48,  2.28it/s]
2%|▏         | 2418/109000 [25:04<12:59:52,  2.28it/s]
2%|▏         | 2419/109000 [25:04<13:00:26,  2.28it/s]
2%|▏         | 2420/109000 [25:05<13:00:05,  2.28it/s]
2%|▏         | 2421/109000 [25:05<13:00:02,  2.28it/s]
2%|▏         | 2422/109000 [25:05<13:00:21,  2.28it/s]
2%|▏         | 2423/109000 [25:06<13:00:49,  2.27it/s]
2%|▏         | 2424/109000 [25:06<12:59:48,  2.28it/s]
2%|▏         | 2425/109000 [25:07<12:59:30,  2.28it/s]
2%|▏         | 2426/109000 [25:07<12:59:57,  2.28it/s]
2%|▏         | 2427/109000 [25:08<12:59:57,  2.28it/s]
2%|▏         | 2428/109000 [25:08<12:59:30,  2.28it/s]
2%|▏         | 2429/109000 [25:08<13:00:07,  2.28it/s]
2%|▏         | 2430/109000 [25:09<13:00:20,  2.28it/s]
2%|▏         | 2431/109000 [25:09<12:59:45,  2.28it/s]
2%|▏         | 2432/109000 [25:10<12:59:29,  2.28it/s]
2%|▏         | 2433/109000 [25:10<12:59:55,  2.28it/s]
2%|▏         | 2434/109000 [25:11<13:00:18,  2.28it/s]
2%|▏         | 2435/109000 [25:11<13:00:01,  2.28it/s]
2%|▏         | 2436/109000 [25:12<12:59:36,  2.28it/s]
2%|▏         | 2437/109000 [25:12<13:00:25,  2.28it/s]
2%|▏         | 2438/109000 [25:12<13:00:41,  2.27it/s]
2%|▏         | 2439/109000 [25:13<13:00:00,  2.28it/s]
2%|▏         | 2440/109000 [25:13<12:59:34,  2.28it/s]
2%|▏         | 2441/109000 [25:14<13:00:05,  2.28it/s]
2%|▏         | 2442/109000 [25:14<13:00:25,  2.28it/s]
2%|▏         | 2443/109000 [25:15<12:59:54,  2.28it/s]
2%|▏         | 2444/109000 [25:15<13:00:02,  2.28it/s]
2%|▏         | 2445/109000 [25:16<13:00:41,  2.27it/s]
2%|▏         | 2446/109000 [25:16<13:22:08,  2.21it/s]
2%|▏         | 2447/109000 [25:16<13:15:01,  2.23it/s]
2%|▏         | 2448/109000 [25:17<13:10:09,  2.25it/s]
2%|▏         | 2449/109000 [25:17<13:06:59,  2.26it/s]
2%|▏         | 2450/109000 [25:18<13:05:07,  2.26it/s]

{'loss': '6.148', 'grad_norm': '0.9965', 'learning_rate': '4.888e-05', 'epoch': 
'0.2248'}

2%|▏         | 2450/109000 [25:18<13:05:07,  2.26it/s]
2%|▏         | 2451/109000 [25:18<13:03:43,  2.27it/s]
2%|▏         | 2452/109000 [25:19<13:02:23,  2.27it/s]
2%|▏         | 2453/109000 [25:19<13:02:20,  2.27it/s]
2%|▏         | 2454/109000 [25:20<13:01:33,  2.27it/s]
2%|▏         | 2455/109000 [25:20<13:00:35,  2.27it/s]
2%|▏         | 2456/109000 [25:20<13:00:20,  2.28it/s]
2%|▏         | 2457/109000 [25:21<13:00:20,  2.28it/s]
2%|▏         | 2458/109000 [25:21<13:00:14,  2.28it/s]
2%|▏         | 2459/109000 [25:22<12:59:24,  2.28it/s]
2%|▏         | 2460/109000 [25:22<12:59:31,  2.28it/s]
2%|▏         | 2461/109000 [25:23<13:00:21,  2.28it/s]
2%|▏         | 2462/109000 [25:23<12:59:54,  2.28it/s]
2%|▏         | 2463/109000 [25:23<12:59:30,  2.28it/s]
2%|▏         | 2464/109000 [25:24<12:59:47,  2.28it/s]
2%|▏         | 2465/109000 [25:24<13:00:05,  2.28it/s]
2%|▏         | 2466/109000 [25:25<12:59:33,  2.28it/s]
2%|▏         | 2467/109000 [25:25<12:59:42,  2.28it/s]
2%|▏         | 2468/109000 [25:26<13:00:04,  2.28it/s]
2%|▏         | 2469/109000 [25:26<13:00:40,  2.27it/s]
2%|▏         | 2470/109000 [25:27<12:59:56,  2.28it/s]
2%|▏         | 2471/109000 [25:27<12:59:46,  2.28it/s]
2%|▏         | 2472/109000 [25:27<12:59:54,  2.28it/s]
2%|▏         | 2473/109000 [25:28<12:59:48,  2.28it/s]
2%|▏         | 2474/109000 [25:28<12:59:07,  2.28it/s]
2%|▏         | 2475/109000 [25:29<12:59:55,  2.28it/s]
2%|▏         | 2476/109000 [25:29<13:00:27,  2.27it/s]
2%|▏         | 2477/109000 [25:30<13:00:39,  2.27it/s]
2%|▏         | 2478/109000 [25:30<12:59:38,  2.28it/s]
2%|▏         | 2479/109000 [25:30<13:00:14,  2.28it/s]
2%|▏         | 2480/109000 [25:31<13:00:58,  2.27it/s]
2%|▏         | 2481/109000 [25:31<12:59:53,  2.28it/s]
2%|▏         | 2482/109000 [25:32<12:59:48,  2.28it/s]
2%|▏         | 2483/109000 [25:32<13:00:28,  2.27it/s]
2%|▏         | 2484/109000 [25:33<13:00:40,  2.27it/s]
2%|▏         | 2485/109000 [25:33<12:59:58,  2.28it/s]
2%|▏         | 2486/109000 [25:34<12:59:54,  2.28it/s]
2%|▏         | 2487/109000 [25:34<13:00:22,  2.27it/s]
2%|▏         | 2488/109000 [25:34<12:59:52,  2.28it/s]
2%|▏         | 2489/109000 [25:35<12:59:17,  2.28it/s]
2%|▏         | 2490/109000 [25:35<12:59:35,  2.28it/s]
2%|▏         | 2491/109000 [25:36<12:59:54,  2.28it/s]
2%|▏         | 2492/109000 [25:36<12:59:10,  2.28it/s]
2%|▏         | 2493/109000 [25:37<12:59:34,  2.28it/s]
2%|▏         | 2494/109000 [25:37<12:59:48,  2.28it/s]
2%|▏         | 2495/109000 [25:38<12:59:03,  2.28it/s]
2%|▏         | 2496/109000 [25:38<12:59:26,  2.28it/s]
2%|▏         | 2497/109000 [25:38<13:00:25,  2.27it/s]
2%|▏         | 2498/109000 [25:39<13:00:24,  2.27it/s]
2%|▏         | 2499/109000 [25:39<13:00:17,  2.27it/s]
2%|▏         | 2500/109000 [25:40<13:00:17,  2.27it/s]

{'loss': '6.139', 'grad_norm': '1.316', 'learning_rate': '4.885e-05', 'epoch': 
'0.2294'}

2%|▏         | 2500/109000 [25:40<13:00:17,  2.27it/s]

0%|          | 0/3662 [00:00<?, ?it/s][A

0%|          | 9/3662 [00:00<00:41, 88.47it/s][A

0%|          | 18/3662 [00:00<00:43, 84.52it/s][A

1%|          | 27/3662 [00:00<00:43, 83.42it/s][A

1%|          | 36/3662 [00:00<00:43, 82.72it/s][A

1%|          | 45/3662 [00:00<00:44, 82.15it/s][A

1%|▏         | 54/3662 [00:00<00:44, 81.80it/s][A

2%|▏         | 63/3662 [00:00<00:44, 81.72it/s][A

2%|▏         | 72/3662 [00:00<00:44, 81.56it/s][A

2%|▏         | 81/3662 [00:00<00:44, 80.91it/s][A

2%|▏         | 90/3662 [00:01<00:44, 80.56it/s][A

3%|▎         | 99/3662 [00:01<00:44, 80.41it/s][A

3%|▎         | 108/3662 [00:01<00:44, 80.11it/s][A

3%|▎         | 117/3662 [00:01<00:44, 79.94it/s][A

3%|▎         | 125/3662 [00:01<00:44, 79.80it/s][A

4%|▎         | 133/3662 [00:01<00:44, 79.67it/s][A

4%|▍         | 141/3662 [00:01<00:44, 79.72it/s][A

4%|▍         | 149/3662 [00:01<00:44, 79.44it/s][A

4%|▍         | 157/3662 [00:01<00:44, 79.16it/s][A

5%|▍         | 165/3662 [00:02<00:44, 78.96it/s][A

5%|▍         | 173/3662 [00:02<00:44, 78.88it/s][A

5%|▍         | 181/3662 [00:02<00:44, 78.87it/s][A

5%|▌         | 189/3662 [00:02<00:44, 78.55it/s][A

5%|▌         | 197/3662 [00:02<00:44, 78.45it/s][A

6%|▌         | 205/3662 [00:02<00:44, 78.52it/s][A

6%|▌         | 213/3662 [00:02<00:43, 78.53it/s][A

6%|▌         | 221/3662 [00:02<00:43, 78.66it/s][A

6%|▋         | 229/3662 [00:02<00:43, 78.66it/s][A

6%|▋         | 237/3662 [00:02<00:43, 78.62it/s][A

7%|▋         | 245/3662 [00:03<00:43, 78.66it/s][A

7%|▋         | 253/3662 [00:03<00:43, 78.73it/s][A

7%|▋         | 261/3662 [00:03<00:43, 78.90it/s][A

7%|▋         | 269/3662 [00:03<00:42, 78.92it/s][A

8%|▊         | 277/3662 [00:03<00:42, 78.84it/s][A

8%|▊         | 285/3662 [00:03<00:42, 78.75it/s][A

8%|▊         | 293/3662 [00:03<00:42, 78.73it/s][A

8%|▊         | 301/3662 [00:03<00:42, 78.56it/s][A

8%|▊         | 309/3662 [00:03<00:42, 78.66it/s][A

9%|▊         | 317/3662 [00:03<00:42, 78.45it/s][A

9%|▉         | 325/3662 [00:04<00:42, 78.56it/s][A

9%|▉         | 333/3662 [00:04<00:42, 78.78it/s][A

9%|▉         | 341/3662 [00:04<00:42, 78.70it/s][A

10%|▉         | 349/3662 [00:04<00:42, 78.71it/s][A

10%|▉         | 357/3662 [00:04<00:42, 78.67it/s][A

10%|▉         | 365/3662 [00:04<00:41, 78.87it/s][A

10%|█         | 373/3662 [00:04<00:41, 78.98it/s][A

10%|█         | 381/3662 [00:04<00:41, 78.82it/s][A

11%|█         | 389/3662 [00:04<00:41, 78.72it/s][A

11%|█         | 397/3662 [00:04<00:41, 78.61it/s][A

11%|█         | 405/3662 [00:05<00:41, 78.46it/s][A

11%|█▏        | 413/3662 [00:05<00:41, 78.64it/s][A

11%|█▏        | 421/3662 [00:05<00:41, 78.77it/s][A

12%|█▏        | 429/3662 [00:05<00:41, 78.72it/s][A

12%|█▏        | 437/3662 [00:05<00:40, 78.71it/s][A

12%|█▏        | 445/3662 [00:05<00:40, 78.60it/s][A

12%|█▏        | 453/3662 [00:05<00:40, 78.63it/s][A

13%|█▎        | 461/3662 [00:05<00:40, 78.66it/s][A

13%|█▎        | 469/3662 [00:05<00:40, 78.51it/s][A

13%|█▎        | 477/3662 [00:06<00:40, 78.51it/s][A

13%|█▎        | 485/3662 [00:06<00:40, 78.67it/s][A

13%|█▎        | 493/3662 [00:06<00:40, 78.79it/s][A

14%|█▎        | 501/3662 [00:06<00:40, 78.78it/s][A

14%|█▍        | 509/3662 [00:06<00:40, 78.80it/s][A

14%|█▍        | 517/3662 [00:06<00:39, 78.78it/s][A

14%|█▍        | 525/3662 [00:06<00:39, 78.79it/s][A

15%|█▍        | 533/3662 [00:06<00:39, 78.94it/s][A

15%|█▍        | 541/3662 [00:06<00:39, 79.19it/s][A

15%|█▍        | 549/3662 [00:06<00:39, 79.03it/s][A

15%|█▌        | 557/3662 [00:07<00:39, 78.90it/s][A

15%|█▌        | 565/3662 [00:07<00:39, 78.99it/s][A

16%|█▌        | 573/3662 [00:07<00:39, 78.93it/s][A

16%|█▌        | 581/3662 [00:07<00:39, 78.96it/s][A

16%|█▌        | 589/3662 [00:07<00:38, 78.80it/s][A

16%|█▋        | 597/3662 [00:07<00:38, 78.85it/s][A

17%|█▋        | 605/3662 [00:07<00:38, 78.87it/s][A

17%|█▋        | 613/3662 [00:07<00:38, 78.98it/s][A

17%|█▋        | 621/3662 [00:07<00:38, 78.94it/s][A

17%|█▋        | 629/3662 [00:07<00:38, 78.64it/s][A

17%|█▋        | 637/3662 [00:08<00:38, 78.89it/s][A

18%|█▊        | 645/3662 [00:08<00:38, 78.94it/s][A

18%|█▊        | 653/3662 [00:08<00:38, 79.03it/s][A

18%|█▊        | 661/3662 [00:08<00:37, 79.06it/s][A

18%|█▊        | 669/3662 [00:08<00:37, 79.01it/s][A

18%|█▊        | 677/3662 [00:08<00:37, 79.01it/s][A

19%|█▊        | 685/3662 [00:08<00:37, 78.88it/s][A

19%|█▉        | 693/3662 [00:08<00:37, 78.86it/s][A

19%|█▉        | 701/3662 [00:08<00:37, 78.91it/s][A

19%|█▉        | 709/3662 [00:08<00:37, 78.88it/s][A

20%|█▉        | 717/3662 [00:09<00:37, 78.94it/s][A

20%|█▉        | 725/3662 [00:09<00:37, 78.99it/s][A

20%|██        | 733/3662 [00:09<00:37, 79.04it/s][A

20%|██        | 741/3662 [00:09<00:36, 79.09it/s][A

20%|██        | 749/3662 [00:09<00:36, 79.15it/s][A

21%|██        | 757/3662 [00:09<00:36, 78.90it/s][A

21%|██        | 765/3662 [00:09<00:36, 79.08it/s][A

21%|██        | 773/3662 [00:09<00:36, 79.09it/s][A

21%|██▏       | 781/3662 [00:09<00:36, 78.99it/s][A

22%|██▏       | 789/3662 [00:09<00:36, 78.79it/s][A

22%|██▏       | 797/3662 [00:10<00:36, 78.80it/s][A

22%|██▏       | 805/3662 [00:10<00:36, 78.84it/s][A

22%|██▏       | 813/3662 [00:10<00:36, 78.82it/s][A

22%|██▏       | 821/3662 [00:10<00:36, 78.91it/s][A

23%|██▎       | 829/3662 [00:10<00:35, 79.07it/s][A

23%|██▎       | 837/3662 [00:10<00:35, 79.16it/s][A

23%|██▎       | 845/3662 [00:10<00:35, 79.16it/s][A

23%|██▎       | 853/3662 [00:10<00:35, 79.20it/s][A

24%|██▎       | 861/3662 [00:10<00:35, 79.12it/s][A

24%|██▎       | 869/3662 [00:10<00:35, 78.97it/s][A

24%|██▍       | 877/3662 [00:11<00:35, 78.95it/s][A

24%|██▍       | 885/3662 [00:11<00:35, 78.96it/s][A

24%|██▍       | 893/3662 [00:11<00:35, 78.90it/s][A

25%|██▍       | 901/3662 [00:11<00:35, 78.85it/s][A

25%|██▍       | 909/3662 [00:11<00:34, 78.86it/s][A

25%|██▌       | 917/3662 [00:11<00:34, 78.97it/s][A

25%|██▌       | 925/3662 [00:11<00:34, 78.97it/s][A

25%|██▌       | 933/3662 [00:11<00:34, 79.08it/s][A

26%|██▌       | 941/3662 [00:11<00:34, 78.94it/s][A

26%|██▌       | 949/3662 [00:11<00:34, 78.84it/s][A

26%|██▌       | 957/3662 [00:12<00:34, 78.89it/s][A

26%|██▋       | 965/3662 [00:12<00:34, 78.97it/s][A

27%|██▋       | 973/3662 [00:12<00:34, 78.89it/s][A

27%|██▋       | 981/3662 [00:12<00:33, 78.93it/s][A

27%|██▋       | 989/3662 [00:12<00:33, 78.91it/s][A

27%|██▋       | 997/3662 [00:12<00:33, 78.78it/s][A

27%|██▋       | 1005/3662 [00:12<00:33, 78.96it/s][A

28%|██▊       | 1013/3662 [00:12<00:33, 79.01it/s][A

28%|██▊       | 1021/3662 [00:12<00:33, 79.11it/s][A

28%|██▊       | 1029/3662 [00:13<00:33, 78.89it/s][A

28%|██▊       | 1037/3662 [00:13<00:33, 78.93it/s][A

29%|██▊       | 1045/3662 [00:13<00:33, 78.97it/s][A

29%|██▉       | 1053/3662 [00:13<00:33, 79.02it/s][A

29%|██▉       | 1061/3662 [00:13<00:32, 79.02it/s][A

29%|██▉       | 1069/3662 [00:13<00:32, 79.04it/s][A

29%|██▉       | 1077/3662 [00:13<00:32, 79.06it/s][A

30%|██▉       | 1085/3662 [00:13<00:32, 79.16it/s][A

30%|██▉       | 1093/3662 [00:13<00:32, 79.12it/s][A

30%|███       | 1101/3662 [00:13<00:32, 79.03it/s][A

30%|███       | 1109/3662 [00:14<00:32, 79.12it/s][A

31%|███       | 1117/3662 [00:14<00:32, 78.96it/s][A

31%|███       | 1125/3662 [00:14<00:32, 78.89it/s][A

31%|███       | 1133/3662 [00:14<00:32, 78.73it/s][A

31%|███       | 1141/3662 [00:14<00:32, 78.66it/s][A

31%|███▏      | 1149/3662 [00:14<00:31, 78.67it/s][A

32%|███▏      | 1157/3662 [00:14<00:31, 78.63it/s][A

32%|███▏      | 1165/3662 [00:14<00:31, 78.82it/s][A

32%|███▏      | 1173/3662 [00:14<00:31, 78.78it/s][A

32%|███▏      | 1181/3662 [00:14<00:31, 78.63it/s][A

32%|███▏      | 1189/3662 [00:15<00:31, 78.58it/s][A

33%|███▎      | 1197/3662 [00:15<00:31, 78.69it/s][A

33%|███▎      | 1206/3662 [00:15<00:30, 79.23it/s][A

33%|███▎      | 1215/3662 [00:15<00:30, 79.74it/s][A

33%|███▎      | 1223/3662 [00:15<00:30, 79.55it/s][A

34%|███▎      | 1231/3662 [00:15<00:30, 79.30it/s][A

34%|███▍      | 1239/3662 [00:15<00:30, 79.04it/s][A

34%|███▍      | 1247/3662 [00:15<00:30, 78.88it/s][A

34%|███▍      | 1255/3662 [00:15<00:30, 78.90it/s][A

34%|███▍      | 1263/3662 [00:15<00:30, 78.75it/s][A

35%|███▍      | 1271/3662 [00:16<00:30, 78.62it/s][A

35%|███▍      | 1279/3662 [00:16<00:30, 78.74it/s][A

35%|███▌      | 1287/3662 [00:16<00:30, 78.75it/s][A

35%|███▌      | 1295/3662 [00:16<00:30, 78.74it/s][A

36%|███▌      | 1303/3662 [00:16<00:29, 78.80it/s][A

36%|███▌      | 1311/3662 [00:16<00:29, 78.71it/s][A

36%|███▌      | 1319/3662 [00:16<00:29, 78.55it/s][A

36%|███▌      | 1327/3662 [00:16<00:29, 78.66it/s][A

36%|███▋      | 1335/3662 [00:16<00:29, 78.71it/s][A

37%|███▋      | 1343/3662 [00:16<00:29, 78.61it/s][A

37%|███▋      | 1351/3662 [00:17<00:29, 78.31it/s][A

37%|███▋      | 1359/3662 [00:17<00:29, 78.42it/s][A

37%|███▋      | 1367/3662 [00:17<00:29, 78.44it/s][A

38%|███▊      | 1375/3662 [00:17<00:29, 78.43it/s][A

38%|███▊      | 1383/3662 [00:17<00:29, 78.57it/s][A

38%|███▊      | 1391/3662 [00:17<00:28, 78.58it/s][A

38%|███▊      | 1399/3662 [00:17<00:28, 78.58it/s][A

38%|███▊      | 1407/3662 [00:17<00:28, 78.70it/s][A

39%|███▊      | 1415/3662 [00:17<00:28, 78.70it/s][A

39%|███▉      | 1423/3662 [00:18<00:28, 78.59it/s][A

39%|███▉      | 1431/3662 [00:18<00:28, 78.63it/s][A

39%|███▉      | 1439/3662 [00:18<00:28, 78.66it/s][A

40%|███▉      | 1447/3662 [00:18<00:28, 78.75it/s][A

40%|███▉      | 1455/3662 [00:18<00:28, 78.58it/s][A

40%|███▉      | 1464/3662 [00:18<00:27, 79.05it/s][A

40%|████      | 1472/3662 [00:18<00:27, 78.96it/s][A

40%|████      | 1480/3662 [00:18<00:27, 78.74it/s][A

41%|████      | 1488/3662 [00:18<00:27, 78.66it/s][A

41%|████      | 1496/3662 [00:18<00:27, 78.52it/s][A

41%|████      | 1504/3662 [00:19<00:27, 78.42it/s][A

41%|████▏     | 1512/3662 [00:19<00:27, 78.46it/s][A

42%|████▏     | 1520/3662 [00:19<00:27, 78.58it/s][A

42%|████▏     | 1528/3662 [00:19<00:27, 78.72it/s][A

42%|████▏     | 1536/3662 [00:19<00:26, 78.75it/s][A

42%|████▏     | 1544/3662 [00:19<00:26, 78.78it/s][A

42%|████▏     | 1552/3662 [00:19<00:26, 78.73it/s][A

43%|████▎     | 1560/3662 [00:19<00:26, 78.83it/s][A

43%|████▎     | 1568/3662 [00:19<00:26, 78.89it/s][A

43%|████▎     | 1576/3662 [00:19<00:26, 78.81it/s][A

43%|████▎     | 1584/3662 [00:20<00:26, 78.77it/s][A

44%|████▎     | 1593/3662 [00:20<00:26, 79.26it/s][A

44%|████▎     | 1602/3662 [00:20<00:25, 79.71it/s][A

44%|████▍     | 1611/3662 [00:20<00:25, 79.92it/s][A

44%|████▍     | 1620/3662 [00:20<00:25, 79.95it/s][A

44%|████▍     | 1628/3662 [00:20<00:25, 79.62it/s][A

45%|████▍     | 1636/3662 [00:20<00:25, 79.53it/s][A

45%|████▍     | 1644/3662 [00:20<00:25, 79.35it/s][A

45%|████▌     | 1652/3662 [00:20<00:25, 79.27it/s][A

45%|████▌     | 1660/3662 [00:21<00:25, 79.08it/s][A

46%|████▌     | 1668/3662 [00:21<00:25, 79.00it/s][A

46%|████▌     | 1676/3662 [00:21<00:25, 78.99it/s][A

46%|████▌     | 1684/3662 [00:21<00:25, 78.91it/s][A

46%|████▌     | 1692/3662 [00:21<00:24, 78.81it/s][A

46%|████▋     | 1700/3662 [00:21<00:24, 78.80it/s][A

47%|████▋     | 1708/3662 [00:21<00:24, 78.78it/s][A

47%|████▋     | 1716/3662 [00:21<00:24, 78.77it/s][A

47%|████▋     | 1724/3662 [00:21<00:24, 78.77it/s][A

47%|████▋     | 1732/3662 [00:21<00:24, 78.62it/s][A

48%|████▊     | 1740/3662 [00:22<00:24, 78.70it/s][A

48%|████▊     | 1748/3662 [00:22<00:24, 78.59it/s][A

48%|████▊     | 1756/3662 [00:22<00:24, 78.87it/s][A

48%|████▊     | 1764/3662 [00:22<00:24, 78.76it/s][A

48%|████▊     | 1772/3662 [00:22<00:24, 78.72it/s][A

49%|████▊     | 1780/3662 [00:22<00:23, 78.72it/s][A

49%|████▉     | 1788/3662 [00:22<00:23, 78.49it/s][A

49%|████▉     | 1796/3662 [00:22<00:23, 78.40it/s][A

49%|████▉     | 1804/3662 [00:22<00:23, 78.46it/s][A

49%|████▉     | 1812/3662 [00:22<00:23, 78.41it/s][A

50%|████▉     | 1820/3662 [00:23<00:23, 78.60it/s][A

50%|████▉     | 1828/3662 [00:23<00:23, 78.59it/s][A

50%|█████     | 1837/3662 [00:23<00:23, 79.15it/s][A

50%|█████     | 1846/3662 [00:23<00:22, 79.61it/s][A

51%|█████     | 1854/3662 [00:23<00:22, 79.67it/s][A

51%|█████     | 1863/3662 [00:23<00:22, 79.83it/s][A

51%|█████     | 1872/3662 [00:23<00:22, 79.96it/s][A

51%|█████▏    | 1880/3662 [00:23<00:22, 79.67it/s][A

52%|█████▏    | 1888/3662 [00:23<00:22, 79.60it/s][A

52%|█████▏    | 1896/3662 [00:23<00:22, 79.31it/s][A

52%|█████▏    | 1904/3662 [00:24<00:22, 79.03it/s][A

52%|█████▏    | 1912/3662 [00:24<00:22, 79.05it/s][A

52%|█████▏    | 1920/3662 [00:24<00:22, 78.98it/s][A

53%|█████▎    | 1928/3662 [00:24<00:22, 78.74it/s][A

53%|█████▎    | 1936/3662 [00:24<00:21, 78.70it/s][A

53%|█████▎    | 1944/3662 [00:24<00:21, 78.58it/s][A

53%|█████▎    | 1952/3662 [00:24<00:21, 78.59it/s][A

54%|█████▎    | 1960/3662 [00:24<00:21, 78.62it/s][A

54%|█████▎    | 1968/3662 [00:24<00:21, 78.71it/s][A

54%|█████▍    | 1976/3662 [00:25<00:21, 78.80it/s][A

54%|█████▍    | 1985/3662 [00:25<00:21, 79.42it/s][A

54%|█████▍    | 1994/3662 [00:25<00:20, 79.83it/s][A

55%|█████▍    | 2003/3662 [00:25<00:20, 80.16it/s][A

55%|█████▍    | 2012/3662 [00:25<00:20, 80.34it/s][A

55%|█████▌    | 2021/3662 [00:25<00:20, 80.48it/s][A

55%|█████▌    | 2030/3662 [00:25<00:20, 80.52it/s][A

56%|█████▌    | 2039/3662 [00:25<00:20, 80.52it/s][A

56%|█████▌    | 2048/3662 [00:25<00:20, 80.60it/s][A

56%|█████▌    | 2057/3662 [00:26<00:19, 80.61it/s][A

56%|█████▋    | 2066/3662 [00:26<00:19, 80.65it/s][A

57%|█████▋    | 2075/3662 [00:26<00:19, 80.68it/s][A

57%|█████▋    | 2084/3662 [00:26<00:19, 80.78it/s][A

57%|█████▋    | 2093/3662 [00:26<00:19, 80.71it/s][A

57%|█████▋    | 2102/3662 [00:26<00:19, 80.54it/s][A

58%|█████▊    | 2111/3662 [00:26<00:19, 79.81it/s][A

58%|█████▊    | 2119/3662 [00:26<00:19, 79.51it/s][A

58%|█████▊    | 2127/3662 [00:26<00:19, 79.22it/s][A

58%|█████▊    | 2135/3662 [00:26<00:19, 79.07it/s][A

59%|█████▊    | 2143/3662 [00:27<00:19, 78.82it/s][A

59%|█████▊    | 2151/3662 [00:27<00:19, 78.76it/s][A

59%|█████▉    | 2159/3662 [00:27<00:19, 78.82it/s][A

59%|█████▉    | 2167/3662 [00:27<00:18, 78.84it/s][A

59%|█████▉    | 2175/3662 [00:27<00:18, 78.85it/s][A

60%|█████▉    | 2183/3662 [00:27<00:18, 78.75it/s][A

60%|█████▉    | 2191/3662 [00:27<00:18, 78.66it/s][A

60%|██████    | 2199/3662 [00:27<00:18, 78.63it/s][A

60%|██████    | 2207/3662 [00:27<00:18, 78.58it/s][A

60%|██████    | 2215/3662 [00:28<00:18, 78.52it/s][A

61%|██████    | 2223/3662 [00:28<00:18, 78.50it/s][A

61%|██████    | 2231/3662 [00:28<00:18, 78.57it/s][A

61%|██████    | 2239/3662 [00:28<00:18, 78.60it/s][A

61%|██████▏   | 2247/3662 [00:28<00:17, 78.63it/s][A

62%|██████▏   | 2255/3662 [00:28<00:17, 78.54it/s][A

62%|██████▏   | 2263/3662 [00:28<00:17, 78.63it/s][A

62%|██████▏   | 2271/3662 [00:28<00:17, 78.59it/s][A

62%|██████▏   | 2279/3662 [00:28<00:17, 78.65it/s][A

62%|██████▏   | 2287/3662 [00:28<00:17, 78.70it/s][A

63%|██████▎   | 2295/3662 [00:29<00:17, 78.50it/s][A

63%|██████▎   | 2303/3662 [00:29<00:17, 78.54it/s][A

63%|██████▎   | 2311/3662 [00:29<00:17, 78.40it/s][A

63%|██████▎   | 2319/3662 [00:29<00:17, 78.41it/s][A

64%|██████▎   | 2327/3662 [00:29<00:17, 78.46it/s][A

64%|██████▍   | 2335/3662 [00:29<00:16, 78.58it/s][A

64%|██████▍   | 2343/3662 [00:29<00:16, 78.53it/s][A

64%|██████▍   | 2351/3662 [00:29<00:16, 78.52it/s][A

64%|██████▍   | 2359/3662 [00:29<00:16, 78.42it/s][A

65%|██████▍   | 2367/3662 [00:29<00:16, 77.75it/s][A

65%|██████▍   | 2375/3662 [00:30<00:16, 77.75it/s][A

65%|██████▌   | 2383/3662 [00:30<00:16, 78.02it/s][A

65%|██████▌   | 2391/3662 [00:30<00:16, 78.09it/s][A

66%|██████▌   | 2399/3662 [00:30<00:16, 78.39it/s][A

66%|██████▌   | 2407/3662 [00:30<00:15, 78.51it/s][A

66%|██████▌   | 2415/3662 [00:30<00:15, 78.49it/s][A

66%|██████▌   | 2423/3662 [00:30<00:15, 78.61it/s][A

66%|██████▋   | 2431/3662 [00:30<00:15, 78.57it/s][A

67%|██████▋   | 2439/3662 [00:30<00:15, 78.54it/s][A

67%|██████▋   | 2447/3662 [00:30<00:15, 78.55it/s][A

67%|██████▋   | 2455/3662 [00:31<00:15, 78.61it/s][A

67%|██████▋   | 2463/3662 [00:31<00:15, 78.56it/s][A

67%|██████▋   | 2471/3662 [00:31<00:15, 78.41it/s][A

68%|██████▊   | 2479/3662 [00:31<00:15, 78.57it/s][A

68%|██████▊   | 2487/3662 [00:31<00:14, 78.51it/s][A

68%|██████▊   | 2495/3662 [00:31<00:14, 78.58it/s][A

68%|██████▊   | 2503/3662 [00:31<00:14, 78.57it/s][A

69%|██████▊   | 2511/3662 [00:31<00:14, 78.61it/s][A

69%|██████▉   | 2519/3662 [00:31<00:14, 78.60it/s][A

69%|██████▉   | 2527/3662 [00:31<00:14, 78.61it/s][A

69%|██████▉   | 2535/3662 [00:32<00:14, 78.62it/s][A

69%|██████▉   | 2543/3662 [00:32<00:14, 78.71it/s][A

70%|██████▉   | 2551/3662 [00:32<00:14, 78.83it/s][A

70%|██████▉   | 2559/3662 [00:32<00:14, 78.74it/s][A

70%|███████   | 2567/3662 [00:32<00:13, 78.67it/s][A

70%|███████   | 2575/3662 [00:32<00:13, 78.43it/s][A

71%|███████   | 2583/3662 [00:32<00:13, 78.44it/s][A

71%|███████   | 2591/3662 [00:32<00:13, 78.63it/s][A

71%|███████   | 2599/3662 [00:32<00:13, 78.62it/s][A

71%|███████   | 2607/3662 [00:33<00:13, 78.38it/s][A

71%|███████▏  | 2615/3662 [00:33<00:13, 78.44it/s][A

72%|███████▏  | 2623/3662 [00:33<00:13, 78.54it/s][A

72%|███████▏  | 2631/3662 [00:33<00:13, 78.60it/s][A

72%|███████▏  | 2639/3662 [00:33<00:13, 78.62it/s][A

72%|███████▏  | 2647/3662 [00:33<00:12, 78.47it/s][A

73%|███████▎  | 2655/3662 [00:33<00:12, 78.48it/s][A

73%|███████▎  | 2663/3662 [00:33<00:12, 78.42it/s][A

73%|███████▎  | 2671/3662 [00:33<00:12, 78.44it/s][A

73%|███████▎  | 2679/3662 [00:33<00:12, 78.48it/s][A

73%|███████▎  | 2687/3662 [00:34<00:12, 78.49it/s][A

74%|███████▎  | 2695/3662 [00:34<00:12, 78.45it/s][A

74%|███████▍  | 2703/3662 [00:34<00:12, 78.61it/s][A

74%|███████▍  | 2711/3662 [00:34<00:12, 78.66it/s][A

74%|███████▍  | 2719/3662 [00:34<00:11, 78.69it/s][A

74%|███████▍  | 2727/3662 [00:34<00:11, 78.49it/s][A

75%|███████▍  | 2735/3662 [00:34<00:11, 78.64it/s][A

75%|███████▍  | 2743/3662 [00:34<00:11, 78.62it/s][A

75%|███████▌  | 2751/3662 [00:34<00:11, 78.81it/s][A

75%|███████▌  | 2759/3662 [00:34<00:11, 78.79it/s][A

76%|███████▌  | 2767/3662 [00:35<00:11, 78.71it/s][A

76%|███████▌  | 2775/3662 [00:35<00:11, 78.60it/s][A

76%|███████▌  | 2783/3662 [00:35<00:11, 78.62it/s][A

76%|███████▌  | 2791/3662 [00:35<00:11, 78.70it/s][A

76%|███████▋  | 2799/3662 [00:35<00:10, 78.65it/s][A

77%|███████▋  | 2807/3662 [00:35<00:10, 78.54it/s][A

77%|███████▋  | 2815/3662 [00:35<00:10, 78.65it/s][A

77%|███████▋  | 2823/3662 [00:35<00:10, 78.58it/s][A

77%|███████▋  | 2831/3662 [00:35<00:10, 78.76it/s][A

78%|███████▊  | 2839/3662 [00:35<00:10, 78.74it/s][A

78%|███████▊  | 2847/3662 [00:36<00:10, 78.60it/s][A

78%|███████▊  | 2855/3662 [00:36<00:10, 78.62it/s][A

78%|███████▊  | 2863/3662 [00:36<00:10, 78.59it/s][A

78%|███████▊  | 2871/3662 [00:36<00:10, 78.61it/s][A

79%|███████▊  | 2879/3662 [00:36<00:09, 78.50it/s][A

79%|███████▉  | 2887/3662 [00:36<00:09, 78.51it/s][A

79%|███████▉  | 2895/3662 [00:36<00:09, 78.58it/s][A

79%|███████▉  | 2903/3662 [00:36<00:09, 78.58it/s][A

79%|███████▉  | 2911/3662 [00:36<00:09, 78.60it/s][A

80%|███████▉  | 2919/3662 [00:36<00:09, 78.66it/s][A

80%|███████▉  | 2927/3662 [00:37<00:09, 78.61it/s][A

80%|████████  | 2935/3662 [00:37<00:09, 78.59it/s][A

80%|████████  | 2943/3662 [00:37<00:09, 78.75it/s][A

81%|████████  | 2951/3662 [00:37<00:09, 78.58it/s][A

81%|████████  | 2959/3662 [00:37<00:08, 78.64it/s][A

81%|████████  | 2967/3662 [00:37<00:08, 78.62it/s][A

81%|████████  | 2975/3662 [00:37<00:08, 78.66it/s][A

81%|████████▏ | 2983/3662 [00:37<00:08, 78.52it/s][A

82%|████████▏ | 2991/3662 [00:37<00:08, 78.55it/s][A

82%|████████▏ | 2999/3662 [00:37<00:08, 78.80it/s][A

82%|████████▏ | 3007/3662 [00:38<00:08, 78.53it/s][A

82%|████████▏ | 3015/3662 [00:38<00:08, 78.60it/s][A

83%|████████▎ | 3023/3662 [00:38<00:08, 78.60it/s][A

83%|████████▎ | 3031/3662 [00:38<00:08, 78.55it/s][A

83%|████████▎ | 3039/3662 [00:38<00:07, 78.45it/s][A

83%|████████▎ | 3047/3662 [00:38<00:07, 78.61it/s][A

83%|████████▎ | 3055/3662 [00:38<00:07, 78.54it/s][A

84%|████████▎ | 3063/3662 [00:38<00:07, 78.67it/s][A

84%|████████▍ | 3071/3662 [00:38<00:07, 78.56it/s][A

84%|████████▍ | 3079/3662 [00:39<00:07, 78.67it/s][A

84%|████████▍ | 3087/3662 [00:39<00:07, 78.46it/s][A

85%|████████▍ | 3095/3662 [00:39<00:07, 78.54it/s][A

85%|████████▍ | 3103/3662 [00:39<00:07, 78.60it/s][A

85%|████████▍ | 3111/3662 [00:39<00:07, 78.58it/s][A

85%|████████▌ | 3119/3662 [00:39<00:06, 78.61it/s][A

85%|████████▌ | 3127/3662 [00:39<00:06, 78.60it/s][A

86%|████████▌ | 3135/3662 [00:39<00:06, 78.48it/s][A

86%|████████▌ | 3143/3662 [00:39<00:06, 78.41it/s][A

86%|████████▌ | 3151/3662 [00:39<00:06, 78.55it/s][A

86%|████████▋ | 3159/3662 [00:40<00:06, 78.57it/s][A

86%|████████▋ | 3167/3662 [00:40<00:06, 78.89it/s][A

87%|████████▋ | 3176/3662 [00:40<00:06, 79.39it/s][A

87%|████████▋ | 3185/3662 [00:40<00:05, 79.86it/s][A

87%|████████▋ | 3194/3662 [00:40<00:05, 80.12it/s][A

87%|████████▋ | 3203/3662 [00:40<00:05, 80.33it/s][A

88%|████████▊ | 3212/3662 [00:40<00:05, 80.43it/s][A

88%|████████▊ | 3221/3662 [00:40<00:05, 80.52it/s][A

88%|████████▊ | 3230/3662 [00:40<00:05, 80.59it/s][A

88%|████████▊ | 3239/3662 [00:41<00:05, 80.48it/s][A

89%|████████▊ | 3248/3662 [00:41<00:05, 80.53it/s][A

89%|████████▉ | 3257/3662 [00:41<00:05, 80.58it/s][A

89%|████████▉ | 3266/3662 [00:41<00:04, 80.68it/s][A

89%|████████▉ | 3275/3662 [00:41<00:04, 80.74it/s][A

90%|████████▉ | 3284/3662 [00:41<00:04, 80.67it/s][A

90%|████████▉ | 3293/3662 [00:41<00:04, 80.66it/s][A

90%|█████████ | 3302/3662 [00:41<00:04, 80.79it/s][A

90%|█████████ | 3311/3662 [00:41<00:04, 80.80it/s][A

91%|█████████ | 3320/3662 [00:42<00:04, 80.60it/s][A

91%|█████████ | 3329/3662 [00:42<00:04, 80.77it/s][A

91%|█████████ | 3338/3662 [00:42<00:04, 80.92it/s][A

91%|█████████▏| 3347/3662 [00:42<00:03, 80.71it/s][A

92%|█████████▏| 3356/3662 [00:42<00:03, 80.49it/s][A

92%|█████████▏| 3365/3662 [00:42<00:03, 79.95it/s][A

92%|█████████▏| 3373/3662 [00:42<00:03, 79.56it/s][A

92%|█████████▏| 3381/3662 [00:42<00:03, 79.45it/s][A

93%|█████████▎| 3389/3662 [00:42<00:03, 79.13it/s][A

93%|█████████▎| 3397/3662 [00:42<00:03, 79.06it/s][A

93%|█████████▎| 3405/3662 [00:43<00:03, 78.86it/s][A

93%|█████████▎| 3413/3662 [00:43<00:03, 78.96it/s][A

93%|█████████▎| 3421/3662 [00:43<00:03, 79.12it/s][A

94%|█████████▎| 3430/3662 [00:43<00:02, 79.71it/s][A

94%|█████████▍| 3439/3662 [00:43<00:02, 80.06it/s][A

94%|█████████▍| 3448/3662 [00:43<00:02, 80.16it/s][A

94%|█████████▍| 3457/3662 [00:43<00:02, 79.61it/s][A

95%|█████████▍| 3465/3662 [00:43<00:02, 79.35it/s][A

95%|█████████▍| 3473/3662 [00:43<00:02, 79.02it/s][A

95%|█████████▌| 3481/3662 [00:44<00:02, 78.96it/s][A

95%|█████████▌| 3489/3662 [00:44<00:02, 78.89it/s][A

95%|█████████▌| 3497/3662 [00:44<00:02, 78.82it/s][A

96%|█████████▌| 3505/3662 [00:44<00:01, 78.76it/s][A

96%|█████████▌| 3514/3662 [00:44<00:01, 79.23it/s][A

96%|█████████▌| 3523/3662 [00:44<00:01, 79.70it/s][A

96%|█████████▋| 3532/3662 [00:44<00:01, 80.00it/s][A

97%|█████████▋| 3541/3662 [00:44<00:01, 80.31it/s][A

97%|█████████▋| 3550/3662 [00:44<00:01, 80.56it/s][A

97%|█████████▋| 3559/3662 [00:45<00:01, 80.73it/s][A

97%|█████████▋| 3568/3662 [00:45<00:01, 80.20it/s][A

98%|█████████▊| 3577/3662 [00:45<00:01, 79.89it/s][A

98%|█████████▊| 3585/3662 [00:45<00:00, 79.56it/s][A

98%|█████████▊| 3593/3662 [00:45<00:00, 79.35it/s][A

98%|█████████▊| 3601/3662 [00:45<00:00, 79.15it/s][A

99%|█████████▊| 3609/3662 [00:45<00:00, 78.98it/s][A

99%|█████████▉| 3617/3662 [00:45<00:00, 78.84it/s][A

99%|█████████▉| 3625/3662 [00:45<00:00, 78.78it/s][A

99%|█████████▉| 3633/3662 [00:45<00:00, 78.70it/s][A

99%|█████████▉| 3641/3662 [00:46<00:00, 78.80it/s][A

100%|█████████▉| 3650/3662 [00:46<00:00, 79.80it/s][A

100%|█████████▉| 3659/3662 [00:46<00:00, 81.53it/s][A



[A{'eval_loss': '6.13', 'eval_runtime': '46.72', 'eval_samples_per_second': 
'627', 'eval_steps_per_second': '78.38', 'epoch': '0.2294'}

2%|▏         | 2500/109000 [26:26<13:00:17,  2.27it/s]

100%|██████████| 3662/3662 [00:46<00:00, 81.53it/s][A

[A

Writing model shards:   0%|          | 0/1 [00:00<?, ?it/s][A

Writing model shards: 100%|██████████| 1/1 [00:00<00:00,  1.54it/s][A
Writing model shards: 100%|██████████| 1/1 [00:00<00:00,  1.54it/s]

2%|▏         | 2501/109000 [26:29<449:53:07, 15.21s/it]
2%|▏         | 2502/109000 [26:30<318:48:22, 10.78s/it]
2%|▏         | 2503/109000 [26:30<227:02:52,  7.68s/it]
2%|▏         | 2504/109000 [26:31<162:49:47,  5.50s/it]
2%|▏         | 2505/109000 [26:31<117:52:51,  3.98s/it]
2%|▏         | 2506/109000 [26:32<86:24:19,  2.92s/it]
2%|▏         | 2507/109000 [26:32<64:22:45,  2.18s/it]
2%|▏         | 2508/109000 [26:32<48:58:34,  1.66s/it]
2%|▏         | 2509/109000 [26:33<38:10:56,  1.29s/it]
2%|▏         | 2510/109000 [26:33<30:36:59,  1.04s/it]
2%|▏         | 2511/109000 [26:34<25:19:39,  1.17it/s]
2%|▏         | 2512/109000 [26:34<21:37:45,  1.37it/s]
2%|▏         | 2513/109000 [26:35<19:01:41,  1.55it/s]
2%|▏         | 2514/109000 [26:35<17:13:26,  1.72it/s]
2%|▏         | 2515/109000 [26:36<15:57:38,  1.85it/s]
2%|▏         | 2516/109000 [26:36<15:04:38,  1.96it/s]
2%|▏         | 2517/109000 [26:36<14:26:31,  2.05it/s]
2%|▏         | 2518/109000 [26:37<14:00:09,  2.11it/s]
2%|▏         | 2519/109000 [26:37<13:42:04,  2.16it/s]
2%|▏         | 2520/109000 [26:38<13:28:55,  2.19it/s]
2%|▏         | 2521/109000 [26:38<13:19:31,  2.22it/s]
2%|▏         | 2522/109000 [26:39<13:14:10,  2.23it/s]
2%|▏         | 2523/109000 [26:39<13:09:41,  2.25it/s]
2%|▏         | 2524/109000 [26:39<13:05:45,  2.26it/s]
2%|▏         | 2525/109000 [26:40<13:04:00,  2.26it/s]
2%|▏         | 2526/109000 [26:40<13:02:53,  2.27it/s]
2%|▏         | 2527/109000 [26:41<13:01:29,  2.27it/s]
2%|▏         | 2528/109000 [26:41<13:01:08,  2.27it/s]
2%|▏         | 2529/109000 [26:42<13:00:45,  2.27it/s]
2%|▏         | 2530/109000 [26:42<12:59:55,  2.28it/s]
2%|▏         | 2531/109000 [26:43<12:59:32,  2.28it/s]
2%|▏         | 2532/109000 [26:43<12:59:46,  2.28it/s]
2%|▏         | 2533/109000 [26:43<12:58:57,  2.28it/s]
2%|▏         | 2534/109000 [26:44<12:59:16,  2.28it/s]
2%|▏         | 2535/109000 [26:44<12:59:25,  2.28it/s]
2%|▏         | 2536/109000 [26:45<12:59:35,  2.28it/s]
2%|▏         | 2537/109000 [26:45<12:59:02,  2.28it/s]
2%|▏         | 2538/109000 [26:46<12:58:59,  2.28it/s]
2%|▏         | 2539/109000 [26:46<12:59:51,  2.28it/s]
2%|▏         | 2540/109000 [26:47<12:59:52,  2.28it/s]
2%|▏         | 2541/109000 [26:47<12:59:28,  2.28it/s]
2%|▏         | 2542/109000 [26:47<12:59:21,  2.28it/s]
2%|▏         | 2543/109000 [26:48<13:00:05,  2.27it/s]
2%|▏         | 2544/109000 [26:48<12:59:07,  2.28it/s]
2%|▏         | 2545/109000 [26:49<12:59:03,  2.28it/s]
2%|▏         | 2546/109000 [26:49<12:59:17,  2.28it/s]
2%|▏         | 2547/109000 [26:50<12:58:45,  2.28it/s]
2%|▏         | 2548/109000 [26:50<12:58:45,  2.28it/s]
2%|▏         | 2549/109000 [26:50<12:59:05,  2.28it/s]
2%|▏         | 2550/109000 [26:51<12:59:17,  2.28it/s]

{'loss': '6.13', 'grad_norm': '0.8634', 'learning_rate': '4.883e-05', 'epoch': 
'0.2339'}

2%|▏         | 2550/109000 [26:51<12:59:17,  2.28it/s]
2%|▏         | 2551/109000 [26:51<12:59:19,  2.28it/s]
2%|▏         | 2552/109000 [26:52<12:59:00,  2.28it/s]
2%|▏         | 2553/109000 [26:52<12:59:25,  2.28it/s]
2%|▏         | 2554/109000 [26:53<12:59:38,  2.28it/s]
2%|▏         | 2555/109000 [26:53<12:58:50,  2.28it/s]
2%|▏         | 2556/109000 [26:54<12:59:14,  2.28it/s]
2%|▏         | 2557/109000 [26:54<12:59:28,  2.28it/s]
2%|▏         | 2558/109000 [26:54<12:59:19,  2.28it/s]
2%|▏         | 2559/109000 [26:55<12:59:07,  2.28it/s]
2%|▏         | 2560/109000 [26:55<12:58:54,  2.28it/s]
2%|▏         | 2561/109000 [26:56<12:59:01,  2.28it/s]
2%|▏         | 2562/109000 [26:56<12:58:39,  2.28it/s]
2%|▏         | 2563/109000 [26:57<12:58:12,  2.28it/s]
2%|▏         | 2564/109000 [26:57<12:59:10,  2.28it/s]
2%|▏         | 2565/109000 [26:57<12:59:05,  2.28it/s]
2%|▏         | 2566/109000 [26:58<12:58:47,  2.28it/s]
2%|▏         | 2567/109000 [26:58<12:58:43,  2.28it/s]
2%|▏         | 2568/109000 [26:59<12:59:03,  2.28it/s]
2%|▏         | 2569/109000 [26:59<12:59:20,  2.28it/s]
2%|▏         | 2570/109000 [27:00<12:59:14,  2.28it/s]
2%|▏         | 2571/109000 [27:00<12:58:59,  2.28it/s]
2%|▏         | 2572/109000 [27:01<12:59:40,  2.28it/s]
2%|▏         | 2573/109000 [27:01<12:59:38,  2.28it/s]
2%|▏         | 2574/109000 [27:01<12:59:06,  2.28it/s]
2%|▏         | 2575/109000 [27:02<12:58:15,  2.28it/s]
2%|▏         | 2576/109000 [27:02<12:58:40,  2.28it/s]
2%|▏         | 2577/109000 [27:03<12:58:54,  2.28it/s]
2%|▏         | 2578/109000 [27:03<12:58:24,  2.28it/s]
2%|▏         | 2579/109000 [27:04<12:58:19,  2.28it/s]
2%|▏         | 2580/109000 [27:04<12:58:44,  2.28it/s]
2%|▏         | 2581/109000 [27:05<12:59:01,  2.28it/s]
2%|▏         | 2582/109000 [27:05<12:58:32,  2.28it/s]
2%|▏         | 2583/109000 [27:05<12:58:30,  2.28it/s]
2%|▏         | 2584/109000 [27:06<12:59:00,  2.28it/s]
2%|▏         | 2585/109000 [27:06<12:58:59,  2.28it/s]
2%|▏         | 2586/109000 [27:07<12:57:56,  2.28it/s]
2%|▏         | 2587/109000 [27:07<12:58:05,  2.28it/s]
2%|▏         | 2588/109000 [27:08<12:58:42,  2.28it/s]
2%|▏         | 2589/109000 [27:08<12:58:31,  2.28it/s]
2%|▏         | 2590/109000 [27:08<12:58:06,  2.28it/s]
2%|▏         | 2591/109000 [27:09<12:58:13,  2.28it/s]
2%|▏         | 2592/109000 [27:09<12:58:40,  2.28it/s]
2%|▏         | 2593/109000 [27:10<12:58:15,  2.28it/s]
2%|▏         | 2594/109000 [27:10<13:08:21,  2.25it/s]
2%|▏         | 2595/109000 [27:11<13:05:34,  2.26it/s]
2%|▏         | 2596/109000 [27:11<13:03:29,  2.26it/s]
2%|▏         | 2597/109000 [27:12<13:01:26,  2.27it/s]
2%|▏         | 2598/109000 [27:12<13:00:36,  2.27it/s]
2%|▏         | 2599/109000 [27:12<13:00:16,  2.27it/s]
2%|▏         | 2600/109000 [27:13<12:59:32,  2.27it/s]

{'loss': '6.111', 'grad_norm': '1.343', 'learning_rate': '4.881e-05', 'epoch': 
'0.2385'}

2%|▏         | 2600/109000 [27:13<12:59:32,  2.27it/s]
2%|▏         | 2601/109000 [27:13<12:59:25,  2.28it/s]
2%|▏         | 2602/109000 [27:14<12:59:50,  2.27it/s]
2%|▏         | 2603/109000 [27:14<12:59:38,  2.27it/s]
2%|▏         | 2604/109000 [27:15<12:59:15,  2.28it/s]
2%|▏         | 2605/109000 [27:15<12:58:33,  2.28it/s]
2%|▏         | 2606/109000 [27:16<12:58:54,  2.28it/s]
2%|▏         | 2607/109000 [27:16<12:59:12,  2.28it/s]
2%|▏         | 2608/109000 [27:16<12:58:55,  2.28it/s]
2%|▏         | 2609/109000 [27:17<12:58:20,  2.28it/s]
2%|▏         | 2610/109000 [27:17<12:58:39,  2.28it/s]
2%|▏         | 2611/109000 [27:18<12:58:48,  2.28it/s]
2%|▏         | 2612/109000 [27:18<12:58:15,  2.28it/s]
2%|▏         | 2613/109000 [27:19<12:57:58,  2.28it/s]
2%|▏         | 2614/109000 [27:19<12:58:18,  2.28it/s]
2%|▏         | 2615/109000 [27:19<12:58:02,  2.28it/s]
2%|▏         | 2616/109000 [27:20<12:57:38,  2.28it/s]
2%|▏         | 2617/109000 [27:20<12:57:49,  2.28it/s]
2%|▏         | 2618/109000 [27:21<12:58:32,  2.28it/s]
2%|▏         | 2619/109000 [27:21<12:57:50,  2.28it/s]
2%|▏         | 2620/109000 [27:22<12:57:43,  2.28it/s]
2%|▏         | 2621/109000 [27:22<12:58:15,  2.28it/s]
2%|▏         | 2622/109000 [27:23<12:58:34,  2.28it/s]
2%|▏         | 2623/109000 [27:23<12:58:10,  2.28it/s]
2%|▏         | 2624/109000 [27:23<12:57:47,  2.28it/s]
2%|▏         | 2625/109000 [27:24<12:58:06,  2.28it/s]
2%|▏         | 2626/109000 [27:24<12:58:24,  2.28it/s]
2%|▏         | 2627/109000 [27:25<12:57:39,  2.28it/s]
2%|▏         | 2628/109000 [27:25<12:57:50,  2.28it/s]
2%|▏         | 2629/109000 [27:26<12:58:30,  2.28it/s]
2%|▏         | 2630/109000 [27:26<12:58:24,  2.28it/s]
2%|▏         | 2631/109000 [27:26<12:57:50,  2.28it/s]
2%|▏         | 2632/109000 [27:27<12:58:10,  2.28it/s]
2%|▏         | 2633/109000 [27:27<12:58:47,  2.28it/s]
2%|▏         | 2634/109000 [27:28<12:58:37,  2.28it/s]
2%|▏         | 2635/109000 [27:28<12:57:53,  2.28it/s]
2%|▏         | 2636/109000 [27:29<12:58:28,  2.28it/s]
2%|▏         | 2637/109000 [27:29<12:59:09,  2.28it/s]
2%|▏         | 2638/109000 [27:30<12:58:48,  2.28it/s]
2%|▏         | 2639/109000 [27:30<12:58:21,  2.28it/s]
2%|▏         | 2640/109000 [27:30<12:58:32,  2.28it/s]
2%|▏         | 2641/109000 [27:31<12:58:45,  2.28it/s]
2%|▏         | 2642/109000 [27:31<12:58:17,  2.28it/s]
2%|▏         | 2643/109000 [27:32<12:58:39,  2.28it/s]
2%|▏         | 2644/109000 [27:32<12:59:02,  2.28it/s]
2%|▏         | 2645/109000 [27:33<12:59:13,  2.27it/s]
2%|▏         | 2646/109000 [27:33<12:58:41,  2.28it/s]
2%|▏         | 2647/109000 [27:34<12:58:47,  2.28it/s]
2%|▏         | 2648/109000 [27:34<12:58:48,  2.28it/s]
2%|▏         | 2649/109000 [27:34<12:59:11,  2.27it/s]
2%|▏         | 2650/109000 [27:35<12:58:18,  2.28it/s]

{'loss': '6.116', 'grad_norm': '0.9459', 'learning_rate': '4.878e-05', 'epoch': 
'0.2431'}

2%|▏         | 2650/109000 [27:35<12:58:18,  2.28it/s]
2%|▏         | 2651/109000 [27:35<12:58:54,  2.28it/s]
2%|▏         | 2652/109000 [27:36<12:59:32,  2.27it/s]
2%|▏         | 2653/109000 [27:36<12:59:23,  2.27it/s]
2%|▏         | 2654/109000 [27:37<12:59:18,  2.27it/s]
2%|▏         | 2655/109000 [27:37<12:59:09,  2.27it/s]
2%|▏         | 2656/109000 [27:37<12:59:40,  2.27it/s]
2%|▏         | 2657/109000 [27:38<12:59:34,  2.27it/s]
2%|▏         | 2658/109000 [27:38<12:58:51,  2.28it/s]
2%|▏         | 2659/109000 [27:39<12:58:48,  2.28it/s]
2%|▏         | 2660/109000 [27:39<12:58:58,  2.28it/s]
2%|▏         | 2661/109000 [27:40<12:58:34,  2.28it/s]
2%|▏         | 2662/109000 [27:40<12:58:12,  2.28it/s]
2%|▏         | 2663/109000 [27:41<12:58:45,  2.28it/s]
2%|▏         | 2664/109000 [27:41<12:59:10,  2.27it/s]
2%|▏         | 2665/109000 [27:41<12:58:27,  2.28it/s]
2%|▏         | 2666/109000 [27:42<12:58:12,  2.28it/s]
2%|▏         | 2667/109000 [27:42<12:58:19,  2.28it/s]
2%|▏         | 2668/109000 [27:43<12:58:50,  2.28it/s]
2%|▏         | 2669/109000 [27:43<12:58:25,  2.28it/s]
2%|▏         | 2670/109000 [27:44<12:58:33,  2.28it/s]
2%|▏         | 2671/109000 [27:44<12:58:48,  2.28it/s]
2%|▏         | 2672/109000 [27:45<12:58:42,  2.28it/s]
2%|▏         | 2673/109000 [27:45<12:58:18,  2.28it/s]
2%|▏         | 2674/109000 [27:45<12:58:30,  2.28it/s]
2%|▏         | 2675/109000 [27:46<12:59:42,  2.27it/s]
2%|▏         | 2676/109000 [27:46<12:59:02,  2.27it/s]
2%|▏         | 2677/109000 [27:47<12:58:40,  2.28it/s]
2%|▏         | 2678/109000 [27:47<12:59:03,  2.27it/s]
2%|▏         | 2679/109000 [27:48<12:59:01,  2.27it/s]
2%|▏         | 2680/109000 [27:48<12:58:39,  2.28it/s]
2%|▏         | 2681/109000 [27:48<12:58:27,  2.28it/s]
2%|▏         | 2682/109000 [27:49<12:59:20,  2.27it/s]
2%|▏         | 2683/109000 [27:49<12:58:42,  2.28it/s]
2%|▏         | 2684/109000 [27:50<12:58:07,  2.28it/s]
2%|▏         | 2685/109000 [27:50<12:58:24,  2.28it/s]
2%|▏         | 2686/109000 [27:51<12:59:11,  2.27it/s]
2%|▏         | 2687/109000 [27:51<12:58:50,  2.28it/s]
2%|▏         | 2688/109000 [27:52<12:58:10,  2.28it/s]
2%|▏         | 2689/109000 [27:52<12:58:49,  2.28it/s]
2%|▏         | 2690/109000 [27:52<12:58:58,  2.27it/s]
2%|▏         | 2691/109000 [27:53<12:58:27,  2.28it/s]
2%|▏         | 2692/109000 [27:53<12:58:09,  2.28it/s]
2%|▏         | 2693/109000 [27:54<12:58:31,  2.28it/s]
2%|▏         | 2694/109000 [27:54<12:58:38,  2.28it/s]
2%|▏         | 2695/109000 [27:55<12:57:46,  2.28it/s]
2%|▏         | 2696/109000 [27:55<12:58:40,  2.28it/s]
2%|▏         | 2697/109000 [27:55<12:58:58,  2.27it/s]
2%|▏         | 2698/109000 [27:56<12:58:20,  2.28it/s]
2%|▏         | 2699/109000 [27:56<12:58:19,  2.28it/s]
2%|▏         | 2700/109000 [27:57<12:58:37,  2.28it/s]

{'loss': '6.099', 'grad_norm': '1.055', 'learning_rate': '4.876e-05', 'epoch': 
'0.2477'}

2%|▏         | 2700/109000 [27:57<12:58:37,  2.28it/s]
2%|▏         | 2701/109000 [27:57<12:58:47,  2.27it/s]
2%|▏         | 2702/109000 [27:58<12:57:58,  2.28it/s]
2%|▏         | 2703/109000 [27:58<12:57:53,  2.28it/s]
2%|▏         | 2704/109000 [27:59<12:58:44,  2.27it/s]
2%|▏         | 2705/109000 [27:59<12:58:15,  2.28it/s]
2%|▏         | 2706/109000 [27:59<12:58:05,  2.28it/s]
2%|▏         | 2707/109000 [28:00<12:58:21,  2.28it/s]
2%|▏         | 2708/109000 [28:00<12:58:22,  2.28it/s]
2%|▏         | 2709/109000 [28:01<12:57:50,  2.28it/s]
2%|▏         | 2710/109000 [28:01<12:57:46,  2.28it/s]
2%|▏         | 2711/109000 [28:02<12:58:17,  2.28it/s]
2%|▏         | 2712/109000 [28:02<12:57:43,  2.28it/s]
2%|▏         | 2713/109000 [28:03<12:57:40,  2.28it/s]
2%|▏         | 2714/109000 [28:03<12:57:53,  2.28it/s]
2%|▏         | 2715/109000 [28:03<12:58:22,  2.28it/s]
2%|▏         | 2716/109000 [28:04<12:57:46,  2.28it/s]
2%|▏         | 2717/109000 [28:04<12:57:57,  2.28it/s]
2%|▏         | 2718/109000 [28:05<12:57:59,  2.28it/s]
2%|▏         | 2719/109000 [28:05<12:58:42,  2.27it/s]
2%|▏         | 2720/109000 [28:06<12:57:57,  2.28it/s]
2%|▏         | 2721/109000 [28:06<12:57:37,  2.28it/s]
2%|▏         | 2722/109000 [28:06<12:58:03,  2.28it/s]
2%|▏         | 2723/109000 [28:07<12:58:29,  2.28it/s]
2%|▏         | 2724/109000 [28:07<12:57:57,  2.28it/s]
2%|▎         | 2725/109000 [28:08<12:58:06,  2.28it/s]
3%|▎         | 2726/109000 [28:08<12:58:10,  2.28it/s]
3%|▎         | 2727/109000 [28:09<12:58:22,  2.28it/s]
3%|▎         | 2728/109000 [28:09<12:57:41,  2.28it/s]
3%|▎         | 2729/109000 [28:10<12:57:35,  2.28it/s]
3%|▎         | 2730/109000 [28:10<12:57:55,  2.28it/s]
3%|▎         | 2731/109000 [28:10<12:57:56,  2.28it/s]
3%|▎         | 2732/109000 [28:11<12:57:37,  2.28it/s]
3%|▎         | 2733/109000 [28:11<12:58:05,  2.28it/s]
3%|▎         | 2734/109000 [28:12<12:58:09,  2.28it/s]
3%|▎         | 2735/109000 [28:12<12:58:13,  2.28it/s]
3%|▎         | 2736/109000 [28:13<12:57:52,  2.28it/s]
3%|▎         | 2737/109000 [28:13<12:57:38,  2.28it/s]
3%|▎         | 2738/109000 [28:13<12:57:59,  2.28it/s]
3%|▎         | 2739/109000 [28:14<12:57:47,  2.28it/s]
3%|▎         | 2740/109000 [28:14<12:57:15,  2.28it/s]
3%|▎         | 2741/109000 [28:15<12:57:39,  2.28it/s]
3%|▎         | 2742/109000 [28:15<12:57:54,  2.28it/s]
3%|▎         | 2743/109000 [28:16<12:57:44,  2.28it/s]
3%|▎         | 2744/109000 [28:16<12:57:09,  2.28it/s]
3%|▎         | 2745/109000 [28:17<12:57:37,  2.28it/s]
3%|▎         | 2746/109000 [28:17<12:58:10,  2.28it/s]
3%|▎         | 2747/109000 [28:17<12:57:51,  2.28it/s]
3%|▎         | 2748/109000 [28:18<12:57:16,  2.28it/s]
3%|▎         | 2749/109000 [28:18<12:57:56,  2.28it/s]
3%|▎         | 2750/109000 [28:19<12:57:54,  2.28it/s]

{'loss': '6.104', 'grad_norm': '1.038', 'learning_rate': '4.874e-05', 'epoch': 
'0.2523'}

3%|▎         | 2750/109000 [28:19<12:57:54,  2.28it/s]

0%|          | 0/3662 [00:00<?, ?it/s][A

0%|          | 9/3662 [00:00<00:41, 88.76it/s][A

0%|          | 18/3662 [00:00<00:43, 83.60it/s][A

1%|          | 27/3662 [00:00<00:44, 81.84it/s][A

1%|          | 36/3662 [00:00<00:44, 81.05it/s][A

1%|          | 45/3662 [00:00<00:44, 80.56it/s][A

1%|▏         | 54/3662 [00:00<00:44, 80.39it/s][A

2%|▏         | 63/3662 [00:00<00:44, 80.06it/s][A

2%|▏         | 72/3662 [00:00<00:44, 79.90it/s][A

2%|▏         | 81/3662 [00:01<00:44, 79.97it/s][A

2%|▏         | 89/3662 [00:01<00:44, 79.95it/s][A

3%|▎         | 98/3662 [00:01<00:44, 79.99it/s][A

3%|▎         | 106/3662 [00:01<00:44, 79.76it/s][A

3%|▎         | 114/3662 [00:01<00:44, 79.78it/s][A

3%|▎         | 122/3662 [00:01<00:44, 79.84it/s][A

4%|▎         | 130/3662 [00:01<00:44, 79.87it/s][A

4%|▍         | 138/3662 [00:01<00:44, 79.71it/s][A

4%|▍         | 146/3662 [00:01<00:44, 79.33it/s][A

4%|▍         | 154/3662 [00:01<00:44, 78.90it/s][A

4%|▍         | 162/3662 [00:02<00:44, 78.55it/s][A

5%|▍         | 170/3662 [00:02<00:44, 78.35it/s][A

5%|▍         | 178/3662 [00:02<00:44, 78.11it/s][A

5%|▌         | 186/3662 [00:02<00:44, 78.22it/s][A

5%|▌         | 194/3662 [00:02<00:44, 78.23it/s][A

6%|▌         | 202/3662 [00:02<00:44, 78.25it/s][A

6%|▌         | 210/3662 [00:02<00:44, 78.26it/s][A

6%|▌         | 218/3662 [00:02<00:44, 78.23it/s][A

6%|▌         | 226/3662 [00:02<00:44, 78.08it/s][A

6%|▋         | 234/3662 [00:02<00:43, 78.13it/s][A

7%|▋         | 242/3662 [00:03<00:43, 78.18it/s][A

7%|▋         | 251/3662 [00:03<00:43, 79.02it/s][A

7%|▋         | 260/3662 [00:03<00:42, 79.41it/s][A

7%|▋         | 269/3662 [00:03<00:42, 79.69it/s][A

8%|▊         | 277/3662 [00:03<00:42, 79.20it/s][A

8%|▊         | 285/3662 [00:03<00:42, 78.91it/s][A

8%|▊         | 293/3662 [00:03<00:42, 78.73it/s][A

8%|▊         | 301/3662 [00:03<00:42, 78.69it/s][A

8%|▊         | 309/3662 [00:03<00:42, 78.46it/s][A

9%|▊         | 317/3662 [00:03<00:42, 78.41it/s][A

9%|▉         | 325/3662 [00:04<00:42, 78.39it/s][A

9%|▉         | 333/3662 [00:04<00:42, 78.39it/s][A

9%|▉         | 341/3662 [00:04<00:42, 78.29it/s][A

10%|▉         | 349/3662 [00:04<00:42, 78.37it/s][A

10%|▉         | 357/3662 [00:04<00:42, 78.22it/s][A

10%|▉         | 365/3662 [00:04<00:42, 78.01it/s][A

10%|█         | 373/3662 [00:04<00:42, 78.03it/s][A

10%|█         | 381/3662 [00:04<00:41, 78.21it/s][A

11%|█         | 389/3662 [00:04<00:41, 78.21it/s][A

11%|█         | 397/3662 [00:05<00:41, 77.79it/s][A

11%|█         | 405/3662 [00:05<00:41, 77.55it/s][A

11%|█▏        | 413/3662 [00:05<00:41, 77.67it/s][A

11%|█▏        | 421/3662 [00:05<00:41, 77.60it/s][A

12%|█▏        | 429/3662 [00:05<00:41, 77.71it/s][A

12%|█▏        | 437/3662 [00:05<00:41, 77.75it/s][A

12%|█▏        | 445/3662 [00:05<00:41, 77.09it/s][A

12%|█▏        | 453/3662 [00:05<00:42, 75.47it/s][A

13%|█▎        | 461/3662 [00:05<00:42, 74.48it/s][A

13%|█▎        | 469/3662 [00:05<00:43, 73.39it/s][A

13%|█▎        | 477/3662 [00:06<00:42, 75.05it/s][A

13%|█▎        | 485/3662 [00:06<00:42, 75.06it/s][A

13%|█▎        | 493/3662 [00:06<00:41, 75.85it/s][A

14%|█▎        | 501/3662 [00:06<00:41, 76.34it/s][A

14%|█▍        | 509/3662 [00:06<00:41, 76.72it/s][A

14%|█▍        | 517/3662 [00:06<00:40, 76.73it/s][A

14%|█▍        | 525/3662 [00:06<00:40, 76.94it/s][A

15%|█▍        | 533/3662 [00:06<00:40, 77.26it/s][A

15%|█▍        | 541/3662 [00:06<00:40, 77.63it/s][A

15%|█▍        | 549/3662 [00:07<00:39, 77.92it/s][A

15%|█▌        | 557/3662 [00:07<00:39, 78.07it/s][A

15%|█▌        | 565/3662 [00:07<00:39, 78.38it/s][A

16%|█▌        | 573/3662 [00:07<00:39, 78.50it/s][A

16%|█▌        | 581/3662 [00:07<00:39, 78.55it/s][A

16%|█▌        | 589/3662 [00:07<00:39, 78.33it/s][A

16%|█▋        | 597/3662 [00:07<00:38, 78.64it/s][A

17%|█▋        | 605/3662 [00:07<00:38, 78.79it/s][A

17%|█▋        | 613/3662 [00:07<00:38, 78.81it/s][A

17%|█▋        | 621/3662 [00:07<00:38, 78.93it/s][A

17%|█▋        | 629/3662 [00:08<00:38, 78.98it/s][A

17%|█▋        | 637/3662 [00:08<00:38, 79.08it/s][A

18%|█▊        | 645/3662 [00:08<00:38, 79.10it/s][A

18%|█▊        | 653/3662 [00:08<00:38, 78.89it/s][A

18%|█▊        | 661/3662 [00:08<00:37, 79.07it/s][A

18%|█▊        | 669/3662 [00:08<00:37, 78.96it/s][A

18%|█▊        | 677/3662 [00:08<00:37, 78.97it/s][A

19%|█▊        | 685/3662 [00:08<00:37, 78.91it/s][A

19%|█▉        | 693/3662 [00:08<00:37, 78.95it/s][A

19%|█▉        | 701/3662 [00:08<00:37, 78.96it/s][A

19%|█▉        | 709/3662 [00:09<00:37, 78.87it/s][A

20%|█▉        | 717/3662 [00:09<00:37, 78.92it/s][A

20%|█▉        | 725/3662 [00:09<00:37, 78.90it/s][A

20%|██        | 733/3662 [00:09<00:37, 78.49it/s][A

20%|██        | 741/3662 [00:09<00:37, 78.24it/s][A

20%|██        | 749/3662 [00:09<00:37, 78.19it/s][A

21%|██        | 757/3662 [00:09<00:37, 78.44it/s][A

21%|██        | 765/3662 [00:09<00:36, 78.44it/s][A

21%|██        | 773/3662 [00:09<00:36, 78.62it/s][A

21%|██▏       | 781/3662 [00:09<00:36, 78.73it/s][A

22%|██▏       | 789/3662 [00:10<00:36, 78.74it/s][A

22%|██▏       | 797/3662 [00:10<00:36, 78.85it/s][A

22%|██▏       | 805/3662 [00:10<00:36, 78.89it/s][A

22%|██▏       | 813/3662 [00:10<00:36, 78.94it/s][A

22%|██▏       | 821/3662 [00:10<00:36, 78.73it/s][A

23%|██▎       | 829/3662 [00:10<00:36, 78.58it/s][A

23%|██▎       | 837/3662 [00:10<00:35, 78.64it/s][A

23%|██▎       | 845/3662 [00:10<00:35, 78.72it/s][A

23%|██▎       | 853/3662 [00:10<00:35, 78.76it/s][A

24%|██▎       | 861/3662 [00:10<00:35, 78.80it/s][A

24%|██▎       | 869/3662 [00:11<00:35, 78.81it/s][A

24%|██▍       | 877/3662 [00:11<00:35, 78.86it/s][A

24%|██▍       | 885/3662 [00:11<00:35, 78.77it/s][A

24%|██▍       | 893/3662 [00:11<00:35, 78.67it/s][A

25%|██▍       | 901/3662 [00:11<00:35, 78.71it/s][A

25%|██▍       | 909/3662 [00:11<00:35, 78.62it/s][A

25%|██▌       | 917/3662 [00:11<00:34, 78.54it/s][A

25%|██▌       | 925/3662 [00:11<00:34, 78.65it/s][A

25%|██▌       | 933/3662 [00:11<00:34, 78.86it/s][A

26%|██▌       | 941/3662 [00:11<00:34, 78.81it/s][A

26%|██▌       | 949/3662 [00:12<00:34, 78.84it/s][A

26%|██▌       | 957/3662 [00:12<00:34, 78.86it/s][A

26%|██▋       | 965/3662 [00:12<00:34, 78.75it/s][A

27%|██▋       | 973/3662 [00:12<00:34, 78.72it/s][A

27%|██▋       | 981/3662 [00:12<00:34, 78.66it/s][A

27%|██▋       | 989/3662 [00:12<00:33, 78.79it/s][A

27%|██▋       | 997/3662 [00:12<00:33, 78.69it/s][A

27%|██▋       | 1005/3662 [00:12<00:33, 78.58it/s][A

28%|██▊       | 1013/3662 [00:12<00:33, 78.45it/s][A

28%|██▊       | 1021/3662 [00:13<00:33, 78.32it/s][A

28%|██▊       | 1029/3662 [00:13<00:33, 78.23it/s][A

28%|██▊       | 1037/3662 [00:13<00:33, 77.96it/s][A

29%|██▊       | 1045/3662 [00:13<00:33, 78.00it/s][A

29%|██▉       | 1053/3662 [00:13<00:33, 78.32it/s][A

29%|██▉       | 1061/3662 [00:13<00:33, 78.48it/s][A

29%|██▉       | 1069/3662 [00:13<00:32, 78.69it/s][A

29%|██▉       | 1077/3662 [00:13<00:32, 78.68it/s][A

30%|██▉       | 1085/3662 [00:13<00:32, 78.68it/s][A

30%|██▉       | 1093/3662 [00:13<00:32, 78.79it/s][A

30%|███       | 1101/3662 [00:14<00:32, 78.78it/s][A

30%|███       | 1109/3662 [00:14<00:32, 78.82it/s][A

31%|███       | 1117/3662 [00:14<00:32, 78.86it/s][A

31%|███       | 1125/3662 [00:14<00:32, 78.66it/s][A

31%|███       | 1133/3662 [00:14<00:32, 78.79it/s][A

31%|███       | 1141/3662 [00:14<00:32, 78.76it/s][A

31%|███▏      | 1149/3662 [00:14<00:31, 78.80it/s][A

32%|███▏      | 1157/3662 [00:14<00:31, 78.74it/s][A

32%|███▏      | 1165/3662 [00:14<00:31, 78.80it/s][A

32%|███▏      | 1173/3662 [00:14<00:31, 78.83it/s][A

32%|███▏      | 1181/3662 [00:15<00:31, 78.93it/s][A

32%|███▏      | 1189/3662 [00:15<00:31, 78.98it/s][A

33%|███▎      | 1197/3662 [00:15<00:31, 78.95it/s][A

33%|███▎      | 1205/3662 [00:15<00:31, 78.78it/s][A

33%|███▎      | 1213/3662 [00:15<00:31, 78.82it/s][A

33%|███▎      | 1221/3662 [00:15<00:30, 78.74it/s][A

34%|███▎      | 1229/3662 [00:15<00:30, 78.79it/s][A

34%|███▍      | 1237/3662 [00:15<00:30, 78.87it/s][A

34%|███▍      | 1245/3662 [00:15<00:30, 78.78it/s][A

34%|███▍      | 1253/3662 [00:15<00:30, 78.68it/s][A

34%|███▍      | 1261/3662 [00:16<00:30, 78.64it/s][A

35%|███▍      | 1269/3662 [00:16<00:30, 78.78it/s][A

35%|███▍      | 1277/3662 [00:16<00:30, 78.89it/s][A

35%|███▌      | 1285/3662 [00:16<00:30, 78.88it/s][A

35%|███▌      | 1293/3662 [00:16<00:30, 78.90it/s][A

36%|███▌      | 1301/3662 [00:16<00:30, 78.68it/s][A

36%|███▌      | 1309/3662 [00:16<00:29, 78.78it/s][A

36%|███▌      | 1317/3662 [00:16<00:29, 78.88it/s][A

36%|███▌      | 1325/3662 [00:16<00:29, 78.88it/s][A

36%|███▋      | 1333/3662 [00:16<00:29, 78.91it/s][A

37%|███▋      | 1341/3662 [00:17<00:29, 78.88it/s][A

37%|███▋      | 1349/3662 [00:17<00:29, 78.91it/s][A

37%|███▋      | 1357/3662 [00:17<00:29, 78.74it/s][A

37%|███▋      | 1365/3662 [00:17<00:29, 78.67it/s][A

37%|███▋      | 1373/3662 [00:17<00:29, 78.76it/s][A

38%|███▊      | 1381/3662 [00:17<00:29, 78.61it/s][A

38%|███▊      | 1389/3662 [00:17<00:28, 78.72it/s][A

38%|███▊      | 1397/3662 [00:17<00:28, 78.63it/s][A

38%|███▊      | 1405/3662 [00:17<00:28, 78.57it/s][A

39%|███▊      | 1413/3662 [00:17<00:28, 78.36it/s][A

39%|███▉      | 1421/3662 [00:18<00:28, 78.30it/s][A

39%|███▉      | 1429/3662 [00:18<00:28, 78.41it/s][A

39%|███▉      | 1437/3662 [00:18<00:28, 78.48it/s][A

39%|███▉      | 1445/3662 [00:18<00:28, 78.40it/s][A

40%|███▉      | 1453/3662 [00:18<00:28, 78.60it/s][A

40%|███▉      | 1461/3662 [00:18<00:28, 78.55it/s][A

40%|████      | 1469/3662 [00:18<00:27, 78.55it/s][A

40%|████      | 1477/3662 [00:18<00:27, 78.68it/s][A

41%|████      | 1485/3662 [00:18<00:27, 78.74it/s][A

41%|████      | 1493/3662 [00:19<00:27, 78.68it/s][A

41%|████      | 1501/3662 [00:19<00:27, 78.80it/s][A

41%|████      | 1509/3662 [00:19<00:27, 78.88it/s][A

41%|████▏     | 1517/3662 [00:19<00:27, 78.82it/s][A

42%|████▏     | 1525/3662 [00:19<00:27, 78.86it/s][A

42%|████▏     | 1533/3662 [00:19<00:27, 78.76it/s][A

42%|████▏     | 1541/3662 [00:19<00:26, 78.83it/s][A

42%|████▏     | 1549/3662 [00:19<00:26, 78.67it/s][A

43%|████▎     | 1557/3662 [00:19<00:26, 78.76it/s][A

43%|████▎     | 1565/3662 [00:19<00:26, 78.69it/s][A

43%|████▎     | 1573/3662 [00:20<00:26, 78.69it/s][A

43%|████▎     | 1581/3662 [00:20<00:26, 78.89it/s][A

43%|████▎     | 1589/3662 [00:20<00:26, 78.95it/s][A

44%|████▎     | 1597/3662 [00:20<00:26, 78.92it/s][A

44%|████▍     | 1605/3662 [00:20<00:26, 78.80it/s][A

44%|████▍     | 1613/3662 [00:20<00:25, 78.90it/s][A

44%|████▍     | 1621/3662 [00:20<00:25, 78.89it/s][A

44%|████▍     | 1629/3662 [00:20<00:25, 78.87it/s][A

45%|████▍     | 1637/3662 [00:20<00:25, 78.77it/s][A

45%|████▍     | 1645/3662 [00:20<00:25, 78.89it/s][A

45%|████▌     | 1653/3662 [00:21<00:25, 78.79it/s][A

45%|████▌     | 1661/3662 [00:21<00:25, 78.72it/s][A

46%|████▌     | 1669/3662 [00:21<00:25, 78.75it/s][A

46%|████▌     | 1677/3662 [00:21<00:25, 78.55it/s][A

46%|████▌     | 1685/3662 [00:21<00:25, 78.56it/s][A

46%|████▌     | 1693/3662 [00:21<00:25, 78.66it/s][A

46%|████▋     | 1701/3662 [00:21<00:24, 78.68it/s][A

47%|████▋     | 1709/3662 [00:21<00:24, 78.73it/s][A

47%|████▋     | 1717/3662 [00:21<00:24, 78.63it/s][A

47%|████▋     | 1725/3662 [00:21<00:24, 78.84it/s][A

47%|████▋     | 1733/3662 [00:22<00:24, 78.79it/s][A

48%|████▊     | 1741/3662 [00:22<00:24, 78.74it/s][A

48%|████▊     | 1749/3662 [00:22<00:24, 78.75it/s][A

48%|████▊     | 1757/3662 [00:22<00:24, 78.66it/s][A

48%|████▊     | 1765/3662 [00:22<00:24, 78.74it/s][A

48%|████▊     | 1773/3662 [00:22<00:24, 78.70it/s][A

49%|████▊     | 1781/3662 [00:22<00:23, 78.60it/s][A

49%|████▉     | 1789/3662 [00:22<00:23, 78.73it/s][A

49%|████▉     | 1797/3662 [00:22<00:23, 78.82it/s][A

49%|████▉     | 1805/3662 [00:22<00:23, 78.90it/s][A

50%|████▉     | 1813/3662 [00:23<00:23, 78.79it/s][A

50%|████▉     | 1821/3662 [00:23<00:23, 78.96it/s][A

50%|████▉     | 1829/3662 [00:23<00:23, 78.57it/s][A

50%|█████     | 1837/3662 [00:23<00:23, 78.55it/s][A

50%|█████     | 1845/3662 [00:23<00:23, 78.50it/s][A

51%|█████     | 1853/3662 [00:23<00:23, 78.55it/s][A

51%|█████     | 1861/3662 [00:23<00:22, 78.64it/s][A

51%|█████     | 1869/3662 [00:23<00:22, 78.81it/s][A

51%|█████▏    | 1877/3662 [00:23<00:22, 78.87it/s][A

51%|█████▏    | 1885/3662 [00:23<00:22, 78.90it/s][A

52%|█████▏    | 1893/3662 [00:24<00:22, 78.89it/s][A

52%|█████▏    | 1901/3662 [00:24<00:22, 78.84it/s][A

52%|█████▏    | 1909/3662 [00:24<00:22, 78.85it/s][A

52%|█████▏    | 1917/3662 [00:24<00:22, 78.72it/s][A

53%|█████▎    | 1925/3662 [00:24<00:22, 78.67it/s][A

53%|█████▎    | 1933/3662 [00:24<00:22, 78.56it/s][A

53%|█████▎    | 1941/3662 [00:24<00:21, 78.62it/s][A

53%|█████▎    | 1949/3662 [00:24<00:21, 78.75it/s][A

53%|█████▎    | 1957/3662 [00:24<00:21, 78.79it/s][A

54%|█████▎    | 1965/3662 [00:24<00:21, 78.85it/s][A

54%|█████▍    | 1973/3662 [00:25<00:21, 78.74it/s][A

54%|█████▍    | 1981/3662 [00:25<00:21, 78.83it/s][A

54%|█████▍    | 1989/3662 [00:25<00:21, 78.86it/s][A

55%|█████▍    | 1997/3662 [00:25<00:21, 78.95it/s][A

55%|█████▍    | 2005/3662 [00:25<00:20, 78.93it/s][A

55%|█████▍    | 2013/3662 [00:25<00:20, 78.79it/s][A

55%|█████▌    | 2021/3662 [00:25<00:20, 78.79it/s][A

55%|█████▌    | 2029/3662 [00:25<00:20, 78.52it/s][A

56%|█████▌    | 2037/3662 [00:25<00:20, 78.43it/s][A

56%|█████▌    | 2045/3662 [00:26<00:20, 78.13it/s][A

56%|█████▌    | 2053/3662 [00:26<00:20, 78.05it/s][A

56%|█████▋    | 2061/3662 [00:26<00:20, 78.00it/s][A

56%|█████▋    | 2069/3662 [00:26<00:20, 78.05it/s][A

57%|█████▋    | 2077/3662 [00:26<00:20, 77.83it/s][A

57%|█████▋    | 2085/3662 [00:26<00:20, 77.78it/s][A

57%|█████▋    | 2093/3662 [00:26<00:20, 77.73it/s][A

57%|█████▋    | 2101/3662 [00:26<00:20, 77.59it/s][A

58%|█████▊    | 2109/3662 [00:26<00:20, 77.64it/s][A

58%|█████▊    | 2117/3662 [00:26<00:19, 77.69it/s][A

58%|█████▊    | 2125/3662 [00:27<00:19, 77.85it/s][A

58%|█████▊    | 2133/3662 [00:27<00:19, 77.98it/s][A

58%|█████▊    | 2141/3662 [00:27<00:19, 78.03it/s][A

59%|█████▊    | 2149/3662 [00:27<00:19, 77.94it/s][A

59%|█████▉    | 2157/3662 [00:27<00:19, 78.00it/s][A

59%|█████▉    | 2165/3662 [00:27<00:19, 77.80it/s][A

59%|█████▉    | 2173/3662 [00:27<00:19, 77.84it/s][A

60%|█████▉    | 2181/3662 [00:27<00:19, 77.87it/s][A

60%|█████▉    | 2189/3662 [00:27<00:18, 77.79it/s][A

60%|█████▉    | 2197/3662 [00:27<00:18, 77.94it/s][A

60%|██████    | 2205/3662 [00:28<00:18, 77.83it/s][A

60%|██████    | 2213/3662 [00:28<00:18, 78.05it/s][A

61%|██████    | 2221/3662 [00:28<00:18, 77.96it/s][A

61%|██████    | 2229/3662 [00:28<00:18, 77.72it/s][A

61%|██████    | 2237/3662 [00:28<00:18, 77.81it/s][A

61%|██████▏   | 2245/3662 [00:28<00:18, 77.80it/s][A

62%|██████▏   | 2253/3662 [00:28<00:18, 77.76it/s][A

62%|██████▏   | 2261/3662 [00:28<00:18, 77.80it/s][A

62%|██████▏   | 2269/3662 [00:28<00:17, 77.62it/s][A

62%|██████▏   | 2277/3662 [00:28<00:17, 77.72it/s][A

62%|██████▏   | 2285/3662 [00:29<00:17, 77.92it/s][A

63%|██████▎   | 2294/3662 [00:29<00:17, 78.87it/s][A

63%|██████▎   | 2303/3662 [00:29<00:17, 79.52it/s][A

63%|██████▎   | 2312/3662 [00:29<00:16, 79.86it/s][A

63%|██████▎   | 2321/3662 [00:29<00:16, 80.12it/s][A

64%|██████▎   | 2330/3662 [00:29<00:16, 80.34it/s][A

64%|██████▍   | 2339/3662 [00:29<00:16, 80.57it/s][A

64%|██████▍   | 2348/3662 [00:29<00:16, 80.56it/s][A

64%|██████▍   | 2357/3662 [00:29<00:16, 80.61it/s][A

65%|██████▍   | 2366/3662 [00:30<00:16, 80.67it/s][A

65%|██████▍   | 2375/3662 [00:30<00:15, 80.82it/s][A

65%|██████▌   | 2384/3662 [00:30<00:15, 80.84it/s][A

65%|██████▌   | 2393/3662 [00:30<00:15, 80.86it/s][A

66%|██████▌   | 2402/3662 [00:30<00:15, 79.78it/s][A

66%|██████▌   | 2410/3662 [00:30<00:15, 79.16it/s][A

66%|██████▌   | 2418/3662 [00:30<00:15, 78.76it/s][A

66%|██████▌   | 2426/3662 [00:30<00:15, 78.46it/s][A

66%|██████▋   | 2434/3662 [00:30<00:15, 78.40it/s][A

67%|██████▋   | 2442/3662 [00:31<00:15, 78.37it/s][A

67%|██████▋   | 2450/3662 [00:31<00:15, 78.23it/s][A

67%|██████▋   | 2458/3662 [00:31<00:15, 78.13it/s][A

67%|██████▋   | 2466/3662 [00:31<00:15, 77.93it/s][A

68%|██████▊   | 2474/3662 [00:31<00:15, 78.08it/s][A

68%|██████▊   | 2482/3662 [00:31<00:15, 77.93it/s][A

68%|██████▊   | 2490/3662 [00:31<00:15, 77.96it/s][A

68%|██████▊   | 2498/3662 [00:31<00:14, 77.86it/s][A

68%|██████▊   | 2506/3662 [00:31<00:14, 77.53it/s][A

69%|██████▊   | 2514/3662 [00:31<00:14, 77.50it/s][A

69%|██████▉   | 2522/3662 [00:32<00:14, 77.49it/s][A

69%|██████▉   | 2530/3662 [00:32<00:14, 77.52it/s][A

69%|██████▉   | 2538/3662 [00:32<00:14, 77.66it/s][A

70%|██████▉   | 2546/3662 [00:32<00:14, 77.47it/s][A

70%|██████▉   | 2554/3662 [00:32<00:14, 77.46it/s][A

70%|██████▉   | 2562/3662 [00:32<00:14, 77.35it/s][A

70%|███████   | 2570/3662 [00:32<00:14, 77.66it/s][A

70%|███████   | 2578/3662 [00:32<00:13, 77.58it/s][A

71%|███████   | 2586/3662 [00:32<00:13, 77.48it/s][A

71%|███████   | 2594/3662 [00:33<00:13, 77.52it/s][A

71%|███████   | 2602/3662 [00:33<00:13, 77.72it/s][A

71%|███████▏  | 2611/3662 [00:33<00:13, 78.59it/s][A

72%|███████▏  | 2620/3662 [00:33<00:13, 79.11it/s][A

72%|███████▏  | 2629/3662 [00:33<00:12, 79.68it/s][A

72%|███████▏  | 2638/3662 [00:33<00:12, 79.94it/s][A

72%|███████▏  | 2646/3662 [00:33<00:12, 79.43it/s][A

72%|███████▏  | 2654/3662 [00:33<00:12, 78.80it/s][A

73%|███████▎  | 2662/3662 [00:33<00:12, 78.47it/s][A

73%|███████▎  | 2670/3662 [00:33<00:12, 78.29it/s][A

73%|███████▎  | 2678/3662 [00:34<00:12, 78.12it/s][A

73%|███████▎  | 2686/3662 [00:34<00:12, 77.99it/s][A

74%|███████▎  | 2694/3662 [00:34<00:12, 77.88it/s][A

74%|███████▍  | 2702/3662 [00:34<00:12, 77.80it/s][A

74%|███████▍  | 2710/3662 [00:34<00:12, 77.71it/s][A

74%|███████▍  | 2718/3662 [00:34<00:12, 77.71it/s][A

74%|███████▍  | 2726/3662 [00:34<00:12, 77.77it/s][A

75%|███████▍  | 2734/3662 [00:34<00:11, 77.73it/s][A

75%|███████▍  | 2742/3662 [00:34<00:11, 77.65it/s][A

75%|███████▌  | 2750/3662 [00:35<00:11, 77.60it/s][A

75%|███████▌  | 2758/3662 [00:35<00:11, 77.76it/s][A

76%|███████▌  | 2766/3662 [00:35<00:11, 77.62it/s][A

76%|███████▌  | 2774/3662 [00:35<00:11, 77.69it/s][A

76%|███████▌  | 2782/3662 [00:35<00:11, 77.66it/s][A

76%|███████▌  | 2790/3662 [00:35<00:11, 77.69it/s][A

76%|███████▋  | 2798/3662 [00:35<00:11, 77.86it/s][A

77%|███████▋  | 2806/3662 [00:35<00:10, 77.90it/s][A

77%|███████▋  | 2814/3662 [00:35<00:10, 77.81it/s][A

77%|███████▋  | 2822/3662 [00:35<00:10, 77.73it/s][A

77%|███████▋  | 2830/3662 [00:36<00:10, 77.74it/s][A

77%|███████▋  | 2838/3662 [00:36<00:10, 77.78it/s][A

78%|███████▊  | 2846/3662 [00:36<00:10, 77.95it/s][A

78%|███████▊  | 2854/3662 [00:36<00:10, 77.77it/s][A

78%|███████▊  | 2862/3662 [00:36<00:10, 78.38it/s][A

78%|███████▊  | 2870/3662 [00:36<00:10, 78.16it/s][A

79%|███████▊  | 2878/3662 [00:36<00:10, 78.14it/s][A

79%|███████▉  | 2886/3662 [00:36<00:09, 78.09it/s][A

79%|███████▉  | 2894/3662 [00:36<00:09, 78.05it/s][A

79%|███████▉  | 2902/3662 [00:36<00:09, 78.06it/s][A

79%|███████▉  | 2910/3662 [00:37<00:09, 78.12it/s][A

80%|███████▉  | 2918/3662 [00:37<00:09, 78.02it/s][A

80%|███████▉  | 2926/3662 [00:37<00:09, 77.89it/s][A

80%|████████  | 2934/3662 [00:37<00:09, 77.68it/s][A

80%|████████  | 2942/3662 [00:37<00:09, 77.52it/s][A

81%|████████  | 2950/3662 [00:37<00:09, 77.55it/s][A

81%|████████  | 2958/3662 [00:37<00:09, 77.57it/s][A

81%|████████  | 2966/3662 [00:37<00:08, 77.60it/s][A

81%|████████  | 2974/3662 [00:37<00:08, 77.64it/s][A

81%|████████▏ | 2982/3662 [00:37<00:08, 77.70it/s][A

82%|████████▏ | 2990/3662 [00:38<00:08, 77.67it/s][A

82%|████████▏ | 2998/3662 [00:38<00:08, 77.83it/s][A

82%|████████▏ | 3006/3662 [00:38<00:08, 77.80it/s][A

82%|████████▏ | 3014/3662 [00:38<00:08, 77.85it/s][A

83%|████████▎ | 3022/3662 [00:38<00:08, 77.78it/s][A

83%|████████▎ | 3030/3662 [00:38<00:08, 77.69it/s][A

83%|████████▎ | 3038/3662 [00:38<00:08, 77.71it/s][A

83%|████████▎ | 3046/3662 [00:38<00:07, 77.81it/s][A

83%|████████▎ | 3054/3662 [00:38<00:07, 77.76it/s][A

84%|████████▎ | 3062/3662 [00:39<00:07, 77.70it/s][A

84%|████████▍ | 3070/3662 [00:39<00:07, 77.79it/s][A

84%|████████▍ | 3078/3662 [00:39<00:07, 77.77it/s][A

84%|████████▍ | 3086/3662 [00:39<00:07, 77.65it/s][A

84%|████████▍ | 3094/3662 [00:39<00:07, 77.59it/s][A

85%|████████▍ | 3102/3662 [00:39<00:07, 77.46it/s][A

85%|████████▍ | 3110/3662 [00:39<00:07, 77.63it/s][A

85%|████████▌ | 3118/3662 [00:39<00:07, 77.61it/s][A

85%|████████▌ | 3126/3662 [00:39<00:06, 77.70it/s][A

86%|████████▌ | 3134/3662 [00:39<00:06, 77.78it/s][A

86%|████████▌ | 3142/3662 [00:40<00:06, 77.89it/s][A

86%|████████▌ | 3150/3662 [00:40<00:06, 78.02it/s][A

86%|████████▌ | 3158/3662 [00:40<00:06, 78.14it/s][A

86%|████████▋ | 3166/3662 [00:40<00:06, 77.97it/s][A

87%|████████▋ | 3174/3662 [00:40<00:06, 78.00it/s][A

87%|████████▋ | 3182/3662 [00:40<00:06, 77.96it/s][A

87%|████████▋ | 3190/3662 [00:40<00:06, 77.90it/s][A

87%|████████▋ | 3198/3662 [00:40<00:05, 77.85it/s][A

88%|████████▊ | 3206/3662 [00:40<00:05, 77.95it/s][A

88%|████████▊ | 3214/3662 [00:40<00:05, 78.03it/s][A

88%|████████▊ | 3222/3662 [00:41<00:05, 78.13it/s][A

88%|████████▊ | 3230/3662 [00:41<00:05, 77.97it/s][A

88%|████████▊ | 3238/3662 [00:41<00:05, 78.01it/s][A

89%|████████▊ | 3246/3662 [00:41<00:05, 77.94it/s][A

89%|████████▉ | 3254/3662 [00:41<00:05, 77.90it/s][A

89%|████████▉ | 3262/3662 [00:41<00:05, 77.87it/s][A

89%|████████▉ | 3270/3662 [00:41<00:05, 77.92it/s][A

90%|████████▉ | 3278/3662 [00:41<00:04, 77.72it/s][A

90%|████████▉ | 3286/3662 [00:41<00:04, 77.63it/s][A

90%|████████▉ | 3294/3662 [00:42<00:04, 77.62it/s][A

90%|█████████ | 3302/3662 [00:42<00:04, 77.55it/s][A

90%|█████████ | 3310/3662 [00:42<00:04, 77.54it/s][A

91%|█████████ | 3318/3662 [00:42<00:04, 77.55it/s][A

91%|█████████ | 3326/3662 [00:42<00:04, 77.45it/s][A

91%|█████████ | 3334/3662 [00:42<00:04, 77.56it/s][A

91%|█████████▏| 3342/3662 [00:42<00:04, 77.72it/s][A

91%|█████████▏| 3350/3662 [00:42<00:04, 77.66it/s][A

92%|█████████▏| 3358/3662 [00:42<00:03, 77.57it/s][A

92%|█████████▏| 3366/3662 [00:42<00:03, 77.62it/s][A

92%|█████████▏| 3374/3662 [00:43<00:03, 77.82it/s][A

92%|█████████▏| 3382/3662 [00:43<00:03, 77.87it/s][A

93%|█████████▎| 3390/3662 [00:43<00:03, 77.84it/s][A

93%|█████████▎| 3398/3662 [00:43<00:03, 77.60it/s][A

93%|█████████▎| 3406/3662 [00:43<00:03, 77.77it/s][A

93%|█████████▎| 3414/3662 [00:43<00:03, 77.69it/s][A

93%|█████████▎| 3422/3662 [00:43<00:03, 77.60it/s][A

94%|█████████▎| 3430/3662 [00:43<00:02, 77.62it/s][A

94%|█████████▍| 3438/3662 [00:43<00:02, 77.71it/s][A

94%|█████████▍| 3446/3662 [00:43<00:02, 77.75it/s][A

94%|█████████▍| 3454/3662 [00:44<00:02, 77.85it/s][A

95%|█████████▍| 3462/3662 [00:44<00:02, 77.82it/s][A

95%|█████████▍| 3470/3662 [00:44<00:02, 78.36it/s][A

95%|█████████▍| 3478/3662 [00:44<00:02, 78.68it/s][A

95%|█████████▌| 3486/3662 [00:44<00:02, 78.29it/s][A

95%|█████████▌| 3494/3662 [00:44<00:02, 78.11it/s][A

96%|█████████▌| 3502/3662 [00:44<00:02, 77.94it/s][A

96%|█████████▌| 3510/3662 [00:44<00:01, 77.77it/s][A

96%|█████████▌| 3518/3662 [00:44<00:01, 77.89it/s][A

96%|█████████▋| 3526/3662 [00:44<00:01, 77.85it/s][A

97%|█████████▋| 3534/3662 [00:45<00:01, 77.85it/s][A

97%|█████████▋| 3542/3662 [00:45<00:01, 77.83it/s][A

97%|█████████▋| 3550/3662 [00:45<00:01, 77.93it/s][A

97%|█████████▋| 3558/3662 [00:45<00:01, 78.01it/s][A

97%|█████████▋| 3566/3662 [00:45<00:01, 77.90it/s][A

98%|█████████▊| 3574/3662 [00:45<00:01, 77.86it/s][A

98%|█████████▊| 3582/3662 [00:45<00:01, 77.85it/s][A

98%|█████████▊| 3590/3662 [00:45<00:00, 77.76it/s][A

98%|█████████▊| 3598/3662 [00:45<00:00, 77.77it/s][A

98%|█████████▊| 3606/3662 [00:46<00:00, 77.84it/s][A

99%|█████████▊| 3614/3662 [00:46<00:00, 77.91it/s][A

99%|█████████▉| 3622/3662 [00:46<00:00, 77.77it/s][A

99%|█████████▉| 3630/3662 [00:46<00:00, 77.84it/s][A

99%|█████████▉| 3638/3662 [00:46<00:00, 77.88it/s][A

100%|█████████▉| 3646/3662 [00:46<00:00, 77.75it/s][A

100%|█████████▉| 3655/3662 [00:46<00:00, 78.94it/s][A



[A{'eval_loss': '6.1', 'eval_runtime': '47.14', 'eval_samples_per_second': 
'621.4', 'eval_steps_per_second': '77.69', 'epoch': '0.2523'}

3%|▎         | 2750/109000 [29:06<12:57:54,  2.28it/s]

100%|██████████| 3662/3662 [00:46<00:00, 78.94it/s][A

[A

Writing model shards:   0%|          | 0/1 [00:00<?, ?it/s][A

Writing model shards: 100%|██████████| 1/1 [00:00<00:00,  1.54it/s][A
Writing model shards: 100%|██████████| 1/1 [00:00<00:00,  1.54it/s]

3%|▎         | 2751/109000 [29:09<451:26:43, 15.30s/it]
3%|▎         | 2752/109000 [29:09<319:53:38, 10.84s/it]
3%|▎         | 2753/109000 [29:10<227:48:48,  7.72s/it]
3%|▎         | 2754/109000 [29:10<163:20:47,  5.53s/it]
3%|▎         | 2755/109000 [29:10<118:13:44,  4.01s/it]
3%|▎         | 2756/109000 [29:11<86:39:14,  2.94s/it]
3%|▎         | 2757/109000 [29:11<64:33:08,  2.19s/it]
3%|▎         | 2758/109000 [29:12<49:04:01,  1.66s/it]
3%|▎         | 2759/109000 [29:12<38:14:14,  1.30s/it]
3%|▎         | 2760/109000 [29:13<30:39:33,  1.04s/it]
3%|▎         | 2761/109000 [29:13<25:20:55,  1.16it/s]
3%|▎         | 2762/109000 [29:14<21:37:39,  1.36it/s]
3%|▎         | 2763/109000 [29:14<19:01:54,  1.55it/s]
3%|▎         | 2764/109000 [29:14<17:13:13,  1.71it/s]
3%|▎         | 2765/109000 [29:15<15:56:58,  1.85it/s]
3%|▎         | 2766/109000 [29:15<15:02:34,  1.96it/s]
3%|▎         | 2767/109000 [29:16<14:24:33,  2.05it/s]
3%|▎         | 2768/109000 [29:16<13:58:30,  2.11it/s]
3%|▎         | 2769/109000 [29:17<13:40:14,  2.16it/s]
3%|▎         | 2770/109000 [29:17<13:26:27,  2.20it/s]
3%|▎         | 2771/109000 [29:18<13:17:45,  2.22it/s]
3%|▎         | 2772/109000 [29:18<13:11:50,  2.24it/s]
3%|▎         | 2773/109000 [29:18<13:07:02,  2.25it/s]
3%|▎         | 2774/109000 [29:19<13:03:41,  2.26it/s]
3%|▎         | 2775/109000 [29:19<13:01:47,  2.26it/s]
3%|▎         | 2776/109000 [29:20<13:00:40,  2.27it/s]
3%|▎         | 2777/109000 [29:20<12:59:26,  2.27it/s]
3%|▎         | 2778/109000 [29:21<12:58:26,  2.27it/s]
3%|▎         | 2779/109000 [29:21<12:58:18,  2.27it/s]
3%|▎         | 2780/109000 [29:21<12:58:04,  2.28it/s]
3%|▎         | 2781/109000 [29:22<12:57:26,  2.28it/s]
3%|▎         | 2782/109000 [29:22<12:57:19,  2.28it/s]
3%|▎         | 2783/109000 [29:23<12:57:37,  2.28it/s]
3%|▎         | 2784/109000 [29:23<12:57:19,  2.28it/s]
3%|▎         | 2785/109000 [29:24<12:57:10,  2.28it/s]
3%|▎         | 2786/109000 [29:24<12:57:24,  2.28it/s]
3%|▎         | 2787/109000 [29:25<12:57:39,  2.28it/s]
3%|▎         | 2788/109000 [29:25<12:57:05,  2.28it/s]
3%|▎         | 2789/109000 [29:25<12:56:37,  2.28it/s]
3%|▎         | 2790/109000 [29:26<12:56:58,  2.28it/s]
3%|▎         | 2791/109000 [29:26<12:57:33,  2.28it/s]
3%|▎         | 2792/109000 [29:27<12:57:02,  2.28it/s]
3%|▎         | 2793/109000 [29:27<12:57:09,  2.28it/s]
3%|▎         | 2794/109000 [29:28<12:57:11,  2.28it/s]
3%|▎         | 2795/109000 [29:28<12:57:04,  2.28it/s]
3%|▎         | 2796/109000 [29:28<12:56:24,  2.28it/s]
3%|▎         | 2797/109000 [29:29<12:57:22,  2.28it/s]
3%|▎         | 2798/109000 [29:29<12:57:51,  2.28it/s]
3%|▎         | 2799/109000 [29:30<12:57:34,  2.28it/s]
3%|▎         | 2800/109000 [29:30<12:56:56,  2.28it/s]

{'loss': '6.056', 'grad_norm': '1.092', 'learning_rate': '4.872e-05', 'epoch': 
'0.2569'}

3%|▎         | 2800/109000 [29:30<12:56:56,  2.28it/s]
3%|▎         | 2801/109000 [29:31<12:57:29,  2.28it/s]
3%|▎         | 2802/109000 [29:31<12:57:44,  2.28it/s]
3%|▎         | 2803/109000 [29:32<12:57:50,  2.28it/s]
3%|▎         | 2804/109000 [29:32<12:56:51,  2.28it/s]
3%|▎         | 2805/109000 [29:32<12:57:38,  2.28it/s]
3%|▎         | 2806/109000 [29:33<12:57:48,  2.28it/s]
3%|▎         | 2807/109000 [29:33<12:57:16,  2.28it/s]
3%|▎         | 2808/109000 [29:34<12:56:48,  2.28it/s]
3%|▎         | 2809/109000 [29:34<12:56:59,  2.28it/s]
3%|▎         | 2810/109000 [29:35<12:57:48,  2.28it/s]
3%|▎         | 2811/109000 [29:35<12:56:59,  2.28it/s]
3%|▎         | 2812/109000 [29:36<12:56:38,  2.28it/s]
3%|▎         | 2813/109000 [29:36<12:56:53,  2.28it/s]
3%|▎         | 2814/109000 [29:36<12:57:02,  2.28it/s]
3%|▎         | 2815/109000 [29:37<12:56:43,  2.28it/s]
3%|▎         | 2816/109000 [29:37<12:56:59,  2.28it/s]
3%|▎         | 2817/109000 [29:38<12:57:19,  2.28it/s]
3%|▎         | 2818/109000 [29:38<12:56:44,  2.28it/s]
3%|▎         | 2819/109000 [29:39<12:56:34,  2.28it/s]
3%|▎         | 2820/109000 [29:39<12:56:47,  2.28it/s]
3%|▎         | 2821/109000 [29:39<12:57:27,  2.28it/s]
3%|▎         | 2822/109000 [29:40<12:56:50,  2.28it/s]
3%|▎         | 2823/109000 [29:40<12:57:28,  2.28it/s]
3%|▎         | 2824/109000 [29:41<12:57:18,  2.28it/s]
3%|▎         | 2825/109000 [29:41<12:57:22,  2.28it/s]
3%|▎         | 2826/109000 [29:42<12:56:31,  2.28it/s]
3%|▎         | 2827/109000 [29:42<12:56:55,  2.28it/s]
3%|▎         | 2828/109000 [29:43<12:56:56,  2.28it/s]
3%|▎         | 2829/109000 [29:43<12:57:31,  2.28it/s]
3%|▎         | 2830/109000 [29:43<12:57:28,  2.28it/s]
3%|▎         | 2831/109000 [29:44<12:57:07,  2.28it/s]
3%|▎         | 2832/109000 [29:44<12:57:29,  2.28it/s]
3%|▎         | 2833/109000 [29:45<12:57:18,  2.28it/s]
3%|▎         | 2834/109000 [29:45<12:56:44,  2.28it/s]
3%|▎         | 2835/109000 [29:46<12:56:37,  2.28it/s]
3%|▎         | 2836/109000 [29:46<12:56:53,  2.28it/s]
3%|▎         | 2837/109000 [29:46<12:56:43,  2.28it/s]
3%|▎         | 2838/109000 [29:47<12:56:29,  2.28it/s]
3%|▎         | 2839/109000 [29:47<12:56:44,  2.28it/s]
3%|▎         | 2840/109000 [29:48<12:57:08,  2.28it/s]
3%|▎         | 2841/109000 [29:48<12:57:11,  2.28it/s]
3%|▎         | 2842/109000 [29:49<12:56:46,  2.28it/s]
3%|▎         | 2843/109000 [29:49<12:56:52,  2.28it/s]
3%|▎         | 2844/109000 [29:50<12:57:02,  2.28it/s]
3%|▎         | 2845/109000 [29:50<12:56:27,  2.28it/s]
3%|▎         | 2846/109000 [29:50<12:56:33,  2.28it/s]
3%|▎         | 2847/109000 [29:51<12:57:09,  2.28it/s]
3%|▎         | 2848/109000 [29:51<12:56:44,  2.28it/s]
3%|▎         | 2849/109000 [29:52<12:56:14,  2.28it/s]
3%|▎         | 2850/109000 [29:52<12:56:37,  2.28it/s]

{'loss': '6.076', 'grad_norm': '1.291', 'learning_rate': '4.869e-05', 'epoch': 
'0.2615'}

3%|▎         | 2850/109000 [29:52<12:56:37,  2.28it/s]
3%|▎         | 2851/109000 [29:53<12:57:58,  2.27it/s]
3%|▎         | 2852/109000 [29:53<12:57:16,  2.28it/s]
3%|▎         | 2853/109000 [29:54<12:57:03,  2.28it/s]
3%|▎         | 2854/109000 [29:54<12:57:11,  2.28it/s]
3%|▎         | 2855/109000 [29:54<12:57:09,  2.28it/s]
3%|▎         | 2856/109000 [29:55<12:56:20,  2.28it/s]
3%|▎         | 2857/109000 [29:55<12:56:30,  2.28it/s]
3%|▎         | 2858/109000 [29:56<12:57:26,  2.28it/s]
3%|▎         | 2859/109000 [29:56<12:56:57,  2.28it/s]
3%|▎         | 2860/109000 [29:57<12:56:28,  2.28it/s]
3%|▎         | 2861/109000 [29:57<12:56:44,  2.28it/s]
3%|▎         | 2862/109000 [29:57<12:56:55,  2.28it/s]
3%|▎         | 2863/109000 [29:58<12:56:17,  2.28it/s]
3%|▎         | 2864/109000 [29:58<12:56:37,  2.28it/s]
3%|▎         | 2865/109000 [29:59<12:57:36,  2.27it/s]
3%|▎         | 2866/109000 [29:59<12:56:50,  2.28it/s]
3%|▎         | 2867/109000 [30:00<12:56:44,  2.28it/s]
3%|▎         | 2868/109000 [30:00<12:57:19,  2.28it/s]
3%|▎         | 2869/109000 [30:01<12:56:44,  2.28it/s]
3%|▎         | 2870/109000 [30:01<12:56:19,  2.28it/s]
3%|▎         | 2871/109000 [30:01<12:56:48,  2.28it/s]
3%|▎         | 2872/109000 [30:02<12:57:10,  2.28it/s]
3%|▎         | 2873/109000 [30:02<12:56:27,  2.28it/s]
3%|▎         | 2874/109000 [30:03<12:56:40,  2.28it/s]
3%|▎         | 2875/109000 [30:03<12:57:15,  2.28it/s]
3%|▎         | 2876/109000 [30:04<12:56:42,  2.28it/s]
3%|▎         | 2877/109000 [30:04<12:56:31,  2.28it/s]
3%|▎         | 2878/109000 [30:04<12:57:15,  2.28it/s]
3%|▎         | 2879/109000 [30:05<12:57:27,  2.27it/s]
3%|▎         | 2880/109000 [30:05<12:56:44,  2.28it/s]
3%|▎         | 2881/109000 [30:06<12:56:38,  2.28it/s]
3%|▎         | 2882/109000 [30:06<12:57:27,  2.27it/s]
3%|▎         | 2883/109000 [30:07<12:56:56,  2.28it/s]
3%|▎         | 2884/109000 [30:07<12:56:10,  2.28it/s]
3%|▎         | 2885/109000 [30:08<12:56:21,  2.28it/s]
3%|▎         | 2886/109000 [30:08<12:56:31,  2.28it/s]
3%|▎         | 2887/109000 [30:08<12:55:52,  2.28it/s]
3%|▎         | 2888/109000 [30:09<12:56:30,  2.28it/s]
3%|▎         | 2889/109000 [30:09<12:57:05,  2.28it/s]
3%|▎         | 2890/109000 [30:10<12:56:33,  2.28it/s]
3%|▎         | 2891/109000 [30:10<12:56:26,  2.28it/s]
3%|▎         | 2892/109000 [30:11<12:56:56,  2.28it/s]
3%|▎         | 2893/109000 [30:11<12:56:37,  2.28it/s]
3%|▎         | 2894/109000 [30:12<12:56:11,  2.28it/s]
3%|▎         | 2895/109000 [30:12<12:56:17,  2.28it/s]
3%|▎         | 2896/109000 [30:12<12:57:13,  2.28it/s]
3%|▎         | 2897/109000 [30:13<12:56:58,  2.28it/s]
3%|▎         | 2898/109000 [30:13<12:56:28,  2.28it/s]
3%|▎         | 2899/109000 [30:14<12:56:50,  2.28it/s]
3%|▎         | 2900/109000 [30:14<12:57:05,  2.28it/s]

{'loss': '6.059', 'grad_norm': '1.169', 'learning_rate': '4.867e-05', 'epoch': 
'0.2661'}

3%|▎         | 2900/109000 [30:14<12:57:05,  2.28it/s]
3%|▎         | 2901/109000 [30:15<12:57:11,  2.28it/s]
3%|▎         | 2902/109000 [30:15<12:56:51,  2.28it/s]
3%|▎         | 2903/109000 [30:15<12:57:20,  2.27it/s]
3%|▎         | 2904/109000 [30:16<12:57:32,  2.27it/s]
3%|▎         | 2905/109000 [30:16<12:57:04,  2.28it/s]
3%|▎         | 2906/109000 [30:17<12:56:50,  2.28it/s]
3%|▎         | 2907/109000 [30:17<12:57:05,  2.28it/s]
3%|▎         | 2908/109000 [30:18<12:57:26,  2.27it/s]
3%|▎         | 2909/109000 [30:18<12:56:35,  2.28it/s]
3%|▎         | 2910/109000 [30:19<12:55:57,  2.28it/s]
3%|▎         | 2911/109000 [30:19<12:56:37,  2.28it/s]
3%|▎         | 2912/109000 [30:19<12:56:48,  2.28it/s]
3%|▎         | 2913/109000 [30:20<12:56:21,  2.28it/s]
3%|▎         | 2914/109000 [30:20<12:56:20,  2.28it/s]
3%|▎         | 2915/109000 [30:21<12:56:56,  2.28it/s]
3%|▎         | 2916/109000 [30:21<12:56:57,  2.28it/s]
3%|▎         | 2917/109000 [30:22<12:56:22,  2.28it/s]
3%|▎         | 2918/109000 [30:22<12:56:16,  2.28it/s]
3%|▎         | 2919/109000 [30:23<12:56:41,  2.28it/s]
3%|▎         | 2920/109000 [30:23<12:56:26,  2.28it/s]
3%|▎         | 2921/109000 [30:23<12:56:11,  2.28it/s]
3%|▎         | 2922/109000 [30:24<12:56:37,  2.28it/s]
3%|▎         | 2923/109000 [30:24<12:57:15,  2.27it/s]
3%|▎         | 2924/109000 [30:25<12:57:10,  2.27it/s]
3%|▎         | 2925/109000 [30:25<12:56:36,  2.28it/s]
3%|▎         | 2926/109000 [30:26<12:57:05,  2.28it/s]
3%|▎         | 2927/109000 [30:26<12:57:31,  2.27it/s]
3%|▎         | 2928/109000 [30:26<12:57:07,  2.27it/s]
3%|▎         | 2929/109000 [30:27<12:56:37,  2.28it/s]
3%|▎         | 2930/109000 [30:27<12:56:40,  2.28it/s]
3%|▎         | 2931/109000 [30:28<12:57:00,  2.28it/s]
3%|▎         | 2932/109000 [30:28<12:56:24,  2.28it/s]
3%|▎         | 2933/109000 [30:29<12:56:18,  2.28it/s]
3%|▎         | 2934/109000 [30:29<12:56:22,  2.28it/s]
3%|▎         | 2935/109000 [30:30<12:56:44,  2.28it/s]
3%|▎         | 2936/109000 [30:30<12:56:29,  2.28it/s]
3%|▎         | 2937/109000 [30:30<12:56:04,  2.28it/s]
3%|▎         | 2938/109000 [30:31<12:56:22,  2.28it/s]
3%|▎         | 2939/109000 [30:31<12:56:30,  2.28it/s]
3%|▎         | 2940/109000 [30:32<12:56:16,  2.28it/s]
3%|▎         | 2941/109000 [30:32<12:56:03,  2.28it/s]
3%|▎         | 2942/109000 [30:33<12:56:19,  2.28it/s]
3%|▎         | 2943/109000 [30:33<12:56:24,  2.28it/s]
3%|▎         | 2944/109000 [30:33<12:56:06,  2.28it/s]
3%|▎         | 2945/109000 [30:34<12:55:48,  2.28it/s]
3%|▎         | 2946/109000 [30:34<12:56:21,  2.28it/s]
3%|▎         | 2947/109000 [30:35<12:56:48,  2.28it/s]
3%|▎         | 2948/109000 [30:35<12:56:19,  2.28it/s]
3%|▎         | 2949/109000 [30:36<12:55:55,  2.28it/s]
3%|▎         | 2950/109000 [30:36<12:56:17,  2.28it/s]

{'loss': '6.042', 'grad_norm': '0.825', 'learning_rate': '4.865e-05', 'epoch': 
'0.2706'}

3%|▎         | 2950/109000 [30:36<12:56:17,  2.28it/s]
3%|▎         | 2951/109000 [30:37<12:57:13,  2.27it/s]
3%|▎         | 2952/109000 [30:37<12:56:56,  2.27it/s]
3%|▎         | 2953/109000 [30:37<12:55:57,  2.28it/s]
3%|▎         | 2954/109000 [30:38<12:56:30,  2.28it/s]
3%|▎         | 2955/109000 [30:38<12:56:45,  2.28it/s]
3%|▎         | 2956/109000 [30:39<12:56:24,  2.28it/s]
3%|▎         | 2957/109000 [30:39<12:56:11,  2.28it/s]
3%|▎         | 2958/109000 [30:40<12:56:28,  2.28it/s]
3%|▎         | 2959/109000 [30:40<12:56:53,  2.27it/s]
3%|▎         | 2960/109000 [30:41<12:56:27,  2.28it/s]
3%|▎         | 2961/109000 [30:41<12:56:01,  2.28it/s]
3%|▎         | 2962/109000 [30:41<12:56:28,  2.28it/s]
3%|▎         | 2963/109000 [30:42<12:57:16,  2.27it/s]
3%|▎         | 2964/109000 [30:42<12:57:00,  2.27it/s]
3%|▎         | 2965/109000 [30:43<12:56:19,  2.28it/s]
3%|▎         | 2966/109000 [30:43<12:56:18,  2.28it/s]
3%|▎         | 2967/109000 [30:44<12:56:54,  2.27it/s]
3%|▎         | 2968/109000 [30:44<12:56:41,  2.28it/s]
3%|▎         | 2969/109000 [30:44<12:56:07,  2.28it/s]
3%|▎         | 2970/109000 [30:45<12:55:58,  2.28it/s]
3%|▎         | 2971/109000 [30:45<12:56:34,  2.28it/s]
3%|▎         | 2972/109000 [30:46<12:57:04,  2.27it/s]
3%|▎         | 2973/109000 [30:46<12:56:08,  2.28it/s]
3%|▎         | 2974/109000 [30:47<12:56:02,  2.28it/s]
3%|▎         | 2975/109000 [30:47<12:56:28,  2.28it/s]
3%|▎         | 2976/109000 [30:48<12:56:45,  2.27it/s]
3%|▎         | 2977/109000 [30:48<12:56:13,  2.28it/s]
3%|▎         | 2978/109000 [30:48<12:55:47,  2.28it/s]
3%|▎         | 2979/109000 [30:49<12:56:04,  2.28it/s]
3%|▎         | 2980/109000 [30:49<12:57:01,  2.27it/s]
3%|▎         | 2981/109000 [30:50<12:56:26,  2.28it/s]
3%|▎         | 2982/109000 [30:50<12:55:52,  2.28it/s]
3%|▎         | 2983/109000 [30:51<12:56:03,  2.28it/s]
3%|▎         | 2984/109000 [30:51<12:56:39,  2.28it/s]
3%|▎         | 2985/109000 [30:52<12:56:19,  2.28it/s]
3%|▎         | 2986/109000 [30:52<12:55:52,  2.28it/s]
3%|▎         | 2987/109000 [30:52<12:55:59,  2.28it/s]
3%|▎         | 2988/109000 [30:53<12:56:46,  2.27it/s]
3%|▎         | 2989/109000 [30:53<12:56:12,  2.28it/s]
3%|▎         | 2990/109000 [30:54<12:55:34,  2.28it/s]
3%|▎         | 2991/109000 [30:54<12:56:20,  2.28it/s]
3%|▎         | 2992/109000 [30:55<12:56:37,  2.27it/s]
3%|▎         | 2993/109000 [30:55<12:56:20,  2.28it/s]
3%|▎         | 2994/109000 [30:55<12:55:45,  2.28it/s]
3%|▎         | 2995/109000 [30:56<12:56:03,  2.28it/s]
3%|▎         | 2996/109000 [30:56<12:56:57,  2.27it/s]
3%|▎         | 2997/109000 [30:57<12:56:37,  2.27it/s]
3%|▎         | 2998/109000 [30:57<12:56:09,  2.28it/s]
3%|▎         | 2999/109000 [30:58<12:56:38,  2.27it/s]
3%|▎         | 3000/109000 [30:58<12:56:58,  2.27it/s]

{'loss': '6.056', 'grad_norm': '1.042', 'learning_rate': '4.862e-05', 'epoch': 
'0.2752'}

3%|▎         | 3000/109000 [30:58<12:56:58,  2.27it/s]

0%|          | 0/3662 [00:00<?, ?it/s][A

0%|          | 9/3662 [00:00<00:41, 88.71it/s][A

0%|          | 18/3662 [00:00<00:43, 83.21it/s][A

1%|          | 27/3662 [00:00<00:44, 81.62it/s][A

1%|          | 36/3662 [00:00<00:44, 81.07it/s][A

1%|          | 45/3662 [00:00<00:44, 80.88it/s][A

1%|▏         | 54/3662 [00:00<00:44, 80.67it/s][A

2%|▏         | 63/3662 [00:00<00:44, 80.54it/s][A

2%|▏         | 72/3662 [00:00<00:44, 80.40it/s][A

2%|▏         | 81/3662 [00:00<00:44, 80.45it/s][A

2%|▏         | 90/3662 [00:01<00:44, 80.56it/s][A

3%|▎         | 99/3662 [00:01<00:44, 80.67it/s][A

3%|▎         | 108/3662 [00:01<00:44, 80.11it/s][A

3%|▎         | 117/3662 [00:01<00:44, 79.76it/s][A

3%|▎         | 125/3662 [00:01<00:44, 79.56it/s][A

4%|▎         | 133/3662 [00:01<00:44, 79.45it/s][A

4%|▍         | 142/3662 [00:01<00:44, 79.70it/s][A

4%|▍         | 151/3662 [00:01<00:43, 79.95it/s][A

4%|▍         | 160/3662 [00:01<00:43, 80.43it/s][A

5%|▍         | 169/3662 [00:02<00:43, 80.58it/s][A

5%|▍         | 178/3662 [00:02<00:43, 80.06it/s][A

5%|▌         | 187/3662 [00:02<00:43, 79.83it/s][A

5%|▌         | 195/3662 [00:02<00:43, 79.60it/s][A

6%|▌         | 203/3662 [00:02<00:43, 79.32it/s][A

6%|▌         | 212/3662 [00:02<00:43, 79.61it/s][A

6%|▌         | 220/3662 [00:02<00:43, 79.31it/s][A

6%|▌         | 228/3662 [00:02<00:43, 79.16it/s][A

6%|▋         | 236/3662 [00:02<00:43, 79.03it/s][A

7%|▋         | 244/3662 [00:03<00:43, 79.22it/s][A

7%|▋         | 252/3662 [00:03<00:43, 79.06it/s][A

7%|▋         | 260/3662 [00:03<00:43, 79.01it/s][A

7%|▋         | 268/3662 [00:03<00:42, 78.98it/s][A

8%|▊         | 276/3662 [00:03<00:42, 79.01it/s][A

8%|▊         | 284/3662 [00:03<00:42, 79.06it/s][A

8%|▊         | 292/3662 [00:03<00:42, 79.08it/s][A

8%|▊         | 300/3662 [00:03<00:42, 79.13it/s][A

8%|▊         | 308/3662 [00:03<00:42, 79.14it/s][A

9%|▊         | 316/3662 [00:03<00:42, 78.88it/s][A

9%|▉         | 324/3662 [00:04<00:42, 78.73it/s][A

9%|▉         | 332/3662 [00:04<00:42, 78.75it/s][A

9%|▉         | 340/3662 [00:04<00:42, 78.59it/s][A

10%|▉         | 348/3662 [00:04<00:42, 78.76it/s][A

10%|▉         | 356/3662 [00:04<00:42, 78.65it/s][A

10%|▉         | 364/3662 [00:04<00:41, 78.63it/s][A

10%|█         | 372/3662 [00:04<00:41, 78.81it/s][A

10%|█         | 380/3662 [00:04<00:41, 78.93it/s][A

11%|█         | 388/3662 [00:04<00:41, 78.94it/s][A

11%|█         | 397/3662 [00:04<00:41, 79.33it/s][A

11%|█         | 406/3662 [00:05<00:40, 79.61it/s][A

11%|█▏        | 414/3662 [00:05<00:41, 79.00it/s][A

12%|█▏        | 422/3662 [00:05<00:40, 79.10it/s][A

12%|█▏        | 430/3662 [00:05<00:40, 79.12it/s][A

12%|█▏        | 438/3662 [00:05<00:40, 79.07it/s][A

12%|█▏        | 446/3662 [00:05<00:40, 78.99it/s][A

12%|█▏        | 454/3662 [00:05<00:40, 78.75it/s][A

13%|█▎        | 462/3662 [00:05<00:40, 78.95it/s][A

13%|█▎        | 470/3662 [00:05<00:40, 79.09it/s][A

13%|█▎        | 478/3662 [00:06<00:40, 79.08it/s][A

13%|█▎        | 486/3662 [00:06<00:40, 78.83it/s][A

13%|█▎        | 494/3662 [00:06<00:40, 78.68it/s][A

14%|█▎        | 502/3662 [00:06<00:39, 79.06it/s][A

14%|█▍        | 510/3662 [00:06<00:39, 79.01it/s][A

14%|█▍        | 518/3662 [00:06<00:39, 79.05it/s][A

14%|█▍        | 526/3662 [00:06<00:39, 79.13it/s][A

15%|█▍        | 534/3662 [00:06<00:39, 79.07it/s][A

15%|█▍        | 542/3662 [00:06<00:39, 79.14it/s][A

15%|█▌        | 550/3662 [00:06<00:39, 79.17it/s][A

15%|█▌        | 558/3662 [00:07<00:39, 79.24it/s][A

15%|█▌        | 566/3662 [00:07<00:39, 79.21it/s][A

16%|█▌        | 574/3662 [00:07<00:38, 79.26it/s][A

16%|█▌        | 582/3662 [00:07<00:38, 79.03it/s][A

16%|█▌        | 590/3662 [00:07<00:38, 79.01it/s][A

16%|█▋        | 598/3662 [00:07<00:38, 79.12it/s][A

17%|█▋        | 606/3662 [00:07<00:38, 79.30it/s][A

17%|█▋        | 614/3662 [00:07<00:38, 79.39it/s][A

17%|█▋        | 622/3662 [00:07<00:38, 79.15it/s][A

17%|█▋        | 630/3662 [00:07<00:38, 78.99it/s][A

17%|█▋        | 638/3662 [00:08<00:38, 78.95it/s][A

18%|█▊        | 646/3662 [00:08<00:38, 78.87it/s][A

18%|█▊        | 654/3662 [00:08<00:38, 78.84it/s][A

18%|█▊        | 662/3662 [00:08<00:38, 78.82it/s][A

18%|█▊        | 670/3662 [00:08<00:37, 78.76it/s][A

19%|█▊        | 678/3662 [00:08<00:37, 78.86it/s][A

19%|█▊        | 686/3662 [00:08<00:37, 78.73it/s][A

19%|█▉        | 694/3662 [00:08<00:37, 78.74it/s][A

19%|█▉        | 702/3662 [00:08<00:37, 78.93it/s][A

19%|█▉        | 710/3662 [00:08<00:37, 78.90it/s][A

20%|█▉        | 718/3662 [00:09<00:37, 78.95it/s][A

20%|█▉        | 726/3662 [00:09<00:37, 78.80it/s][A

20%|██        | 734/3662 [00:09<00:37, 78.76it/s][A

20%|██        | 742/3662 [00:09<00:37, 78.83it/s][A

20%|██        | 750/3662 [00:09<00:36, 78.99it/s][A

21%|██        | 758/3662 [00:09<00:36, 79.11it/s][A

21%|██        | 766/3662 [00:09<00:36, 78.98it/s][A

21%|██        | 774/3662 [00:09<00:36, 79.17it/s][A

21%|██▏       | 782/3662 [00:09<00:36, 79.21it/s][A

22%|██▏       | 790/3662 [00:09<00:36, 79.00it/s][A

22%|██▏       | 799/3662 [00:10<00:36, 79.33it/s][A

22%|██▏       | 807/3662 [00:10<00:36, 78.92it/s][A

22%|██▏       | 815/3662 [00:10<00:36, 79.00it/s][A

22%|██▏       | 823/3662 [00:10<00:35, 78.98it/s][A

23%|██▎       | 831/3662 [00:10<00:35, 79.10it/s][A

23%|██▎       | 839/3662 [00:10<00:35, 79.08it/s][A

23%|██▎       | 847/3662 [00:10<00:35, 79.11it/s][A

23%|██▎       | 855/3662 [00:10<00:35, 79.11it/s][A

24%|██▎       | 863/3662 [00:10<00:35, 78.95it/s][A

24%|██▍       | 871/3662 [00:10<00:35, 78.91it/s][A

24%|██▍       | 879/3662 [00:11<00:35, 79.04it/s][A

24%|██▍       | 887/3662 [00:11<00:35, 78.83it/s][A

24%|██▍       | 895/3662 [00:11<00:35, 78.88it/s][A

25%|██▍       | 903/3662 [00:11<00:34, 79.06it/s][A

25%|██▍       | 911/3662 [00:11<00:34, 79.16it/s][A

25%|██▌       | 919/3662 [00:11<00:35, 78.33it/s][A

25%|██▌       | 927/3662 [00:11<00:34, 78.40it/s][A

26%|██▌       | 935/3662 [00:11<00:34, 78.65it/s][A

26%|██▌       | 943/3662 [00:11<00:34, 78.84it/s][A

26%|██▌       | 951/3662 [00:11<00:34, 78.83it/s][A

26%|██▌       | 959/3662 [00:12<00:34, 78.90it/s][A

26%|██▋       | 967/3662 [00:12<00:34, 78.79it/s][A

27%|██▋       | 975/3662 [00:12<00:34, 78.95it/s][A

27%|██▋       | 983/3662 [00:12<00:33, 78.84it/s][A

27%|██▋       | 991/3662 [00:12<00:33, 78.88it/s][A

27%|██▋       | 999/3662 [00:12<00:33, 78.80it/s][A

27%|██▋       | 1007/3662 [00:12<00:33, 78.95it/s][A

28%|██▊       | 1015/3662 [00:12<00:33, 79.02it/s][A

28%|██▊       | 1023/3662 [00:12<00:33, 78.93it/s][A

28%|██▊       | 1031/3662 [00:13<00:33, 78.92it/s][A

28%|██▊       | 1039/3662 [00:13<00:33, 78.80it/s][A

29%|██▊       | 1047/3662 [00:13<00:33, 78.78it/s][A

29%|██▉       | 1055/3662 [00:13<00:33, 78.93it/s][A

29%|██▉       | 1063/3662 [00:13<00:32, 78.95it/s][A

29%|██▉       | 1071/3662 [00:13<00:32, 78.97it/s][A

29%|██▉       | 1079/3662 [00:13<00:32, 78.95it/s][A

30%|██▉       | 1087/3662 [00:13<00:32, 78.98it/s][A

30%|██▉       | 1095/3662 [00:13<00:32, 78.92it/s][A

30%|███       | 1103/3662 [00:13<00:32, 78.99it/s][A

30%|███       | 1111/3662 [00:14<00:32, 79.03it/s][A

31%|███       | 1119/3662 [00:14<00:32, 78.84it/s][A

31%|███       | 1127/3662 [00:14<00:32, 78.70it/s][A

31%|███       | 1135/3662 [00:14<00:32, 78.68it/s][A

31%|███       | 1143/3662 [00:14<00:31, 78.93it/s][A

31%|███▏      | 1151/3662 [00:14<00:31, 79.03it/s][A

32%|███▏      | 1159/3662 [00:14<00:31, 79.01it/s][A

32%|███▏      | 1167/3662 [00:14<00:31, 78.99it/s][A

32%|███▏      | 1175/3662 [00:14<00:31, 79.09it/s][A

32%|███▏      | 1183/3662 [00:14<00:31, 79.09it/s][A

33%|███▎      | 1191/3662 [00:15<00:31, 78.78it/s][A

33%|███▎      | 1199/3662 [00:15<00:31, 78.72it/s][A

33%|███▎      | 1207/3662 [00:15<00:31, 78.80it/s][A

33%|███▎      | 1215/3662 [00:15<00:31, 78.82it/s][A

33%|███▎      | 1223/3662 [00:15<00:30, 78.89it/s][A

34%|███▎      | 1231/3662 [00:15<00:30, 78.97it/s][A

34%|███▍      | 1239/3662 [00:15<00:30, 78.97it/s][A

34%|███▍      | 1247/3662 [00:15<00:30, 78.90it/s][A

34%|███▍      | 1255/3662 [00:15<00:30, 78.80it/s][A

34%|███▍      | 1263/3662 [00:15<00:30, 78.76it/s][A

35%|███▍      | 1271/3662 [00:16<00:30, 78.83it/s][A

35%|███▍      | 1279/3662 [00:16<00:30, 78.73it/s][A

35%|███▌      | 1287/3662 [00:16<00:30, 78.74it/s][A

35%|███▌      | 1295/3662 [00:16<00:30, 78.84it/s][A

36%|███▌      | 1303/3662 [00:16<00:29, 79.09it/s][A

36%|███▌      | 1311/3662 [00:16<00:29, 79.17it/s][A

36%|███▌      | 1319/3662 [00:16<00:29, 79.13it/s][A

36%|███▌      | 1327/3662 [00:16<00:29, 79.08it/s][A

36%|███▋      | 1335/3662 [00:16<00:29, 78.95it/s][A

37%|███▋      | 1343/3662 [00:16<00:29, 79.02it/s][A

37%|███▋      | 1351/3662 [00:17<00:29, 79.05it/s][A

37%|███▋      | 1359/3662 [00:17<00:29, 78.78it/s][A

37%|███▋      | 1367/3662 [00:17<00:29, 78.64it/s][A

38%|███▊      | 1375/3662 [00:17<00:29, 78.83it/s][A

38%|███▊      | 1383/3662 [00:17<00:28, 78.92it/s][A

38%|███▊      | 1391/3662 [00:17<00:28, 78.94it/s][A

38%|███▊      | 1399/3662 [00:17<00:28, 78.97it/s][A

38%|███▊      | 1407/3662 [00:17<00:28, 78.95it/s][A

39%|███▊      | 1415/3662 [00:17<00:28, 78.99it/s][A

39%|███▉      | 1423/3662 [00:17<00:28, 79.02it/s][A

39%|███▉      | 1431/3662 [00:18<00:28, 79.20it/s][A

39%|███▉      | 1439/3662 [00:18<00:28, 78.84it/s][A

40%|███▉      | 1447/3662 [00:18<00:28, 78.90it/s][A

40%|███▉      | 1455/3662 [00:18<00:27, 79.06it/s][A

40%|███▉      | 1463/3662 [00:18<00:27, 79.12it/s][A

40%|████      | 1471/3662 [00:18<00:27, 79.05it/s][A

40%|████      | 1479/3662 [00:18<00:27, 79.23it/s][A

41%|████      | 1487/3662 [00:18<00:27, 79.31it/s][A

41%|████      | 1495/3662 [00:18<00:27, 79.43it/s][A

41%|████      | 1503/3662 [00:18<00:27, 79.38it/s][A

41%|████▏     | 1511/3662 [00:19<00:27, 79.31it/s][A

41%|████▏     | 1519/3662 [00:19<00:27, 79.31it/s][A

42%|████▏     | 1527/3662 [00:19<00:26, 79.33it/s][A

42%|████▏     | 1536/3662 [00:19<00:26, 79.56it/s][A

42%|████▏     | 1544/3662 [00:19<00:26, 79.23it/s][A

42%|████▏     | 1552/3662 [00:19<00:26, 79.25it/s][A

43%|████▎     | 1560/3662 [00:19<00:26, 79.13it/s][A

43%|████▎     | 1568/3662 [00:19<00:26, 79.09it/s][A

43%|████▎     | 1576/3662 [00:19<00:26, 79.15it/s][A

43%|████▎     | 1584/3662 [00:20<00:26, 79.17it/s][A

43%|████▎     | 1592/3662 [00:20<00:26, 79.37it/s][A

44%|████▎     | 1600/3662 [00:20<00:26, 79.27it/s][A

44%|████▍     | 1608/3662 [00:20<00:25, 79.23it/s][A

44%|████▍     | 1616/3662 [00:20<00:25, 79.18it/s][A

44%|████▍     | 1624/3662 [00:20<00:25, 79.13it/s][A

45%|████▍     | 1632/3662 [00:20<00:25, 79.06it/s][A

45%|████▍     | 1640/3662 [00:20<00:25, 79.08it/s][A

45%|████▌     | 1648/3662 [00:20<00:25, 79.31it/s][A

45%|████▌     | 1656/3662 [00:20<00:25, 79.30it/s][A

45%|████▌     | 1664/3662 [00:21<00:25, 79.45it/s][A

46%|████▌     | 1672/3662 [00:21<00:25, 79.17it/s][A

46%|████▌     | 1680/3662 [00:21<00:25, 79.07it/s][A

46%|████▌     | 1688/3662 [00:21<00:24, 78.99it/s][A

46%|████▋     | 1696/3662 [00:21<00:24, 79.04it/s][A

47%|████▋     | 1704/3662 [00:21<00:24, 79.22it/s][A

47%|████▋     | 1712/3662 [00:21<00:24, 79.15it/s][A

47%|████▋     | 1720/3662 [00:21<00:24, 79.14it/s][A

47%|████▋     | 1728/3662 [00:21<00:24, 79.19it/s][A

47%|████▋     | 1736/3662 [00:21<00:24, 79.19it/s][A

48%|████▊     | 1744/3662 [00:22<00:24, 79.12it/s][A

48%|████▊     | 1752/3662 [00:22<00:24, 79.06it/s][A

48%|████▊     | 1761/3662 [00:22<00:23, 79.42it/s][A

48%|████▊     | 1770/3662 [00:22<00:23, 79.65it/s][A

49%|████▊     | 1778/3662 [00:22<00:23, 79.45it/s][A

49%|████▉     | 1786/3662 [00:22<00:23, 79.24it/s][A

49%|████▉     | 1794/3662 [00:22<00:23, 79.41it/s][A

49%|████▉     | 1802/3662 [00:22<00:23, 79.23it/s][A

49%|████▉     | 1810/3662 [00:22<00:23, 79.24it/s][A

50%|████▉     | 1818/3662 [00:22<00:23, 79.24it/s][A

50%|████▉     | 1826/3662 [00:23<00:23, 79.44it/s][A

50%|█████     | 1834/3662 [00:23<00:23, 79.45it/s][A

50%|█████     | 1842/3662 [00:23<00:23, 79.12it/s][A

51%|█████     | 1850/3662 [00:23<00:22, 79.23it/s][A

51%|█████     | 1858/3662 [00:23<00:22, 79.29it/s][A

51%|█████     | 1866/3662 [00:23<00:22, 79.16it/s][A

51%|█████     | 1874/3662 [00:23<00:22, 79.16it/s][A

51%|█████▏    | 1882/3662 [00:23<00:22, 79.18it/s][A

52%|█████▏    | 1890/3662 [00:23<00:22, 79.17it/s][A

52%|█████▏    | 1898/3662 [00:23<00:22, 79.38it/s][A

52%|█████▏    | 1906/3662 [00:24<00:22, 79.38it/s][A

52%|█████▏    | 1914/3662 [00:24<00:22, 79.15it/s][A

52%|█████▏    | 1922/3662 [00:24<00:22, 79.04it/s][A

53%|█████▎    | 1930/3662 [00:24<00:21, 79.08it/s][A

53%|█████▎    | 1938/3662 [00:24<00:21, 79.16it/s][A

53%|█████▎    | 1946/3662 [00:24<00:21, 78.92it/s][A

53%|█████▎    | 1954/3662 [00:24<00:21, 79.03it/s][A

54%|█████▎    | 1962/3662 [00:24<00:21, 79.04it/s][A

54%|█████▍    | 1970/3662 [00:24<00:21, 79.18it/s][A

54%|█████▍    | 1978/3662 [00:24<00:21, 79.41it/s][A

54%|█████▍    | 1986/3662 [00:25<00:21, 79.38it/s][A

54%|█████▍    | 1994/3662 [00:25<00:21, 79.21it/s][A

55%|█████▍    | 2002/3662 [00:25<00:20, 79.30it/s][A

55%|█████▍    | 2010/3662 [00:25<00:20, 79.37it/s][A

55%|█████▌    | 2018/3662 [00:25<00:20, 79.42it/s][A

55%|█████▌    | 2026/3662 [00:25<00:20, 79.48it/s][A

56%|█████▌    | 2034/3662 [00:25<00:20, 79.31it/s][A

56%|█████▌    | 2042/3662 [00:25<00:20, 79.27it/s][A

56%|█████▌    | 2050/3662 [00:25<00:20, 79.23it/s][A

56%|█████▌    | 2058/3662 [00:25<00:20, 79.35it/s][A

56%|█████▋    | 2066/3662 [00:26<00:20, 79.26it/s][A

57%|█████▋    | 2074/3662 [00:26<00:20, 79.25it/s][A

57%|█████▋    | 2082/3662 [00:26<00:19, 79.21it/s][A

57%|█████▋    | 2090/3662 [00:26<00:19, 79.14it/s][A

57%|█████▋    | 2098/3662 [00:26<00:19, 79.10it/s][A

58%|█████▊    | 2106/3662 [00:26<00:19, 79.08it/s][A

58%|█████▊    | 2114/3662 [00:26<00:19, 79.14it/s][A

58%|█████▊    | 2123/3662 [00:26<00:19, 79.38it/s][A

58%|█████▊    | 2131/3662 [00:26<00:19, 79.45it/s][A

58%|█████▊    | 2139/3662 [00:27<00:19, 79.33it/s][A

59%|█████▊    | 2147/3662 [00:27<00:19, 79.27it/s][A

59%|█████▉    | 2155/3662 [00:27<00:19, 79.05it/s][A

59%|█████▉    | 2163/3662 [00:27<00:18, 79.23it/s][A

59%|█████▉    | 2171/3662 [00:27<00:18, 79.30it/s][A

60%|█████▉    | 2179/3662 [00:27<00:18, 79.33it/s][A

60%|█████▉    | 2187/3662 [00:27<00:18, 79.34it/s][A

60%|█████▉    | 2195/3662 [00:27<00:18, 79.46it/s][A

60%|██████    | 2203/3662 [00:27<00:18, 79.60it/s][A

60%|██████    | 2212/3662 [00:27<00:18, 79.77it/s][A

61%|██████    | 2220/3662 [00:28<00:18, 79.61it/s][A

61%|██████    | 2228/3662 [00:28<00:18, 79.65it/s][A

61%|██████    | 2236/3662 [00:28<00:17, 79.38it/s][A

61%|██████▏   | 2244/3662 [00:28<00:17, 79.42it/s][A

61%|██████▏   | 2252/3662 [00:28<00:17, 79.33it/s][A

62%|██████▏   | 2260/3662 [00:28<00:17, 79.28it/s][A

62%|██████▏   | 2268/3662 [00:28<00:17, 79.16it/s][A

62%|██████▏   | 2276/3662 [00:28<00:17, 79.25it/s][A

62%|██████▏   | 2284/3662 [00:28<00:17, 79.16it/s][A

63%|██████▎   | 2293/3662 [00:28<00:17, 79.70it/s][A

63%|██████▎   | 2302/3662 [00:29<00:17, 79.95it/s][A

63%|██████▎   | 2311/3662 [00:29<00:16, 80.16it/s][A

63%|██████▎   | 2320/3662 [00:29<00:16, 80.27it/s][A

64%|██████▎   | 2329/3662 [00:29<00:16, 80.01it/s][A

64%|██████▍   | 2337/3662 [00:29<00:16, 79.67it/s][A

64%|██████▍   | 2345/3662 [00:29<00:16, 79.53it/s][A

64%|██████▍   | 2353/3662 [00:29<00:16, 79.50it/s][A

64%|██████▍   | 2361/3662 [00:29<00:16, 79.33it/s][A

65%|██████▍   | 2369/3662 [00:29<00:16, 79.31it/s][A

65%|██████▍   | 2377/3662 [00:30<00:16, 79.19it/s][A

65%|██████▌   | 2385/3662 [00:30<00:16, 79.18it/s][A

65%|██████▌   | 2393/3662 [00:30<00:16, 79.17it/s][A

66%|██████▌   | 2401/3662 [00:30<00:15, 79.25it/s][A

66%|██████▌   | 2409/3662 [00:30<00:15, 79.38it/s][A

66%|██████▌   | 2417/3662 [00:30<00:15, 79.55it/s][A

66%|██████▌   | 2426/3662 [00:30<00:15, 79.89it/s][A

66%|██████▋   | 2435/3662 [00:30<00:15, 80.11it/s][A

67%|██████▋   | 2444/3662 [00:30<00:15, 79.88it/s][A

67%|██████▋   | 2452/3662 [00:30<00:15, 79.76it/s][A

67%|██████▋   | 2460/3662 [00:31<00:15, 79.60it/s][A

67%|██████▋   | 2468/3662 [00:31<00:15, 79.17it/s][A

68%|██████▊   | 2476/3662 [00:31<00:15, 78.92it/s][A

68%|██████▊   | 2484/3662 [00:31<00:14, 78.91it/s][A

68%|██████▊   | 2492/3662 [00:31<00:14, 79.19it/s][A

68%|██████▊   | 2501/3662 [00:31<00:14, 79.47it/s][A

69%|██████▊   | 2509/3662 [00:31<00:14, 79.45it/s][A

69%|██████▊   | 2517/3662 [00:31<00:14, 79.37it/s][A

69%|██████▉   | 2525/3662 [00:31<00:14, 79.22it/s][A

69%|██████▉   | 2533/3662 [00:31<00:14, 79.05it/s][A

69%|██████▉   | 2541/3662 [00:32<00:14, 79.23it/s][A

70%|██████▉   | 2549/3662 [00:32<00:14, 79.15it/s][A

70%|██████▉   | 2557/3662 [00:32<00:13, 79.03it/s][A

70%|███████   | 2565/3662 [00:32<00:13, 79.14it/s][A

70%|███████   | 2573/3662 [00:32<00:13, 79.40it/s][A

70%|███████   | 2581/3662 [00:32<00:13, 79.18it/s][A

71%|███████   | 2589/3662 [00:32<00:13, 79.18it/s][A

71%|███████   | 2597/3662 [00:32<00:13, 79.26it/s][A

71%|███████   | 2605/3662 [00:32<00:13, 79.09it/s][A

71%|███████▏  | 2613/3662 [00:32<00:13, 79.12it/s][A

72%|███████▏  | 2621/3662 [00:33<00:13, 79.25it/s][A

72%|███████▏  | 2629/3662 [00:33<00:13, 79.25it/s][A

72%|███████▏  | 2638/3662 [00:33<00:12, 79.79it/s][A

72%|███████▏  | 2647/3662 [00:33<00:12, 80.01it/s][A

73%|███████▎  | 2656/3662 [00:33<00:12, 80.08it/s][A

73%|███████▎  | 2665/3662 [00:33<00:12, 79.92it/s][A

73%|███████▎  | 2674/3662 [00:33<00:12, 80.17it/s][A

73%|███████▎  | 2683/3662 [00:33<00:12, 80.28it/s][A

74%|███████▎  | 2692/3662 [00:33<00:12, 80.38it/s][A

74%|███████▍  | 2701/3662 [00:34<00:12, 79.80it/s][A

74%|███████▍  | 2709/3662 [00:34<00:11, 79.46it/s][A

74%|███████▍  | 2717/3662 [00:34<00:11, 79.25it/s][A

74%|███████▍  | 2725/3662 [00:34<00:11, 79.24it/s][A

75%|███████▍  | 2733/3662 [00:34<00:11, 79.16it/s][A

75%|███████▍  | 2741/3662 [00:34<00:11, 79.11it/s][A

75%|███████▌  | 2749/3662 [00:34<00:11, 79.14it/s][A

75%|███████▌  | 2757/3662 [00:34<00:11, 79.16it/s][A

76%|███████▌  | 2765/3662 [00:34<00:11, 79.23it/s][A

76%|███████▌  | 2773/3662 [00:34<00:11, 79.26it/s][A

76%|███████▌  | 2781/3662 [00:35<00:11, 79.12it/s][A

76%|███████▌  | 2789/3662 [00:35<00:11, 79.02it/s][A

76%|███████▋  | 2797/3662 [00:35<00:10, 79.02it/s][A

77%|███████▋  | 2805/3662 [00:35<00:10, 78.99it/s][A

77%|███████▋  | 2813/3662 [00:35<00:10, 79.01it/s][A

77%|███████▋  | 2821/3662 [00:35<00:10, 78.85it/s][A

77%|███████▋  | 2829/3662 [00:35<00:10, 78.86it/s][A

77%|███████▋  | 2837/3662 [00:35<00:10, 79.09it/s][A

78%|███████▊  | 2845/3662 [00:35<00:10, 79.11it/s][A

78%|███████▊  | 2853/3662 [00:36<00:10, 79.09it/s][A

78%|███████▊  | 2861/3662 [00:36<00:10, 79.08it/s][A

78%|███████▊  | 2869/3662 [00:36<00:10, 78.84it/s][A

79%|███████▊  | 2877/3662 [00:36<00:09, 78.84it/s][A

79%|███████▉  | 2885/3662 [00:36<00:09, 78.95it/s][A

79%|███████▉  | 2893/3662 [00:36<00:09, 79.00it/s][A

79%|███████▉  | 2901/3662 [00:36<00:09, 79.22it/s][A

79%|███████▉  | 2909/3662 [00:36<00:09, 79.28it/s][A

80%|███████▉  | 2917/3662 [00:36<00:09, 79.26it/s][A

80%|███████▉  | 2925/3662 [00:36<00:09, 78.89it/s][A

80%|████████  | 2933/3662 [00:37<00:09, 78.94it/s][A

80%|████████  | 2941/3662 [00:37<00:09, 78.93it/s][A

81%|████████  | 2949/3662 [00:37<00:09, 78.96it/s][A

81%|████████  | 2957/3662 [00:37<00:08, 79.07it/s][A

81%|████████  | 2965/3662 [00:37<00:08, 79.28it/s][A

81%|████████  | 2973/3662 [00:37<00:08, 78.98it/s][A

81%|████████▏ | 2982/3662 [00:37<00:08, 79.83it/s][A

82%|████████▏ | 2991/3662 [00:37<00:08, 80.08it/s][A

82%|████████▏ | 3000/3662 [00:37<00:08, 80.18it/s][A

82%|████████▏ | 3009/3662 [00:37<00:08, 79.91it/s][A

82%|████████▏ | 3017/3662 [00:38<00:08, 79.91it/s][A

83%|████████▎ | 3025/3662 [00:38<00:07, 79.87it/s][A

83%|████████▎ | 3033/3662 [00:38<00:07, 79.56it/s][A

83%|████████▎ | 3041/3662 [00:38<00:07, 79.33it/s][A

83%|████████▎ | 3049/3662 [00:38<00:07, 79.37it/s][A

83%|████████▎ | 3057/3662 [00:38<00:07, 79.14it/s][A

84%|████████▎ | 3065/3662 [00:38<00:07, 79.10it/s][A

84%|████████▍ | 3074/3662 [00:38<00:07, 79.52it/s][A

84%|████████▍ | 3083/3662 [00:38<00:07, 79.75it/s][A

84%|████████▍ | 3092/3662 [00:39<00:07, 79.90it/s][A

85%|████████▍ | 3100/3662 [00:39<00:07, 79.73it/s][A

85%|████████▍ | 3108/3662 [00:39<00:06, 79.60it/s][A

85%|████████▌ | 3116/3662 [00:39<00:06, 79.50it/s][A

85%|████████▌ | 3124/3662 [00:39<00:06, 79.52it/s][A

86%|████████▌ | 3132/3662 [00:39<00:06, 79.37it/s][A

86%|████████▌ | 3140/3662 [00:39<00:06, 79.10it/s][A

86%|████████▌ | 3148/3662 [00:39<00:06, 79.20it/s][A

86%|████████▌ | 3156/3662 [00:39<00:06, 79.10it/s][A

86%|████████▋ | 3164/3662 [00:39<00:06, 79.24it/s][A

87%|████████▋ | 3172/3662 [00:40<00:06, 79.34it/s][A

87%|████████▋ | 3180/3662 [00:40<00:06, 79.14it/s][A

87%|████████▋ | 3188/3662 [00:40<00:05, 79.15it/s][A

87%|████████▋ | 3196/3662 [00:40<00:05, 79.20it/s][A

87%|████████▋ | 3204/3662 [00:40<00:05, 79.17it/s][A

88%|████████▊ | 3212/3662 [00:40<00:05, 79.31it/s][A

88%|████████▊ | 3220/3662 [00:40<00:05, 79.11it/s][A

88%|████████▊ | 3228/3662 [00:40<00:05, 79.11it/s][A

88%|████████▊ | 3236/3662 [00:40<00:05, 79.11it/s][A

89%|████████▊ | 3244/3662 [00:40<00:05, 79.11it/s][A

89%|████████▉ | 3252/3662 [00:41<00:05, 79.21it/s][A

89%|████████▉ | 3260/3662 [00:41<00:05, 79.39it/s][A

89%|████████▉ | 3268/3662 [00:41<00:05, 76.32it/s][A

89%|████████▉ | 3276/3662 [00:41<00:05, 77.14it/s][A

90%|████████▉ | 3284/3662 [00:41<00:04, 77.72it/s][A

90%|████████▉ | 3292/3662 [00:41<00:04, 78.22it/s][A

90%|█████████ | 3300/3662 [00:41<00:04, 78.43it/s][A

90%|█████████ | 3308/3662 [00:41<00:04, 78.68it/s][A

91%|█████████ | 3316/3662 [00:41<00:04, 79.06it/s][A

91%|█████████ | 3324/3662 [00:41<00:04, 79.29it/s][A

91%|█████████ | 3332/3662 [00:42<00:04, 79.31it/s][A

91%|█████████ | 3340/3662 [00:42<00:04, 79.47it/s][A

91%|█████████▏| 3348/3662 [00:42<00:03, 79.35it/s][A

92%|█████████▏| 3356/3662 [00:42<00:03, 79.17it/s][A

92%|█████████▏| 3364/3662 [00:42<00:03, 79.20it/s][A

92%|█████████▏| 3372/3662 [00:42<00:03, 79.06it/s][A

92%|█████████▏| 3380/3662 [00:42<00:03, 79.03it/s][A

93%|█████████▎| 3388/3662 [00:42<00:03, 79.23it/s][A

93%|█████████▎| 3396/3662 [00:42<00:03, 79.18it/s][A

93%|█████████▎| 3404/3662 [00:42<00:03, 79.37it/s][A

93%|█████████▎| 3412/3662 [00:43<00:03, 79.28it/s][A

93%|█████████▎| 3420/3662 [00:43<00:03, 79.40it/s][A

94%|█████████▎| 3428/3662 [00:43<00:02, 79.49it/s][A

94%|█████████▍| 3436/3662 [00:43<00:02, 79.39it/s][A

94%|█████████▍| 3444/3662 [00:43<00:02, 79.46it/s][A

94%|█████████▍| 3452/3662 [00:43<00:02, 79.43it/s][A

94%|█████████▍| 3460/3662 [00:43<00:02, 79.34it/s][A

95%|█████████▍| 3468/3662 [00:43<00:02, 79.37it/s][A

95%|█████████▍| 3476/3662 [00:43<00:02, 79.40it/s][A

95%|█████████▌| 3484/3662 [00:43<00:02, 79.51it/s][A

95%|█████████▌| 3492/3662 [00:44<00:02, 79.44it/s][A

96%|█████████▌| 3500/3662 [00:44<00:02, 79.35it/s][A

96%|█████████▌| 3508/3662 [00:44<00:01, 79.32it/s][A

96%|█████████▌| 3516/3662 [00:44<00:01, 79.09it/s][A

96%|█████████▌| 3524/3662 [00:44<00:01, 79.22it/s][A

96%|█████████▋| 3532/3662 [00:44<00:01, 79.28it/s][A

97%|█████████▋| 3540/3662 [00:44<00:01, 79.33it/s][A

97%|█████████▋| 3549/3662 [00:44<00:01, 79.64it/s][A

97%|█████████▋| 3558/3662 [00:44<00:01, 80.03it/s][A

97%|█████████▋| 3567/3662 [00:45<00:01, 80.32it/s][A

98%|█████████▊| 3576/3662 [00:45<00:01, 80.56it/s][A

98%|█████████▊| 3585/3662 [00:45<00:00, 80.15it/s][A

98%|█████████▊| 3594/3662 [00:45<00:00, 79.91it/s][A

98%|█████████▊| 3602/3662 [00:45<00:00, 79.70it/s][A

99%|█████████▊| 3610/3662 [00:45<00:00, 79.55it/s][A

99%|█████████▉| 3618/3662 [00:45<00:00, 79.44it/s][A

99%|█████████▉| 3627/3662 [00:45<00:00, 79.60it/s][A

99%|█████████▉| 3635/3662 [00:45<00:00, 79.66it/s][A

99%|█████████▉| 3643/3662 [00:45<00:00, 79.69it/s][A

100%|█████████▉| 3652/3662 [00:46<00:00, 80.73it/s][A

100%|█████████▉| 3661/3662 [00:46<00:00, 81.60it/s][A



[A{'eval_loss': '6.052', 'eval_runtime': '46.71', 'eval_samples_per_second': 
'627.1', 'eval_steps_per_second': '78.39', 'epoch': '0.2752'}

3%|▎         | 3000/109000 [31:45<12:56:58,  2.27it/s]

100%|██████████| 3662/3662 [00:46<00:00, 81.60it/s][A

[A

Writing model shards:   0%|          | 0/1 [00:00<?, ?it/s][A

Writing model shards: 100%|██████████| 1/1 [00:00<00:00,  1.56it/s][A
Writing model shards: 100%|██████████| 1/1 [00:00<00:00,  1.56it/s]

3%|▎         | 3001/109000 [31:48<446:49:05, 15.18s/it]
3%|▎         | 3002/109000 [31:48<316:38:50, 10.75s/it]
3%|▎         | 3003/109000 [31:49<225:32:09,  7.66s/it]
3%|▎         | 3004/109000 [31:49<161:44:26,  5.49s/it]
3%|▎         | 3005/109000 [31:49<117:05:45,  3.98s/it]
3%|▎         | 3006/109000 [31:50<85:50:56,  2.92s/it]
3%|▎         | 3007/109000 [31:50<63:58:46,  2.17s/it]
3%|▎         | 3008/109000 [31:51<48:39:32,  1.65s/it]
3%|▎         | 3009/109000 [31:51<37:55:54,  1.29s/it]
3%|▎         | 3010/109000 [31:52<30:25:57,  1.03s/it]
3%|▎         | 3011/109000 [31:52<25:10:53,  1.17it/s]
3%|▎         | 3012/109000 [31:52<21:29:36,  1.37it/s]
3%|▎         | 3013/109000 [31:53<18:55:26,  1.56it/s]
3%|▎         | 3014/109000 [31:53<17:08:08,  1.72it/s]
3%|▎         | 3015/109000 [31:54<15:52:28,  1.85it/s]
3%|▎         | 3016/109000 [31:54<14:58:46,  1.97it/s]
3%|▎         | 3017/109000 [31:55<14:21:47,  2.05it/s]
3%|▎         | 3018/109000 [31:55<13:56:22,  2.11it/s]
3%|▎         | 3019/109000 [31:56<13:37:53,  2.16it/s]
3%|▎         | 3020/109000 [31:56<13:24:48,  2.19it/s]
3%|▎         | 3021/109000 [31:56<13:16:18,  2.22it/s]
3%|▎         | 3022/109000 [31:57<13:10:41,  2.23it/s]
3%|▎         | 3023/109000 [31:57<13:05:43,  2.25it/s]
3%|▎         | 3024/109000 [31:58<13:02:06,  2.26it/s]
3%|▎         | 3025/109000 [31:58<13:00:44,  2.26it/s]
3%|▎         | 3026/109000 [31:59<12:59:52,  2.26it/s]
3%|▎         | 3027/109000 [31:59<12:58:02,  2.27it/s]
3%|▎         | 3028/109000 [32:00<12:56:58,  2.27it/s]
3%|▎         | 3029/109000 [32:00<12:56:56,  2.27it/s]
3%|▎         | 3030/109000 [32:00<12:56:18,  2.28it/s]
3%|▎         | 3031/109000 [32:01<12:55:24,  2.28it/s]
3%|▎         | 3032/109000 [32:01<12:55:41,  2.28it/s]
3%|▎         | 3033/109000 [32:02<12:56:06,  2.28it/s]
3%|▎         | 3034/109000 [32:02<12:55:32,  2.28it/s]
3%|▎         | 3035/109000 [32:03<12:54:44,  2.28it/s]
3%|▎         | 3036/109000 [32:03<12:55:14,  2.28it/s]
3%|▎         | 3037/109000 [32:03<12:55:47,  2.28it/s]
3%|▎         | 3038/109000 [32:04<12:55:33,  2.28it/s]
3%|▎         | 3039/109000 [32:04<12:55:12,  2.28it/s]
3%|▎         | 3040/109000 [32:05<12:55:36,  2.28it/s]
3%|▎         | 3041/109000 [32:05<12:56:08,  2.28it/s]
3%|▎         | 3042/109000 [32:06<12:55:40,  2.28it/s]
3%|▎         | 3043/109000 [32:06<12:55:27,  2.28it/s]
3%|▎         | 3044/109000 [32:07<12:56:23,  2.27it/s]
3%|▎         | 3045/109000 [32:07<12:56:35,  2.27it/s]
3%|▎         | 3046/109000 [32:07<12:56:03,  2.28it/s]
3%|▎         | 3047/109000 [32:08<12:55:23,  2.28it/s]
3%|▎         | 3048/109000 [32:08<12:55:34,  2.28it/s]
3%|▎         | 3049/109000 [32:09<12:55:33,  2.28it/s]
3%|▎         | 3050/109000 [32:09<12:54:50,  2.28it/s]

{'loss': '6.065', 'grad_norm': '1.052', 'learning_rate': '4.86e-05', 'epoch': 
'0.2798'}

3%|▎         | 3050/109000 [32:09<12:54:50,  2.28it/s]
3%|▎         | 3051/109000 [32:10<12:55:26,  2.28it/s]
3%|▎         | 3052/109000 [32:10<12:55:48,  2.28it/s]
3%|▎         | 3053/109000 [32:10<12:55:37,  2.28it/s]
3%|▎         | 3054/109000 [32:11<12:55:06,  2.28it/s]
3%|▎         | 3055/109000 [32:11<12:55:20,  2.28it/s]
3%|▎         | 3056/109000 [32:12<12:56:09,  2.27it/s]
3%|▎         | 3057/109000 [32:12<12:55:31,  2.28it/s]
3%|▎         | 3058/109000 [32:13<12:55:07,  2.28it/s]
3%|▎         | 3059/109000 [32:13<12:55:21,  2.28it/s]
3%|▎         | 3060/109000 [32:14<12:55:06,  2.28it/s]
3%|▎         | 3061/109000 [32:14<12:54:40,  2.28it/s]
3%|▎         | 3062/109000 [32:14<12:55:10,  2.28it/s]
3%|▎         | 3063/109000 [32:15<12:55:21,  2.28it/s]
3%|▎         | 3064/109000 [32:15<12:54:57,  2.28it/s]
3%|▎         | 3065/109000 [32:16<12:55:16,  2.28it/s]
3%|▎         | 3066/109000 [32:16<12:55:59,  2.28it/s]
3%|▎         | 3067/109000 [32:17<12:55:17,  2.28it/s]
3%|▎         | 3068/109000 [32:17<12:55:12,  2.28it/s]
3%|▎         | 3069/109000 [32:18<12:55:35,  2.28it/s]
3%|▎         | 3070/109000 [32:18<12:55:27,  2.28it/s]
3%|▎         | 3071/109000 [32:18<12:55:06,  2.28it/s]
3%|▎         | 3072/109000 [32:19<12:55:36,  2.28it/s]
3%|▎         | 3073/109000 [32:19<12:55:47,  2.28it/s]
3%|▎         | 3074/109000 [32:20<12:55:05,  2.28it/s]
3%|▎         | 3075/109000 [32:20<12:55:07,  2.28it/s]
3%|▎         | 3076/109000 [32:21<12:55:40,  2.28it/s]
3%|▎         | 3077/109000 [32:21<12:55:05,  2.28it/s]
3%|▎         | 3078/109000 [32:21<12:55:05,  2.28it/s]
3%|▎         | 3079/109000 [32:22<12:55:20,  2.28it/s]
3%|▎         | 3080/109000 [32:22<12:55:29,  2.28it/s]
3%|▎         | 3081/109000 [32:23<12:54:49,  2.28it/s]
3%|▎         | 3082/109000 [32:23<12:55:03,  2.28it/s]
3%|▎         | 3083/109000 [32:24<12:55:39,  2.28it/s]
3%|▎         | 3084/109000 [32:24<12:55:22,  2.28it/s]
3%|▎         | 3085/109000 [32:25<12:54:43,  2.28it/s]
3%|▎         | 3086/109000 [32:25<12:54:59,  2.28it/s]
3%|▎         | 3087/109000 [32:25<12:54:42,  2.28it/s]
3%|▎         | 3088/109000 [32:26<12:54:01,  2.28it/s]
3%|▎         | 3089/109000 [32:26<13:35:19,  2.17it/s]
3%|▎         | 3090/109000 [32:27<13:22:53,  2.20it/s]
3%|▎         | 3091/109000 [32:27<13:14:38,  2.22it/s]
3%|▎         | 3092/109000 [32:28<13:08:36,  2.24it/s]
3%|▎         | 3093/109000 [32:28<13:04:37,  2.25it/s]
3%|▎         | 3094/109000 [32:29<13:00:56,  2.26it/s]
3%|▎         | 3095/109000 [32:29<13:00:09,  2.26it/s]
3%|▎         | 3096/109000 [32:29<12:58:53,  2.27it/s]
3%|▎         | 3097/109000 [32:30<12:57:30,  2.27it/s]
3%|▎         | 3098/109000 [32:30<12:56:19,  2.27it/s]
3%|▎         | 3099/109000 [32:31<12:56:40,  2.27it/s]
3%|▎         | 3100/109000 [32:31<12:56:50,  2.27it/s]

{'loss': '6.054', 'grad_norm': '1.409', 'learning_rate': '4.858e-05', 'epoch': 
'0.2844'}

3%|▎         | 3100/109000 [32:31<12:56:50,  2.27it/s]
3%|▎         | 3101/109000 [32:32<12:56:53,  2.27it/s]
3%|▎         | 3102/109000 [32:32<12:55:52,  2.27it/s]
3%|▎         | 3103/109000 [32:33<12:55:50,  2.27it/s]
3%|▎         | 3104/109000 [32:33<12:56:04,  2.27it/s]
3%|▎         | 3105/109000 [32:33<12:55:48,  2.27it/s]
3%|▎         | 3106/109000 [32:34<12:55:12,  2.28it/s]
3%|▎         | 3107/109000 [32:34<12:55:32,  2.28it/s]
3%|▎         | 3108/109000 [32:35<12:55:51,  2.27it/s]
3%|▎         | 3109/109000 [32:35<12:55:13,  2.28it/s]
3%|▎         | 3110/109000 [32:36<12:55:09,  2.28it/s]
3%|▎         | 3111/109000 [32:36<12:55:23,  2.28it/s]
3%|▎         | 3112/109000 [32:36<12:55:42,  2.28it/s]
3%|▎         | 3113/109000 [32:37<12:55:35,  2.28it/s]
3%|▎         | 3114/109000 [32:37<12:55:02,  2.28it/s]
3%|▎         | 3115/109000 [32:38<12:55:16,  2.28it/s]
3%|▎         | 3116/109000 [32:38<12:55:30,  2.28it/s]
3%|▎         | 3117/109000 [32:39<12:54:53,  2.28it/s]
3%|▎         | 3118/109000 [32:39<12:54:51,  2.28it/s]
3%|▎         | 3119/109000 [32:40<12:55:15,  2.28it/s]
3%|▎         | 3120/109000 [32:40<12:54:27,  2.28it/s]
3%|▎         | 3121/109000 [32:40<12:54:47,  2.28it/s]
3%|▎         | 3122/109000 [32:41<12:54:46,  2.28it/s]
3%|▎         | 3123/109000 [32:41<12:55:20,  2.28it/s]
3%|▎         | 3124/109000 [32:42<12:54:48,  2.28it/s]
3%|▎         | 3125/109000 [32:42<12:54:21,  2.28it/s]
3%|▎         | 3126/109000 [32:43<12:54:53,  2.28it/s]
3%|▎         | 3127/109000 [32:43<12:55:21,  2.28it/s]
3%|▎         | 3128/109000 [32:44<12:55:10,  2.28it/s]
3%|▎         | 3129/109000 [32:44<12:55:07,  2.28it/s]
3%|▎         | 3130/109000 [32:44<12:55:07,  2.28it/s]
3%|▎         | 3131/109000 [32:45<12:55:26,  2.28it/s]
3%|▎         | 3132/109000 [32:45<12:54:39,  2.28it/s]
3%|▎         | 3133/109000 [32:46<12:54:40,  2.28it/s]
3%|▎         | 3134/109000 [32:46<12:55:10,  2.28it/s]
3%|▎         | 3135/109000 [32:47<12:55:07,  2.28it/s]
3%|▎         | 3136/109000 [32:47<12:54:23,  2.28it/s]
3%|▎         | 3137/109000 [32:47<12:55:02,  2.28it/s]
3%|▎         | 3138/109000 [32:48<12:55:57,  2.27it/s]
3%|▎         | 3139/109000 [32:48<12:56:02,  2.27it/s]
3%|▎         | 3140/109000 [32:49<12:55:13,  2.28it/s]
3%|▎         | 3141/109000 [32:49<12:55:10,  2.28it/s]
3%|▎         | 3142/109000 [32:50<12:54:55,  2.28it/s]
3%|▎         | 3143/109000 [32:50<12:55:38,  2.27it/s]
3%|▎         | 3144/109000 [32:51<12:54:46,  2.28it/s]
3%|▎         | 3145/109000 [32:51<12:54:15,  2.28it/s]
3%|▎         | 3146/109000 [32:51<12:54:53,  2.28it/s]
3%|▎         | 3147/109000 [32:52<12:55:12,  2.28it/s]
3%|▎         | 3148/109000 [32:52<12:54:37,  2.28it/s]
3%|▎         | 3149/109000 [32:53<12:54:47,  2.28it/s]
3%|▎         | 3150/109000 [32:53<12:55:10,  2.28it/s]

{'loss': '6', 'grad_norm': '1.182', 'learning_rate': '4.856e-05', 'epoch': 
'0.289'}

3%|▎         | 3150/109000 [32:53<12:55:10,  2.28it/s]
3%|▎         | 3151/109000 [32:54<12:56:18,  2.27it/s]
3%|▎         | 3152/109000 [32:54<12:55:40,  2.27it/s]
3%|▎         | 3153/109000 [32:54<12:54:28,  2.28it/s]
3%|▎         | 3154/109000 [32:55<12:55:15,  2.28it/s]
3%|▎         | 3155/109000 [32:55<12:55:40,  2.27it/s]
3%|▎         | 3156/109000 [32:56<12:55:04,  2.28it/s]
3%|▎         | 3157/109000 [32:56<12:54:35,  2.28it/s]
3%|▎         | 3158/109000 [32:57<12:54:37,  2.28it/s]
3%|▎         | 3159/109000 [32:57<12:55:31,  2.27it/s]
3%|▎         | 3160/109000 [32:58<12:54:43,  2.28it/s]
3%|▎         | 3161/109000 [32:58<12:54:37,  2.28it/s]
3%|▎         | 3162/109000 [32:58<12:54:22,  2.28it/s]
3%|▎         | 3163/109000 [32:59<12:55:11,  2.28it/s]
3%|▎         | 3164/109000 [32:59<12:54:58,  2.28it/s]
3%|▎         | 3165/109000 [33:00<12:54:55,  2.28it/s]
3%|▎         | 3166/109000 [33:00<12:55:16,  2.28it/s]
3%|▎         | 3167/109000 [33:01<12:55:46,  2.27it/s]
3%|▎         | 3168/109000 [33:01<12:55:46,  2.27it/s]
3%|▎         | 3169/109000 [33:02<12:55:19,  2.27it/s]
3%|▎         | 3170/109000 [33:02<12:55:07,  2.28it/s]
3%|▎         | 3171/109000 [33:02<12:55:30,  2.27it/s]
3%|▎         | 3172/109000 [33:03<12:55:22,  2.27it/s]
3%|▎         | 3173/109000 [33:03<12:55:01,  2.28it/s]
3%|▎         | 3174/109000 [33:04<12:54:03,  2.28it/s]
3%|▎         | 3175/109000 [33:04<12:55:04,  2.28it/s]
3%|▎         | 3176/109000 [33:05<12:55:01,  2.28it/s]
3%|▎         | 3177/109000 [33:05<12:54:44,  2.28it/s]
3%|▎         | 3178/109000 [33:05<12:54:52,  2.28it/s]
3%|▎         | 3179/109000 [33:06<12:55:03,  2.28it/s]
3%|▎         | 3180/109000 [33:06<12:55:33,  2.27it/s]
3%|▎         | 3181/109000 [33:07<12:54:40,  2.28it/s]
3%|▎         | 3182/109000 [33:07<12:54:37,  2.28it/s]
3%|▎         | 3183/109000 [33:08<12:55:02,  2.28it/s]
3%|▎         | 3184/109000 [33:08<12:55:36,  2.27it/s]
3%|▎         | 3185/109000 [33:09<12:55:35,  2.27it/s]
3%|▎         | 3186/109000 [33:09<12:54:41,  2.28it/s]
3%|▎         | 3187/109000 [33:09<12:55:20,  2.27it/s]
3%|▎         | 3188/109000 [33:10<12:55:32,  2.27it/s]
3%|▎         | 3189/109000 [33:10<12:55:29,  2.27it/s]
3%|▎         | 3190/109000 [33:11<12:54:40,  2.28it/s]
3%|▎         | 3191/109000 [33:11<12:54:52,  2.28it/s]
3%|▎         | 3192/109000 [33:12<12:55:00,  2.28it/s]
3%|▎         | 3193/109000 [33:12<12:55:06,  2.28it/s]
3%|▎         | 3194/109000 [33:13<12:54:22,  2.28it/s]
3%|▎         | 3195/109000 [33:13<12:54:53,  2.28it/s]
3%|▎         | 3196/109000 [33:13<12:55:46,  2.27it/s]
3%|▎         | 3197/109000 [33:14<12:55:26,  2.27it/s]
3%|▎         | 3198/109000 [33:14<12:54:49,  2.28it/s]
3%|▎         | 3199/109000 [33:15<12:54:55,  2.28it/s]
3%|▎         | 3200/109000 [33:15<12:55:24,  2.27it/s]

{'loss': '6.011', 'grad_norm': '0.9988', 'learning_rate': '4.853e-05', 'epoch': 
'0.2936'}

3%|▎         | 3200/109000 [33:15<12:55:24,  2.27it/s]
3%|▎         | 3201/109000 [33:16<12:55:09,  2.27it/s]
3%|▎         | 3202/109000 [33:16<12:54:35,  2.28it/s]
3%|▎         | 3203/109000 [33:16<12:54:50,  2.28it/s]
3%|▎         | 3204/109000 [33:17<12:55:00,  2.28it/s]
3%|▎         | 3205/109000 [33:17<12:54:38,  2.28it/s]
3%|▎         | 3206/109000 [33:18<12:54:29,  2.28it/s]
3%|▎         | 3207/109000 [33:18<12:54:40,  2.28it/s]
3%|▎         | 3208/109000 [33:19<12:54:10,  2.28it/s]
3%|▎         | 3209/109000 [33:19<12:53:59,  2.28it/s]
3%|▎         | 3210/109000 [33:20<12:54:20,  2.28it/s]
3%|▎         | 3211/109000 [33:20<12:54:58,  2.28it/s]
3%|▎         | 3212/109000 [33:20<12:54:51,  2.28it/s]
3%|▎         | 3213/109000 [33:21<12:54:28,  2.28it/s]
3%|▎         | 3214/109000 [33:21<12:54:41,  2.28it/s]
3%|▎         | 3215/109000 [33:22<12:54:56,  2.28it/s]
3%|▎         | 3216/109000 [33:22<12:54:30,  2.28it/s]
3%|▎         | 3217/109000 [33:23<12:54:16,  2.28it/s]
3%|▎         | 3218/109000 [33:23<12:54:28,  2.28it/s]
3%|▎         | 3219/109000 [33:23<12:54:23,  2.28it/s]
3%|▎         | 3220/109000 [33:24<12:53:58,  2.28it/s]
3%|▎         | 3221/109000 [33:24<12:54:39,  2.28it/s]
3%|▎         | 3222/109000 [33:25<12:55:14,  2.27it/s]
3%|▎         | 3223/109000 [33:25<12:54:36,  2.28it/s]
3%|▎         | 3224/109000 [33:26<12:54:06,  2.28it/s]
3%|▎         | 3225/109000 [33:26<12:54:49,  2.28it/s]
3%|▎         | 3226/109000 [33:27<12:54:15,  2.28it/s]
3%|▎         | 3227/109000 [33:27<12:53:45,  2.28it/s]
3%|▎         | 3228/109000 [33:27<12:54:18,  2.28it/s]
3%|▎         | 3229/109000 [33:28<12:54:36,  2.28it/s]
3%|▎         | 3230/109000 [33:28<12:53:49,  2.28it/s]
3%|▎         | 3231/109000 [33:29<12:54:20,  2.28it/s]
3%|▎         | 3232/109000 [33:29<12:54:51,  2.27it/s]
3%|▎         | 3233/109000 [33:30<12:54:39,  2.28it/s]
3%|▎         | 3234/109000 [33:30<12:54:03,  2.28it/s]
3%|▎         | 3235/109000 [33:31<12:54:55,  2.27it/s]
3%|▎         | 3236/109000 [33:31<12:55:01,  2.27it/s]
3%|▎         | 3237/109000 [33:31<12:54:27,  2.28it/s]
3%|▎         | 3238/109000 [33:32<12:54:04,  2.28it/s]
3%|▎         | 3239/109000 [33:32<12:54:06,  2.28it/s]
3%|▎         | 3240/109000 [33:33<12:55:06,  2.27it/s]
3%|▎         | 3241/109000 [33:33<12:54:12,  2.28it/s]
3%|▎         | 3242/109000 [33:34<12:54:36,  2.28it/s]
3%|▎         | 3243/109000 [33:34<12:54:45,  2.28it/s]
3%|▎         | 3244/109000 [33:34<12:54:46,  2.28it/s]
3%|▎         | 3245/109000 [33:35<12:54:25,  2.28it/s]
3%|▎         | 3246/109000 [33:35<12:54:14,  2.28it/s]
3%|▎         | 3247/109000 [33:36<12:54:44,  2.28it/s]
3%|▎         | 3248/109000 [33:36<12:54:57,  2.27it/s]
3%|▎         | 3249/109000 [33:37<12:54:16,  2.28it/s]
3%|▎         | 3250/109000 [33:37<12:54:53,  2.27it/s]

{'loss': '5.991', 'grad_norm': '0.9921', 'learning_rate': '4.851e-05', 'epoch': 
'0.2982'}

3%|▎         | 3250/109000 [33:37<12:54:53,  2.27it/s]

0%|          | 0/3662 [00:00<?, ?it/s][A

0%|          | 9/3662 [00:00<00:41, 87.96it/s][A

0%|          | 18/3662 [00:00<00:43, 83.19it/s][A

1%|          | 27/3662 [00:00<00:44, 81.41it/s][A

1%|          | 36/3662 [00:00<00:44, 80.80it/s][A

1%|          | 45/3662 [00:00<00:44, 80.64it/s][A

1%|▏         | 54/3662 [00:00<00:44, 80.70it/s][A

2%|▏         | 63/3662 [00:00<00:44, 80.65it/s][A

2%|▏         | 72/3662 [00:00<00:44, 80.07it/s][A

2%|▏         | 81/3662 [00:01<00:44, 79.87it/s][A

2%|▏         | 89/3662 [00:01<00:44, 79.76it/s][A

3%|▎         | 97/3662 [00:01<00:44, 79.61it/s][A

3%|▎         | 105/3662 [00:01<00:44, 79.62it/s][A

3%|▎         | 113/3662 [00:01<00:44, 79.58it/s][A

3%|▎         | 121/3662 [00:01<00:44, 79.50it/s][A

4%|▎         | 129/3662 [00:01<00:44, 79.49it/s][A

4%|▎         | 137/3662 [00:01<00:44, 79.12it/s][A

4%|▍         | 145/3662 [00:01<00:44, 78.91it/s][A

4%|▍         | 153/3662 [00:01<00:44, 78.70it/s][A

4%|▍         | 161/3662 [00:02<00:44, 78.52it/s][A

5%|▍         | 169/3662 [00:02<00:44, 78.61it/s][A

5%|▍         | 177/3662 [00:02<00:44, 78.61it/s][A

5%|▌         | 185/3662 [00:02<00:44, 78.44it/s][A

5%|▌         | 193/3662 [00:02<00:44, 78.20it/s][A

5%|▌         | 201/3662 [00:02<00:44, 78.08it/s][A

6%|▌         | 209/3662 [00:02<00:44, 78.02it/s][A

6%|▌         | 217/3662 [00:02<00:44, 78.10it/s][A

6%|▌         | 225/3662 [00:02<00:43, 78.31it/s][A

6%|▋         | 233/3662 [00:02<00:43, 78.39it/s][A

7%|▋         | 241/3662 [00:03<00:43, 78.27it/s][A

7%|▋         | 249/3662 [00:03<00:43, 78.28it/s][A

7%|▋         | 257/3662 [00:03<00:43, 78.38it/s][A

7%|▋         | 265/3662 [00:03<00:43, 78.55it/s][A

7%|▋         | 273/3662 [00:03<00:43, 78.39it/s][A

8%|▊         | 281/3662 [00:03<00:43, 78.35it/s][A

8%|▊         | 289/3662 [00:03<00:43, 78.15it/s][A

8%|▊         | 297/3662 [00:03<00:43, 78.17it/s][A

8%|▊         | 305/3662 [00:03<00:42, 78.27it/s][A

9%|▊         | 313/3662 [00:03<00:42, 78.25it/s][A

9%|▉         | 321/3662 [00:04<00:42, 78.06it/s][A

9%|▉         | 329/3662 [00:04<00:42, 78.31it/s][A

9%|▉         | 337/3662 [00:04<00:42, 78.35it/s][A

9%|▉         | 345/3662 [00:04<00:42, 78.33it/s][A

10%|▉         | 353/3662 [00:04<00:42, 78.38it/s][A

10%|▉         | 361/3662 [00:04<00:42, 78.09it/s][A

10%|█         | 369/3662 [00:04<00:42, 78.06it/s][A

10%|█         | 377/3662 [00:04<00:42, 77.91it/s][A

11%|█         | 385/3662 [00:04<00:42, 77.84it/s][A

11%|█         | 393/3662 [00:04<00:41, 77.88it/s][A

11%|█         | 401/3662 [00:05<00:41, 78.03it/s][A

11%|█         | 409/3662 [00:05<00:41, 78.07it/s][A

11%|█▏        | 417/3662 [00:05<00:41, 78.38it/s][A

12%|█▏        | 425/3662 [00:05<00:41, 78.37it/s][A

12%|█▏        | 433/3662 [00:05<00:41, 78.09it/s][A

12%|█▏        | 441/3662 [00:05<00:41, 77.76it/s][A

12%|█▏        | 449/3662 [00:05<00:41, 77.43it/s][A

12%|█▏        | 457/3662 [00:05<00:41, 77.09it/s][A

13%|█▎        | 465/3662 [00:05<00:41, 77.30it/s][A

13%|█▎        | 473/3662 [00:06<00:41, 77.05it/s][A

13%|█▎        | 481/3662 [00:06<00:41, 77.00it/s][A

13%|█▎        | 489/3662 [00:06<00:41, 76.83it/s][A

14%|█▎        | 497/3662 [00:06<00:41, 76.50it/s][A

14%|█▍        | 505/3662 [00:06<00:41, 76.63it/s][A

14%|█▍        | 513/3662 [00:06<00:41, 76.53it/s][A

14%|█▍        | 521/3662 [00:06<00:41, 76.47it/s][A

14%|█▍        | 529/3662 [00:06<00:40, 76.43it/s][A

15%|█▍        | 537/3662 [00:06<00:40, 76.46it/s][A

15%|█▍        | 545/3662 [00:06<00:40, 76.35it/s][A

15%|█▌        | 553/3662 [00:07<00:40, 76.39it/s][A

15%|█▌        | 561/3662 [00:07<00:40, 76.36it/s][A

16%|█▌        | 569/3662 [00:07<00:40, 76.49it/s][A

16%|█▌        | 577/3662 [00:07<00:40, 76.65it/s][A

16%|█▌        | 585/3662 [00:07<00:40, 76.72it/s][A

16%|█▌        | 593/3662 [00:07<00:40, 76.53it/s][A

16%|█▋        | 601/3662 [00:07<00:40, 76.47it/s][A

17%|█▋        | 609/3662 [00:07<00:39, 76.53it/s][A

17%|█▋        | 617/3662 [00:07<00:39, 76.36it/s][A

17%|█▋        | 625/3662 [00:08<00:39, 76.28it/s][A

17%|█▋        | 633/3662 [00:08<00:39, 76.27it/s][A

18%|█▊        | 641/3662 [00:08<00:39, 76.32it/s][A

18%|█▊        | 649/3662 [00:08<00:39, 76.39it/s][A

18%|█▊        | 657/3662 [00:08<00:39, 76.44it/s][A

18%|█▊        | 665/3662 [00:08<00:39, 76.35it/s][A

18%|█▊        | 673/3662 [00:08<00:39, 76.23it/s][A

19%|█▊        | 681/3662 [00:08<00:39, 76.41it/s][A

19%|█▉        | 689/3662 [00:08<00:38, 76.35it/s][A

19%|█▉        | 697/3662 [00:08<00:38, 76.46it/s][A

19%|█▉        | 705/3662 [00:09<00:38, 76.61it/s][A

19%|█▉        | 713/3662 [00:09<00:38, 76.20it/s][A

20%|█▉        | 721/3662 [00:09<00:38, 76.73it/s][A

20%|█▉        | 729/3662 [00:09<00:37, 77.19it/s][A

20%|██        | 737/3662 [00:09<00:37, 77.53it/s][A

20%|██        | 745/3662 [00:09<00:37, 77.48it/s][A

21%|██        | 753/3662 [00:09<00:37, 77.51it/s][A

21%|██        | 761/3662 [00:09<00:37, 77.65it/s][A

21%|██        | 769/3662 [00:09<00:37, 77.57it/s][A

21%|██        | 777/3662 [00:09<00:37, 77.60it/s][A

21%|██▏       | 785/3662 [00:10<00:37, 77.74it/s][A

22%|██▏       | 793/3662 [00:10<00:36, 78.10it/s][A

22%|██▏       | 801/3662 [00:10<00:36, 78.04it/s][A

22%|██▏       | 809/3662 [00:10<00:36, 77.56it/s][A

22%|██▏       | 817/3662 [00:10<00:36, 78.03it/s][A

23%|██▎       | 825/3662 [00:10<00:36, 77.91it/s][A

23%|██▎       | 833/3662 [00:10<00:36, 77.97it/s][A

23%|██▎       | 841/3662 [00:10<00:36, 78.09it/s][A

23%|██▎       | 849/3662 [00:10<00:36, 78.11it/s][A

23%|██▎       | 857/3662 [00:11<00:35, 78.04it/s][A

24%|██▎       | 865/3662 [00:11<00:35, 78.01it/s][A

24%|██▍       | 873/3662 [00:11<00:35, 78.06it/s][A

24%|██▍       | 881/3662 [00:11<00:35, 78.47it/s][A

24%|██▍       | 889/3662 [00:11<00:35, 78.61it/s][A

24%|██▍       | 897/3662 [00:11<00:35, 78.81it/s][A

25%|██▍       | 905/3662 [00:11<00:34, 78.92it/s][A

25%|██▍       | 913/3662 [00:11<00:34, 78.60it/s][A

25%|██▌       | 921/3662 [00:11<00:34, 78.58it/s][A

25%|██▌       | 929/3662 [00:11<00:34, 78.58it/s][A

26%|██▌       | 937/3662 [00:12<00:34, 78.57it/s][A

26%|██▌       | 945/3662 [00:12<00:34, 78.58it/s][A

26%|██▌       | 953/3662 [00:12<00:34, 78.16it/s][A

26%|██▌       | 961/3662 [00:12<00:34, 78.11it/s][A

26%|██▋       | 969/3662 [00:12<00:34, 77.67it/s][A

27%|██▋       | 977/3662 [00:12<00:34, 77.62it/s][A

27%|██▋       | 985/3662 [00:12<00:34, 77.91it/s][A

27%|██▋       | 993/3662 [00:12<00:34, 77.69it/s][A

27%|██▋       | 1001/3662 [00:12<00:34, 77.96it/s][A

28%|██▊       | 1009/3662 [00:12<00:33, 78.30it/s][A

28%|██▊       | 1017/3662 [00:13<00:33, 78.75it/s][A

28%|██▊       | 1025/3662 [00:13<00:33, 79.00it/s][A

28%|██▊       | 1033/3662 [00:13<00:33, 78.69it/s][A

28%|██▊       | 1041/3662 [00:13<00:33, 78.60it/s][A

29%|██▊       | 1049/3662 [00:13<00:33, 78.37it/s][A

29%|██▉       | 1057/3662 [00:13<00:33, 78.42it/s][A

29%|██▉       | 1065/3662 [00:13<00:33, 78.19it/s][A

29%|██▉       | 1073/3662 [00:13<00:33, 78.11it/s][A

30%|██▉       | 1081/3662 [00:13<00:33, 78.15it/s][A

30%|██▉       | 1089/3662 [00:13<00:32, 78.21it/s][A

30%|██▉       | 1097/3662 [00:14<00:32, 78.37it/s][A

30%|███       | 1105/3662 [00:14<00:32, 78.03it/s][A

30%|███       | 1113/3662 [00:14<00:32, 78.13it/s][A

31%|███       | 1121/3662 [00:14<00:32, 78.40it/s][A

31%|███       | 1129/3662 [00:14<00:32, 78.45it/s][A

31%|███       | 1137/3662 [00:14<00:32, 78.41it/s][A

31%|███▏      | 1145/3662 [00:14<00:32, 78.44it/s][A

31%|███▏      | 1153/3662 [00:14<00:32, 78.27it/s][A

32%|███▏      | 1161/3662 [00:14<00:31, 78.21it/s][A

32%|███▏      | 1169/3662 [00:14<00:31, 78.50it/s][A

32%|███▏      | 1177/3662 [00:15<00:31, 78.56it/s][A

32%|███▏      | 1185/3662 [00:15<00:31, 78.55it/s][A

33%|███▎      | 1193/3662 [00:15<00:31, 78.46it/s][A

33%|███▎      | 1201/3662 [00:15<00:31, 78.32it/s][A

33%|███▎      | 1209/3662 [00:15<00:31, 78.20it/s][A

33%|███▎      | 1217/3662 [00:15<00:31, 78.01it/s][A

33%|███▎      | 1225/3662 [00:15<00:31, 77.65it/s][A

34%|███▎      | 1233/3662 [00:15<00:31, 77.74it/s][A

34%|███▍      | 1241/3662 [00:15<00:31, 77.69it/s][A

34%|███▍      | 1249/3662 [00:16<00:31, 77.72it/s][A

34%|███▍      | 1257/3662 [00:16<00:30, 78.00it/s][A

35%|███▍      | 1265/3662 [00:16<00:30, 77.92it/s][A

35%|███▍      | 1273/3662 [00:16<00:30, 77.97it/s][A

35%|███▍      | 1281/3662 [00:16<00:30, 77.98it/s][A

35%|███▌      | 1289/3662 [00:16<00:30, 78.09it/s][A

35%|███▌      | 1297/3662 [00:16<00:30, 78.12it/s][A

36%|███▌      | 1305/3662 [00:16<00:30, 78.03it/s][A

36%|███▌      | 1313/3662 [00:16<00:30, 78.19it/s][A

36%|███▌      | 1321/3662 [00:16<00:29, 78.39it/s][A

36%|███▋      | 1329/3662 [00:17<00:29, 78.44it/s][A

37%|███▋      | 1337/3662 [00:17<00:29, 78.56it/s][A

37%|███▋      | 1345/3662 [00:17<00:29, 78.62it/s][A

37%|███▋      | 1353/3662 [00:17<00:29, 78.83it/s][A

37%|███▋      | 1361/3662 [00:17<00:29, 78.64it/s][A

37%|███▋      | 1369/3662 [00:17<00:29, 78.80it/s][A

38%|███▊      | 1377/3662 [00:17<00:29, 78.74it/s][A

38%|███▊      | 1385/3662 [00:17<00:28, 78.56it/s][A

38%|███▊      | 1393/3662 [00:17<00:28, 78.52it/s][A

38%|███▊      | 1401/3662 [00:17<00:28, 78.50it/s][A

38%|███▊      | 1409/3662 [00:18<00:28, 78.48it/s][A

39%|███▊      | 1417/3662 [00:18<00:28, 78.50it/s][A

39%|███▉      | 1425/3662 [00:18<00:28, 78.58it/s][A

39%|███▉      | 1433/3662 [00:18<00:28, 78.63it/s][A

39%|███▉      | 1441/3662 [00:18<00:28, 78.49it/s][A

40%|███▉      | 1449/3662 [00:18<00:28, 78.47it/s][A

40%|███▉      | 1457/3662 [00:18<00:27, 78.78it/s][A

40%|████      | 1466/3662 [00:18<00:27, 79.48it/s][A

40%|████      | 1475/3662 [00:18<00:27, 79.86it/s][A

41%|████      | 1484/3662 [00:18<00:27, 80.25it/s][A

41%|████      | 1493/3662 [00:19<00:27, 80.21it/s][A

41%|████      | 1502/3662 [00:19<00:26, 80.29it/s][A

41%|████▏     | 1511/3662 [00:19<00:26, 80.47it/s][A

42%|████▏     | 1520/3662 [00:19<00:26, 80.50it/s][A

42%|████▏     | 1529/3662 [00:19<00:26, 80.53it/s][A

42%|████▏     | 1538/3662 [00:19<00:26, 80.47it/s][A

42%|████▏     | 1547/3662 [00:19<00:26, 80.13it/s][A

42%|████▏     | 1556/3662 [00:19<00:26, 79.91it/s][A

43%|████▎     | 1565/3662 [00:20<00:26, 80.04it/s][A

43%|████▎     | 1574/3662 [00:20<00:26, 80.12it/s][A

43%|████▎     | 1583/3662 [00:20<00:25, 80.14it/s][A

43%|████▎     | 1592/3662 [00:20<00:25, 80.23it/s][A

44%|████▎     | 1601/3662 [00:20<00:25, 80.12it/s][A

44%|████▍     | 1610/3662 [00:20<00:25, 80.07it/s][A

44%|████▍     | 1619/3662 [00:20<00:25, 79.93it/s][A

44%|████▍     | 1628/3662 [00:20<00:25, 79.98it/s][A

45%|████▍     | 1637/3662 [00:20<00:25, 80.08it/s][A

45%|████▍     | 1646/3662 [00:21<00:25, 80.12it/s][A

45%|████▌     | 1655/3662 [00:21<00:25, 80.21it/s][A

45%|████▌     | 1664/3662 [00:21<00:24, 80.26it/s][A

46%|████▌     | 1673/3662 [00:21<00:24, 80.25it/s][A

46%|████▌     | 1682/3662 [00:21<00:24, 80.04it/s][A

46%|████▌     | 1691/3662 [00:21<00:24, 79.57it/s][A

46%|████▋     | 1699/3662 [00:21<00:24, 79.32it/s][A

47%|████▋     | 1707/3662 [00:21<00:24, 79.10it/s][A

47%|████▋     | 1715/3662 [00:21<00:24, 79.03it/s][A

47%|████▋     | 1723/3662 [00:21<00:24, 78.95it/s][A

47%|████▋     | 1731/3662 [00:22<00:24, 78.77it/s][A

47%|████▋     | 1739/3662 [00:22<00:24, 78.75it/s][A

48%|████▊     | 1747/3662 [00:22<00:24, 78.82it/s][A

48%|████▊     | 1756/3662 [00:22<00:24, 79.21it/s][A

48%|████▊     | 1765/3662 [00:22<00:23, 79.47it/s][A

48%|████▊     | 1774/3662 [00:22<00:23, 79.65it/s][A

49%|████▊     | 1783/3662 [00:22<00:23, 79.91it/s][A

49%|████▉     | 1791/3662 [00:22<00:23, 79.89it/s][A

49%|████▉     | 1799/3662 [00:22<00:23, 79.86it/s][A

49%|████▉     | 1807/3662 [00:23<00:23, 79.59it/s][A

50%|████▉     | 1815/3662 [00:23<00:23, 79.38it/s][A

50%|████▉     | 1823/3662 [00:23<00:23, 79.15it/s][A

50%|█████     | 1831/3662 [00:23<00:23, 79.02it/s][A

50%|█████     | 1839/3662 [00:23<00:23, 79.01it/s][A

50%|█████     | 1847/3662 [00:23<00:22, 78.95it/s][A

51%|█████     | 1855/3662 [00:23<00:22, 78.60it/s][A

51%|█████     | 1863/3662 [00:23<00:22, 78.52it/s][A

51%|█████     | 1871/3662 [00:23<00:22, 78.62it/s][A

51%|█████▏    | 1879/3662 [00:23<00:22, 78.55it/s][A

52%|█████▏    | 1887/3662 [00:24<00:22, 78.45it/s][A

52%|█████▏    | 1895/3662 [00:24<00:22, 78.82it/s][A

52%|█████▏    | 1904/3662 [00:24<00:22, 79.18it/s][A

52%|█████▏    | 1912/3662 [00:24<00:22, 79.40it/s][A

52%|█████▏    | 1921/3662 [00:24<00:21, 79.58it/s][A

53%|█████▎    | 1929/3662 [00:24<00:21, 79.66it/s][A

53%|█████▎    | 1937/3662 [00:24<00:21, 79.75it/s][A

53%|█████▎    | 1945/3662 [00:24<00:21, 79.66it/s][A

53%|█████▎    | 1953/3662 [00:24<00:21, 79.46it/s][A

54%|█████▎    | 1961/3662 [00:24<00:21, 79.00it/s][A

54%|█████▍    | 1969/3662 [00:25<00:21, 78.78it/s][A

54%|█████▍    | 1977/3662 [00:25<00:21, 78.68it/s][A

54%|█████▍    | 1985/3662 [00:25<00:21, 78.88it/s][A

54%|█████▍    | 1993/3662 [00:25<00:21, 79.16it/s][A

55%|█████▍    | 2001/3662 [00:25<00:21, 78.75it/s][A

55%|█████▍    | 2009/3662 [00:25<00:21, 78.65it/s][A

55%|█████▌    | 2017/3662 [00:25<00:20, 78.80it/s][A

55%|█████▌    | 2025/3662 [00:25<00:20, 78.60it/s][A

56%|█████▌    | 2033/3662 [00:25<00:20, 78.39it/s][A

56%|█████▌    | 2041/3662 [00:26<00:20, 78.20it/s][A

56%|█████▌    | 2049/3662 [00:26<00:20, 77.91it/s][A

56%|█████▌    | 2057/3662 [00:26<00:20, 77.96it/s][A

56%|█████▋    | 2065/3662 [00:26<00:20, 77.92it/s][A

57%|█████▋    | 2073/3662 [00:26<00:20, 77.84it/s][A

57%|█████▋    | 2081/3662 [00:26<00:20, 77.75it/s][A

57%|█████▋    | 2089/3662 [00:26<00:20, 77.82it/s][A

57%|█████▋    | 2097/3662 [00:26<00:19, 78.39it/s][A

57%|█████▋    | 2105/3662 [00:26<00:19, 78.16it/s][A

58%|█████▊    | 2113/3662 [00:26<00:19, 78.12it/s][A

58%|█████▊    | 2121/3662 [00:27<00:19, 77.88it/s][A

58%|█████▊    | 2129/3662 [00:27<00:19, 77.69it/s][A

58%|█████▊    | 2137/3662 [00:27<00:19, 77.88it/s][A

59%|█████▊    | 2145/3662 [00:27<00:19, 77.84it/s][A

59%|█████▉    | 2153/3662 [00:27<00:19, 77.86it/s][A

59%|█████▉    | 2161/3662 [00:27<00:19, 77.84it/s][A

59%|█████▉    | 2169/3662 [00:27<00:19, 77.67it/s][A

59%|█████▉    | 2177/3662 [00:27<00:19, 77.57it/s][A

60%|█████▉    | 2185/3662 [00:27<00:19, 77.64it/s][A

60%|█████▉    | 2193/3662 [00:27<00:18, 77.68it/s][A

60%|██████    | 2201/3662 [00:28<00:18, 77.77it/s][A

60%|██████    | 2209/3662 [00:28<00:18, 77.89it/s][A

61%|██████    | 2217/3662 [00:28<00:18, 77.80it/s][A

61%|██████    | 2225/3662 [00:28<00:18, 77.80it/s][A

61%|██████    | 2233/3662 [00:28<00:18, 77.82it/s][A

61%|██████    | 2241/3662 [00:28<00:18, 77.76it/s][A

61%|██████▏   | 2249/3662 [00:28<00:18, 77.66it/s][A

62%|██████▏   | 2257/3662 [00:28<00:18, 77.61it/s][A

62%|██████▏   | 2265/3662 [00:28<00:18, 77.58it/s][A

62%|██████▏   | 2273/3662 [00:28<00:17, 77.65it/s][A

62%|██████▏   | 2281/3662 [00:29<00:17, 77.70it/s][A

63%|██████▎   | 2289/3662 [00:29<00:17, 77.82it/s][A

63%|██████▎   | 2297/3662 [00:29<00:17, 77.68it/s][A

63%|██████▎   | 2305/3662 [00:29<00:17, 77.65it/s][A

63%|██████▎   | 2313/3662 [00:29<00:17, 77.67it/s][A

63%|██████▎   | 2321/3662 [00:29<00:17, 77.53it/s][A

64%|██████▎   | 2329/3662 [00:29<00:17, 77.44it/s][A

64%|██████▍   | 2337/3662 [00:29<00:17, 77.59it/s][A

64%|██████▍   | 2345/3662 [00:29<00:16, 77.97it/s][A

64%|██████▍   | 2353/3662 [00:30<00:16, 77.90it/s][A

64%|██████▍   | 2361/3662 [00:30<00:16, 77.84it/s][A

65%|██████▍   | 2369/3662 [00:30<00:16, 77.84it/s][A

65%|██████▍   | 2377/3662 [00:30<00:16, 77.66it/s][A

65%|██████▌   | 2385/3662 [00:30<00:16, 77.67it/s][A

65%|██████▌   | 2393/3662 [00:30<00:16, 77.82it/s][A

66%|██████▌   | 2401/3662 [00:30<00:16, 77.82it/s][A

66%|██████▌   | 2409/3662 [00:30<00:16, 77.86it/s][A

66%|██████▌   | 2417/3662 [00:30<00:16, 77.80it/s][A

66%|██████▌   | 2425/3662 [00:30<00:15, 77.85it/s][A

66%|██████▋   | 2433/3662 [00:31<00:15, 77.86it/s][A

67%|██████▋   | 2441/3662 [00:31<00:15, 77.78it/s][A

67%|██████▋   | 2449/3662 [00:31<00:15, 77.66it/s][A

67%|██████▋   | 2457/3662 [00:31<00:15, 77.74it/s][A

67%|██████▋   | 2465/3662 [00:31<00:15, 77.76it/s][A

68%|██████▊   | 2473/3662 [00:31<00:15, 77.84it/s][A

68%|██████▊   | 2481/3662 [00:31<00:15, 77.71it/s][A

68%|██████▊   | 2489/3662 [00:31<00:15, 77.66it/s][A

68%|██████▊   | 2497/3662 [00:31<00:15, 77.58it/s][A

68%|██████▊   | 2505/3662 [00:31<00:14, 77.65it/s][A

69%|██████▊   | 2513/3662 [00:32<00:14, 77.46it/s][A

69%|██████▉   | 2521/3662 [00:32<00:14, 77.59it/s][A

69%|██████▉   | 2529/3662 [00:32<00:14, 77.49it/s][A

69%|██████▉   | 2537/3662 [00:32<00:14, 77.24it/s][A

69%|██████▉   | 2545/3662 [00:32<00:14, 77.29it/s][A

70%|██████▉   | 2553/3662 [00:32<00:14, 77.38it/s][A

70%|██████▉   | 2561/3662 [00:32<00:14, 77.37it/s][A

70%|███████   | 2569/3662 [00:32<00:14, 77.37it/s][A

70%|███████   | 2577/3662 [00:32<00:14, 77.36it/s][A

71%|███████   | 2585/3662 [00:33<00:13, 77.49it/s][A

71%|███████   | 2593/3662 [00:33<00:13, 77.41it/s][A

71%|███████   | 2601/3662 [00:33<00:13, 77.53it/s][A

71%|███████   | 2609/3662 [00:33<00:13, 77.54it/s][A

71%|███████▏  | 2617/3662 [00:33<00:13, 77.63it/s][A

72%|███████▏  | 2625/3662 [00:33<00:13, 77.67it/s][A

72%|███████▏  | 2633/3662 [00:33<00:13, 77.43it/s][A

72%|███████▏  | 2641/3662 [00:33<00:13, 77.52it/s][A

72%|███████▏  | 2649/3662 [00:33<00:13, 77.59it/s][A

73%|███████▎  | 2657/3662 [00:33<00:12, 77.56it/s][A

73%|███████▎  | 2665/3662 [00:34<00:12, 77.85it/s][A

73%|███████▎  | 2673/3662 [00:34<00:12, 78.05it/s][A

73%|███████▎  | 2681/3662 [00:34<00:12, 78.34it/s][A

73%|███████▎  | 2689/3662 [00:34<00:12, 78.19it/s][A

74%|███████▎  | 2697/3662 [00:34<00:12, 78.16it/s][A

74%|███████▍  | 2705/3662 [00:34<00:12, 78.18it/s][A

74%|███████▍  | 2713/3662 [00:34<00:12, 78.19it/s][A

74%|███████▍  | 2721/3662 [00:34<00:12, 78.21it/s][A

75%|███████▍  | 2729/3662 [00:34<00:11, 78.15it/s][A

75%|███████▍  | 2737/3662 [00:34<00:11, 78.28it/s][A

75%|███████▍  | 2745/3662 [00:35<00:11, 78.09it/s][A

75%|███████▌  | 2753/3662 [00:35<00:11, 78.19it/s][A

75%|███████▌  | 2761/3662 [00:35<00:11, 78.03it/s][A

76%|███████▌  | 2769/3662 [00:35<00:11, 78.05it/s][A

76%|███████▌  | 2777/3662 [00:35<00:11, 78.10it/s][A

76%|███████▌  | 2785/3662 [00:35<00:11, 78.04it/s][A

76%|███████▋  | 2793/3662 [00:35<00:11, 78.03it/s][A

76%|███████▋  | 2801/3662 [00:35<00:11, 78.00it/s][A

77%|███████▋  | 2809/3662 [00:35<00:10, 78.06it/s][A

77%|███████▋  | 2817/3662 [00:35<00:10, 78.04it/s][A

77%|███████▋  | 2825/3662 [00:36<00:10, 77.96it/s][A

77%|███████▋  | 2833/3662 [00:36<00:10, 78.08it/s][A

78%|███████▊  | 2841/3662 [00:36<00:10, 77.76it/s][A

78%|███████▊  | 2849/3662 [00:36<00:10, 78.40it/s][A

78%|███████▊  | 2857/3662 [00:36<00:10, 78.34it/s][A

78%|███████▊  | 2865/3662 [00:36<00:10, 78.15it/s][A

78%|███████▊  | 2873/3662 [00:36<00:10, 73.50it/s][A

79%|███████▊  | 2881/3662 [00:36<00:10, 75.27it/s][A

79%|███████▉  | 2889/3662 [00:36<00:10, 75.97it/s][A

79%|███████▉  | 2897/3662 [00:37<00:10, 76.40it/s][A

79%|███████▉  | 2905/3662 [00:37<00:09, 76.84it/s][A

80%|███████▉  | 2913/3662 [00:37<00:09, 77.13it/s][A

80%|███████▉  | 2921/3662 [00:37<00:09, 77.36it/s][A

80%|███████▉  | 2929/3662 [00:37<00:09, 77.46it/s][A

80%|████████  | 2937/3662 [00:37<00:09, 77.61it/s][A

80%|████████  | 2945/3662 [00:37<00:09, 77.54it/s][A

81%|████████  | 2953/3662 [00:37<00:09, 77.35it/s][A

81%|████████  | 2961/3662 [00:37<00:09, 77.40it/s][A

81%|████████  | 2969/3662 [00:37<00:08, 77.32it/s][A

81%|████████▏ | 2977/3662 [00:38<00:08, 77.39it/s][A

82%|████████▏ | 2985/3662 [00:38<00:08, 77.63it/s][A

82%|████████▏ | 2993/3662 [00:38<00:08, 77.68it/s][A

82%|████████▏ | 3001/3662 [00:38<00:08, 77.90it/s][A

82%|████████▏ | 3009/3662 [00:38<00:08, 78.09it/s][A

82%|████████▏ | 3017/3662 [00:38<00:08, 78.24it/s][A

83%|████████▎ | 3025/3662 [00:38<00:08, 78.20it/s][A

83%|████████▎ | 3033/3662 [00:38<00:08, 78.29it/s][A

83%|████████▎ | 3041/3662 [00:38<00:07, 78.32it/s][A

83%|████████▎ | 3049/3662 [00:38<00:07, 78.48it/s][A

83%|████████▎ | 3057/3662 [00:39<00:07, 78.44it/s][A

84%|████████▎ | 3065/3662 [00:39<00:07, 78.44it/s][A

84%|████████▍ | 3073/3662 [00:39<00:07, 78.40it/s][A

84%|████████▍ | 3081/3662 [00:39<00:07, 78.55it/s][A

84%|████████▍ | 3089/3662 [00:39<00:07, 78.53it/s][A

85%|████████▍ | 3097/3662 [00:39<00:07, 78.48it/s][A

85%|████████▍ | 3105/3662 [00:39<00:07, 78.44it/s][A

85%|████████▌ | 3113/3662 [00:39<00:06, 78.46it/s][A

85%|████████▌ | 3121/3662 [00:39<00:06, 78.43it/s][A

85%|████████▌ | 3129/3662 [00:40<00:06, 78.39it/s][A

86%|████████▌ | 3137/3662 [00:40<00:06, 78.34it/s][A

86%|████████▌ | 3145/3662 [00:40<00:06, 78.40it/s][A

86%|████████▌ | 3153/3662 [00:40<00:06, 78.46it/s][A

86%|████████▋ | 3161/3662 [00:40<00:06, 78.48it/s][A

87%|████████▋ | 3169/3662 [00:40<00:06, 78.59it/s][A

87%|████████▋ | 3177/3662 [00:40<00:06, 78.59it/s][A

87%|████████▋ | 3185/3662 [00:40<00:06, 78.61it/s][A

87%|████████▋ | 3193/3662 [00:40<00:05, 78.62it/s][A

87%|████████▋ | 3201/3662 [00:40<00:05, 78.65it/s][A

88%|████████▊ | 3209/3662 [00:41<00:05, 78.61it/s][A

88%|████████▊ | 3217/3662 [00:41<00:05, 78.64it/s][A

88%|████████▊ | 3226/3662 [00:41<00:05, 79.09it/s][A

88%|████████▊ | 3234/3662 [00:41<00:05, 79.07it/s][A

89%|████████▊ | 3242/3662 [00:41<00:05, 78.80it/s][A

89%|████████▊ | 3250/3662 [00:41<00:05, 78.81it/s][A

89%|████████▉ | 3258/3662 [00:41<00:05, 78.68it/s][A

89%|████████▉ | 3266/3662 [00:41<00:05, 78.57it/s][A

89%|████████▉ | 3274/3662 [00:41<00:04, 78.46it/s][A

90%|████████▉ | 3282/3662 [00:41<00:04, 78.29it/s][A

90%|████████▉ | 3290/3662 [00:42<00:04, 78.60it/s][A

90%|█████████ | 3298/3662 [00:42<00:04, 78.57it/s][A

90%|█████████ | 3306/3662 [00:42<00:04, 78.43it/s][A

90%|█████████ | 3314/3662 [00:42<00:04, 78.18it/s][A

91%|█████████ | 3322/3662 [00:42<00:04, 77.95it/s][A

91%|█████████ | 3330/3662 [00:42<00:04, 78.00it/s][A

91%|█████████ | 3338/3662 [00:42<00:04, 77.86it/s][A

91%|█████████▏| 3346/3662 [00:42<00:04, 77.78it/s][A

92%|█████████▏| 3354/3662 [00:42<00:03, 77.85it/s][A

92%|█████████▏| 3362/3662 [00:42<00:03, 77.46it/s][A

92%|█████████▏| 3370/3662 [00:43<00:03, 77.61it/s][A

92%|█████████▏| 3378/3662 [00:43<00:03, 77.58it/s][A

92%|█████████▏| 3386/3662 [00:43<00:03, 77.62it/s][A

93%|█████████▎| 3394/3662 [00:43<00:03, 77.69it/s][A

93%|█████████▎| 3402/3662 [00:43<00:03, 77.51it/s][A

93%|█████████▎| 3410/3662 [00:43<00:03, 77.85it/s][A

93%|█████████▎| 3418/3662 [00:43<00:03, 77.92it/s][A

94%|█████████▎| 3426/3662 [00:43<00:03, 78.04it/s][A

94%|█████████▍| 3434/3662 [00:43<00:02, 78.20it/s][A

94%|█████████▍| 3442/3662 [00:44<00:02, 78.04it/s][A

94%|█████████▍| 3450/3662 [00:44<00:02, 77.73it/s][A

94%|█████████▍| 3458/3662 [00:44<00:02, 77.91it/s][A

95%|█████████▍| 3466/3662 [00:44<00:02, 78.01it/s][A

95%|█████████▍| 3474/3662 [00:44<00:02, 77.94it/s][A

95%|█████████▌| 3482/3662 [00:44<00:02, 77.95it/s][A

95%|█████████▌| 3490/3662 [00:44<00:02, 77.93it/s][A

96%|█████████▌| 3498/3662 [00:44<00:02, 77.80it/s][A

96%|█████████▌| 3506/3662 [00:44<00:02, 77.95it/s][A

96%|█████████▌| 3514/3662 [00:44<00:01, 77.90it/s][A

96%|█████████▌| 3522/3662 [00:45<00:01, 77.93it/s][A

96%|█████████▋| 3530/3662 [00:45<00:01, 78.00it/s][A

97%|█████████▋| 3538/3662 [00:45<00:01, 78.15it/s][A

97%|█████████▋| 3546/3662 [00:45<00:01, 78.10it/s][A

97%|█████████▋| 3554/3662 [00:45<00:01, 78.07it/s][A

97%|█████████▋| 3562/3662 [00:45<00:01, 78.10it/s][A

97%|█████████▋| 3570/3662 [00:45<00:01, 78.22it/s][A

98%|█████████▊| 3578/3662 [00:45<00:01, 78.22it/s][A

98%|█████████▊| 3586/3662 [00:45<00:00, 78.12it/s][A

98%|█████████▊| 3594/3662 [00:45<00:00, 78.33it/s][A

98%|█████████▊| 3602/3662 [00:46<00:00, 78.27it/s][A

99%|█████████▊| 3610/3662 [00:46<00:00, 78.29it/s][A

99%|█████████▉| 3618/3662 [00:46<00:00, 78.21it/s][A

99%|█████████▉| 3626/3662 [00:46<00:00, 78.12it/s][A

99%|█████████▉| 3634/3662 [00:46<00:00, 78.20it/s][A

99%|█████████▉| 3642/3662 [00:46<00:00, 78.08it/s][A

100%|█████████▉| 3651/3662 [00:46<00:00, 78.89it/s][A

100%|█████████▉| 3660/3662 [00:46<00:00, 80.35it/s][A



[A{'eval_loss': '5.987', 'eval_runtime': '47.33', 'eval_samples_per_second': 
'618.9', 'eval_steps_per_second': '77.36', 'epoch': '0.2982'}

3%|▎         | 3250/109000 [34:24<12:54:53,  2.27it/s]

100%|██████████| 3662/3662 [00:46<00:00, 80.35it/s][A

[A

Writing model shards:   0%|          | 0/1 [00:00<?, ?it/s][A

Writing model shards: 100%|██████████| 1/1 [00:00<00:00,  1.50it/s][A
Writing model shards: 100%|██████████| 1/1 [00:00<00:00,  1.50it/s]

3%|▎         | 3251/109000 [34:27<451:39:08, 15.38s/it]
3%|▎         | 3252/109000 [34:28<320:03:16, 10.90s/it]
3%|▎         | 3253/109000 [34:28<227:54:01,  7.76s/it]
3%|▎         | 3254/109000 [34:29<163:24:51,  5.56s/it]
3%|▎         | 3255/109000 [34:29<118:15:31,  4.03s/it]
3%|▎         | 3256/109000 [34:30<86:38:44,  2.95s/it]
3%|▎         | 3257/109000 [34:30<64:31:26,  2.20s/it]
3%|▎         | 3258/109000 [34:30<49:02:47,  1.67s/it]
3%|▎         | 3259/109000 [34:31<38:11:55,  1.30s/it]
3%|▎         | 3260/109000 [34:31<30:36:20,  1.04s/it]
3%|▎         | 3261/109000 [34:32<25:18:12,  1.16it/s]
3%|▎         | 3262/109000 [34:32<21:34:27,  1.36it/s]
3%|▎         | 3263/109000 [34:33<18:58:34,  1.55it/s]
3%|▎         | 3264/109000 [34:33<17:09:25,  1.71it/s]
3%|▎         | 3265/109000 [34:33<15:53:37,  1.85it/s]
3%|▎         | 3266/109000 [34:34<14:59:28,  1.96it/s]
3%|▎         | 3267/109000 [34:34<14:22:07,  2.04it/s]
3%|▎         | 3268/109000 [34:35<13:55:58,  2.11it/s]
3%|▎         | 3269/109000 [34:35<13:37:13,  2.16it/s]
3%|▎         | 3270/109000 [34:36<13:24:06,  2.19it/s]
3%|▎         | 3271/109000 [34:36<13:15:26,  2.22it/s]
3%|▎         | 3272/109000 [34:37<13:09:49,  2.23it/s]
3%|▎         | 3273/109000 [34:37<13:04:38,  2.25it/s]
3%|▎         | 3274/109000 [34:37<13:01:09,  2.26it/s]
3%|▎         | 3275/109000 [34:38<12:59:18,  2.26it/s]
3%|▎         | 3276/109000 [34:38<12:57:55,  2.27it/s]
3%|▎         | 3277/109000 [34:39<12:56:12,  2.27it/s]
3%|▎         | 3278/109000 [34:39<12:55:37,  2.27it/s]
3%|▎         | 3279/109000 [34:40<12:56:03,  2.27it/s]
3%|▎         | 3280/109000 [34:40<12:55:19,  2.27it/s]
3%|▎         | 3281/109000 [34:41<12:54:56,  2.27it/s]
3%|▎         | 3282/109000 [34:41<12:54:36,  2.27it/s]
3%|▎         | 3283/109000 [34:41<12:54:38,  2.27it/s]
3%|▎         | 3284/109000 [34:42<12:54:31,  2.27it/s]
3%|▎         | 3285/109000 [34:42<12:54:20,  2.28it/s]
3%|▎         | 3286/109000 [34:43<12:54:35,  2.27it/s]
3%|▎         | 3287/109000 [34:43<12:54:59,  2.27it/s]
3%|▎         | 3288/109000 [34:44<12:55:04,  2.27it/s]
3%|▎         | 3289/109000 [34:44<12:54:21,  2.28it/s]
3%|▎         | 3290/109000 [34:44<12:54:29,  2.27it/s]
3%|▎         | 3291/109000 [34:45<12:54:41,  2.27it/s]
3%|▎         | 3292/109000 [34:45<12:54:17,  2.28it/s]
3%|▎         | 3293/109000 [34:46<12:53:38,  2.28it/s]
3%|▎         | 3294/109000 [34:46<12:54:13,  2.28it/s]
3%|▎         | 3295/109000 [34:47<12:54:35,  2.27it/s]
3%|▎         | 3296/109000 [34:47<12:54:57,  2.27it/s]
3%|▎         | 3297/109000 [34:48<12:54:19,  2.28it/s]
3%|▎         | 3298/109000 [34:48<12:54:09,  2.28it/s]
3%|▎         | 3299/109000 [34:48<12:54:48,  2.27it/s]
3%|▎         | 3300/109000 [34:49<12:54:28,  2.27it/s]

{'loss': '5.967', 'grad_norm': '1.163', 'learning_rate': '4.849e-05', 'epoch': 
'0.3028'}

3%|▎         | 3300/109000 [34:49<12:54:28,  2.27it/s]
3%|▎         | 3301/109000 [34:49<12:54:29,  2.27it/s]
3%|▎         | 3302/109000 [34:50<12:54:27,  2.27it/s]
3%|▎         | 3303/109000 [34:50<12:55:04,  2.27it/s]
3%|▎         | 3304/109000 [34:51<12:55:13,  2.27it/s]
