subpage,word_count,text
https://www.thelatinlibrary.com/apuleius/apuleius.cupid.shtml,132,"[4.28] Erant in quadam civitate rex et regina. hi tres numero filias forma conspicuas habuere, sed maiores quidem natu, quamvis gratissima specie, idonee tamen celebrari posse laudibus humanis credebantur, at vero puellae iunioris tam praecipua, tam praeclara pulchritudo nec exprimi ac ne sufficienter quidem laudari sermonis humani penuria poterat. multi denique civium et advenae copiosi, quos eximii spectaculi rumor studiosa celebritate congregabat, inaccessae formonsitatis admiratione stupidi et admoventes oribus suis dexteram primore digito in erectum pollicem residente ut ipsam prorsus deam Venerem venerabantur religiosis adorationibus. iamque proximas civitates et attiguas regiones fama pervaserat deam, quam caerulum profundum pelagi peperit et ros spumantium fluctuum educavit, iam numinis sui passim tributa venia in mediis conversari populi coetibus, vel certe rursum novo caelestium stillarum germine non maria sed terras Venerem aliam virginali flore praeditam pullulasse."
https://www.thelatinlibrary.com/apuleius/apuleius.cupid.shtml,120,"[29] Sic immensum procedit in dies opinio, sic insulas iam proxumas et terrae plusculum provinciasque plurimas fama porrecta pervagatur. iam multi mortalium longis itineribus atque altissimis maris meatibus ad saeculi specimen gloriosum confluebant. Paphon nemo, Cnidon nemo ac ne ipsa quidem Cythera ad conspectum deae Veneris navigabant; sacra praetereuntur, templa deformantur, pulvinaria proteruntur, caerimoniae negleguntur; incoronata simulacra et arae viduae frigido cinere foedatae. puellae supplicatur et in humanis vultibus deae tantae numina placantur, et in matutino progressu virginis victimis et epulis Veneris absentis nomen propitiatur, iamque per plateas commeantem populi frequenter floribus sertis et solutis adprecantur. haec honorum caelestium ad puellae mortalis cultum inmodica translatio verae Veneris vehementer incendit animos et inpatiens indignationis capite quassanti fremens altius sic secum disserit:"
https://www.thelatinlibrary.com/apuleius/apuleius.cupid.shtml,446,"[30] 'En rerum naturae prisca parens, en elementorum origo initialis, en orbis totius alma Venus, quae cum mortali puella partiario maiestatis honore tractor. et nomen meum caelo conditum terrenis sordibus profanatur! nimirum communi numinis piamento vicariae venerationis incertum sustinebo et imaginem meam circumferet puella moritura. frustra me pastor ille, cuius iustitiam fidemque magnus comprobavit Iuppiter, ob eximiam speciem tantis praetulit deabus. sed non adeo gaudens ista, quaecumque est, meos honores usurpabit: iam faxo huius etiam ipsius inlicitae formonsitatis paeniteat.' et vocat confestim puerum suum pinnatum illum et satis temerarium, qui malis suis moribus contempta disciplina publica, flammis et sagittis armatus, per alienas domos nocte discurrens et omnium matrimonia corrumpens impune committit tanta flagitia et nihil prorsus boni facit. hunc, quanquam genuina licentia procacem, verbis quoque insuper stimulat et perducit ad illam civitatem et Psychen—hoc enim nomine puella nuncupabatur—[31] coram ostendit et tota illa perlata de formositatis aemulatione fabula gemens ac fremens indignatione: 'per ego te,' inquit, 'maternae caritatis foedera deprecor, per tuae sagittae dulcia vulnera, per flammae istius mellitas uredines, vindictam tuae parenti, sed plenam tribue et in pulchritudinem contumacem severiter vindica; idque unum et pro omnibus unicum volens effice: virgo ista amore flagrantissimo teneatur hominis extremi, quem et dignitatis et patrimonii simul et incolumitatis ipsius Fortuna damnavit, tamque infimi ut per totum orbem non inveniat miseriae suae comparem.' sic effata et osculis hiantibus filium diu ac pressule saviata proximas oras reflui litoris petit plantisque roseis vibrantium fluctuum summo rore calcato ecce iam profundi maris sudo resedit vertice. et ipsum quod incipit velle en statim, quasi pridem praeceperit, non moratur marinum obsequium. adsunt Nerei filiae chorum canentes et Portunus caerulis barbis hispidus et gravis piscoso sinu Salacia et auriga parvulus delphini Palaemon. iam passim maria persultantes Tritonum catervae: hic concha sonaci leniter bucinat, ille serico tegmine flagrantiae solis obsistit inimici, alius sub oculis dominae speculum progerit, curru biiuges alii subnatant. talis ad Oceanum pergentem Venerem comitatur exercitus.
[32] Interea Psyche cum sua sibi perspicua pulchritudine nullum decoris sui fructum percipit. spectatur ab omnibus, laudatur ab omnibus, nec quisquam non rex, non regius, nec de plebe saltem cupiens eius nuptiarum petitor accedit. mirantur quidem divinam speciem, sed ut simulacrum fabre politum mirantur omnes. olim duae maiores sorores, quarum temperatam formonsitatem nulli diffamarant populi, procis regibus desponsae iam beatas nuptias adeptae, sed Psyche virgo vidua domi residens deflet desertam suam solitudinem aegra corporis, animi saucia, et quamvis gentibus totis complacitam odit in se suam formonsitatem. sic infortunatissimae filiae miserrimus pater suspectatis caelestibus odiis et irae superum metuens, dei Milesii vetustissimum percontatur oraculum et a tanto numine precibus et victimis ingratae virgini petit nuptias et maritum. sed Apollo, quanquam Graecus et Ionicus, propter Milesiae conditorem sic Latina sorte respondit:"
https://www.thelatinlibrary.com/apuleius/apuleius.cupid.shtml,41,"[33] 'montis in excelsi scopulo, rex, siste puellamornatam mundo funerei thalami.nec speres generum mortali stirpe creatum,sed saevum atque ferum vipereumque malum,quod pinnis volitans super aethera cuncta fatigatflammaque et ferro singula debilitat,quod tremit ipse Iovis, quo numina terrificanturfluminaque horrescunt et Stygiae tenebrae.'"
https://www.thelatinlibrary.com/apuleius/apuleius.cupid.shtml,82,"Rex olim beatus affatu sanctae vaticinationis accepto pigens tristisque retro domum pergit suaeque coniugi praecepta sortis enodat infaustae. maeretur, fletur, lamentatur diebus plusculis. sed dirae sortis iam urget taeter effectus. iam feralium nuptiarum miserrimae virgini choragium struitur, iam taedae lumen atrae fuliginis cinere marcescit, et sonus tibiae zygiae mutatur in querulum Ludii modum cantusque laetus hymenaei lugubri finitur ululatu et puella nuptura deterget lacrimas ipso suo flammeo. sic adfectae domus triste fatum cuncta etiam civitas congemebat luctuque publico confestim congruens edicitur iustitium."
https://www.thelatinlibrary.com/apuleius/apuleius.cupid.shtml,173,"[34] Sed monitis caelestibus parendi necessitas misellam Psychen ad destinatam poenam efflagitabat. perfectis igitur feralis thalami cum summo maerore sollemnibus toto prosequente populo vivum producitur funus et lacrimosa Psyche comitatur non nuptias sed exequias suas. ac dum maesti parentes et tanto malo perciti nefarium facinus perficere cunctantur, ipsa illa filia talibus eos adhortatur vocibus: 'Quid infelicem senectam fletu diutino cruciatis? quid spiritum vestrum, qui magis meus est, crebris eiulatibus fatigatis? quid lacrimis inefficacibus ora mihi veneranda foedatis? quid laceratis in vestris oculis mea lumina? quid canitiem scinditis? quid pectora, quid ubera sancta tunditis? haec erunt vobis egregiae formonsitatis meae praeclara praemia. invidiae nefariae letali plaga percussi sero sentitis. cum gentes et populi celebrarent nos divinis honoribus, cum novam me Venerem ore consono nuncuparent, tunc dolere, tunc flere, tunc me iam quasi peremptam lugere debuistis. iam sentio, iam video solo me nomine Veneris perisse. ducite me et cui sors addixit scopulo sistite. festino felices istas nuptias obire, festino generosum illum maritum meum videre. quid differo, quid detrecto venientem, qui totius orbis exitio natus est?'"
https://www.thelatinlibrary.com/apuleius/apuleius.cupid.shtml,98,"[35] Sic profata virgo conticuit ingressuque iam valido pompae populi prosequentis sese miscuit. itur ad constitutum scopulum montis ardui, cuius in summo cacumine statutam puellam cuncti deserunt, taedasque nuptiales, quibus praeluxerant, ibidem lacrimis suis extinctas relinquentes deiectis capitibus domuitionem parant. et miseri quidem parentes eius tanta clade defessi, clausae domus abstrusi tenebris, perpetuae nocti sese dedidere. Psychen autem paventem ac trepidam et in ipso scopuli vertice deflentem mitis aura molliter spirantis Zephyri, vibratis hinc inde laciniis et reflato sinu sensim levatam suo tranqulllo spiritu vehens paulatim per devexa rupis excelsae, vallis subditae florentis cespitis gremio leniter delapsam reclinat."
https://www.thelatinlibrary.com/apuleius/apuleius.cupid.shtml,186,"[5.1] Psyche teneris et herbosis locis in ipso toro roscidi graminis suave recubans, tanta mentis perturbatione sedata, dulce conquievit. iamque sufficienti recreata somno placido resurgit animo. videt lucum proceris et vastis arboribus consitum, videt fontem vitreo latice perlucidum medio luci meditullio. prope fontis adlapsum domus regia est, aedificata non humanis manibus sed divinis artibus. iam scies ab introitu primo dei cuiuspiam luculentum et amoenum videre te diversorium. nam summa laquearia citro et ebore curiose cavata subeunt aureae columnae, parietes omnes argenteo caelamine conteguntur bestiis et id genus pecudibus occurrentibus ob os introeuntium. mirus prorsum homo, immo semideus vel certe deus qui [magnae artis] suptilitate tantum efferavit argentum. enimvero pavimenta ipsa lapide pretioso caesim deminuto in varia picturae genera discriminantur: vehementer, iterum ac saepius beatos illos, qui super gemmas et monilia calcant. iam ceterae partes longe lateque dispositae domus sine pretio pretiosae totique parietes solidati massis aureis splendore proprio coruscant, ut diem suum sibi domus faciat licet sole nolente: sic cubicula, sic porticus, sic ipsae balneae fulgurant. nec setius opes ceterae maiestati domus respondent, ut equidem illud recte videatur ad conversationem humanam magno Iovi fabricatum caeleste palatium."
https://www.thelatinlibrary.com/apuleius/apuleius.cupid.shtml,213,"[2] Invitata Psyche talium locorum oblectatione propius accessit et paulo fidentior intra limen sese facit; mox prolectante studio pulcherrimae visionis rimatur singula et altrinsecus aedium horrea sublimi fabrica perfecta magnisque congesta gazis conspicit. nec est quicquam quod ibi non est. sed praeter ceteram tantarum divitiarum admirationem hoc erat praecipue mirificum, quod nullo vinculo, nullo claustro, nullo custode totius orbis thensaurus ille muniebatur. haec ei summa cum voluptate visenti offert sese vox quaedam corporis sui nuda et 'quid,' inquit, 'domina, tantis obstupescis opibus? tua sunt haec omnia. prohinc cubiculo te refer et lectulo lassitudinem refove et ex arbitrio lavacrum pete. nos, quarum voces accipis, tuae famulae sedulo tibi praeministrabimus nec corporis curatae tibi regales epulae morabuntur.
[3] Sensit Psyche divinae providentiae beatitudinem monitusque, voces informes audiens, et prius somno et mox lavacro fatigationem sui diluit, visoque statim proximo semirotundo suggestu, propter instrumentum cenatorium rata refectui suo commodum, libens accumbit. et ilico vini nectarei eduliumque variorum fercula copiosa nullo serviente, sed tantum spiritu quodam impulsa subministrantur. nec quemquam tamen illa videre poterat, sed verba tantum audiebat excidentia et solas voces famulas habebat. post opimas dapes quidam introcessit et cantavit invisus, et alius citharam pulsavit, quae videbatur nec ipsa. tunc modulatae multitudinis conferta vox aures eius affertur, ut, quamvis hominum nemo pareret, chorus tamen esse pateret."
https://www.thelatinlibrary.com/apuleius/apuleius.cupid.shtml,86,"[4] Finitis voluptatibus vespera suadente concedit Psyche cubitum. iamque provecta nocte clemens quidam sonus aures eius accedit. tunc virginitati suae pro tanta solitudine metuens et pavet et horrescit et quovis malo plus timet quod ignorat. iamque aderat ignobilis maritus et torum inscenderat et uxorem sibi Psychen fecerat et ante lucis exortum propere discesserat. statim voces cubiculo praestolatae novam nuptam interfectae virginitatis curant. haec diutino tempore sic agebantur. atque ut est natura redditum, novitas per assiduam consuetudinem delectationem ei commendarat et sonus vocis incertae solitudinis erat solacium."
https://www.thelatinlibrary.com/apuleius/apuleius.cupid.shtml,29,"Interea parentes eius indefesso luctu atque maerore consenescebant, latiusque porrecta fama sorores illae maiores cuncta cognorant propereque maestae atque lugubres deserto lare certatim ad parentum suorum conspectum adfatumque perrexerant."
https://www.thelatinlibrary.com/apuleius/apuleius.cupid.shtml,139,"[5] Ea nocte ad suam Psychen sic infit maritus namque praeter oculos et manibus et auribus is [nihil minus] sentiebatur: 'Psyche dulcissima et cara uxor, exitiabile tibi periculum minatur fortuna saevior quod observandum pressiore cautela censeo. sorores iam tuae mortis opinione turbatae tuumque vestigium requirentes scopulum istum protinus aderunt, quarum si quas forte lamentationes acceperis, neque respondeas, immo nec prospicias omnino; ceterum mihi quidem gravissimum dolorem, tibi vero summum creabis exitium.' Annuit et ex arbitrio mariti se facturam spopondit, sed eo simul cum nocte dilapso diem totum lacrimis ac plangoribus misella consumit, se nunc maxime prorsus perisse iterans, quae beati carceris custodia septa et humanae conversationis colloquio viduata nec sororibus quidem suis de se maerentibus opem salutarem ferre ac ne videre eas quidem omnino posset. nec lavacro nec cibo nec ulla denique refectione recreata flens ubertim decessit ad somnum."
https://www.thelatinlibrary.com/apuleius/apuleius.cupid.shtml,225,"[6] Nec mora cum paulo maturius lectum maritus accubans eamque etiam nunc lacrimantem complexus sic expostulat: 'Haecine mihi pollicebare, Psyche mea? quid iam de te tuus maritus expecto, quid spero? et perdia et pernox nec inter amplexus coniugales desinis cruciatum. age iam nunc ut voles, et animo tuo damnosa poscenti pareto! tantum memineris meae seriae monitionis, cum coeperis sero paenitere.' Tunc illa precibus et dum se morituram comminatur extorquet a marito cupitis adnuat, ut sorores videat, luctus mulceat, ora conferat. sic ille novae nuptae precibus veniam tribuit et insuper, quibuscumque vellet eas auri vel monilium donare concessit, sed identidem monuit ac saepe terruit, ne quando sororum pernicioso consilio suasa de forma mariti quaerat, neve se sacrilega curiositate de tanto fortunarum suggestu pessum deiciat nec suum postea contingat amplexum. gratias egit marito iamque laetior animo 'sed prius,' inquit, 'centies moriar quam tuo isto dulcissimo conubio caream. amo enim et efflictim te, quicumque es, diligo aeque ut meum spiritum, nec ipsi Cupidini comparo. sed istud etiam meis precibus, oro, largire et illi tuo famulo Zephyro praecipe, simili vectura sorores hic mihi sistat'; et imprimens oscula suasoria et ingerens verba mulcentia et inserens membra cogentia haec etiam blanditiis astruit: 'mi mellite, mi marite, tuae Psychae dulcis anima.' vi ac potestate Venerii susurrus invitus succubuit maritus et cuncta se facturum spopondit atque, etiam luce proxumante, de manibus uxoris evanuit."
https://www.thelatinlibrary.com/apuleius/apuleius.cupid.shtml,129,"[7] At illae sorores percontatae scopulum locumque illum, quo fuerat Psyche deserta, festinanter adveniunt ibique difflebant oculos et plangebant ubera, quoad crebris earum eiulatibus saxa cautesque parilem sonum resultarent. iamque nomine proprio sororem miseram ciebant, quoad sono penetrabili vocis ululabilis per prona delapso amens et trepida Psyche procurrit e domo et 'quid,' inquit, 'vos miseris lamentationibus necquicquam effligitis? quam lugetis, adsum. lugubres voces desinite et diutinis lacrimis madentes genas siccate tandem, quippe cum iam possitis quam plangebatis amplecti.'  Tunc vocatum Zephyrum praecepti maritalis admonet. nec mora cum ille parens imperio statim clementissimis flatibus innoxia vectura deportat illas. iam mutuis amplexibus et festinantibus saviis sese perfruuntur et illae sedatae lacrimae postliminio redeunt prolectante gaudio. 'sed et tectum,' inquit, 'et larem nostrum laetae succedite et afflictas animas cum Psyche vestra recreate.'"
https://www.thelatinlibrary.com/apuleius/apuleius.cupid.shtml,110,"[8] Sic allocuta summas opes domus aureae vocumque servientium populosam familiam demonstrat auribus earum lavacroque pulcherrimo et inhumanae mensae lautitiis eas opipare reficit, ut illarum prorsus caelestium divitiarum copiis affluentibus satiatae iam praecordiis penitus nutrirent invidiam. denique altera earum satis scrupulose curioseque percontari non desinit, quis illarum caelestium rerum dominus, quisve vel qualis ipsius sit maritus. nec tamen Psyche coniugale illud praeceptum ullo pacto temerat vel pectoris arcanis exigit, sed e re nata confingit esse iuvenem quendam et speciosum, commodum lanoso barbitio genas inumbrantem, plerumque rurestribus ac montanis venatibus occupatum. Et ne qua sermonis procedentis labe consilium tacitum proderetur, auro facto gemmosisque monilibus onustas eas statim vocato Zephyro tradit reportandas."
https://www.thelatinlibrary.com/apuleius/apuleius.cupid.shtml,180,"[9] Quo protinus perpetrato sorores egregiae domum redeuntes iamque gliscentis invidiae felle flagrantes multa secum sermonibus mutuis perstrepebant. sic denique infit altera: 'En orba et saeva et iniqua Fortuna! hocine tibi complacuit, ut utroque parente prognatae diversam sortem sustineremus? et nos quidem, quae natu maiores sumus, maritis advenis ancillae deditae, extorres et lare et ipsa patria degamus longe parentum velut exulantes, haec autem novissima, quam fetu satiante postremus partus effudit, tantis opibus et deo marito potita sit, quae nec uti recte tanta bonorum copia novit? vidisti, soror, quanta in domo iacent et qualia monilia, quae praenitent vestes, quae splendicant gemmae, quantum praeterea passim calcatur aurum. quodsi maritum etiam tam formonsum tenet, ut affirmat, nulla nunc in orbe toto felicior vivit. fortassis tamen procedente consuetudine et adfectione roborata deam quoque illam deus maritus efficiet. sic est hercules, sic se gerebat ferebatque. iam iam sursum respicit et deam spirat mulier, quae voces ancillas habet et ventis ipsis imperitat. at ego misera primum patre meo seniorem maritum sortita sum, dein cucurbita calviorem et quovis puero pusilliorem, cunctam domum seris et catenis obditam custodientem.'"
https://www.thelatinlibrary.com/apuleius/apuleius.cupid.shtml,215,"[10] Suscipit alia: 'ego vero maritum articulari etiam morbo complicatum curvatumque ac per hoc rarissimo Venerem meam recolentem sustineo, plerumque detortos et duratos in lapidem digitos eius perfricans, fomentis olidis et pannis sordidis et foetidis cataplasmatibus manus tam delicatas istas adurens nec uxoris officiosam faciem sed medicae laboriosam personam sustinens. et tu quidem, soror, videris, quam patienti vel potius servili—dicam enim libere quod sentio—haec perferas animo; enimvero ego nequeo sustinere ulterius tam beatam fortunam conlapsam indignae. recordare enim, quam superbe, quam adroganter nobiscum egerit et ipsa iactatione inmodicae ostentationis tumentem suum prodiderit animum, deque tantis divitiis exigua nobis invita proiecerit confestimque praesentia nostra gravata propelli et efflari exsibilarique nos iusserit. nec sum mulier nec omnino spiro, nisi eam pessum de tantis opibus deiecero. ac si tibi etiam, ut par est, inacuit nostra contumelia, consilium validum requiramus ambae. iamque ista, quae ferimus, non parentibus nostris ac nec ulli monstremus alii, immo nec omnino quicquam de eius salute norimus. sat est, quod ipsae vidimus quae vidisse paenituit, nedum ut genitoribus et omnibus populis tam beatum eius differamus praeconium. nec sunt enim beati, quorum divitias nemo novit. sciet se non ancillas sed sorores habere maiores. et nunc quidem concedamus ad maritos et lares pauperes nostros sed plane sobrios revisamus diuque cogitationibus pressioribus instructae ad superbiam poeniendam firmiores redeamus.'"
https://www.thelatinlibrary.com/apuleius/apuleius.cupid.shtml,48,"[11] Placet pro bono duabus malis malum consilium totisque illis tam pretiosis muneribus absconditis comam trahentes et proinde ut merebantur ora lacerantes simulatos redintegrant fletus. ac sic parentes quoque redulcerato prorsum dolore raptim deterrentes vesania turgidae domus suas contendunt dolum scelestum, immo vero parricidium, struentes contra sororem insontem."
https://www.thelatinlibrary.com/apuleius/apuleius.cupid.shtml,116,"Interea Psychen maritus ille, quem nescit, rursum suis illis nocturnis sermonibus sic commonet: 'videsne, quantum tibi periculum? velitatur Fortuna eminus, ac nisi longe firmiter praecaves, mox comminus congredietur. perfidae lupulae magnis conatibus nefarias insidias tibi comparant, quarum summa est, ut te suadeant meos explorare vultus, quos, ut tibi saepe praedixi, non videbis si videris. ergo igitur si posthac pessimae illae lamiae noxiis animis armatae venerint—venient autem, scio—neque omnino sermonem conferas et si id tolerare pro genuina simplicitate proque animi tui teneritudine non potueris, certe de marito nil quicquam vel audias vel respondeas. nam et familiam nostram iam propagabimus et hic adhuc infantilis uterus gestat nobis infantem alium, si texeris nostra secreta silentio, divinum, si profanaveris, mortalem.'"
https://www.thelatinlibrary.com/apuleius/apuleius.cupid.shtml,146,"[12] Nuntio Psyche laeta florebat et divinae subolis solacio plaudebat et futuri pignoris gloria gestiebat et materni nominis dignitate gaudebat. crescentes dies et menses exeuntes anxia numerat et sarcinae nesciae rudimento miratur de brevi punctulo tantum incrementulum locupletis uteri. 
Sed iam pestes illae taeterrimaeque Furiae anhelantes vipereum virus et festinantes impia celeritate navigabant. tunc sic iterum momentarius maritus suam Psychen admonet: 'dies ultima et casus extremus est: sexus infestus et sanguis inimicus iam sumpsit arma et castra commovit et aciem direxit et classicum personavit; iam mucrone destricto iugulum tuum nefariae tuae sorores petunt. heu quantis urguemur cladibus, Psyche dulcissima. tui nostrique miserere religiosaque continentia domum, maritum, teque et istum parvulum nostrum imminentis ruinae infortunio libera. nec illas scelestas feminas, quas tibi post internecivum odium et calcata sanguinis foedera sorores appellare non licet, vel videas vel audias, cum in morem Sirenum scopulo prominentes funestis vocibus saxa personabunt.'"
https://www.thelatinlibrary.com/apuleius/apuleius.cupid.shtml,111,"[13] Suscipit Psyche singultu lacrimoso sermonem incertans: 'iam dudum, quod sciam, fidei atque parciloquio meo perpendisti documenta, nec eo setius adprobabitur tibi nunc etiam firmitas animi mei. tu modo Zephyro nostro rursum praecipe, fungatur obsequio, et in vicem denegatae sacrosanctae imaginis tuae redde saltem conspectum sororum. per istos cinnameos et undique pendulos crines tuos, per teneras et teretis et mei similes genas, per pectus nescio quo calore fervidum, sic in hoc saltem parvulo cognoscam faciem tuam: supplicis anxiae piis precibus erogatus, germani complexus indulge fructum et tibi devotae Psychae animam gaudio recrea. nec quicquam amplius in tuo vultu requiro. iam nil officiunt mihi nec ipsae nocturnae tenebrae: teneo te, meum lumen.'"
https://www.thelatinlibrary.com/apuleius/apuleius.cupid.shtml,21,His verbis et amplexibus mollibus decantatus maritus lacrimasque eius suis crinibus detergens se facturum spopondit et praevertit statim lumen nascentis diei.
https://www.thelatinlibrary.com/apuleius/apuleius.cupid.shtml,109,"[14] Iugum sororium consponsae factionis ne parentibus quidem visis recta de navibus scopulum petunt illum praecipiti cum velocitate nec venti ferentis oppertae praesentiam licentiosa cum temeritate prosiliunt in altum. nec immemor Zephyrus regalis edicti, quamvis invitus, susceptas eas gremio spirantis aurae solo reddidit. at illae incunctatae statim conferto vestigio domum penetrant complexaeque praedam suam sororis nomen ementientes thensaurumque penitus abditae fraudis vultu laeto tegentes sic adulant: 'Psyche, non ita ut pridem parvula, et ipsa iam mater es. quantum, putas, boni nobis in ista geris perula; quantis gaudiis totam domum nostram hilarabis. o nos beatas, quas infantis aurei nutrimenta laetabunt. qui si parentum, ut oportet, pulchritudini responderit, prorsus Cupido nascetur.'"
https://www.thelatinlibrary.com/apuleius/apuleius.cupid.shtml,120,"[15] Sic adfectione simulata paulatim sororis invadunt animum. statimque eas lassitudine viae sedilibus refotas et balnearum vaporosis fontibus curatas pulcherrime triclinio mirisque illis et beatis edulibus atque tuccetis oblectat. iubet citharam loqui: psallitur; tibias agere: sonatur; choros canere: cantatur. quae cuncta nullo praesente dulcissimis modulis animos audientium remulcebant. nec tamen scelestarum feminarum nequitia vel illa mellita cantus dulcedine mollita conquievit, sed ad destinatam fraudium pedicam sermonem conferentes dissimulanter occipiunt sciscitari, qualis ei maritus et unde natalium, secta cuia proveniret. tunc illa simplicitate nimia pristini sermonis oblita novum commentum instruit aitque maritum suum de provincia proxima magnis pecuniis negotiantem iam medium cursum aetatis agere, interspersum rara canitie. nec in sermone isto tantillum morata rursum opiparis muneribus eas onustas ventoso vehiculo reddidit."
https://www.thelatinlibrary.com/apuleius/apuleius.cupid.shtml,111,"[16] Sed dum Zephyri tranquillo spiritu sublimatae domum redeunt, sic secum altercantes: 'quid, soror, dicimus de tam monstruoso fatuae illius mendacio? tunc adolescens modo florenti lanugine barbam instruens, nunc aetate media candenti canitie lucidus. quis ille, quem temporis modici spatium repentina senecta reformavit? nil aliud repperies, mi soror, quam vel mendacia istam pessimam feminam confingere vel formam mariti sui nescire; quorum utrum verum est, opibus istis quam primum exterminanda est. quodsi viri sui faciem ignorat, deo profecto denupsit et deum nobis praegnatione ista gerit. certe si divini puelli—quod absit— haec mater audierit, statim me laqueo nexili suspendam. ergo interim ad parentes nostros redeamus et exordio sermonis huius quam concolores fallacias adtexamus.'"
https://www.thelatinlibrary.com/apuleius/apuleius.cupid.shtml,114,"[17] Sic inflammatae, parentibus fastidienter appellatis et nocte turbatae vigiliis, perditae matutino scopulum pervolant et inde solito venti praesidio vehementer devolant lacrimisque pressura palpebrarum coactis hoc astu puellam appellant: 'tu quidem felix et ipsa tanti mali ignorantia beata sedes incuriosa periculi tui, nos autem, quae pervigili cura rebus tuis excubamus, cladibus tuis misere cruciamur. pro vero namque comperimus, nec te, sociae scilicet doloris casusque tui, celare possumus, immanem colubrum multinodis voluminibus serpentem, veneno noxio colla sanguinantem hiantemque ingluvie profunda, tecum noctibus latenter adquiescere. nunc recordare sortis Pythicae, quae te trucis bestiae nuptiis destinatam esse clamavit. et multi coloni quique circumsecus venantur et accolae plurimi viderunt eum vespera redeuntem e pastu proximique fluminis vadis innatantem."
https://www.thelatinlibrary.com/apuleius/apuleius.cupid.shtml,117,"[18] 'nec diu blandis alimoniarum obsequiis te saginaturum omnes adfirmant, sed, cum primum praegnationem tuam plenus maturaverit uterus, opimiore fructu praeditam devoraturum. ad haec iam tua est existimatio, utrum sororibus pro tua cara salute sollicitis adsentiri velis et declinata morte nobiscum secura periculi vivere, an saevissimae bestiae sepeliri visceribus. quodsi te ruris huius vocalis solitudo, vel clandestinae Veneris faetidi periculosique concubitus et venenati serpentis amplexus delectant, certe piae sorores nostrum fecerimus.' 
Tunc Psyche misella, utpote simplex et animi tenella, rapitur verborum tam tristium formidine: extra terminum mentis suae posita prorsus omnium mariti monitionum suarumque promissionum memoriam effudit et in profundum calamitatis sese praecipitavit, tremensque et exangui colore lurida tertiata verba semihianti voce substrepens sic ad illas ait:"
https://www.thelatinlibrary.com/apuleius/apuleius.cupid.shtml,89,"[19] 'Vos quidem, carissimae sorores, ut par erat, in officio vestrae pietatis permanetis, verum et illi, qui talia vobis adfirmant, non videntur mihi mendacium fingere. nec enim umquam viri mei vidi faciem vel omnino cuiatis sit novi, sed tantum nocturnis subaudiens vocibus maritum incerti status et prorsus lucifugam tolero bestiamque aliquam recte dicentibus vobis merito consentio. meque magnopere semper a suis terret aspectibus malumque grande de vultus curiositate praeminatur. nunc si quam salutarem opem periclitanti sorori vestrae potestis adferre, iam nunc subsistite; ceterum incuria sequens prioris providentiae beneficia conrumpet.'"
https://www.thelatinlibrary.com/apuleius/apuleius.cupid.shtml,22,"Tunc nanctae iam portis patentibus nudatum sororis animum facinerosae mulieres, omissis tectae machinae latibulis, destrictis gladiis fraudium simplicis puellae paventes cogitationes invadunt."
https://www.thelatinlibrary.com/apuleius/apuleius.cupid.shtml,146,"[20] Sic denique altera: 'quoniam nos originis nexus pro tua incolumitate periculum quidem ullum ante oculos habere compellit, viam, quae sola deducit iter ad salutem, diu diuque cogitatam monstrabimus tibi. novaculam praeacutam, adpulsu etiam palmulae lenientis exasperatam, tori qua parte cubare consuesti, latenter absconde lucernamque concinnem, completam oleo, claro lumine praemicantem subde aliquo claudentis aululae tegmine. omnique isto apparatu tenacissime dissimulato, postquam sulcatos intrahens gressus cubile solitum conscenderit, iamque porrectus et exordio somni prementis implicitus altum soporem flare coeperit, toro delapsa nudoque vestigio pensilem gradum paullulatim minuens, caecae tenebrae custodia liberata lucerna, praeclari tui facinoris opportunitatem de luminis consilio mutuare et ancipiti telo illo audaciter, prius dextera sursum elata, nisu quam valido noxii serpentis nodum cervicis et capitis abscide. nec nostrum tibi deerit subsidium; sed cum primum illius morte salutem tibi feceris, anxiae praestolatae advolabimus cunctisque istis opibus tecum relatis, votivis nuptiis hominem te iungemus homini.'"
https://www.thelatinlibrary.com/apuleius/apuleius.cupid.shtml,221,"[21] Tali verborum incendio flammata viscera sororis iam prorsus ardentis deserentes ipsae protinus, tanti mali confinium sibi etiam eximie metuentes, flatus alitis impulsu solito provectae super scopulum ilico pernici se fuga proripiunt statimque conscensis navibus abeunt. 
at Psyche relicta sola, nisi quod infestis Furiis agitata sola non est, aestu pelagi simile maerendo fluctuat et, quamvis statuto consilio et obstinato animo, iam tamen facinori manus admovens adhuc incerta consilii titubat multisque calamitatis suae distrahitur affectibus. festinat differt, audet trepidat, diffidit irascitur et, quod est ultimum, in eodem corpore odit bestiam, diligit maritum. vespera tamen iam noctem trahente praecipiti festinatione nefarii sceleris instruit apparatum. nox aderat et maritus aderat priusque Veneris proeliis velitatus in altum soporem descenderat.
[22] Tunc Psyche, et corporis et animi alioquin infirma, fati tamen saevitia subministrante viribus roboratur et prolata lucerna et adrepta novacula sexum audacia mutatur. sed cum primum luminis oblatione tori secreta claruerunt, videt omnium ferarum mitissimam dulcissimamque bestiam, ipsum illum Cupidinem formonsum deum formonse cubantem, cuius aspectu lucernae quoque lumen hilaratum increbruit et acuminis sacrilegi novaculam paenitebat. at vero Psyche tanto aspectu deterrita et impos animi, marcido pallore defecta tremensque desedit in imos poplites et ferrum quaerit abscondere, sed in suo pectore; quod profecto fecisset, nisi ferrum timore tanti flagitii manibus temerariis delapsum evolasset. iamque lassa, salute defecta, dum saepius divini vultus intuetur pulchritudinem, recreatur animi."
https://www.thelatinlibrary.com/apuleius/apuleius.cupid.shtml,76,"Videt capitis aurei genialem caesariem ambrosia temulentam, cervices lacteas genasque purpureas pererrantes crinium globos decoriter impeditos, alios antependulos, alios retropendulos, quorum splendore nimio fulgurante iam et ipsum lumen lucernae vacillabat. per umeros volatilis dei pinnae roscidae micanti flore candicant et quamvis alis quiescentibus extimae plumulae tenellae ac delicatae tremule resultantes inquieta lasciviunt. ceterum corpus glabellum atque luculentum et quale peperisse Venerem non paeniteret. ante lectuli pedes iacebat arcus et pharetra et sagittae, magni dei propitia tela."
https://www.thelatinlibrary.com/apuleius/apuleius.cupid.shtml,157,"[23] Quae dum insatiabili animo Psyche, satis et curiosa, rimatur atque pertrectat et mariti sui miratur arma, depromit unam de pharetra sagittam et puncto pollicis extremam aciem periclitabunda trementis etiam nunc articuli nisu fortiore pupugit altius, ut per summam cutem roraverint parvulae sanguinis rosei guttae. sic ignara Psyche sponte in Amoris incidit amorem. tunc magis magisque cupidine flagrans Cupidinis, prona in eum efflictim inhians patulis ac petulantibus saviis festinanter ingestis, de somni mensura metuebat. sed dum bono tanto percita saucia mente fluctuat, lucerna illa sive perfidia pessima sive invidia noxia sive quod tale corpus contingere et quasi basiare et ipsa gestiebat, evomuit de summa luminis sui stillam ferventis olei super umerum dei dexterum. hem audax et temeraria lucerna et amoris vile ministerium, ipsum ignis totius deum aduris, cum te scilicet amator aliquis, ut diutius cupitis etiam nocte potiretur, primus invenerit. sic inustus exiluit deus visaque detectae fidei colluvie protinus ex osculis et manibus infelicissimae coniugis tacitus avolavit."
https://www.thelatinlibrary.com/apuleius/apuleius.cupid.shtml,45,"[24] At Psyche, statim resurgentis eius crure dextero manibus ambabus adrepto, sublimis evectionis appendix miseranda et per nubilas plagas penduli comitatus extrema consequia, tandem fessa delabitur solo. Nec deus amator humi iacentem deserens, involavit proximam cupressum deque eius alto cacumine sic eam graviter commotus adfatur:"
https://www.thelatinlibrary.com/apuleius/apuleius.cupid.shtml,96,"'Ego quidem, simplicissima Psyche, parentis meae Veneris praeceptorum immemor, quae te miseri extremique hominis devinctam cupidine infimo matrimonio addici iusserat, ipse potius amator advolavi tibi. sed hoc feci leviter, scio, et praeclarus ille sagittarius ipse me telo meo percussi teque coniugem meam feci, ut bestia scilicet tibi viderer et ferro caput excideres meum, quod istos amatores tuos oculos gerit. haec tibi identidem semper cavenda censebam, haec benivole remonebam. sed illae quidem consiliatrices egregiae tuae tam perniciosi magisterii dabunt actutum mihi poenas, te vero tantum fuga mea punivero.' et cum termino sermonis pinnis in altum se proripuit."
https://www.thelatinlibrary.com/apuleius/apuleius.cupid.shtml,103,"[25] Psyche vero humi prostrata et quantum visu poterat volatus mariti prospiciens, extremis affligebat lamentationibus animum. sed ubi remigio plumae raptum maritum proceritas spatii fecerat alienum, per proximi fluminis marginem praecipitem sese dedit. sed mitis fluvius, in honorem dei scilicet, qui et ipsas aquas urere consuevit, metuens sibi, confestim eam innoxio volumine super ripam florentem herbis exposuit. tunc forte Pan deus rusticus iuxta supercilium amnis sedebat, complexus Echo montanam deam eamque voculas omnimodas edocens recinere. proxime ripam vago pastu lasciviunt comam fluvii tondentes capellae. hircuosus deus sauciam Psychen atque defectam, utcumque casus eius non inscius, clementer ad se vocatam sic permulcet verbis lenientibus:"
https://www.thelatinlibrary.com/apuleius/apuleius.cupid.shtml,79,"'Puella scitula, sum quidem rusticanus et upilio, sed senectutis prolixae beneficio multis experimentis instructus. verum si recte coniecto, quod profecto prudentes viri divinationem autumant, ab isto titubante et saepius vacillante vestigio deque nimio pallore corporis et assiduo suspiritu, immo et ipsis maerentibus oculis tuis, amore nimio laboras. ergo mihi ausculta nec te rursus praecipitio vel ullo mortis accersitae genere perimas. luctum desine et pone maerorem, precibusque potius Cupidinem deorum maximum percole, et utpote adolescentem delicatum luxuriosumque blandis obsequiis promerere.'"
https://www.thelatinlibrary.com/apuleius/apuleius.cupid.shtml,63,"[26] Sic locuto deo pastore nulloque sermone reddito, sed adorato tantum numine salutari, Psyche pergit ire. sed cum aliquam multum viae laboranti vestigio pererrasset, inscio quodam tramite iam die labente accedit quandam civitatem, in qua regnum maritus unius sororis eius optinebat. qua re cognita Psyche nuntiari praesentiam suam sorori desiderat; mox inducta mutuis amplexibus alternae salutationis expletis, percontanti causas adventus sui sic incipit:"
https://www.thelatinlibrary.com/apuleius/apuleius.cupid.shtml,126,"'Meministi consilium vestrum scilicet quo mihi suasistis ut bestiam, quae mariti mentito nomine mecum quiescebat, priusquam ingluvie voraci me misellam hauriret, ancipiti novacula peremerem. sed cum primum, ut aeque placuerat, conscio lumine vultus eius aspexi, video mirum divinumque prorsus spectaculum, ipsum illum deae Veneris filium, ipsum inquam Cupidinem, leni quiete sopitum. ac dum tanti boni spectaculo percita et nimia voluptatis copia turbata fruendi laborarem inopia, casu scilicet pessumo lucerna fervens oleum rebullivit in eius umerum. quo dolore statim somno recussus, ubi me ferro et igni conspexit armatam, Ê»tu quidem,' inquit, 'ob istud tam dirum facinus confestim toro meo divorte tibique res tuas habeto, ego vero sororem tuam'—et nomen quo tu censeris aiebat—'iam mihi confarreatis nuptiis coniugabo.' et statim Zephyro praecipit ultra terminos me domus eius efflaret.'"
https://www.thelatinlibrary.com/apuleius/apuleius.cupid.shtml,92,"[27] Necdum sermonem Psyche finierat, et illa vesanae libidinis et invidiae noxiae stimulis agitata, e re concinnato mendacio fallens maritum, quasi de morte parentum aliquid conperisset, statim navem ascendit et ad illum scopulum protinus pergit et quamvis alio flante vento, caeca spe tamen inhians, 'accipe me,' dicens, 'Cupido, dignam te coniugem et tu, Zephyre, suscipe dominam' saltu se maximo praecipitem dedit. nec tamen ad illum locum vel saltem mortua pervenire potuit. nam per saxa cautium membris iactatis atque dissipatis et, proinde ut merebatur, laceratis visceribus suis alitibus bestiisque obvium ferens pabulum interiit."
https://www.thelatinlibrary.com/apuleius/apuleius.cupid.shtml,169,"Nec vindictae sequentis poena tardavit. nam Psyche rursus errabundo gradu pervenit ad civitatem aliam, in qua pari modo soror morabatur alia. nec setius et ipsa fallacie germanitatis inducta et in sororis sceleratas nuptias aemula festinavit ad scopulum inque simile mortis exitium cecidit.
[28] Interim, dum Psyche quaesitioni Cupidinis intenta populos circumibat, ille vulnere lucernae dolens in ipso thalamo matris iacens ingemebat. tunc avis peralba illa gavia, quae super fluctus marinos pinnis natat, demergit sese propere ad Oceani profundum gremium. ibi commodum Venerem lavantem natantemque propter assistens indicat adustum filium eius, gravi vulneris dolore maerentem, dubium salutis iacere iamque per cunctorum ora populorum rumoribus conviciisque variis omnem Veneris familiam male audire, quod ille quidem montano scortatu, tu vero marino natatu secesseritis ac per hoc non voluptas ulla, non gratia, non lepos, sed incompta et agrestia et horrida cuncta sint, non nuptiae coniugales, non amicitiae sociales, non liberum caritates, sed enormis eluvies et squalentium foederum insuave fastidium. haec illa verbosa et satis curiosa avis in auribus Veneris fili lacerans existimationem ganniebat."
https://www.thelatinlibrary.com/apuleius/apuleius.cupid.shtml,48,"At Venus irata solidum exclamat repente: 'ergo iam ille bonus filius meus habet amicam aliquam? prome agedum, quae sola mihi servis amanter, nomen eius, quae puerum ingenuum et investem sollicitavit, sive illa de Nympharum populo seu de Horarum numero seu de Musarum choro vel de mearum Gratiarum ministerio.'"
https://www.thelatinlibrary.com/apuleius/apuleius.cupid.shtml,45,"Nec loquax illa conticuit avis, sed 'nescio,' inquit, 'domina: puto puellam—si probe memini, Psyches nomine dicitur—efflicte cupere.' 
Tunc indignata Venus exclamavit vel maxime: 'Psychen ille, meae formae succubam, mei nominis aemulam, si vere diligit, nimirum illud incrementum lenam me putavit, cuius monstratu puellam illam cognosceret.'"
https://www.thelatinlibrary.com/apuleius/apuleius.cupid.shtml,136,"[29] Haec quiritans properiter emergit e mari suumque protinus aureum thalamum petit, et reperto sicut audierat aegroto puero, iam inde a foribus quam maxime boans, 'honesta,' inquit, 'haec et natalibus nostris bonaeque tuae frugi congruentia, ut primum quidem tuae parentis—immo dominae—praecepta calcares, nec sordidis amoribus inimicam meam cruciares, verum etiam hoc aetatis puer tuis licentiosis et immaturis iungeres amplexibus, ut ego nurum scilicet tolerarem inimicam? sed utique praesumis nugo et corruptor et inamabilis te solum generosum, nec me iam per aetatem posse concipere. velim ergo scias multo te meliorem filium alium genituram, immo ut contumeliam magis sentias, aliquem de meis adoptaturam vernulis eique donaturam istas pinnas et flammas et arcum et ipsas sagittas et omnem meam supellectilem, quam tibi non ad hos usus dederam. nec enim de patris tui bonis ad instructionem istam quicquam concessum est."
https://www.thelatinlibrary.com/apuleius/apuleius.cupid.shtml,232,"[30] 'Sed male prima pueritia inductus es et acutas manus habes et maiores tuos irreverenter pulsasti totiens et ipsam matrem tuam, me inquam ipsam, parricida denudas cotidie et percussisti saepius et quasi viduam utique contemnis nec vitricum tuum fortissimum illum maximumque bellatorem metuis. quidni? cui saepius in angorem mei paelicatus puellas propinare consuesti. sed iam faxo te lusus huius paeniteat et sentias acidas et amaras istas nuptias. sed nunc inrisui habita quid agam? quo me conferam? quibus modis stelionem istum cohibeam? petamne auxilium ab inimica mea Sobrietate, quam propter huius ipsius luxuriam offendi saepius? at rusticae squalentisque feminae conloquium prorsus horresco. nec tamen vindictae solacium undeunde spernendum est. illa mihi prorsus adhibenda est nec ulla alia, quae castiget asperrime nugonem istum, pharetram explicet et sagittas dearmet, arcum enodet, taedam deflammet, immo et ipsum corpus eius acrioribus remediis coerceat. tunc iniuriae meae litatum crediderim, cum eius comas, quas istis manibus meis subinde aureo nitore perstrinxi, deraserit, pinnas, quas meo gremio nectarei fontis infeci, praetotonderit.'
[31] Sic effata foras sese proripit infesta et stomachata biles venerias. sed eam protinus Ceres et Iuno continantur visamque vultu tumido quaesiere, cur truci supercilio tantam venustatem micantium oculorum coerceret. at illa 'oportune,' inquit, 'ardenti prorsus isto meo pectori violentiam scilicet perpetraturae venitis. sed totis, oro, vestris viribus Psychen illam fugitivam volaticam mihi requirite. nec enim vos utique domus meae famosa fabula et non dicendi filii mei facta latuerunt.'"
https://www.thelatinlibrary.com/apuleius/apuleius.cupid.shtml,120,"Tunc illae, non ignarae quae gesta sunt, palpare Veneris iram saevientem sic adortae: 'quid tale, domina, deliquit tuus filius, ut animo pervicaci voluptates illius impugnes et, quam ille diligit, tu quoque perdere gestias? quod autem, oramus, isti crimen, si puellae lepidae libenter arrisit? an ignoras eum masculum et iuvenem esse vel certe iam, quot sit annorum, oblita es? an, quod aetatem portat bellule, puer tibi semper videtur? mater autem tu et praeterea cordata mulier filii tui lusus semper explorabis curiose, et in eo luxuriem culpabis et amores revinces, et tuas artes tuasque delicias in formonso filio reprehendes? quis autem te deum, quis hominum patietur passim cupidines populis disseminantem, cum tuae domus amores amare coerceas et vitiorum muliebrium publicam praecludas officinam?'"
https://www.thelatinlibrary.com/apuleius/apuleius.cupid.shtml,25,"Sic illae metu sagittarum patrocinio gratioso Cupidini, quamvis absenti, blandiebantur. sed Venus indignata ridicule tractari suas iniurias praeversis illis alterorsus concito gradu pelago viam capessit."
https://www.thelatinlibrary.com/apuleius/apuleius.cupid.shtml,126,"[6.1] Interea Psyche variis iactabatur discursibus, dies noctesque mariti vestigationibus inquieta animo, tanto cupidior iratum licet, si non uxoriis blanditiis lenire, certe servilibus precibus propitiare. et prospecto templo quodam in ardui montis vertice 'unde autem,' inquit, 'scio an istic meus degat dominus?' et ilico dirigit citatum gradum, quem defectum prorsus adsiduis laboribus spes incitabat et votum. iamque naviter emensis celsioribus iugis pulvinaribus sese proximam intulit. videt spicas frumentarias in acervo et alias flexiles in corona et spicas hordei videt. erant et falces et operae messoriae mundus omnis, sed cuncta passim iacentia et incuria confusa et, ut solet aestu, laborantium manibus proiecta. haec singula Psyche curiose dividit et discretim semota rite componit, rata scilicet nullius dei fana ac caerimonias neglegere se debere, sed omnium benivolam misericordiam corrogare."
https://www.thelatinlibrary.com/apuleius/apuleius.cupid.shtml,54,"[2] Haec eam sollicite seduloque curantem Ceres alma deprehendit et longum exclamat protinus: 'ain, Psyche miseranda? totum per orbem Venus anxia disquisitione tuum vestigium furens animi requirit, teque ad extremum supplicium expetit et totis numinis sui viribus ultionem flagitat: tu vero rerum mearum tutelam nunc geris et aliud quicquam cogitas nisi de tua salute?"
https://www.thelatinlibrary.com/apuleius/apuleius.cupid.shtml,104,"Tunc Psyche pedes eius advoluta et uberi fletu rigans deae vestigia humumque verrens crinibus suis, multiiugis precibus editis veniam postulabat: 'per ego te frugiferam tuam dexteram istam deprecor, per laetificas messium caerimonias, per tacita secreta cistarum, et per famulorum tuorum draconum pinnata curricula et glebae Siculae sulcamina, et currum rapacem et terram tenacem, et illuminarum Proserpinae nuptiarum demeacula et luminosarum filiae inventionum remeacula, et cetera quae silentio tegit Eleusinis Atticae sacrarium: miserandae Psyches animae, supplicis tuae, subsiste. inter istam spicarum congeriem patere vel pauculos dies delitescam, quoad deae tantae saeviens ira spatio temporis mitigetur vel certe meae vires diutino labore fessae quietis intervallo leniantur.'"
https://www.thelatinlibrary.com/apuleius/apuleius.cupid.shtml,44,"[3] Suscipit Ceres: 'tuis quidem lacrimosis precibus et commoveor et opitulari cupio, sed cognatae meae, cum qua etiam foedus antiquum amicitiae colo, bonae praeterea feminae, malam gratiam subire nequeo. decede itaque istis aedibus protinus et quod a me retenta custoditaque non fueris optimi consule.'"
https://www.thelatinlibrary.com/apuleius/apuleius.cupid.shtml,73,"Contra spem suam repulsa Psyche et afflicta duplici maestitia iter retrorsum porrigens inter subsitae convallis sublucidum lucum prospicit fanum sollerti fabrica structum. nec ullam vel dubiam spei melioris viam volens omittere, sed adire cuiuscumque dei veniam, sacratis foribus proximat. videt dona pretiosa et lacinias auro litteratas ramis arborum postibusque suffixas, quae cum gratia facti nomen deae, cui fuerant dicata, testabantur. tunc genu nixa et manibus aram tepentem amplexa detersis ante lacrimis sic adprecatur:"
https://www.thelatinlibrary.com/apuleius/apuleius.cupid.shtml,84,"[4] 'Magni Iovis germana et coniuga, sive tu Sami, quae sola partu vagituque et alimonia tua gloriatur, tenes vetusta delubra; sive celsae Carthaginis, quae te virginem vectura leonis caelo commeantem percolit, beatas sedes frequentas; sive prope ripas Inachi, qui te iam nuptam Tonantis et reginam dearum memorat, inclitis Argivorum praesides moenibus; quam cunctus oriens Zygiam veneratur et omnis occidens Lucinam appellat: sis meis extremis casibus Iuno Sospita meque in tantis exanclatis laboribus defessam imminentis periculi metu libera. quod sciam, soles praegnatibus periclitantibus ultro subvenire.'"
https://www.thelatinlibrary.com/apuleius/apuleius.cupid.shtml,54,"Ad istum modum supplicanti statim sese Iuno cum totius sui numinis augusta dignitate praesentat et protinus 'quam vellem' inquit, 'per fidem, nutum meum precibus tuis accommodare. sed contra voluntatem Veneris, nurus meae, quam filiae semper dilexi loco, praestare me pudor non sinit. tunc etiam legibus, quae servos alienos profugos invitis dominis vetant suscipi, prohibeor.'"
https://www.thelatinlibrary.com/apuleius/apuleius.cupid.shtml,111,"[5] Isto quoque fortunae naufragio Psyche perterrita, nec indipisci iam maritum volatilem quiens, tota spe salutis deposita, sic ipsa suas cogitationes consuluit: 'iam quae possunt alia meis aerumnis temptari vel adhiberi subsidia, cui nec dearum quidem, quamquam volentium, potuerunt prodesse suffragia? quo rursum itaque tantis laqueis inclusa vestigium porrigam, quibusque tectis vel etiam tenebris abscondita magnae Veneris inevitabiles oculos effugiam? quin igitur masculum tandem sumis animum et cassae speculae renuntias fortiter et ultroneam te dominae tuae reddis et vel sera modestia saevientes impetus eius mitigas? qui scias an etiam quem diu quaeritas illic in domo matris repperias?' sic ad dubium obsequium, immo ad certum exitium praeparata, principium futurae secum meditabatur obsecrationis."
https://www.thelatinlibrary.com/apuleius/apuleius.cupid.shtml,104,"[6] At Venus terrenis remediis inquisitionis abnuens caelum petit. iubet construi currum, quem ei Vulcanus aurifex subtili fabrica studiose poliverat et ante thalami rudimentum nuptiale munus obtulerat, limae tenuantis detrimento conspicuum et ipsius auri damno pretiosum. de multis quae circa cubiculum dominae stabulant procedunt quattuor candidae columbae et hilaris incessibus picta colla torquentes iugum gemmeum subeunt susceptaque domina laetae subvolant. currum deae prosequentes gannitu constrepenti lasciviunt passeres et ceterae quae dulce cantitant aves melleis modulis suave resonantes adventum deae pronuntiant. cedunt nubes et Caelum filiae panditur et summus aether cum gaudio suscipit deam, nec obvias aquilas vel accipitres rapaces pertimescit magnae Veneris canora familia."
https://www.thelatinlibrary.com/apuleius/apuleius.cupid.shtml,36,"[7] Tunc se protinus ad Iovis regias arces dirigit et petitu superbo Mercuri, dei vocalis, operae necessariam usuram postulat. nec renuit Iovis caerulum supercilium. tunc ovans ilico, comitante etiam Mercurio,Venus caelo demeat eique sollicite serit verba:"
https://www.thelatinlibrary.com/apuleius/apuleius.cupid.shtml,75,"'Frater Arcadi, scis nempe sororem tuam Venerem sine Mercuri praesentia nil unquam fecisse nec te praeterit utique, quanto iam tempore delitescentem ancillam nequiverim repperire. nil ergo superest quam tuo praeconio praemium investigationis publicitus edicere. fac ergo mandatum matures meum et indicia qui possit agnosci manifeste designes, ne, si quis occultationis illicitae crimen subierit, ignorantiae se possit excusatione defendere.' et simul dicens libellum ei porrigit ubi Psyches nomen continebatur et cetera. quo facto protinus domum secessit."
https://www.thelatinlibrary.com/apuleius/apuleius.cupid.shtml,55,"[8] Nec Mercurius omisit obsequium. nam per omnium ora populorum passim discurrens sic mandatae praedicationis munus exequebatur: 'si quis a fuga retrahere vel occultam demonstrare poterit fugitivam regis filiam, Veneris ancillam, nomine Psychen, conveniat retro metas Murtias Mercurium praedicatorem, accepturus indicivae nomine ab ipsa Venere septem savia suavia et unum blandientis adpulsu linguae longe mellitum.'"
https://www.thelatinlibrary.com/apuleius/apuleius.cupid.shtml,84,"Ad hunc modum pronuntiante Mercurio tanti praemii cupido certatim omnium mortalium studium adrexerat. quae res nunc vel maxime sustulit Psyches omnem cunctationem. iamque fores ei dominae proximanti occurrit una de famulitione Veneris nomine Consuetudo, statimque quantum maxime potuit, exclamat: 'tandem, ancilla nequissima, dominam habere te scire coepisti? an pro cetera morum tuorum temeritate istud quoque nescire te fingis, quantos labores circa tuas inquisitiones sustinuerimus? sed bene, quod meas potissimum manus incidisti et inter Orci cancros iam ipsos haesisti, datura scilicet actutum tantae contumaciae poenas.'"
https://www.thelatinlibrary.com/apuleius/apuleius.cupid.shtml,250,"[9] Et audaciter in capillos eius inmissa manu trahebat eam nequaquam renitentem. quam ubi primum inductam oblatamque sibi conspexit Venus, laetissimum cachinnum extollit et qualem solent frequenter irati, caputque quatiens et ascalpens aurem dexteram 'tandem,' inquit, 'dignata es socrum tuam salutare? an potius maritum, qui tuo vulnere periclitatur, intervisere venisti? sed esto secura, iam enim excipiam te ut bonam nurum condecet'; et 'ubi sunt,' inquit, 'Sollicitudo atque Tristities, ancillae meae?' quibus intro vocatis torquendam tradidit eam. at illae sequentes erile praeceptum Psychen misellam flagellis afflictam et ceteris tormentis excruciatam iterum dominae conspectui reddunt. tunc rursus sublato risu Venus 'et ecce,' inquit, 'nobis turgidi ventris sui lenocinio commovet miserationem, unde me praeclara subole aviam beatam scilicet faciat. felix vero ego, quae in ipso aetatis meae flore vocabor avia, et vilis ancillae filius nepos Veneris audiet. quanquam inepta ego frustra filium dicam; impares enim nuptiae et praeterea in villa sine testibus et patre non consentiente factae legitimae non possunt videri ac per hoc spurius iste nascetur, si tamen partum omnino perferre te patiemur.'
[10] His editis involat eam vestemque plurifariam diloricat capilloque discisso et capite conquassato graviter affligit, et accepto frumento et hordeo et milio et papavere et cicere et lente et faba commixtisque acervatim confusis in unum grumulum sic ad illam: 'videris enim mihi tam deformis ancilla nullo alio sed tantum sedulo ministerio amatores tuos promereri: iam ergo et ipsa frugem tuam periclitabor. discerne seminum istorum passivam congeriem singulisque granis rite dispositis atque seiugatis ante istam vesperam opus expeditum approbato mihi.'"
https://www.thelatinlibrary.com/apuleius/apuleius.cupid.shtml,86,"Sic assignato tantorum seminum cumulo ipsa cenae nuptiali concessit. nec Psyche manus admolitur inconditae illi et inextricabili moli, sed immanitate praecepti consternata silens obstupescit. tunc formicula illa parvula atque ruricola, certa difficultatis tantae laborisque, miserta contubernalis magni dei socrusque saevitiam execrata, discurrens naviter convocat corrogatque cunctam formicarum accolarum classem: 'miseremini, terrae omniparentis agiles alumnae, miseremini et Amoris uxori, puellae lepidae, periclitanti prompta velocitate succurrite.' ruunt aliae superque aliae sepedum populorum undae summoque studio singulae granatim totum digerunt acervum separatimque distributis dissitisque generibus e conspectu perniciter abeunt."
https://www.thelatinlibrary.com/apuleius/apuleius.cupid.shtml,49,"[11] Sed initio noctis e convivio nuptiali vino madens et fraglans balsama Venus remeat totumque revincta corpus rosis micantibus visaque diligentia miri laboris 'non tuum,' inquit, 'nequissima, nec tuarum manuum istud opus, sed illius, cui tuo, immo et ipsius, malo placuisti': et frusto cibarii panis ei proiecto cubitum facessit."
https://www.thelatinlibrary.com/apuleius/apuleius.cupid.shtml,35,"interim Cupido solus interioris domus unici cubiculi custodia clausus coercebatur acriter, partim ne petulanti luxurie vulnus gravaret, partim ne cum sua cupita conveniret. sic ergo distentis et sub uno tecto separatis amatoribus taetra nox exanclata."
https://www.thelatinlibrary.com/apuleius/apuleius.cupid.shtml,46,"Sed Aurora commodum inequitante vocatae Psychae Venus infit talia: 'videsne illud nemus, quod fluvio praeterluenti ripisque longis attenditur, cuius imi gurgites vicinum fontem respiciunt? oves ibi nitentes aurique colore florentes incustodito pastu vagantur. inde de coma pretiosi velleris floccum mihi confestim quoquo modo quaesitum afferas censeo.'"
https://www.thelatinlibrary.com/apuleius/apuleius.cupid.shtml,123,"[12] Perrexit Psyche volenter non obsequium quidem illa functura, sed requiem malorum praecipitio fluvialis rupis habitura. sed inde de fluvio musicae suavis nutricula, leni crepitu dulcis aurae divinitus inspirata, sic vaticinatur arundo viridis: 'Psyche, tantis aerumnis exercita, neque tua miserrima morte meas sanctas aquas polluas nec vero istud horae contra formidabiles oves feras aditum, quoad de solis fraglantia mutuatae calorem truci rabie solent efferri cornuque acuto et fronte saxea et non nunquam venenatis morsibus in exitium saevire mortalium; sed dum meridies solis sedaverit vaporem et pecua spiritus fluvialis serenitate conquieverint, poteris sub illa procerissima platano, quae mecum simul unum fluentum bibit, latenter abscondere. et cum primum mitigata furia laxaverint oves animum, percussis frondibus attigui nemoris lanosum aurum repperies, quod passim stirpibus convexis obhaerescit.'"
https://www.thelatinlibrary.com/apuleius/apuleius.cupid.shtml,121,"[13] Sic harundo simplex et humana Psychen aegerrimam salutem suam docebat. nec auscultatu paenitendo diligenter instructa illa cessavit, sed observatis omnibus furatrina facili flaventis auri mollitie congestum gremium Veneri reportat. nec tamen apud dominam saltem secundi laboris periculum secundum testimonium meruit, sed contortis superciliis subridens amarum sic inquit: 'nec me praeterit huius quoque facti auctor adulterinus. sed iam nunc ego sedulo periclitabor an oppido forti animo singularique prudentia sis praedita. videsne insistentem celsissimae illi rupi montis ardui verticem, de quo fontis atri fuscae defluunt undae proxumaeque conceptaculo vallis inclusae Stygias inrigant paludes et rauca Cocyti fluenta nutriunt? indidem mihi de summi fontis penita scaturrigine rorem rigentem hauritum ista confestim defers urnula.' sic aiens crustallo dedolatum vasculum, insuper ei graviora comminata, tradidit."
https://www.thelatinlibrary.com/apuleius/apuleius.cupid.shtml,135,"[14] At illa studiose gradum celerans montis extremum petit tumulum certe vel illic inventura vitae pessimae finem. sed cum primum praedicti iugi conterminos locos appulit, videt rei vastae letalem difficultatem. namque saxum immani magnitudine procerum et inaccessa salebritate lubricum mediis e faucibus lapidis fontes horridos evomebat, qui statim proni foraminis lacunis editi perque proclive delapsi et angusti canalis exarato contecti tramite proxumam convallem latenter incidebant. dextra laevaque cautibus cavatis proserpunt et longa colla porrecti saeviunt saevi dracones inconivae vigiliae luminibus addictis et in perpetuam lucem pupulis excubantibus. iamque et ipsae semet muniebant vocales aquae. nam et 'discede' et 'quid facis? vide' et 'quid agis? cave' et 'fuge' et 'peribis' subinde clamant. sic impossibilitate ipsa mutata in lapidem Psyche, quamvis praesenti corpore, sensibus tamen aberat et inextricabilis periculi mole prorsus obruta lacrimarum etiam extremo solacio carebat."
https://www.thelatinlibrary.com/apuleius/apuleius.cupid.shtml,102,"[15] Nec Providentiae bonae graves oculos innocentis animae latuit aerumna. nam supremi Iovis regalis ales illa repente propansis utrimque pinnis affuit rapax aquila memorque veteris obsequii, quo ductu Cupidinis Iovi pocillatorem Phrygium sustulerat, oportunam ferens opem deique numen in uxoris laboribus percolens alti culminis diales vias deserit et ob os puellae praevolans incipit: 'at tu, simplex alioquin et expers rerum talium, sperasne te sanctissimi nec minus truculenti fontis vel unam stillam posse furari vel omnino contingere? diis etiam ipsique Iovi formidabiles aquas istas Stygias vel fando comperisti, quodque vos deieratis per numina deorum, deos per Stygis maiestatem solere? sed cedo istam urnulam.'"
https://www.thelatinlibrary.com/apuleius/apuleius.cupid.shtml,44,"Et protinus adreptam completum aquae festinat libratisque pinnarum nutantium molibus inter genas saevientium dentium et trisulca vibramina draconum remigium dextra laevaque porrigens volentes aquas et, ut abiret innoxius, praestantes excipit, commentus ob iussum Veneris petere eique se praeministrare, quare paulo facilior adeundi fuit copia."
https://www.thelatinlibrary.com/apuleius/apuleius.cupid.shtml,116,"[16] Sic acceptam cum gaudio plenam urnulam Psyche Veneri citata rettulit. Nec tamen nutum deae saevientis vel tunc expiare potuit. nam sic eam maiora atque peiora flagitia comminans appellat renidens exitiabile: 'iam tu quidem maga videris quaedam mihi et alta prorsus malefica, quae talibus praeceptis meis obtemperasti naviter. sed adhuc istud, mea pupula, ministrare debebis. sume istam pyxidem,' et dedit; 'protinus usque ad inferos et ipsius Orci ferales penates te derige. tunc conferens pyxidem Proserpinae 'petit de te Venus,' dicito, 'modicum de tua mittas ei formonsitate vel ad unam saltem dieculam sufficiens. nam quod habuit, dum filium curat aegrotum, consumpsit atque contrivit omne.' sed haud immaturius redito, quia me necesse est indidem delitam theatrum deorum frequentare.'"
https://www.thelatinlibrary.com/apuleius/apuleius.cupid.shtml,97,"[17] Tunc Psyche vel maxime sensit ultimas fortunas suas et velamento reiecto ad promptum exitium sese compelli manifeste comperit. quidni? quae suis pedibus ultro ad Tartarum manesque commeare cogeretur. nec cunctata diutius pergit ad quampiam turrim praealtam, indidem sese datura praecipitem; sic enim rebatur ad inferos recte atque pulcherrime se posse descendere. sed turris prorumpit in vocem subitam et 'quid te,' inquit, 'praecipitem, o misella, quaeris extinguere? quidque iam novissimo periculo laborique isto temere succumbis? nam si spiritus corpore tuo semel fuerit seiugatus, ibis quidem profecto ad imum Tartarum, sed inde nullo pacto redire poteris. mihi ausculta."
https://www.thelatinlibrary.com/apuleius/apuleius.cupid.shtml,196,"[18] 'Lacedaemo Achaiae nobilis civitas non longe sita est: huius conterminam deviis abditam locis quaere Taenarum. inibi spiraculum Ditis, et per portas hiantes monstratur iter invium, cui te limine transmeato simul commiseris, iam canale directo perges ad ipsam Orci regiam. sed non hactenus vacua debebis per illas tenebras incedere, sed offas polentae mulso concretas ambabus gestare manibus, at in ipso ore duas ferre stipes. iamque confecta bona parte mortiferae viae continaberis claudum asinum lignorum gerulum cum agasone simili, qui te rogabit decidentis sarcinae fusticulos aliquos porrigas ei, sed tu nulla voce deprompta tacita praeterito. nec mora cum ad flumen mortuum venies, cui praefectus Charon, protenus expetens portorium, sic ad ripam ulteriorem sutili cumba deducit commeantes. ergo et inter mortuos avaritia vivit nec Charon ille et Ditis exactor, tantus deus, quicquam gratuito facit, sed moriens pauper viaticum debet quaerere et aes si forte prae manu non fuerit, nemo eum expirare patietur. huic squalido seni dabis nauli nomine de stipibus quas feres alteram, sic tamen ut ipse sua manu de tuo sumat ore. nec setius tibi pigrum fluentum transmeanti quidam supernatans senex mortuus putris adtollens manus orabit ut eum intra navigium trahas, nec tu tamen inlicita adflectare pietate."
https://www.thelatinlibrary.com/apuleius/apuleius.cupid.shtml,323,"[19] 'Transito fluvio modicum te progressam textrices orabunt anus telam struentes manus paulisper accommodes, nec id tamen tibi contingere fas est. nam haec omnia tibi et multa alia de Veneris insidiis orientur, ut vel unam de manibus omittas offulam. nec putes futile istud polentacium damnum leve; altera enim perdita lux haec tibi prorsus denegabitur. canis namque praegrandis, teriugo et satis amplo capite praeditus, immanis et formidabilis, tonantibus oblatrans faucibus mortuos, quibus iam nil mali potest facere, frustra territando ante ipsum limen et atra atria Proserpinae semper excubans servat vacuam Ditis domum. hunc offrenatum unius offulae praeda facile praeteribis ad ipsamque protinus Proserpinam introibis, quae te comiter excipiet ac benigne, ut et molliter assidere et prandium opipare suadeat sumere. sed tu et humi reside et panem sordidum petitum esto, deinde nuntiato quid adveneris, susceptoque quod offeretur rursus remeans canis saevitiam offula reliqua redime ac deinde avaro navitae data quam reservaveras stipe transitoque eius fluvio recolens priora vestigia ad istum caelestium siderum redies chorum. sed inter omnia hoc observandum praecipue tibi censeo, ne velis aperire vel inspicere illam quam feres pyxidem vel omnino divinae formonsitatis abditum curare curiosius thensaurum.'
[20] Sic turris illa prospicua vaticinationis munus explicuit. nec morata Psyche pergit Taenarum sumptisque rite stipibus illis et offulis infernum decurrit meatum transitoque per silentium asinario debili et amnica stipe vectori data, neglecto supernatantis mortui desiderio et spretis textricum subdolis precibus et offulae cibo sopita canis horrenda rabie domum Proserpinae penetrat. nec offerentis hospitae sedile delicatum vel cibum beatum amplexa, sed ante pedes eius residens humilis cibario pane contenta Veneriam pertulit legationem. statimque secreto repletam conclusamque pyxidem suscipit et offulae sequentis fraude caninis latratibus obseratis residuaque navitae reddita stipe longe vegetior ab inferis recurrit. et repetita atque adorata candida ista luce, quanquam festinans obsequium terminare, mentem capitur temeraria curiositate et 'ecce,' inquit, 'inepta ego divinae formonsitatis gerula, quae nec tantillum quidem indidem mihi delibo vel sic illi amatori meo formonso placitura,' et cum dicto reserat pyxidem."
https://www.thelatinlibrary.com/apuleius/apuleius.cupid.shtml,44,"[21] Nec quicquam ibi rerum nec formonsitas ulla, sed infernus somnus ac vere Stygius, qui statim coperculo revelatus invadit eam crassaque soporis nebula cunctis eius membris perfunditur et in ipso vestigio ipsaque semita conlapsam possidet. et iacebat immobilis et nihil aliud quam dormiens cadaver."
https://www.thelatinlibrary.com/apuleius/apuleius.cupid.shtml,85,"Sed Cupido iam cicatrice solida revalescens nec diutinam suae Psyches absentiam tolerans per altissimam cubiculi quo cohibebatur elapsus fenestram refectisque pennis aliquanta quiete longe velocius provolans Psychen accurrit suam detersoque somno curiose et rursum in pristinam pyxidis sedem recondito Psychen innoxio punctulo sagittae suae suscitat et 'ecce,' inquit, 'rursum perieras, misella, simili curiositate. sed interim quidem tu provinciam, quae tibi matris meae praecepto mandata est, exsequere naviter, cetera egomet videro.' his dictis amator levis in pinnas se dedit, Psyche vero confestim Veneri munus reportat Proserpinae."
https://www.thelatinlibrary.com/apuleius/apuleius.cupid.shtml,140,"[22] Interea Cupido amore nimio peresus et aegra facie, matris suae repentinam sobrietatem pertimescens, ad armillum redit alisque pernicibus caeli penetrato vertice magno Iovi supplicat suamque causam probat. tunc Iuppiter prehensa Cupidinis buccula manuque ad os suum relata consaviat atque sic ad illum 'licet tu,' inquit, 'domine fili, numquam mihi concessu deum decretum servaris honorem, sed istud pectus meum, quo leges elementorum et vices siderum disponuntur, convulneraris assiduis ictibus crebrisque terrenae libidinis foedaveris casibus contraque leges et ipsam Iuliam disciplinamque publicam turpibus adulteriis existimationem famamque meam laeseris in serpentes, in ignes, in feras, in aves et gregalia pecua serenos vultus meos sordide reformando, at tamen modestiae meae memor quodque inter istas meas manus creveris, cuncta perficiam, dum tamen scias aemulos tuos cavere ac, si qua nunc in terris puella praepollet pulcritudine, praesentis beneficii vicem per eam mihi repensare te debere.'"
https://www.thelatinlibrary.com/apuleius/apuleius.cupid.shtml,39,"[23] Sic fatus iubet Mercurium deos omnes ad contionem protinus convocare ac, si qui coetu caelestium defuisset, in poenam decem milium nummum conventum iri pronuntiare. quo metu statim completo caelesti theatro pro sede sublimi sedens procerus Iuppiter sic enuntiat:"
https://www.thelatinlibrary.com/apuleius/apuleius.cupid.shtml,56,"'Dei conscripti Musarum albo, adolescentem istum quod manibus meis alumnatus sim, profecto scitis omnes. cuius primae iuventutis caloratos impetus freno quodam coercendos existimavi; sat est cotidianis eum fabulis ob adulteria cunctasque corruptelas infamatum. tollenda est omnis occasio et luxuria puerilis nuptialibus pedicis alliganda. puellam elegit et virginitate privavit: teneat, possideat, amplexus Psychen semper suis amoribus perfruatur.'"
https://www.thelatinlibrary.com/apuleius/apuleius.cupid.shtml,171,"Et ad Venerem conlata facie, 'nec tu,' inquit, 'filia, quicquam contristere nec prosapiae tantae tuae statuque de matrimonio mortali metuas. iam faxo nuptias non impares, sed legitimas et iure civili congruas.' et ilico per Mercurium arripi Psychen et in caelum perduci iubet. porrecto ambrosiae poculo, 'sume,' inquit, 'Psyche, et immortalis esto, nec umquam digredietur a tuo nexu Cupido, sed istae vobis erunt perpetuae nuptiae.'
[24] Nec mora cum cena nuptialis affluens exhibetur. Accumbebat summum torum maritus, Psychen gremio suo complexus. sic et cum sua Iunone Iuppiter ac deinde per ordinem toti dei. tunc poculum nectaris, quod vinum deorum est, Iovi quidem suus pocillator ille rusticus puer, ceteris vero Liber ministrabat. Vulcanus cenam coquebat, Horae rosis et ceteris floribus purpurabant omnia, Gratiae spargebant balsama, Musae voce canora personabant; Apollo cantavit ad citharam, Venus suavi musicae superingressa formonsa saltavit, scaena sibi sic concinnata, ut Musae quidem chorum canerent aut tibias inflarent, Saturus et Paniscus ad fistulam dicerent. sic rite Psyche convenit in manum Cupidinis et nascitur illis maturo partu filia, quam Voluptatem nominamus."
https://www.thelatinlibrary.com/apuleius/apuleius.cupid.shtml,28,[25] Sic captivae puellae delira et temulenta illa narrabat anicula; sed astans ego non procul dolebam mehercules quod pugillares et stilum non habebam qui tam bellam fabellam praenotarem.
https://www.thelatinlibrary.com/apuleius/apuleius5.shtml,108,"Psyche teneris et herbosis locis in ipso toro roscidi graminis suave recubans, tanta mentis perturbatione sedata, dulce conquievit. Iamque  sufficienti recreata somno placido resurgit animo. Videt lucum proceris et vastis arboribus consitum, videt fontem vitreo latice perlucidum; medio luci meditullio prope fontis adlapsum domus regia est aedificata non  humanis manibus sed divinis artibus. Iam scies ab introitu primo dei cuiuspiam luculentum et amoenum videre te diversorium. Nam summa laquearia citro et ebore curiose cavata subeunt aureae columnae, parietes omnes  argenteo caelamine conteguntur bestiis et id genus pecudibus occurrentibus  ob os introeuntium. Mirus prorsum [magnae artis] homo immo semideus vel  certe deus, qui magnae artis suptilitate tantum efferavit argentum."
https://www.thelatinlibrary.com/apuleius/apuleius5.shtml,79,"Enimuero pavimenta ipsa lapide pretioso caesim deminuto in varia picturae  genera discriminantur: vehementer iterum ac saepius beatos illos qui super  gemmas et monilia calcant! Iam ceterae partes longe lateque dispositae  domus sine pretio pretiosae totique parietes solidati massis averis  splendore proprio coruscant, ut diem suum sibi domi faciant licet sole  nolente: sic cubicula sic porticus sic ipsae valvae fulgurant. Nec setius  opes ceterae maiestati domus respondent, ut equidem illud recte videatur ad  conversationem humanam magno Iovi fabricatum caeleste palatium."
https://www.thelatinlibrary.com/apuleius/apuleius5.shtml,114,"Invitata Psyche talium locorum oblectatione propius accessit et paulo fidentior intra limen sese facit, mox prolectante studio pulcherrimae  visionis rimatur singula et altrinsecus aedium horrea sublimi fabrica  perfecta magnisque congesta gazis conspicit. Nec est quicquam quod ibi non est. Sed praeter ceteram tantarum divitiarum admirationem hoc erat  praecipue mirificum, quod nullo vinculo nullo claustro nullo custode totius orbis thensaurus ille muniebatur. Haec ei summa cum voluptate visenti  offert sese vox quaedam corporis sui nuda et: ""Quid,"" inquit ""domina,  tantis obstupescis opibus? Tua sunt haec omnia. Prohinc cubiculo te refer  et lectulo lassitudinem refove et ex arbitrio lavacrum pete. Nos, quarum  voces accipis, tuae famulae sedulo tibi praeministrabimus nec corporis  curatae tibi regales epulae morabuntur."""
https://www.thelatinlibrary.com/apuleius/apuleius5.shtml,97,"Sensit Psyche divinae providentiae beatitudinem, monitusque vocis informis audiens et prius somno et mox lavacro fatigationem sui diluit,  visoque statim proximo semirotundo suggestu, propter instrumentum  cenatorium rata refectui suo commodum libens accumbit. Et ilico vini  nectarei eduliumque variorum fercula copiosa nullo serviente sed tantum  spiritu quodam impulsa subministrantur. Nec quemquam tamen illa videre  poterat, sed verba tantum audiebat excidentia et solas voces famulas  habebat. Post opimas dapes quidam introcessit et cantavit invisus et alius  citharam pulsavit, quae videbatur nec ipsa. Tunc modulatae multitudinis  conserta vox aures eius affertur, ut, quamvis hominum nemo pareret, chorus  tamen esse pateret."
https://www.thelatinlibrary.com/apuleius/apuleius5.shtml,85,"Finitis voluptatibus vespera suadente concedit Psyche cubitum. Iamque provecta nocte clemens quidam sonus aures eius accedit. Tunc virginitati  suae pro tanta solitudine metuens et pavet et horrescit et quovis malo plus  timet quod ignorat. Iamque aderat ignobilis maritus et torum inscenderat et  uxorem sibi Psychen fecerat et ante lucis exortum propere discesserat. Statim voces cubiculo praestolatae novam nuptam interfectae virginitatis  curant. Haec diutino tempore sic agebantur. Atque ut est natura redditum,  novitas per assiduam consuetudinem delectationem ei commendarat et sonus vocis incertae solitudinis erat solacium."
https://www.thelatinlibrary.com/apuleius/apuleius5.shtml,29,"Interea parentes eius indefesso luctu atque maerore consenescebant, latiusque porrecta fama sorores illae maiores cuncta cognorant propereque  maestae atque lugubres deserto lare certatim ad parentum suorum conspectum  adfatumque perrexerant."
https://www.thelatinlibrary.com/apuleius/apuleius5.shtml,71,"Ea nocte ad suam Psychen sic infit maritus — namque praeter oculos et manibus et auribus ut praesentius nihil sentiebatur: ""Psyche dulcissima  et cara uxor, exitiabile tibi periculum minatur fortuna saevior, quod  observandum pressiore cautela censeo. Sorores iam tuae mortis opinione  turbatae tuumque vestigium requirentes scopulum istum protinus aderunt,  quarum si quas forte lamentationes acceperis, neque respondeas immo nec  prospicias omnino; ceterum mihi quidem gravissimum dolorem tibi vero summum  creabis exitium."""
https://www.thelatinlibrary.com/apuleius/apuleius5.shtml,68,"Annuit et ex arbitrio mariti se facturam spopondit, sed eo simul cum nocte  dilapso diem totum lacrimis ac plangoribus misella consumit, se nunc maxime  prorsus perisse iterans, quae beati carceris custodia septa et humanae  conversationis colloquio viduata nec sororibus quidem suis de se  maerentibus opem salutarem ferre ac ne videre eas quidem omnino posset. Nec  lavacro nec cibo nec ulla denique refectione recreata flens ubertim  decessit ad somnum."
https://www.thelatinlibrary.com/apuleius/apuleius5.shtml,59,"Nec mora, cum paulo maturius lectum maritus accubans eamque etiam nunc lacrimantem complexus sic expostulat: ""Haecine mihi pollicebare, Psyche  mea? Quid iam de te tuus maritus exspecto, quid spero? Et perdia et pernox nec inter amplexus coniugales desinis cruciatum. Age iam nunc ut voles, et  animo tuo damnosa poscenti pareto! Tantum memineris meae seriae monitionis,  cum coeperis sero paenitere."""
https://www.thelatinlibrary.com/apuleius/apuleius5.shtml,165,"Tunc illa precibus et dum se morituram comminatur extorquet a marito  cupitis adnuat, ut sorores videat, luctus mulceat, ora conferat. Sic ille  novae nuptae precibus veniam tribuit et insuper quibuscumque vellet eas  auri vel monilium donare concessit, sed identidem monuit ac saepe terruit  ne quando sororum pernicioso consilio suasa de forma mariti quaerat neve se  sacrilega curiositate de tanto fortunarum suggestu pessum deiciat nec suum  postea contingat amplexum. Gratias egit marito iamque laetior animo: ""Sed prius"" inquit ""centies moriar quam tuo isto dulcissimo conubio caream. Amo  enim et efflictim te, quicumque es, diligo aeque ut meum spiritum, nec ipsi  Cupidini comparo. Sed istud etiam meis precibus, oro, largire et illi tuo  famulo Zephyro praecipe simili vectura sorores hic mihi sistat"", et imprimens oscula suasoria et ingerens verba mulcentia et inserens membra  cohibentia haec etiam blanditiis astruit: ""Mi mellite, mi marite, tuae  Psychae dulcis anima."" Vi ac potestate Venerii susurrus invitus succubuit  maritus et cuncta se facturum spopondit atque etiam luce proxumante de  manibus uxoris evanuit."
https://www.thelatinlibrary.com/apuleius/apuleius5.shtml,77,"At illae sorores percontatae scopulum locumque illum quo fuerat Psyche deserta festinanter adveniunt ibique difflebant oculos et plangebant ubera,  quoad crebris earum heiulatibus saxa cautesque parilem sonum resultarent.  Iamque nomine proprio sororem miseram ciebant, quoad sono penetrabili vocis  ululabilis per prona delapso amens et trepida Psyche procurrit e domo et:  ""Quid"" inquit ""vos miseris lamentationibus necquicquam effligitis? Quam  lugetis, adsum. Lugubres voces desinite et diutinis lacrimis madentes genas  siccate tandem, quippe cum iam possitis quam plangebatis amplecti."""
https://www.thelatinlibrary.com/apuleius/apuleius5.shtml,51,"Tunc vocatum Zephyrum praecepti maritalis admonet. Nec mora, cum ille  parens imperio statim clementissimis flatibus innoxia vectura deportat  illas. Iam mutuis amplexibus et festinantibus saviis sese perfruuntur et  illae sedatae lacrimae postliminio redeunt prolectante gaudio. ""Sed et  tectum"" inquit ""et larem nostrum laetae succedite et afflictas animas cum  Psyche vestra recreate."""
https://www.thelatinlibrary.com/apuleius/apuleius5.shtml,109,"Sic allocuta summas opes domus aureae vocumque servientium populosam familiam demonstrat auribus earum lavacroque pulcherrimo et inhumanae  mensae lautitiis eas opipare reficit, ut illarum prorsus caelestium  divitiarum copiis affluentibus satiatae iam praecordiis penitus  nutrirent invidam. Denique altera earum satis scrupulose curioseque  percontari non desinit, quis illarum caelestium rerum dominus, quisve vel  qualis ipsius sit maritus. Nec tamen Psyche coniugale illud praeceptum ullo  pacto temerat vel pectoris arcanis exigit, sed e re nata confingit esse  iuvenem quendam et speciosum, commodum lanoso barbitio genas inumbrantem,  plerumque rurestribus ac montanis venatibus occupatum, et ne qua sermonis  procedentis labe consilium tacitum proderetur, auro facto gemmosisque  monilibus onustas eas statim vocato Zephyro tradit reportandas."
https://www.thelatinlibrary.com/apuleius/apuleius5.shtml,180,"Quo protenus perpetrato sorores egregiae domum redeuntes iamque gliscentis invidiae felle fraglantes multa secum sermonibus mutuis  perstrepebant. Sic denique infit altera: ""En orba et saeva et iniqua  Fortuna! Hocine tibi complacuit, ut utroque parente prognatae germanae  diversam sortem sustineremus? Et nos quidem quae natu maiore sumus maritis  advenis ancillae deditae extorres et lare et ipsa patria degamus longe  parentum velut exulantes, haec autem novissima, quam fetu satiante  postremus partus effudit, tantis opibus et deo marito potita sit, quae nec  uti recte tanta bonorum copia novit? Vidisti, soror, quanta in domo iacent  et qualia monilia, quae praenitent vestes, quae splendicant gemmae, quantum  praeterea passim calcatur aurum. Quodsi maritum etiam tam formonsum tenet  ut affirmat, nulla nunc in orbe toto felicior vivit. Fortassis tamen  procedente consuetudine et adfectione roborata deam quoque illam deus  maritus efficiet. Sic est hercules, sic se gerebat ferebatque. Iam iam  sursum respicit et deam spirat mulier, quae voces ancillas habet et ventis  ipsis imperat. At ego misera primum patre meo seniorem maritum sortita sum,  dein cucurbita calviorem et quovis puero pusilliorem, cunctam domum seris  et catenis obditam custodientem."""
https://www.thelatinlibrary.com/apuleius/apuleius5.shtml,218,"Suscipit alia: ""Ego vero maritum articulari etiam morbo complicatum curvatumque ac per hoc rarissimo venerem meam recolente sustineo, plerumque  detortos et duratos in lapidem digitos eius perfricans, fomentis olidis et  pannis sordidis et faetidis cataplasmatibus manus tam delicatas istas  adurens, nec uxoris osam faciem sed medicae laboriosam personam  sustinens. Et tu quidem soror videris quam patienti vel potius servili —  dicam enim libere quod sentio — haec perferas animo: enimuero ego nequeo  sustinere ulterius tam beatam fortunam allapsam indignae. Recordare enim  quam superbe quam adroganter nobiscum egerit et ipsa iactatione immodicae  ostentationis tumentem suum prodiderit animum deque tantis divitiis exigua  nobis invita proiecerit confestimque praesentiam nostram gravata propelli  et efflari exsibilarique nos iusserit. Nec sum mulier nec omnino spiro,  nisi eam pessum de tantis opibus deiecero. Ac si tibi etiam, ut par est,  inacuit nostra contumelia, consilium validum requiramus ambae. Iamque ista  quae ferimus non parentibus nostris ac nec ulli monstremus alii, immo nec  omnino quicquam de eius salute norimus. Sat est quod ipsae vidimus quae  vidisse paenitet, nedum ut genitoribus et omnibus populis tam beatum eius  differamus praeconium. Nec sunt enim beati quorum divitias nemo novit.  Sciet se non ancillas sed sorores habere maiores. Et nunc quidem concedamus  ad maritos, et lares pauperes nostros sed plane sobrios revisamus, diuque  cogitationibus pressioribus instructae ad superbiam poeniendam firmiores  redeamus."""
https://www.thelatinlibrary.com/apuleius/apuleius5.shtml,47,Placet pro bono duabus malis malum consilium totisque illis tam pretiosis muneribus absconditis comam trahentes et proinde ut merebantur  ora lacerantes simulatos redintegrant fletus. Ac sic parentes quoque  redulcerato prorsum dolore raptim deterrentes vesania turgidae domus suas  contendunt dolum scelestum immo vero parricidium struentes contra sororem  insontem.
https://www.thelatinlibrary.com/apuleius/apuleius5.shtml,120,"Interea Psychen maritus ille quem nescit rursum suis illis nocturnis  sermonibus sic commonet: ""Videsne quantum tibi periculum? Velitatur Fortuna  eminus, ac nisi longe firmiter praecaves mox comminus congredietur.  Perfidae lupulae magnis conatibus nefarias insidias tibi comparant, quarum  summa est ut te suadeant meos explorare vultus, quos, ut tibi saepe  praedixi, non videbis si videris. Ergo igitur si posthac pessimae illae  lamiae noxiis animis armatae venerint — venient autem, scio — neque omnino  sermonem conferas, et si id tolerare pro genuina simplicitate proque animi  tui teneritudine non potueris, certe de marito nil quicquam vel audias vel  respondeas. Nam et familiam nostram iam propagabimus et hic adhuc infantilis uterus gestat nobis infantem alium, si texeris nostra secreta  silentio, divinum, si profanaveris, mortalem."""
https://www.thelatinlibrary.com/apuleius/apuleius5.shtml,146,"Nuntio Psyche laeta florebat et divinae subolis solacio plaudebat et futuri pignoris gloria gestiebat et materni nominis dignitate gaudebat.  Crescentes dies et menses exeuntes anxia numerat et sarcinae nesciae  rudimento miratur de brevi punctulo tantum incrementulum locupletis uteri.  Sed iam pestes illae taeterrimaeque Furiae anhelantes vipereum virus et  festinantes impia celeritate navigabant. Tunc sic iterum momentarius  maritus suam Psychen admonet: ""En dies ultima et casus extremus et!  Sexus infestus et sanguis inimicus iam sumpsit arma et castra commovit et  aciem direxit et classicum personavit; iam mucrone destricto iugulum tuum nefariae tuae sorores petunt. Heu quantis urguemur cladibus, Psyche  dulcissima! Tui nostrique misere religiosaque continentia domum maritum  teque et istum parvulum nostrum imminentis ruinae infortunio libera. Nec  illas scelestas feminas, quas tibi post internecivum odium et calcata  sanguinis foedera sorores appellare non licet, vel videas vel audias, cum  in morem Sirenum scopulo prominentes funestis vocibus saxa personabunt."""
https://www.thelatinlibrary.com/apuleius/apuleius5.shtml,111,"Suscipit Psyche singultu lacrimoso sermonem incertans: ""Iam dudum, quod sciam, fidei atque parciloquio meo perpendisti documenta, nec eo  setius adprobabitur tibi nunc etiam firmitas animi mei. Tu modo Zephyro nostro rursum praecipe fungatur obsequio, et in vicem denegatae  sacrosanctae imaginis tuae redde saltem conspectum sororum. Per istos  cinnameos et undique pendulos crines tuos per teneras et teretis et mei  similes genas per pectus nescio quo calore fervidum sic in hoc saltem  parvulo cognoscam faciem tuam: supplicis anxiae piis precibus erogatus  germani complexus indulge fructum et tibi devotae dicataeque Psychae animam  gaudio recrea. Nec quicquam amplius in tuo vultu requiro, iam nil officiunt  mihi nec ipsae nocturnae tenebrae: teneo te, meum lumen."""
https://www.thelatinlibrary.com/apuleius/apuleius5.shtml,20,His verbis et amplexibus mollibus decantatus maritus lacrimasque eius suis  crinibus detergens facturum spopondit et praevertit statim lumen nascentis  diei.
https://www.thelatinlibrary.com/apuleius/apuleius5.shtml,108,"Iugum sororium consponsae factionis ne parentibus quidem visis recta de navibus scopulum petunt illum praecipiti cum velocitate nec venti  ferentis oppertae praesentiam licentiosa cum temeritate prosiliunt in  altum. Nec immemor Zephyrus regalis edicti, quamvis invitus, susceptas eas  gremio spirantis aurae solo reddidit. At illae incunctatae statim conferto  vestigio domum penetrant complexaeque praedam suam sorores nomine  mentientes thensaurumque penitus abditae fraudis vultu laeto tegentes sic  adulant: ""Psyche, non ita ut pridem parvula, et ipsa iam mater es. Quantum,  putas, boni nobis in ista geris perula! Quantis gaudiis totam domum nostram  hilarabis! O nos beatas quas infantis aurei nutrimenta laetabunt! Qui si  parentum, ut oportet, pulchritudini responderit, prorsus Cupido nascetur."""
https://www.thelatinlibrary.com/apuleius/apuleius5.shtml,119,"Sic adfectione simulata paulatim sororis invadunt animum. Statimque eas lassitudinem viae sedilibus refotas et balnearum vaporosis fontibus curatas  pulcherrime triclinio mirisque illis et beatis edulibus atque tuccetis  oblectat. Iubet citharam loqui: psallitur; tibias agere: sonatur; choros  canere: cantatur. Quae cuncta nullo praesente dulcissimis modulis animos  audientium remulcebant. Nec tamen scelestarum feminarum nequitia vel illa  mellita cantus dulcedine mollita conquievit, sed ad destinatam fraudium  pedicam sermonem conferentes dissimulanter occipiunt sciscitari qualis ei  maritus et unde natalium secta cuia proveniret. Tunc illa simplicitate  nimia pristini sermonis oblita novum commentum instruit atque maritum suum  de provincia proxima magnis pecuniis negotiantem iam medium cursum aetatis  agere interspersum rara canitie. Nec in sermone isto tantillum morata  rursum opiparis muneribus eas onustas ventoso vehiculo reddidit."
https://www.thelatinlibrary.com/apuleius/apuleius5.shtml,113,"Sed dum Zephyri tranquillo spiritu sublimatae domum redeunt, sic secum altercantes: ""Quid, soror, dicimus de tam monstruoso fatuae illis mendacio? Tunc adolescens modo florenti lanugine barbam instruens, nunc aetate media  candenti canitie lucidus. Quis ille quem temporis modici spatium repentina  senecta reformavit? Nil aliud reperies, mi soror, quam vel mendacia istam pessimam feminam confingere vel formam mariti sui nescire; quorum utrum  verum est, opibus istis quam primum exterminanda est. Quodsi viri sui  faciem ignorat, deo profecto denupsit et deum nobis praegnatione ista  gerit. Certe si divini puelli — quod absit — haec mater audierit, statim me  laqueo nexili suspendam. Ergo interim ad parentes nostros redeamus et  exordio sermonis huius quam concolores fallacias adtexamus."""
https://www.thelatinlibrary.com/apuleius/apuleius5.shtml,113,"Sic inflammatae, parentibus fastidienter appellatis et nocte turbata vigiliis, perditae matutino scopulum pervolant et inde solito venti  praesidio vehementer devolant lacrimisque pressura palpebrarum coactis hoc  astu puellam appellant: ""Tu quidem felix et ipsa tanti mali ignorantia  beata sedes incuriosa periculi tui, nos autem, quae pervigili cura rebus  tuis excubamus, cladibus tuis misere cruciamur. Pro vero namque comperimus nec te, sociae scilicet doloris casusque tui, celare possumus immanem colubrum multinodis voluminibus serpentem, veneno noxio colla sanguinantem hiantemque ingluvie profunda, tecum noctibus latenter adquiescere. Nunc  recordare sortis Pythicae, quae te trucis bestiae nuptiis destinatam esse  clamavit. Et multi coloni quique circumsecus venantur et accolae plurimi  viderunt eum vespera redeuntem e pastu proximique fluminis vadis  innatantem."
https://www.thelatinlibrary.com/apuleius/apuleius5.shtml,70,"Nec diu blandis alimoniarum obsequiis te saginaturum omnes adfirmant, sed cum primum praegnationem tuam plenus maturaverit  uterus, opimiore fructu praeditam devoraturum. Ad haec iam tua est  existimatio, utrum sororibus pro tua cara salute sollicitis adsentiri velis et declinata morte nobiscum secura periculi vivere an saevissimae  bestiae sepeliri visceribus. Quodsi te ruris huius vocalis solitudo vel  clandestinae veneris faetidi periculosique concubitus et venenati serpentis  amplexus delectant, certe piae sorores nostrum fecerimus."""
https://www.thelatinlibrary.com/apuleius/apuleius5.shtml,46,"Tunc Psyche misella, utpote simplex et animi tenella, rapitur verborum tam  tristium formidine: extra terminum mentis suae posita prorsus omnium mariti  monitionum suarumque promissionum memoriam effudit et in profundum  calamitatis sese praecipitavit tremensque et exsangui colore lurida  tertiata verba semihianti voce substrepens sic ad illas ait:"
https://www.thelatinlibrary.com/apuleius/apuleius5.shtml,110,"""Vos quidem, carissimae sorores, ut par erat, in officio vestrae pietatis permanetis, verum et illi qui talia vobis  adfirmant non videntur mihi mendacium fingere. Nec enim umquam  viri mei vidi faciem vel omnino cuiatis sit novi, sed tantum  nocturnis subaudiens vocibus maritum incerti status et prorsus  lucifugam tolero, bestiamque aliquam recte dicentibus vobis merito  consentio. Meque magnopere semper a suis terret aspectibus  malumque grande de vultus curiositate praeminatur. Nunc si quam  salutarem opem periclitanti sorori vestrae potestis adferre, iam  nunc subsistite; ceterum incuria sequens prioris providentiae  beneficia conrumpet."" Tunc nanctae iam portis patentibus nudatum  sororis animum facinerosae mulieres, omissis tectae machinae  latibulis, destrictis gladiis fraudium simplicis puellae paventes cogitationes invadunt."
https://www.thelatinlibrary.com/apuleius/apuleius5.shtml,146,"Sic denique altera: ""Quoniam nos originis nexus pro tua incolumitate ne periculum quidem ullum ante oculos habere compellit, viam quae sola deducit  iter ad salutem diu diuque cogitatam monstrabimus tibi. Novaculam praeacutam  adpulsu etiam palmulae lenientis exasperatam tori qua parte cubare consuesti  latenter absconde, lucernamque concinnem completam oleo claro lumine  praemicantem subde aliquo claudentis aululae tegmine, omnique isto apparatu  tenacissime dissimulato, postquam sulcatum trahens gressum cubile solitum  conscenderit iamque porrectus et exordio somni prementis implicitus altum  soporem flare coeperit, toro delapsa nudoque vestigio pensilem gradum  paullulatim minuens, caecae tenebrae custodia liberata lucerna, praeclari tui  facinoris opportunitatem de luminis consilio mutuare, et ancipiti telo illo  audaciter, prius dextera sursum elata, nisu quam valido noxii serpentis  nodum cervicis et capitis abscide. Nec nostrum tibi deerit subsidium; sed  cum primum illius morte salutem tibi feceris, anxie praestolatae  advolabimus cunctisque istis ocius tecum relatis votivis nuptiis hominem  te iungemus homini."""
https://www.thelatinlibrary.com/apuleius/apuleius5.shtml,34,Tali verborum incendio flammata viscera sororis prorsus ardentis deserentes ipsae protinus tanti mali confinium sibi etiam eximie metuentes  flatus alitis impulsu solito porrectae super scopulum ilico pernici se fuga  proripiunt statimque conscensis navibus abeunt.
https://www.thelatinlibrary.com/apuleius/apuleius5.shtml,79,"At Psyche relicta sola, nisi quod infestis Furiis agitata sola non est  aestu pelagi simile maerendo fluctuat, et quamvis statuto consilio et  obstinato animo iam tamen facinori manus admovens adhuc incerta consilii  titubat multisque calamitatis suae distrahitur affectibus. Festinat  differt, audet trepidat, diffidit irascitur et, quod est ultimum, in eodem  corpore odit bestiam, diligit maritum. Vespera tamen iam noctem trahente  praecipiti festinatione nefarii sceleris instruit apparatum. Nox aderat et  maritus aderat primisque Veneris proeliis velitatus in altum soporem  descenderat."
https://www.thelatinlibrary.com/apuleius/apuleius5.shtml,23,"Tunc Psyche et corporis et animi alioquin infirma fati tamen saevitia subministrante viribus roboratur, et prolata lucerna et  adrepta novacula sexum audacia mutatur."
https://www.thelatinlibrary.com/apuleius/apuleius5.shtml,158,"Sed cum primum luminis oblatione tori secreta claruerunt, videt omnium  ferarum mitissimam dulcissimamque bestiam, ipsum illum Cupidinem formonsum  deum formonse cubantem, cuius aspectu lucernae quoque lumen hilaratum  increbruit et acuminis sacrilegi novaculam paenitebat. At vero Psyche tanto aspectu deterrita et impos animi marcido pallore defecta tremensque desedit  in imos poplites et ferrum quaerit abscondere, sed in suo pectore; quod  profecto fecisset, nisi ferrum timore tanti flagitii manibus temerariis  delapsum evolasset. Iamque lassa, salute defecta, dum saepius divini vultus  intuetur pulchritudinem, recreatur animi. Videt capitis aurei genialem  caesariem ambrosia temulentam, cervices lacteas genasque purpureas  pererrantes crinium globos decoriter impeditos, alios antependulos, alios  retropendulos, quorum splendore nimio fulgurante iam et ipsum lumen  lucernae vacillabat; per umeros volatilis dei pinnae roscidae micanti flore  candicant et quamvis alis quiescentibus extimae plumulae tenellae ac  delicatae tremule resultantes inquieta lasciviunt; ceterum corpus glabellum  atque luculentum et quale peperisse Venerem non paeniteret. Ante lectuli pedes iacebat arcus et pharetra et sagittae, magni dei propitia tela."
https://www.thelatinlibrary.com/apuleius/apuleius5.shtml,156,"Quae dum insatiabili animo Psyche, satis et curiosa, rimatur atque pertrectat et mariti sui miratur arma, depromit unam de pharetra sagittam  et punctu pollicis extremam aciem periclitabunda trementis etiam nunc  articuli nisu fortiore pupugit altius, ut per summam cutem roraverint  parvulae sanguinis rosei guttae. Sic ignara Psyche sponte in Amoris incidit  amorem. Tunc magis magisque cupidine fraglans Cupidinis prona in eum  efflictim inhians patulis ac petulantibus saviis festinanter ingestis de  somni mensura metuebat. Sed dum bono tanto percita saucia mente fluctuat,  lucerna illa, sive perfidia pessima sive invidia noxia sive quod tale  corpus contingere et quasi basiare et ipsa gestiebat, evomuit de summa  luminis sui stillam ferventis olei super umerum dei dexterum. Hem audax et  temeraria lucerna et amoris vile ministerium, ipsum ignis totius deum  aduris, cum te scilicet amator aliquis, ut diutius cupitis etiam nocte  potiretur, primus invenerit. Sic inustus exiluit deus visaque detectae  fidei colluvie prorsus ex osculis et manibus infelicissimae coniugis  tacitus avolavit."
https://www.thelatinlibrary.com/apuleius/apuleius5.shtml,44,At Psyche statim resurgentis eius crure dextero manibus ambabus adrepto sublimis evectionis adpendix miseranda et per nubilas plagas  penduli comitatus extrema consequia tandem fessa delabitur solo.  Nec deus amator humi iacentem deserens involavit proximam cupressum deque  eius alto cacumine sic eam graviter commotus adfatur:
https://www.thelatinlibrary.com/apuleius/apuleius5.shtml,96,"""Ego quidem, simplicissima Psyche, parentis meae Veneris praeceptorum  immemor, quae te miseri extremique hominis devinctam cupidine infimo  matrimonio addici iusserat, ipse potius amator advolavi tibi. Sed hoc feci  leviter, scio, et praeclarus ille sagittarius ipse me telo meo percussi  teque coniugem meam feci, ut bestia scilicet tibi viderer et ferro caput  excideres meum quod istos amatores tuos oculos gerit. Haec tibi identidem  semper cavenda censebam, haec benivole remonebam. Sed illae quidem  consiliatrices egregiae tuae tam perniciosi magisterii dabunt actutum mihi  poenas, te vero tantum fuga mea punivero."" Et cum termino sermonis pinnis  in altum se proripuit."
https://www.thelatinlibrary.com/apuleius/apuleius5.shtml,181,"Psyche vero humi prostrata et, quantum visi poterat, volatus mariti prospiciens extremis affligebat lamentationibus animum. Sed ubi remigio  plumae raptum maritum proceritas spatii fecerat alienum, per proximi  fluminis marginem praecipitem sese dedit. Sed mitis fluvius in honorem dei  scilicet qui et ipsas aquas urere consuevit metuens sibi confestim eam  innoxio volumine super ripam florentem herbis exposuit. Tunc forte Pan deus  rusticus iuxta supercilium amnis sedebat complexus Echo montanam deam  eamque voculas omnimodas edocens recinere; proxime ripam vago pastu lasciviunt comam fluvii tondentes capellae. Hircuosus deus sauciam Psychen  atque defectam, utcumque casus eius non inscius, clementer ad se vocatam  sic permulcet verbis lenientibus: ""Puella scitula, sum quidem rusticans et upilio sed senectutis prolixae beneficio multis experimentis instructus. Verum si recte coniecto, quod profecto prudentes viri divinationem  autumant, ab isto titubante et saepius vaccillante vestigio deque minio  pallore corporis et assiduo suspiritu immo et ipsis marcentibus oculis tuis  amore minio laboras. Ergo mihi ausculta nec te rursus praecipitio vel ullo  mortis accersitae genere perimas. Luctum desine et pone maerorem  precibusque potius Cupidinem deorum maximum percole et utpote adolescentem  delicatum luxuriosumque blandis obsequiis promerere."""
https://www.thelatinlibrary.com/apuleius/apuleius5.shtml,63,".  Sic locuto deo pastore nulloque sermone reddito sed adorato tantum numine salutari Psyche pergit ire. Sed cum aliquam multum viae laboranti  vestigio pererrasset, inscia quodam tramite iam die labente accedit quandam  civitatem, in qua regnum maritus unius sororis eius optinebat. Qua re  cognita Psyche nuntiari praesentiam suam sorori desiderat; mox inducta  mutuis amplexibus alternae salutationis expletis percontanti causas  adventus sui sic incipit:"
https://www.thelatinlibrary.com/apuleius/apuleius5.shtml,131,"""Meministi consilium vestrum, scilicet quo mihi suasistis ut bestiam, quae  mariti mentito nomine mecum quiescebat, prius quam ingluvie voraci me  misellam hauriret, ancipiti novacula peremerem. Set cum primum, ut aeque  placuerat, conscio lumine vultus eius aspexi, video mirum divinumque  prorsus spectaculum, ipsum illum deae Veneris filium, ipsum inquam  Cupidinem, leni quiete sopitum. Ac dum tanti boni spectaculo percita et  nimia voluptatis copia turbata fruendi laborarem inopia, casu scilicet  pessumo lucerna fervens oleum rebullivit in eius umerum. Quo dolore statim  somno recussus, ubi me ferro et igni conspexit armatam, ""Tu quidem"" inquit  ""ob istud tam dirum facinus confestim toro meo divorte tibique res tuas  habeto, ego vero sororem tuam"" — et nomen quo tu censeris aiebat — ""iam  mihi confarreatis nuptis coniugabo"" et statim Zephyro praecipit ultra terminos me domus eius efflaret."""
https://www.thelatinlibrary.com/apuleius/apuleius5.shtml,91,"Necdum sermonem Psyche finierat, et illa vesanae libidinis et invidiae noxiae stimulis agitata, e re concinnato mendacio fallens maritum,  quasi de morte parentum aliquid comperisset, statim navem ascendit et ad  illum scopulum protinus pergit et quamvis alio flante vento caeca spe tamen  inhians, ""Accipe me,"" dicens ""Cupido, dignam te coniugem et tu, Zephyre, suscipe dominam"" saltu se maximo praecipitem dedit. Nec tamen ad illum  locum vel satem mortua pervenire potuit. Nam per saxa cautium membris  iactatis atque dissipatis et proinde ut merebatur laceratis visceribus suis  alitibus bestiisque obvium ferens pabulum interiit."
https://www.thelatinlibrary.com/apuleius/apuleius5.shtml,42,"Nec vindictae sequentis poena tardavit. Nam Psyche rursus errabundo gradu  pervenit ad civitatem aliam, in qua pari modo soror morabatur alia. Nec  setius et ipsa fallacie germanitatis inducta et in sororis sceleratas  nuptias aemula festinavit ad scopulum inque simile mortis exitium cecidit."
https://www.thelatinlibrary.com/apuleius/apuleius5.shtml,113,"Interim, dum Psyche quaestioni Cupidinis intenta populos circumibat, at ille vulnere lucernae dolens in ipso thalamo matris iacens  ingemebat. Tunc avis peralba illa gavia quae super fluctus marinos pinnis  natat demergit sese propere ad Oceani profundum gremium. Ibi commodum  Venerem lavantem natantemque propter assistens indicat adustum filium eius gravi vulneris dolore maerentem dubium salutis iacere, iamque per cunctorum  ora populorum rumoribus conviciisque variis omnem Veneris familiam male  audire, quod ille quidem montano scortatu tu vero marino natatu  secesseritis, ac per hoc non voluptas ulla non gratia non lepos, sed  incompta et agrestia et horrida cuncta sint, non nuptiae coniugales non  amicitiae sociales non liberum caritates, sed enormis colluvies et  squalentium foederum insuave fastidium."
https://www.thelatinlibrary.com/apuleius/apuleius5.shtml,62,"Haec illa verbosa et satis curiosa avis in auribus Veneris fili lacerans  existimationem ganniebat. At Venus irata solidum exclamat repente: ""Ergo  iam ille bonus filius meus habet amicam aliquam? Prome agedum, quae sola  mihi servis amanter, nomen eius quae puerum ingenuum et investem  sollicitavit, sive illa de Nympharum populo seu de Horarum numero seu de  Musarum choro vel de mearum Gratiarum ministerio."""
https://www.thelatinlibrary.com/apuleius/apuleius5.shtml,21,"Nec loquax illa conticuit avis, sed: ""Nescio,"" inquit ""domina: puto  puellam, si probe memini, Psyches nomine dici: illam dicitur efflicte cupere."""
https://www.thelatinlibrary.com/apuleius/apuleius5.shtml,27,"Tunc indignata Venus exclamavit vel maxime: ""Psychen ille meae formae succubam mei nominis aemulam vere diligit? Nimirum illud incrementum lenam  me putavit cuius monstratu puellam illam cognosceret."""
https://www.thelatinlibrary.com/apuleius/apuleius5.shtml,137,"Haec quiritans properiter emergit e mari suumque protinus aureum thalamum petit et reperto, sicut audierat, aegroto puero iam inde a foribus  quam maxime boans: ""Honesta"" inquit ""haec et natalibus nostris bonaeque  tuae frugi congruentia, ut primum quidem tuae parentis immo dominae  praecepta calcares, nec sordidis amoribus inimicam meam cruciares, verum  etiam hoc aetatis puer tuis licentiosis et immaturis iungeres amplexibus,  ut ego nurum scilicet tolerarem inimicam. Sed utique praesumis nugo et  corruptor et inamabilis te solum generosum nec me iam per aetatem posse  concipere. Velim ergo scias multo te meliorem filium alium genituram, immo  ut contumeliam magis sentias aliquem de meis adoptaturam vernulis, eique  donaturam istas pinnas et flammas et arcum et ipsas sagittas et omnem meam  supellectilem, quam tibi non ad hos usus dederam: nec enim de patris tui  bonis ad instructionem istam quicquam concessum est."
https://www.thelatinlibrary.com/apuleius/apuleius5.shtml,166,"Sed male prima a pueritia inductus es et acutas manus habes et maiores tuos irreverenter pulsasti totiens et ipsa matrem tuam, me inquam ipsam, parricida denudas cotidie et percussisti saepius et quasi viduam utique  contemnis nec vitricum tuum fortissimum illum maximumque bellatorem metuis. Quidni? cui saepius in angorem mei paelicatus puellas propinare consuesti. Sed  iam faxo te lusus huius paeniteat et sentias acidas et amaras istas nuptias. — Sed nunc inrisui habita quid agam? Quo me conferam? Quibus modis stelionem  istum cohibeam? Petamne auxilium ab inimica mea Sobrietate, quam propter  huius ipsius luxuriam offendis saepius? At rusticae squalentisque feminae  conloquium prorsus [adhibendum est] horresco. Nec tamen vindictae solacium  undeunde spernendum est. Illa mihi prorsus adhibenda est nec ulla alia,  quae castiget asperrime nugonem istum, pharetram explicet et sagittas  dearmet, arcum enodet, taedam deflammet, immo et ipsum corpus eius  acrioribus remediis coerceat. Tunc iniuriae meae litatum crediderim cum eius comas quas istis manibus meis subinde aureo nitore perstrinxi  deraserit, pinnas quas meo gremio nectarei fontis infeci praetotonderit."""
https://www.thelatinlibrary.com/apuleius/apuleius5.shtml,69,"Sic effata foras sese proripit infesta et stomachata biles Venerias. Sed eam protinus Ceres et Iuno continantur visamque vultu tumido quaesiere  cur truci supercilio tantam venustatem micantium oculorum coerceret. At  illa: ""Opportune"" inquit "" ardenti prorsus isto meo pectori volentiam  scilicet perpetraturae venitis. Sed totis, oro, vestris viribus Psychen  illam fugitivam volaticam mihi requirite. Nec enim vos utique domus meae  famosa fabula et non dicendi filii mei facta latuerunt."""
https://www.thelatinlibrary.com/apuleius/apuleius5.shtml,145,"Tunc illae non ignarae quae gesta sunt palpare Veneris iram saevientem  sic adortae: ""Quid tale, domina, deliquit tuus filius ut animo pervicaci  voluptate illius impugnes et, quam ille diligit, tu quoque perdere gestias?  Quod autem, oramus, isti crimen si puellae lepidae libenter adrisit? An  ignoras eum masculum et iuvenem esse vel certe iam quot sit annorum oblita  es? An, quod aetatem portat bellule, puer tibi semper videtur? Mater autem  tu et praeterea cordata mulier filii tui lusus semper explorabis curiose et  in eo luxuriem culpabis et amores revinces et tuas artes tuasque delicias  in formonso filio reprehendes? Quid autem te deum, qui hominum patietur  passim cupidines populis disseminantem, cum tuae domus amores amare  coerceas et vitiorum muliebrium publicam praecludas officinam?""  Sic illae metu sagittarum patrocinio gratioso Cupidini quamvis absenti blandiebantur. Sed Venus indignata ridicule tractari suas iniurias  praeversis illis altrorsus concito gradu pelago viam capessit."
https://www.thelatinlibrary.com/apuleius/apuleius3.shtml,101,"[] Commodum poenicantibus phaleris Aurora roseum quatiens lacertum caelum inequitabat, et me securae quieti revulsum nox diei reddidit. Aestus invadit animum vespertini recordatione facinoris; complicitis denique pedibus ac palmulis in alternas digitorum vicissitudines super genua conexis sic grabattum cossim insidens ubertim flebam, iam forum et iudicia, iam sententiam, ipsum denique carnificem imaginabundus. ""An mihi quisquam tam mitis tamque benivolus iudex obtinget, qui me trinae caedis cruore perlitum et tot civium sanguine delibutum innocentem pronuntiare poterit? Hanc illam mihi gloriosam peregrinationem fore Chaldaeus Diophanes obstinate praedicabat."" Haec identidem mecum replicans fortunas meas heiulabam. Quati fores interdum et frequenti clamore ianuae nostrae perstrepi."
https://www.thelatinlibrary.com/apuleius/apuleius3.shtml,181,"[] Nec mora, cum magna inruptione patefactis aedibus magistratibus eorumque ministris et turbae miscellaneae cuncta completa statimque lictores duo de iussu magistratuum immissa manu trahere me sane non renitentem occipiunt. Ac dum primum angiportum insistimus, statim civitas omnis in publicum effusa mira densitate nos insequitur. Et quamquam capite in terram immo ad ipsos inferos iam deiecto maestus incederem, obliquato tamen aspectu rem admirationis maximae conspicio: nam inter tot milia populi circum fluentis nemo prorsum qui non risu dirumperetur aderat. Tandem pererratis plateis omnibus et in modum eorum quibus lustralibus piamentis minas portentorum hostiis circumforaneis expiant circumductus angulatim forum eiusque tribunal adstituo. Iamque sublimo suggestu magistratibus residentibus, iam praecone publico silentium clamante, repente cuncti consona voce flagitant propter coetus multitudinem, quae pressurae nimia densitate periclitaretur, iudicium tantum theatro redderetur. Nec mora, cum passim populus procurrens caveae conseptum mira celeritate complevit; aditus etiam et tectum omne fartim stipaverant, plerique columnis implexi, alii statuis dependuli, nonnulli per fenestras et lacunaria semiconspicui, miro tamen omnes studio visendi pericula salutis neclegebant. Tunc me  per proscaenium medium velut quandam victimam publica ministeria producunt et orchestrae mediae sistunt."
https://www.thelatinlibrary.com/apuleius/apuleius3.shtml,205,"[] Sic rursum praeconis amplo boatu citatus accusator quidam senior exsurgit et ad dicendi spatium vasculo quoidam in vicem coli graciliter fistulato ac per hoc guttatim defluo infusa aqua populum sic adorat: ""Neque parva res ac praecipue pacem civitatis cunctae respiciens et exemplo serio profutura tractatur, Quirites sanctissimi. Quare magis congruit sedulo singulos atque universos vos pro dignitate publica providere ne nefarius homicida tot caedium lanienam, quam cruenter exercuit, inpune commiserit. Nec me putetis privatis simultatibus instinctum odio proprio saevire. Sum namque custodiae nocturnae praefectus nec in hodiernum credo quemquam pervigilem diligentiam meam culpare posse. Rem denique ipsam et quae nocte gesta sunt cum fide proferam. Nam cum fere iam tertia vigilia scrupulosa diligentia cunctae civitatis ostiatim singula considerans circumirem, conspicio istum crudelissimum iuvenem mucrone destricto passim caedibus operantem iamque tris numero saevitia eius interemptos ante pedes ipsius spirantibus adhuc corporibus in multo sanguine palpitantes. Et ipse quidem conscientia tanti facinoris merito permotus statim profugit et in domum quandam praesidio tenebrarum elapsus perpetem noctem delituit. Sed providentia deum, quae nihil impunitum nocentibus permittit, priusquam iste clandestinis itineribus elaberetur, mane praestolatus ad gravissimum iudicii vestri sacramentum eum curavi perducere. Constanter itaque in hominem alienum ferte sententias de eo crimine quod etiam in vestrum civem severiter vindicaretis."""
https://www.thelatinlibrary.com/apuleius/apuleius3.shtml,102,"[] Sic profatus accusatos acerrimus immanem vocem repressit. Ac me statim praeco, si quid ad ea respondere vellem, iubebat incipere. At ego nihil tunc temporis amplius quam flere poteram, non tam hercules truculentam accusationem intuens quam meam miseram conscientiam. Sed tandem oborta divinitus audacia sic ad illa: ""Nec ipse ignoro quam sit arduum trinis civium corporibus expositis eum qui caedis arguatur, quamvis vera dicat et de facto confiteatur ultro, tamen tantae multitudini quod sit innocens persuadere. Sed si paulisper audientiam publica mihi tribuerit humanitas, facile vos edocebo me discrimen capitis non meo merito sed rationabilis indignationis eventu fortuito tantam criminis frustra sustinere."
https://www.thelatinlibrary.com/apuleius/apuleius3.shtml,161,"[] Nam cum a cena me serius aliquanto reciperem, potulentus alioquin, quod plane verum crimen meum non diffitebor, ante ipsas fores hospitii ad bonum autem Milonem civem vestrum devorto video quosdam saevissimos latrones aditum temptantes et domus ianuas cardinibus obtortis evellere gestientes claustrisque omnibus, quae accuratissime adfixa fuerant, violenter evulsis secum iam de inhabitantium exitio deliberantes. Unus denique et manu promptior et corpore vastior his adfatibus et ceteros incitabat: ""Heus pueri, quam maribus animis et viribus alacribus dormientes adgrediamur. Omnis cunctatio ignavia omnis facessat e pectore; stricto mucrone per totam domum caedes ambulet. Qui sopitus iacebit, trucidetur; qui repugnare temptaverit, feriatur. Sic salvi recedemus, si salvum in domo neminem reliquerimus."" Fateor, Quirites, extremos latrones boni civis officium arbitratus, simul et eximie metuens et hospitibus meis et mihi gladiolo, qui me propter huius modi  pericula comitabatur, armatus fugare atque proterrere eos adgressus sum. At illi barbari prorsus et immanes homines neque fugam capessunt et, cum me vident in ferro, tamen audaciter resistunt."
https://www.thelatinlibrary.com/apuleius/apuleius3.shtml,134,"[] Dirigitur proeliaris acies. Ipse denique dux et signifer ceterorum validis me viribus adgressus ilico manibus ambabus capillo adreptum ac retro reflexum effligere lapide gestit. Quem dum sibi porrigi  flagitat, certa manu percussum feliciter prosterno. Ac mox alium pedibus meis mordicus inhaerentem per scapulas ictu temperato tertiumque inprovide occurrentem pectore offenso peremo. Sic pace  vindicata domoque hospitum ac salute communi protecta non tam impunem me verun etiam laudabilem publice credebam fore, qui ne tantillo quidem umquam crimine postulatus sed probe spectatus apud meos semper innocentiam commodis cunctis antetuleram. Nec possum reperire cur iustae ultionis qua contra latrones deterrimos commotus sum nunc istum reatum sustineam, cum nemo possit monstrare vel proprias inter nos inimicitias praecessisse ac ne omnino mihi notos illos latrones usquam fuisse, vel certe ulla praeda monstretur cuius cupidine tantum flagitium credatur admissum."""
https://www.thelatinlibrary.com/apuleius/apuleius3.shtml,101,"[] Haec profatus rursum lacrimis obortis porrectisque in preces manibus per publicam misericordiam per pignorum caritate maestus tunc hos tunc illos deprecabar. Cumque iam humanitate commotos misericordia fletuum adfectos omnis satis crederem, Solis et Iustitiae testatus oculos casumque praesentem meum commendans deum providentiae paulo altius aspectu relato conspicio prorsum totum populum risu cachinnabili diffluebant nec secus illum bonum hospitem parentemque meum Milonem risu maximo dissolutum. At tunc sic tacitus mecum: ""En fides,"" inquam ""en conscientia! Ego quidem pro hospitis salute et homicida sum et reus capitis inducor, at ille, non contentus quod mihi nec adsistendi solacium perhibuit, insuper exitium meum cachinnat."""
https://www.thelatinlibrary.com/apuleius/apuleius3.shtml,169,"[] Inter haec quaedam mulier per medium theatrum lacrimosa et flebilis atra veste contecta parvulum quendam sinu tolerans decurrit ac pone eam anus alia pannis horridis obsita paribusque maesta fletibus, ramos oleagineos utraeque quatientes, quae circumfusae lectulum, quo peremptorum cadavera contecta fuerant, plangore sublato se lugubriter eiulantes: ""Per publicam misericordiam per commune ius humanitatis"" aiunt ""miseremini indigne caesorum iuvenum nostraeque viduitati ac solitudini de vindicta solacium date. Certe parvuli huius in primis annis destituti fortunis succurrite et de latronis huius sanguine legibus vestris et disciplinae publicae litate.""  Post haec magistratus qui nutu maior adsurgit et ad populum talia: ""De scelere quidem, quod serio vindicandum est, nec ipse qui commisit potest diffiteri; sed una tantum subsiciva sollicitudo nobis relicta est, ut ceteros socios tanti facinoris requiramus. Nec enim veri simile est hominem solitarium tres tam validos evitasse iuvenes. Prohinc tormentis veritas eruenda. Nam et qui comitabatur eum puer clanculo profugit et res ad hoc deducta est ut per quaestionem sceleris sui participes indicet, ut tam dirae factionis funditus formido perematur."""
https://www.thelatinlibrary.com/apuleius/apuleius3.shtml,187,"[] Nec mora, cum ritu Graeciensi ignis et rota, tum omne flagrorum genus inferuntur. Augetur oppido immo duplicatur mihi maestitia, quod integro saltim mori non licuerit. Sed anus illa quae fletibus cuncta turbaverat: ""Prius,"" inquit ""optimi cives, quam latronem istum miserorum pignorum meorum peremptorem cruci affigatis, permittite corpora necatorum revelari, ut et formae simul et aetatis contemplatione magis magisque ad iustam indignationem arrecti pro modo facinoris saeviatis."" His dictis adplauditur et ilico me magistratus ipsum iubet corpora, quae lectulo fuerant posita, mea manu detegere. Reluctantem me ac diu rennuentem praecedens facinus instaurare nova ostensione lictores iussu  magistratuum quam instantissime compellunt, manum denique ipsam de regione lateris trudentes in exitium suum super ipsa cadavera porrigunt. Evictus tandem necessitate succumbo, et ingratis licet abrepto pallio retexi corpora. Dii boni, quae facies rei? Quod monstrum? Quae fortunarum mearum repentina mutatio? Quamquam enim iam in peculio Proserpinae et Orci familia numeratus, subito in contrariam faciem obstupefactus haesi, nec possum novae illius imaginis rationem idoneis verbis expedire. Nam cadavera illa iugulatorum hominum erant tres utres inflati variisque secti foraminibus et, ut vespertinum proelium meum recordabar, his locis hiantes quibus latrones illos vulneraveram."
https://www.thelatinlibrary.com/apuleius/apuleius3.shtml,109,"[] Tunc ille quorundam astu paulisper cohibitus risus libere iam exarsit in plebem. Hi gaudii nimietate graculari, illi dolorem ventris manuum compressione sedare. Et certe laetitia delibuti meque respectantes cuncti theatro facessunt. At ego, ut primum illam laciniam prenderam, fixus in lapidem steti gelidus nihil secus quam una de ceteris theatri statuis vel columnis. Nec prius ab inferis demersi quam Milon hospes accessit et iniecta manu me  renitentem lacrimisque rursum promicantibus crebra singultientem clementi violentia secum adtraxit, et observatis viae solitudinibus per quosdam amfractus domum suam perduxit, maestumque me atque etiam tunc trepidum variis solatur affatibus. Nec tamen indignationem iniuriae, quae inhaeserat altius meo pectori, ullo modo permulcere quivit."
https://www.thelatinlibrary.com/apuleius/apuleius3.shtml,149,"[] Ecce ilico etiam ipsi magistratus cum suis insignibus domum nostram ingressi talibus me monitis delenire gestiunt: ""Neque tuae dignitatis vel etiam prosapiae tuorum ignari sumus, Luci domine; nam et provinciam totam inclitae vestrae familiae nobilitas conplectitur. Ac ne istud quod vehementer ingemescis contumeliae causa perpessus es. Omnem itaque de tuo pectore praesentem tristitudinem mitte et angorem animi depelle. Nam lusus iste, quem publice gratissimo deo Risui per annua reverticula sollemniter celebramus, semper commenti novitate florescit. Iste deus auctorem et actorem suum propitius ubique comitabitur amanter nec umquam patietur ut ex animo doleas sed frontem tuam serena venustate laetabit adsidue. At tibi civitas omnis pro ista gratia honores egregios obtulit; nam et patronum scripsit et ut in aere staret imago tua decrevit."" Ad haec dicta sermonis refero: ""Tibi quidem,"" inquam ""splendidissima et unica Thessaliae civitas, honorum talium parem gratiam memini, verum statuas et imagines dignioribus meique maioribus reservare suadeo."""
https://www.thelatinlibrary.com/apuleius/apuleius3.shtml,145,"[] Sic pudenter allocutus et paulisper hilaro vultu renidens quantumque poteram laetiorem me refingens comiter abeuntes magistratus appello. Et ecce quidam intro currens famulus: ""Rogat te"" ait ""tua parens Byrrhena et convivii, cui te sero desponderas,  iam adpropinquantis admonet."" Ad haec ego formidans et procul perhorrescens etiam ipsam domum eius: ""Quam vellem"" inquam ""parens, iussis tuis obsequium commodare, si per fidem liceret id facere. Hospes enim meus Milon per hodierni diei praesentissimum numen adiurans effecit ut eius hodiernae cenae pignerarer, nec ipse discedit nec me digredi patitur. Prohinc epulare vadimonium differamus."" Haec adhuc me loquente manu firmiter iniecta Milon iussis balnearibus adsequi producit ad lavacrum proximum. At ego vitans oculos omnium et quem ipse fabricaveram risum obviorum declinans lateri eius adambulabam obtectus. Nec qui laverim, qui terserim, qui domum rursum reverterim, prae rubore memini; sic omnium oculis nutibus ac denique manibus denotatus inpos animi stupebam."
https://www.thelatinlibrary.com/apuleius/apuleius3.shtml,150,"[] Raptim denique paupertina Milonis cenula perfunctus, causatusque capitis acrem dolorem quem mihi lacrimarum adsiduitas incusserat, concedo venia facile tributa cubitum et abiectus in lectulo meo quae gesta fuerant singula maestus recordabar, quoad tandem Photis mea dominae meae cubito procurato sui longe dissimilis advenit; non enim laeta facie nec sermone dicaculo, sed vultuosam frontem rugis insurgentibus adseverabat. Cunctanter ac timide denique sermone prolato: ""Ego"" inquit ""ipsa, confiteor ultro, ego <origo> tibi huius molestiae fui"", et cum dicto lorum quempiam sinu suo depromit mihique porrigens: ""Cape,"" inquit ""oro te, et <de> perfidia mulieri vindictam immo vero licet maius quodvis supplicium sume. Nec tamen me putes, oro, sponte angorem istum tibi concinnasse. Dii mihi melius, quam ut mei causa vel tantillum scrupulum patiare. Ac si quid adversi tuum caput respicit, id omne protinus meo luatur sanguine. Sed quod alterius rei causa facere iussa sum mala quadam mea sorte in tuam reccidit iniuriam."""
https://www.thelatinlibrary.com/apuleius/apuleius3.shtml,109,"[] Tunc ego familiaris curiositatis admonitus factique causam delitiscentem nudari gestiens suscipio: ""Omnium quidem nequissimus audacissimusque lorus iste, quem tibi verberandae destinasti, prius a me concisus atque laceratus interibit ipse quam tuam plumeam lacteamque contingat cutem. Sed mihi cum fide memora: quod tuum fatum <fortunae> scaevitas consecuta in meum convertit exitium? Adiuro enim tuum mihi carissimum caput nulli me prorsus ac ne tibi quidem ipsi adseveranti posse credere quod tu quicquam in meam cogitaveris perniciem. Porro meditatus innoxios casus incertus vel etiam adversus culpae non potest addicere."" Cum isto fine sermonis oculos Photidis meae udos ac tremulos et prona libidine marcidos iamiamque semiadopertulos adnixis et sorbillantibus saviis sitienter hauriebam."
https://www.thelatinlibrary.com/apuleius/apuleius3.shtml,160,"[] Sic illa laetitia recreata: ""Patere,"" inquit ""oro, prius fores cubiculi diligenter obcludam, ne sermonis elapsi profana petulantia committam grande flagitium"", et cum dicto pessulis iniectis et uncino firmiter immisso sic ad me reversa colloque meo manibus ambabus inplexa voce tenui et admodum minuta: ""Paveo"" inquit ""et formido solide domus huius operta detegere et arcana dominae meae revelare secreta. Sed melius de te doctrinaque tua praesumo, qui praeter generosam natalium dignitatem praeter sublime ingenium sacris pluribus initiatus profecto nosti sanctam silentii fidem.  Quaecumque itaque commisero huius religiosi pectoris tui penetralibus, semper haec intra conseptum clausa custodias oro, et simplicitatem relationis meae tenacitate taciturnitatis tuae remunerare. Nam me, quae sola mortalium novi, amor is quo tibi teneor indicare compellit. Iam scies omnem domus nostrae statum, iam scies erae meae miranda secreta, quibus obaudiunt manes, turbantur sidera, coguntur numina, serviunt elementa. Nec umquam magis artis huius violentia nititur quam cum scitulae formulae iuvenem quempiam libenter aspexit, quod quidem ei solet crebriter evenire."
https://www.thelatinlibrary.com/apuleius/apuleius3.shtml,156,"[] Nunc etiam adulescentem quendam Boeotium summe decorum efflictim deperit totasque artis manus machinas omnes ardenter exercet.  Audivi vesperi, meis his, inquam, auribus audivi, quod non celerius sol caelo ruisset noctique ad exercendas inlecebras magiae maturius cessisset, ipsi soli nubilam caliginem et perpetuas tenebras comminantem. Hunc iuvenem, cum e balneis rediret ipsa, tonstrinae residentem hesterna die forte conspexit ac me capillos eius, qui iam caede cultorum desecti humi iacebant, clanculo praecipit auferre. Quos me sedulo furtimque colligentem tonsor invenit, et quod alioquin publicitus maleficae disciplinae perinfames sumus, adreptam inclementer increpat: ""Tune, ultima, non cessas subinde lectorum iuvenum capillamenta surripere? Quod scelus nisi tandem desines, magistratibus te constanter obiciam."" Et verbum facto secutus immissa manu scrutatus e mediis papillis meis iam capillos absconditos iratus abripit. Quo gesto graviter adfecta mecumque reputans dominae meae mores, quod huius modi repulsa satis acriter commoveri meque verberare saevissime consuevit, iam de fuga consilium tenebam, sed istud quidem tui contemplatione abieci  statim."
https://www.thelatinlibrary.com/apuleius/apuleius3.shtml,126,"[] Verum cum tristis inde discederem ne prorsus vacuis manibus redirem, conspicor quendam forficulis attondentem caprinos utres; quos cum probe constrictos inflatosque et iam pendentis cernerem,  capillos eorum humi iacentes flavos ac per hoc illi Boeotio iuveni consimiles plusculos aufero eosque dominae meae dissimulata veritate trado. Sic noctis initio, priusquam cena te reciperes, Pamphile mea iam vecors animi tectum scandulare conscendit, quod altrinsecus aedium patore perflabili nudatum, ad omnes orientales ceterosque <plerosque> aspectus pervium, maxime his artibus suis commodatum secreto colit. Priusque apparatu solito instruit feralem officinam, omne genus aromatis et ignorabiliter lamminis litteratis et infelicium navium durantibus damnis <repletam>, defletorum, sepultorum etiam, cadaverum expositis multis admodum membris; hic nares et digiti, illic carnosi clavi pendentium, alibi trucidatorum servatus cruor et extorta dentibus ferarum trunca calvaria."
https://www.thelatinlibrary.com/apuleius/apuleius3.shtml,128,"[] Tunc decantatis spirantibus fibris libat vario latice, nunc rore fontano, nunc lacte vaccino, nunc melle montano, libat et mulsa. Sic illos capillos in mutuos nexus obditos atque nodatos cum multis odoribus dat vivis carbonibus adolendos. Tunc protinus inexpugnabili magicae disciplinae potestate et caeca numinum coactorum violentia illa corpora, quorum fumabant stridentes capilli, spiritum mutuantur humanum et sentiunt et audiunt et ambulant et, qua nidor suarum ducebat exuviarum, veniunt et pro illo iuvene Boeotio aditum gestientes fores insiliunt: cum ecce crapula madens et improvidae noctis deceptus caligine audacter mucrone destricto in insani modum Aiacis armatus, non ut ille vivis pecoribus infestus tota laniavit armenta, sed longe <tu> fortius qui tres inflatos caprinos utres exanimasti, ut ego te prostratis hostibus sine macula sanguinis non homicidam nunc sed utricidam amplecterer."""
https://www.thelatinlibrary.com/apuleius/apuleius3.shtml,142,"[] Adrisi lepido sermoni Photidis et in vicem cavillatus: ""Ergo igitur iam et ipse possum"" inquam ""mihi primam virtutis adoriam ad exemplum duodeni laboris Herculei numerare vel trigemino corpori Geryonis vel triplici formae Cerberi totidem peremptos utres coaequando. Sed ut ex animo tibi volens omne delictum quo me tantis angoribus inplicasti remittam, praesta quod summis votis expostulo, et dominam tuam, cum aliquid huius divinae disciplinae molitur, ostende. Cum deos invocat, <vel> certe cum reformatur, videam; sum namque coram magicae noscendae ardentissimus cupitor. Quamquam mihi nec ipsa tu videare rerum <istarum> rudis vel expers. Scio istud et plane sentio, cum semper alioquin spretorem matronalium amplexuum sic tuis istis micantibus oculis et rubentibus bucculis et renidentibus crinibus et hiantibus osculis et flagrantibus papillis in servilem modum addictum atque mancipatum teneas volentem. Iam denique nec larem requiro nec domuitionem paro et nocte ista nihil antepono."""
https://www.thelatinlibrary.com/apuleius/apuleius3.shtml,97,"[] ""Quam vellem"" [inquit] respondit illa ""praestare tibi, Luci, quod cupis, sed praeter invidos mores in solitudinem semper abstrusa et omnium praesentia viduata solet huius modi secreta perficere. Sed tuum postulatum praeponam periculo meo idque observatis opportunis temporibus sedulo perficiam, modo, ut initio praefata sum, rei tantae fidem silentiumque tribue."" Sic nobis garrientibus libido mutua et animos simul et membra suscitat. Omnibus abiectis amiculis hactenus denique intecti atque nudati bacchamur in Venerem, cum quidem mihi iam fatigato de propria liberalitate Photis puerile obtulit corollarium; iamque luminibus nostris vigilia marcidis infusus sopor etiam in altum diem nos attinuit."
https://www.thelatinlibrary.com/apuleius/apuleius3.shtml,159,"[] Ad hunc modum transactis voluptarie paucis noctibus quadam die percita Photis ac satis trepida me accurrit indicatque dominam suam, quod nihil etiam tunc in suos amores ceteris artibus promoveret, nocte proxima in avem sese plumaturam atque ad suum  cupitum sic devolaturam; proin memet ad rei tantae speculam caute praepararem. Iamque circa primam noctis vigiliam ad illud superius cubiculum suspenso et insono vestigio me perducit ipsa perque rimam ostiorum quampiam iubet arbitrari, quae sic gesta sunt. Iam primum omnibus laciniis se devestit Pamphile et arcula quadam reclusa pyxides plusculas inde depromit, de quis unius operculo remoto atque indidem egesta unguedine diuque palmulis suis adfricta ab imis unguibus sese totam adusque summos capillos perlinit multumque cum lucerna secreto conlocuta membra tremulo succussu quatit. Quis leniter fluctuantibus promicant molles plumulae, crescunt et fortes pinnulae, duratur nasus incurvus, coguntur ungues adunci. Fit bubo Pamphile. Sic edito stridore querulo iam sui periclitabunda paulatim terra resultat, mox in altum sublimata forinsecus totis alis evolat."
https://www.thelatinlibrary.com/apuleius/apuleius3.shtml,124,"[] Et illa quidem magicis suis artibus volens reformatur, at ego nullo decantatus carmine praesentis tantum facti stupore defixus quidvis aliud magis videbar esse quam Lucius: sic exterminatus animi attonitus in amentiam vigilans somniabar; defrictis adeo diu pupulis an vigilarem scire quaerebam. Tandem denique reversus ad sensum praesentium adrepta manu Photidis et admota meis luminibus: ""Patere, oro te,"" inquam ""dum dictat occasio, magno et singulari me  adfectionis tuae fructu perfrui et impertire nobis unctulum indidem per istas tuas pupillas, mea mellitula, tuumque mancipium inremunerabili beneficio sic tibi perpetuo pignera ac iam perfice ut meae Veneri Cupido pinnatus adsistam tibi."" ""Ain?"" inquit ""Vulpinaris, amasio, meque sponte asceam cruribus meis inlidere compellis? Sic inermem vix a lupulis conservo Thessalis; hunc alitem factum ubi quaeram, videbo quando?"""
https://www.thelatinlibrary.com/apuleius/apuleius3.shtml,180,"[] ""At mihi scelus istud depellant caelites"" inquam ""ut ego, quamvis ipsius aquilae sublimis volatibus toto caelo pervius et supremi Iovis nuntius vel laetus armiger, tamen non ad meum nidulum post illam pinnarum dignitatem subinde devolem. Adiuro per dulcem istum capilli tui nodulum, quo meum vinxisti spiritum, me nullam aliam meae Photidi malle. Tunc etiam istud meis cogitationibus occurrit, cum semel avem talem perunctus induero, domus omnis procul me vitare debere. Quam pulchro enim quamque festivo matronae perfruentur amatore bubone. Quid quod istas nocturnas aves, cum penetraverint larem quempiam, solliciter prehensas foribus videmus adfigi, ut, quod infaustis volatibus familiae minantur exitium, suis luant cruciatibus? Sed, quod sciscitari praene praeterivi, quo dicto factove rursum exutis pinnulis illis ad meum redibo Lucium?"" ""Bono animo es, quod ad huius rei curam pertinet"" ait. ""Nam mihi domina singula monstravit, quae possunt rursus in facies hominum tales figuras reformare. Nec istud factum putes ulla benivolentia, sed ut ei redeunti medela salubri possem subsistere. Specta denique quam parvis quamque futtilibus tanta res procuretur herbusculis; anethi modicum cum lauri foliis immissum rori fontano datur lavacrum et poculum."""
https://www.thelatinlibrary.com/apuleius/apuleius3.shtml,121,"[] Haec identidem adseverans summa cum trepidatione inrepit cubiculum et pyxidem depromit arcula. Quam ego amplexus ac deosculatus prius utque mihi prosperis faveret volatibus deprecatus abiectis propere laciniis totis avide manus immersi et haurito plusculo uncto corporis mei membra perfricui. Iamque alternis conatibus libratis brachiis in avem similis gestiebam; nec ullae plumulae nec usquam pinnulae, sed plane pili mei crassantur in setas et cutis tenella duratur in corium et in extimis palmulis perdito numero toti digiti coguntur in singulas ungulas et de spinae meae termino grandis cauda procedit. Iam facies enormis et os prolixum et nares hiantes et labiae pendulae; sic et aures inmodicis horripilant auctibus. Nec ullum miserae reformationis video solacium, nisi quod mihi iam nequeunti tenere Photidem natura crescebat."
https://www.thelatinlibrary.com/apuleius/apuleius3.shtml,110,"[] Ac dum salutis inopia cuncta corporis mei considerans non avem me sed asinum video, querens de facto Photidis sed iam humano gestu  simul et voce privatus, quod solum poteram, postrema deiecta labia umidis tamen oculis oblicum respiciens ad illam tacitus expostulabam. Quae ubi primum me talem aspexit, percussit faciem suam manibus infestis et: ""Occisa sum misera:"" clamavit ""me trepidatio simul et festinatio fefellit et pyxidum similitudo decepit. Sed bene, quod facilior reformationis huius medela suppeditat. Nam rosis tantum demorsicatis exibis asinum statimque in meum Lucium postliminio redibis. Atque utinam vesperi de more nobis parassem corollas aliquas, ne moram talem patereris vel noctis unius. Sed primo diluculo remedium festinabitur tibi."""
https://www.thelatinlibrary.com/apuleius/apuleius3.shtml,164,"[] Sic illa maerebat, ego vero quamquam perfectus asinus et pro Lucio iumentum sensum tamen retinebam humanum. Diu denique ac multum mecum ipse deliberavi, an nequissimam facinerosissimamque illam feminam spissis calcibus feriens et mordicus adpetens necare deberem. Sed ab incepto temerario melior me sententia revocavit, ne morte multata Photide salutares mihi suppetias rursus extinguerem. Deiecto itaque et quassanti capite ac demussata temporali contumelia durissimo casui meo serviens ad equum illum vectorem meum probissimum in stabulum concedo, ubi alium etiam Milonis quondam hospitis mei asinum stabulantem inveni. Atque ego rebar, si quod inesset mutis animalibus tacitum ac naturale sacramentum, agnitione ac miseratione quadam inductum equum illum meum hospitium ac loca lautia mihi praebiturum. Sed pro Iuppiter hospitalis et Fidei secreta numina! Praeclarus ille vector meus cum asino capita conferunt in meamque perniciem ilico consentiunt et verentes scilicet cibariis suis vix me praesepio videre proximantem: deiectis auribus iam furentes infestis calcibus insecuntur. Et  abigor quam procul ab <h>ordeo, quod adposueram vesperi meis manibus illi gratissimo famulo."
https://www.thelatinlibrary.com/apuleius/apuleius3.shtml,159,"[] Sic adfectus atque in solitudinem relegatus angulo stabuli concesseram. Dumque de insolentia collegarum meorum mecum cogito atque in alterum diem auxilio rosario Lucius denuo futurus equi perfidi vindictam meditor, respicio pilae mediae, quae stabuli trabes sustinebat, in ipso fere meditullio Eponae deae simulacrum residens aediculae, quod accurate corollis roseis equidem recentibus fuerat ornatum. Denique adgnito salutari praesidio pronus spei, quantum extensis prioribus pedibus adniti poteram, insurgo valide et cervice prolixa nimiumque porrectis labiis, quanto maxime nisu poteram, corollas adpetebam. Quod me pessima scilicet sorte conantem servulus meus, cui semper equi cura mandata fuerat, repente conspiciens indignatus exsurgit et: ""Quo usque tandem"" inquit ""cantherium patiemur istum paulo ante cibariis iumentorum,nunc etiam simulacris deorum infestum? Quin iam ego istum sacrilegum debilem claudumque reddam""; et statim telum aliquod quaeritans temere fascem lignorum positum offendit, rimatusque frondosum fustem cunctis vastiorem non prius miserum me tundere desiit quam sonitu vehementi et largo strepitu percussis ianuis trepido etiam rumore viciniae conclamatis latronibus profugit territus."
https://www.thelatinlibrary.com/apuleius/apuleius3.shtml,120,"[] Nec mora, cum vi patefactis aedibus globus latronum invadit omnia et singula domus membra cingit armata factio et auxiliis hinc inde convolantibus obsistit discursus hostilis. Cuncti gladiis et facibus instructi noctem illuminant, coruscat in modum ortivi  solis ignis et mucro. Tunc horreum quoddam satis validis claustris obsaeptum obseratumque, quod mediis aedibus constitutum gazis Milonis fuerat refertus, securibus validis adgressi diffindunt. Quo passim recluso totas opes vehunt raptimque constrictis sarcinis singuli partiuntur. Tunc opulentiae nimiae nimio ad extremas incitas deducti nos duos asinos et equum meum productos e stabulo, quantum potest, gravioribus sarcinis onerant et domo iam vacua minantes baculis exigunt unoque de sociis ad spectaculum, qui de facinoris inquisitione nuntiaret, relicto nos crebra tundentes per avia montium ducunt concitos."
https://www.thelatinlibrary.com/apuleius/apuleius3.shtml,182,"[] Iamque rerum tantarum pondere et montis ardui vertice et prolixo satis itinere nihil a mortuo differebam. Sed mihi sero quidem serio tamen subvenit ad auxilium civile decurrere et interposito venerabili principis nomine tot aerumnis me liberare. Cum denique iam luce clarissima vicum quempiam frequentem et nundinis celebrem praeteriremus, inter ipsas turbelas Graecorum [Romanorum] genuino sermone nomen augustum Caesaris invocare temptavi; et ""O"" quidem tantum disertum ac validum clamitavi, reliquum autem Caesaris nomen enuntiare non potui. Aspernati latrones clamorem absonum meum caedentes hinc inde miserum corium nec cribris iam idoneum relinquunt. Sed tandem mihi inopinatam salutem Iuppiter ille tribuit. Nam cum multas villulas et casas amplas praeterimus, hortulum quendam prospexi satis amoenum, in quo praeter ceteras gratas herbulas rosae virgines matutino rore florebant. His inhians et spe salutis alacer ac laetus propius accessi, dumque iam labiis undantibus adfecto, consilium me subit longe salubrius, ne, si rursum asino remoto prodirem in Lucium, evidens exitium inter manus latronum offenderem vel artis magicae suspectione vel indicii futuri criminatione. Tunc igitur a rosis et quidem necessario temperavi et casum praesentem tolerans in asini faciem faena rodebam."
https://www.thelatinlibrary.com/apuleius/apuleius.dog1.shtml,6,APVLEI DE DOGMATE PLATONIS LIBER PRIMUS
https://www.thelatinlibrary.com/apuleius/apuleius.dog1.shtml,160,"I.Platoni habitudo corporis cognomentum dedit; namque Aristocles prius est nominatus. Ei Ariston fuisse pater dictus est; ceterum Perictione, Glauci filia, mater fuit: et de utroque nobilitas satis clara; nam Ariston pater per Codrum ab ipso Neptuno originem duxit, a Solone sapientissimo, qui legum Atticarum fundator fuit, maternus derivatus est sanguis. Sunt qui Platonem augustiore conceptu prosatum dicant, cum quidem Apollinis figuratio Perictionae se miscuisset. Mense etiam, qui apud Atticos thargelion dicitur, natus est, die qua apud Delum Latona fertur  Apollinem Dianamque peperisse. Pridie Socraten genitum accepimus. Somnium etiam Socratis scitum ferunt: nam vidisse sibi visus est cygni pullum ex altari, quod in Academia Cupidini consecratum est, volasse et in eius gremio residisse et postea olorem illum pinnis caelum petisse, canore musico auditus hominum deorumque mulcentem. Cum hoc Socrates in conventu amicorum referret, Ariston Platonem puerum oblaturus Socrati magistro commodum prosequebatur. Quem ubi adspexit ille ingeniumque intimum de exteriore conspicatus est facie: ""Hic ille erat, amici"" inquit, ""de Academia Cupidinis cygnus""."
https://www.thelatinlibrary.com/apuleius/apuleius.dog1.shtml,159,"II.Talis igitur ac de talibus, Plato non solum heroum virtutibuspraestitit, verum etiam aequiperavit divum potestatibus. Nam Speusippus, domesticis documentis instructus, et pueri eius acre in percipiendo ingenium et admirandae verecundiae indolem laudat, et pubescentis primitias labore atque amore studendi imbutas refert, et in viro harumincrementa virtutum et ceterarum convenisse testatur. Ex isdem genitoribus Glaucus et Adimantus ei fratres fuerunt. Doctores habuit in prima litteratura Dionysium, at in palaestra Aristonem Argis oriundum, tantosque progressus exercitatio ei contulit, ut Pythia et Isthmia de lucta[ta] certaverit.Picturae non aspernans artem, tragoediis et dithyrambis se utilem finxit.Iamque carminum confidentia elatus, certatorem se profiteri cupiebat, ni Socrates humilitatem cupidinis ex eius mentibus expulisset et verae laudisgloriam in eius animum inserere curasset. Et antea quidem Heracliti sectafuerat inbutus. Verum cum se Socrati dedisset, non solum ingenio atquedoctrina Socraticos ceteros vicit, verum etiam labore et elegantia inlustravitsapientiam ab eo sibi traditam: labore, quo adserere eam nisus est; elegantia,per quam venustate et maiestate verborum ei plurimum adhibuit dignitatis."
https://www.thelatinlibrary.com/apuleius/apuleius.dog1.shtml,179,"III.Sed posteaquam Socrates homines reliquit, quaesivit unde proficeret etad Pythagorae disciplinam se contulit; quam etsi ratione diligenti et magnifica instructam videbat, rerum tamen continentiam et castitatem magiscupiebat imitari; et, quod Pythagoreorum ingenium adiutum disciplinis aliis sentiebat, ad Theodorum Cyrenas, ut geometriam disceret, est profectus et astrologiam adusque Aegyptum ivit petitum, ut inde prophetarum etiam ritus addisceret. Et ad Italiam iterum venit et Pythagoreos Eury[ta]tum Tarentinumet seniorem Archytam sectatus est. Atque ad Indos et Magos intendisset animum, nisi tunc eum bella vetuissent. Dialectica quapropter inventia Parmenidae ac Zenonis studiosius exsecutus, ita omnibus quae admirationi sunt singula suos libros explevit, ut primus tripertitam philosophiam copularet, sibique invicem necessarias partes nec pugnare inter se tantummodo, sed etiam mutuis adiuvare auxiliis ostenderet. Nam quamvis de diversis officinis haec ei essent philosophiae membra suscepta, naturalis a Pythagoreis, de Eleaticis rationalis atque moralis ex ipso Socratis fonte, unum tamen ex omnibus et quasi proprii partus corpus effecit; et, cum principes harum familiarum inpolitas sententias et inchoatas auditoribus tradidissent, eas hic, cum ratione limando tum ad orationis augustae honestissimam speciem induendo, perfectas atque etiam admirabiles fecit."
https://www.thelatinlibrary.com/apuleius/apuleius.dog1.shtml,83,"IV.Multi auditorum eius utriusque sexus in philosophia floruerunt.Patrimonium in hortulo, qui Academiae iunctus fuit, et in duobus ministriset in patera, qua diis supplicabat, reliquit; auri tantum, quantum puer nobilitatis insigne in auricula gestavit. Ceterum tres ad Siciliam adventus mali quidam carpunt, diversis opinionibus disserentes. Sed ille primo historiae gratia, ut naturam Aetnae et incendia concavi montis intellegeret, secundo, petitu Dionysi, ut Syracusanis adsisteret, est profectus, et ut municipales leges eius provinciae disceret; tertius eius adventus fugientem Dionem, inpetrata a Dionysio venia, patriae suaereddidit."
https://www.thelatinlibrary.com/apuleius/apuleius.dog1.shtml,41,"Quae autem consulta, quae dogmata graece licet dici, ad utilitatem hominum vivendique et intellegendi ac loquendi rationem extulerit, hinc ordiemur. Nam, quoniam tres partes philosophiae congruere inter se primus obtinuit, nos quoque separatim dicemus de singulis, a naturali philosophia facientes exordium."
https://www.thelatinlibrary.com/apuleius/apuleius.dog1.shtml,216,"V.Initia rerum esse tria arbitratur Plato: deum et materiam inabsolutam,informem, nulla specie nec qualitatis significatione distinctam, rerumque formas, quas ideas idem vocat.Sed haec de Deo sentit, quod sit incorporeus. Is unus, ait, aperimetros, genitor rerumque omnium exstructor, beatus et beatificus, optimus, nihil indigens, ipse conferens cuncta. Quem quidem caelestem pronuntiat, indictum,innominabilem, ut ait ipse, aoraton, adamaston; cuius naturam inveniredifficile est; si inventa sit, in multos eam enuntiari non posse. Platonis haec verba sunt: theon heurein te ergon, heuronta te eis pollous ekpherein adynaton. Materiam vero inprocreabilem incorruptamque commemorat, non ignemneque aquam nec aliud de principiis et absolutis elementis esse, sed ex omnibus primam, figurarum capacem fictionique subiectam, adhuc rudem etfigurationis qualitate viduatam, deus artifex conformat universam. Infinitamvero idcirco, quod ei sit interminata magnitudo; nam quod infinitum estindistinctam magnitudinis habet finem; atque ideo, cum viduata sit fine,infinibilis recte videri potest. Sed neque corpoream (sed) nec sane incorpoream concedit esse; ideo autem non putat corpus, quod omne corpus specie qualicumque non careat; sine corpore vero esse non potest dicere, quod nihil incorporale corpus exhibeat; sed vi et ratione sibi eam videri corpoream, atque ideo nec tactu solo neque tamen sola opinione cogitationis intellegi. Namque corpora, propter insignem evidentiam sui, simili indicio cognosci; sed quae substantiam non habent corporum, ea cogitationibus videri;unde adulterata opinione ambiguam materiae huius intellegi qualitatem."
https://www.thelatinlibrary.com/apuleius/apuleius.dog1.shtml,108,"VI.Ideas vero, id est formas omnium, simplices et aeternas esse neccorporales tamen; esse autem ex his, quae deus sumpserit, exempla rerum quae sunt eruntue; nec posse amplius quam singularum specierum singulas imagines in exemplaribus inveniri gignentiumque omnium, ad instar cerae, formas et figurationes ex illa exemplorum inpressione signari.Ousias, quas essentias dicimus, duas esse ait, per quas cuncta gignanturmundusque ipse; quarum una cogitatione sola concipitur, altera sensibussubici potest. Sed illa, quae mentis oculis comprehenditur, semper et eodemmodo et sui par ac similis invenitur ut quae vere sit; at enim alteraopinione sensibili et inrationabili aestimanda est, quam nasci etinterire. Et, sicut superior vere esse memoratur, hanc non essevere possumus dicere."
https://www.thelatinlibrary.com/apuleius/apuleius.dog1.shtml,80,"Et primae quidem substantiae vel essentiae primum deum esse et mentem formasque rerum et animam; secundae substantiae, omnia quae informantur quaeque gignuntur et quae ab substantiae superioris exemplo originem ducunt, quae mutari et converti possunt, labentia et ad instar fluminum profuga. Adhuc illa, quam dixi, intelligendi substantia quoniam constanti nititur robore, etiam quae de ea disputantur ratione stabili etfide plena sunt. At eius, quae veluti umbra et imago est superioris, rationes quoque et verba, quae de ea disputantur, incostanti suntdisciplina."
https://www.thelatinlibrary.com/apuleius/apuleius.dog1.shtml,209,"VII.Initium omnium corporum materiam esse memoravit; hanc et signariinpressione formarum. Hinc prima elementa esse progenita, ignem et aquam et terram et aera. Quae si elementa sunt, simplicia esse debent neque ad instar syllabarum nexu mutuo copulari, quod istis evenit, quorum substantia multimoda (multi) potestatum coitione conficitur. Quae cum inordinatapermixtaque essent, ab illo aedificatore mundi deo ad ordinem numeris et mensuris in ambitum deducta sunt. Haec e plurimis elementis ad unum redacta esse. Et ignem quidem et aera et aquam habere originem atque principium ex trigono, qui sit anguli recti, imparibus lateribus; terram vero de recti[s] quidem anguli[s] trigonis, sed fastigiis paribus, esse. Etprioris quidem formae tres species existere; pyramidem, octangulam etvigintiangulam sphaeram. Et pyramidem figuram ignis in se habere, octangulamvero aeris, angulatam vicies sphaeram aquae dicatam esse; aequipedum vero trigonum efficere ex esse quadratum, kython, quae terrae sit propria. Quapropter mobilem pyramidis formam igni dedit, quod eius celeritas agitationihuius videatur esse consimilis, secundae velocitatis octangula sphaera est;hanc aeri detulit, qui levitate et pernicitate post ignem secundus esset. Vicen[i]alis sphaera loco tertio est; huius forma fluvida et volubilis aquaesimilior est visa. Restat tesserarum figura, quae cum sit inmobilis terrae constantiam non absurde sortita est. Et alia initia inveniri forsitan posseait, quae deo nota sint vel ei qui sit diis amicus."
https://www.thelatinlibrary.com/apuleius/apuleius.dog1.shtml,149,"VIII.Sed de primis elementis, igni et aqua ceterisque, et illa constareparticulatim animalium et inanimantium corpora; mundumque omnem ex omni aqua totoque igni et aeris universitate cunctaque terra esse factum, et non solum nullam horum partem extra orbem relinqui, sed ne vim quidem eius (et) extrinsecus inveniri. Haec autem invicem ex se intra se apta et conexa esse; idcircoque in igne atque terra aquae et aeri est situs, et, sicut ignis aeri cognatione coniungitur, ita humor adfinitati terrenae iugatur. Hinc unum esse mundum in eoque omnia nec relictum locum, in quo alius, nec elementa superesse, ex quibus alterius mundi corpus possit esse. Ad haec ei adtributa est perpetua iuventas et inviolata valetudo; eoque nihil praeterea extrinsecus est relictum, quod corrumpere posset ingenium eius et, si superesset, non eum laederet, cum ita apud se ex omni parte conpositus atque ordinatus foret, ut adversantia et contraria naturae disciplinaeque eius officere non possent."
https://www.thelatinlibrary.com/apuleius/apuleius.dog1.shtml,132,"Idcirco autem perfectissimo et pulcherrimo mundo instar pulchrae et perfectae sphaerae a fabricatore deo quaesitum est, ut sit nihil indigens,sed operiens omnia coercensque contineat, pulcher et admirabilis, sui similis sibique respondens. Hinc illud etiam: cum septem locorum motushabeantur, progressus et retrocessus, dexteriores ac sinistri, sursum etiam deorsumque nitentium et quae in gyrum circuitumque torquentur, sex superioribus remotis, haec una mundo relicta est sapientia[e] et prudentia[e]propria, ut rationabiliter volveretur. Et hunc quidem mundum nunc sine initio esse dicit, alias originem habere natumque esse: nullum autem eius exordium atque initium esse ideo quod semper fuerit; nativum vero videri, quod ex his rebus substantia eius et natura constet, quae nascendi sortitae sunt qualitatem. Hinc et tangitur et videtur sensibusque corporeis est obvius. Sed quo ei nascendi causam deus praestitit, ideo immortali perseverantia est semper futurus."
https://www.thelatinlibrary.com/apuleius/apuleius.dog1.shtml,184,"IX.Animam vero animantium omnium non esse corpoream nec sane perituram,cum corpore fuerit absoluta, omniumque gignentium esse seniorem; atque ideo et inperitare et regere ea quorum curam fuerit diligentiamque sortita; ipsamque semper et per se moveri, agitatricem aliorum, quae natura sui inmota sunt atque pigra. Sed illam, fontem animarum omnium, caelestem animam, optimam et sapientissimam virtute esse genetricem, subservire etiam fabricatori deo et praesto esse ad omnia inventa eius pronuntiat. Verum substantiam mentis huius numeris et modis confici congeminatis ac multiplicatis augmentis incrementisque per se et extrinsecus partis; et hinc fieri ut musice mundus et canore moveatur.Naturasque rerum binas esse, et earum alteram esse, quam quidem doxasten appellat ille et quae videri oculis et adtingi manu possit; alteram, quaeveniat in mentem, cogitabilem et intellegibilem; detur enim venianovitati verborum, rerum obscuritatibus serventi. Et superiorem quidem partem mutabilem esse ac facilem contuenti, hanc autem, quae mentis acie videtur et penetrabili cogitatione percipitur atque concipitur, incorruptam, inmutabilem, constantem eandemque et semper esse. Hinc et duplicem rationem interpretationemque dicit: namque illa visibilis fortuita et non ita perseveranti suspicione colligitur, at haec intellegibilis vera, perenni et constanti ratione probatur esse."
https://www.thelatinlibrary.com/apuleius/apuleius.dog1.shtml,233,"X.Tempus vero aevi esse imaginem, si quidem tempus movetur, perennitatisfixa et inmota natura est; et ire in eam tempus, et in eius magnitudinem finiri ac dissolvi posse, si quando hoc decreverit fabricator mundi deus. Eiusdem temporis spatiis mensuras mundanae conversionis intellegi. Solis quippe et lunae globum hoc agere, ceterasque stellas, quas nos non recte erroneas et vagas dicimus; nostrae enim super earum cursibus opiniones disputationesque possunt in errorem intellectum inducere. Ceterum ille rerum ordinator moras progressusque constituit, ut ne modico quidem errori locus esset. Dies quippe cum noctibus mensium spatia conplete, menses vicissim annorum orbes involvunt,  nec prius quam signa haec luce siderea ardere coeperunt, iniri potuerunt temporum numeri, perituramque esse observationem conputationis huius, si hic olim chorus antiquus steterit.Namque ut mensurae et reversiones temporum noscerentur circuitusque mundi videretur, solis incensa sunt lumina, et vicissim, ut quies desiderata proveniret animantibus, opacitas est inventa noctis. Mensesque effici, cum luna, circuli sui conpleto curriculo, ad eundem locum, a quo discesserit, revertatur; anni vero spatia concludi, cum sol quadrinas temporum contigerit vices et ad idem signum fuerit invectus. Horum enim ratio in se revertentium et a se proficiscentium intellectum cogitationis invenit. Esse autem stellarum nihilominus certos ambitus legitimis curriculis perpetuo servatos, quos vix hominum sollertia conprehendit. Vnde fit ut et magnus ille vocitatus annus facile noscatur, cuius tempus inplebitur, cum vagantium stellarum comitatus ad eundem pervenerit finem novumque sibi exordium et itinera per vias mundi reparaverit."
https://www.thelatinlibrary.com/apuleius/apuleius.dog1.shtml,225,"XI.Globorum vero caelestium, nexorum inter se per vices mutuas, omniumsupremum esse eum qui inerrabili meatu censetur; eius amplexu ceteros coerceri. Et esse aplanesi primum ordinem, secundum Saturno datum, Iovi tertium, Martem quartum tenere, quintum Mercurio dari, sextum Veneris esse, septimum solis itineribus incendi, octavum metiri lunam.Exinde elementis omnia ac principiis occupari. Ignem ante alia superiorem esse, mox aeris locum, hinc aquae proximum et tunc globum terrae in medio situm, aequalem loco ac figura, inmobilem stare. Hoc astrorum ignes sphaeris adfixos perpetuis atque indefessis cursibus labi, et hoc animalis deos dicit esse; sphaerarum vero ingenium ex igni coalitum et fabricatum.Iam ipsa animantium genera in quattuor species dividuntur, quarum una est ex natura ignis eiusmodi qualem solem ac lunam videmus ceterasque siderum stellas, alterum ex aeria qualitate hanc etiam daemonum dicit, tertium ex aqua terraque coalescere; et mortale genus corporum ex eo dividi terrenum atque terrestre sic enim engeion et epigeion censui<t> nuncupanda terrenumque esse arborum ceterarumque frugum, quae humi fixae vitam trahunt, terrestria vero quae alit ac sustinet tellus.Deorum trinas nuncupat species, quarum est, prima unus et solus summus ille, ultramundanus, incorporeus, quem patrem et architectum huius divini orbis superius ostendimus; aliud genus est quale astra habent ceteraque numina, quos caelicolas nominamus; tertium habent, quos medioximos Romani veteres appellant, quod (est) sui ratione, sed et loco et potestate diis summis sunt minores, natura hominum profecto maiores."
https://www.thelatinlibrary.com/apuleius/apuleius.dog1.shtml,235,"XII.Sed omnia quae naturaliter et propterea recte feruntur providentiaecustodia gubernantur nec ullius mali causa deo poterit adscribi. Quare necomnia ad fati sortem arbitratur esse referenda. Ita enim definit: providentiam esse divinam sententiam, conservatricem prosperitatis eius, cuius causa tale suscepit officium; divinam legem esse fatum, per quod inevitabiles cogitationes dei atque incepta conplentur. Vnde si quid providentia geritur, id agitur et fato, et quod fato terminatur providentia debet susceptum videri. Et primam quidem providentiam esse summi exsuperantissimique deorum omnium, qui non solum deos caelicolas ordinavit, quos ad tutelam et decus per omnia mundi membra dispersit, sed natura etiam mortales eos, qui praestarent sapientia ceteris terrenis animantibus, ad aevitatem temporis edidit fundatisque legibus reliquarumdispositionem ac tutelam rerum, quas cotidie fieri necesse est, diis ceteristradidit. Vnde susceptam provi<de>ntiam dii secundae providentiae ita naviterretinent, ut omnia, etiam quae caelius mortalibus exhibentur, inmutabilem ordinationis paternae statum teneant. Daemonas vero, quos Genios et Lares possumus nuncupare, ministros deorum arbitra[n]tur custodesque hominum etinterpretes, si quid a diis velint.Nec sena omnia referenda esse ad vim fati puta[n]t, sed esse aliquid in nobiset in fortuna esse non nihil. Et fortunae quidem inprovidos casus ignorari a nobis fatetur; instabile enim quiddam et incurrens intercedere solere, quae consilio fuerint et meditatione suscepta, quod non patiatur meditata adfinem venire. Et tunc quidem cum inpedimentum istud utiliter provenit, res illa felicitas nominatur; at ubi repugnationes istae nocivae erunt, infelicitas dicitur. Omnium vero terrenorum nihil homine praestabilius providentia dedit."
https://www.thelatinlibrary.com/apuleius/apuleius.dog1.shtml,102,"XIII.Quare idem bene hominis pronuntia[n]t esse animam corporis dominam. Etenim cum tres partes animae ducat esse, rationabilem, id est mentis optumam portionem, hanc ait capitis arcem tenere; irascentiam vero procul a ratione ad domicilium cordis deductam esse obsequique eam in loco respondere sapientiae; cupidinem atque adpetitus, postremam mentis portionem, infernas abdominis sedes tenere ut popinas quasdam et latrinarum latebras, deversoria nequitiae atque luxuriae; relegatam vero idcirco longius a sapientia hanc partem videri, nec inportuna vicinitate rationem consulturam desuper cunctorumsaluti in ipsa cogitationum utilitate turbaret. Totum vero hominem in capite vultuque esse; nam prudentiam sensusque omnis non alias quam illa parte corporis contineri."
https://www.thelatinlibrary.com/apuleius/apuleius.dog1.shtml,48,"Cetera enim membra ancillari et subservire capiti, cibos et alia subministrare, vectare etiam sublime po[s]situm ut dominum atque rectoremprovidentiae eius a periculis vindicari. Sed machinamenta, quibus adsentiendas et diiudicandas qualitates sensus instructi sunt, ibidem erga regiam capitis constituta esse in conspectu rationis, ut intellegendi ac persentiscendi veritas adiuvetur."
https://www.thelatinlibrary.com/apuleius/apuleius.dog1.shtml,236,"XIV.Sensus vero ipsi ad ea quae sunt sensibilia apte conposita naturaintellegentiam cognatam tenent. Ac primo oculorum acies gemellas perlucidas et quadam luce visionis inlustres noscendi luminis officium tenere. Auditionem vero, aeriae naturae participem, aeris nuntiis percipere sonores. Iam gustatus solutiores esse sensus ideoque umidioribus et aquosispotius commodatos. Tactum etiam terrarum atque corporeum solidiora quaeque contingi offendique possunt sentire. Eorum etiam quae corrupta mutantur separata intellegentia est; in media namque regione oris nares natura constituit, quarum bifori via odor cum spiritu  commeat. Conversiones autem multationesque odoratus causas dare easque de corruptis vel adustis vel mitescentibus aut madefactis sentiri, cum quidem ea, quae feruntur vapore velfumo exhalantur, odorum viis iudicium sensusque succedunt; nam res[istent]integrae et aer purus numquam eiusmodi auris inficiunt eos.Sensus quidem ipsi communes nobis sunt cum ceteris animantibus; at enim hominis sollertia eiusmodi divino beneficio instructior auctiorque, quod auditus illi est visusque praestantior. Oculis namque metitus est caelum siderumque circuitus et astrorum obitus atque ortus eorumque cum significatibus spatia comprehendit, ex quo pulcherrimus et uberrimus fons ille philosophiae profluxit. Auditu vero quid homini magnificentius potuit evenire, per quem prudentiam sapientiamque condisceret numerosque orationis metiretur ac modos faceret fieretque ipse totus modulatus ac musicus? Lingua et dentium vallum et ipsius osculi venustas accessit. Quod quidem aliis animantibus ad explendam victus necessitatem inferendasque ventri copias conparatum est, sed homini promptuarium potius rectae rationis et suavissimae orationis hoc datum est, ut, quae prudentia corde conceperit, ea sensa promat oratio."
https://www.thelatinlibrary.com/apuleius/apuleius.dog1.shtml,138,"XV.Sed totius corporis habitus et figura membrorum alia condicione suntoptuma, alia longe peiora: inferiora reguntur optimatium praestantia et ipsa ministerium suggerunt victuale. Pedes ceteraque umerorum tenus capiti oboediunt. At superciliorum saepes praemuniunt oculis, ne desuper proruat, quod teneras visiones mollesque perturbet. Pulmones loco ac sui genere cordi plurimum consulunt, cum exardescit ira trepidansque celerioribus motibus vertex cordis ipsius, madens sanguine, pulmonum excipitur mollitia, siti, frigore. Lienem vero iocineri non frustra esse finitimum, ut eius redundantiam participatis haustibus relevet abstergeatque ea quae sordium fuerint purumque ac sincerum praestet, quod maxime fibris est commodum. Ventrem hiris intestinorum circumplexum et nexibus inpeditum esse, ne esculenta et potulenta sese penetrarent, sed ut retenta paulisperutilitatem sui ac censum animantibus exhiberent; nam [ne] exhaustis etlabentibus usque quae inferuntur, momentis omnibus adpetendi cibi necessitas inmineret et ad hoc unum occupari nobis dies noctesque esset necesse."
https://www.thelatinlibrary.com/apuleius/apuleius.dog1.shtml,164,"XVI.Visceribus ossa sunt tecta; eadem revincta sunt nervis. Et tamen eaquae sunt internuntia sentiendi sic sunt operta visceribus, ne crassitudine sensus hebetentur. Illa etiam, quae iuncturis et copulis nexa sunt, adceleritatem facilius se movendi, haud multis sunt inpedita visceribus. Denique ipsius capitis verticem specta: contectum tenui cute capillisque hirsutum videbis adversum vim frigoris et caloris. At enim illae op[t]imaesunt partes quas labor subigit, ut femina ipsaque sessitandi regio est. Quid de cibatu ipso loquar, quem itinera ex utero manantia, fibris iecoris adiuncta, dispertiunt in cruoris habitudinem versum, ut eum ex eo loco per omnes artus natura sollers derivari faciat? Sed e regione cordis venarum meatus oriuntur, per pulmonum spiracula vivacitatem transferentes, quam de corde susceperint, et rursus ex illo loco divisae per membra totum hominem iuvant spiritu[m]. Hinc illae anhelandi vices haustae redditaequealterno modo, ne mutuis inpediantur occursibus. Venarum diversae suntqualitates, quas ad procreandum e regione cervicum per medullas renum commeare et suspici inguinum loco certum est et pulsu venarum genitale seminium humanitatis exire."
https://www.thelatinlibrary.com/apuleius/apuleius.dog1.shtml,104,"XVII.At cum totius corporis tres dicat esse substantias, primam vultvideri ex igni et aqua et ceteris elementis, aliam ex consimilibus partibus viscerum, ossiculorum, cruoris et ceterorum, tertiam de discrepantibus diversisque membris, id est capite, utero et articulis disparibus. Vnde et substantia, quae de simplicibus constat elementis, si id quod necessitate victus extrinsecus adrogatur commodo congruit et generi singulorum, qualitatem corporis temperiemque custodit, et illis quae de consimilibus, robur auget et iis, quae inter se disparia supra diximus, pulchritudinem nutrit; et simul[abo] aequalitas ista sicci atque umidi,ferventis ac frigidi sanitatem, vires speciemque largitur, sicuti illa intemperans atque inmoderata permixtio singulis universisque vitatis animalceleri exitio corrumpit."
https://www.thelatinlibrary.com/apuleius/apuleius.dog1.shtml,246,"XVIII.Tripertitam  animam idem dicit:  primam eius  rationabilem esse partem,aliam excandescentiam vel inritabilitatem, tertiam adpetitus; eadem cupiditatem possumus nuncupare. Sed tunc animanti sanitatem adesse, vires, pulchritudinem, cum ratio totam regit parentesque ei inferiores duae partesconcordantesque inter se iracundia et voluptas nihil adpetunt, nihilcommovent, quod inutile esse duxeri[n]t ratio. Eiusmodi ad aequabilitatempartibus animae temperatis, corpus nulla turbatione frangitur. Alioquin invehit aegritudinem atque invalentiam et foeditatem, cum incompositae etinaequales inter se erunt, cum irascentiam et consilium subegerit sibique subiecerit cupiditas aut cum dominam illa reginamque rationem, obsequente licet et pacata cupidine, ira flagrantior vicerit. Sed aegritudinem mentis stultitiam  esse dicit eamque in partes duas dividit; harum unam inperitiam nominat, aliam insaniam vocat; et inperitae morbum ex gloriosa iactatione contingere, cum eorum, quorum ignarus est, doctrinam aliquis scientiamque mentitur; furorem vero pessima consuetudine et libidinosa vita solere evenire hancque insaniam nominari, quam vitiosa qualitas corporis prodit, cum ea quae rationi sunt parata in ipso vertice inportunis angustiis coartantur. At enim hominem tunc esse perfectum, cum anima et corpus aequaliter copulantur et inter se conveniunt sibique respondent, ut firmitas mentis praevalentibus corporis viribus non sit inferior; corporis vero tunc nativis incrementis augetur, cum valitudinis ratio procurata salubriter modum necessarii victus nescit excedere nec valitudo obteritur magnitudine externorum laborum nec pabuli sarcina inmoderatius invecti vel non, ut oportet, digesti distributique per corpus. Tunc enim artus ac membra vigoris debiti modum et vires retinent, cum id quod infertur ad totius corporis  conservationem veluti singillatim exaequatum cunctis partibus dividitur. Verum enimvero tunc exitium copo<r>..."
https://www.thelatinlibrary.com/apuleius/apuleius.mundo.shtml,3,APVLEI DE MUNDO
https://www.thelatinlibrary.com/apuleius/apuleius.mundo.shtml,316,"Consideranti mihi et diligentius intuenti, et saepe alias, Faustine fili? virtutis indagatrix expultrixque vitiorum, divinarum particeps rerum philosophia videbatur, et nunc maxime, cum naturae interpretationem et remotarum ab oculis rerum investigationem sibi vindicet. Nam cum ceteri magnitudine rei territi, eiusmodi laborem arduum et profundum existimarent, sola philosophia suum non despexit ingenium, nec indignam se existimavit, cui divinarum et humanarum rerum disc[r]eptatio deferatur; sed concinere (addicere) tam bonas artes et eiusmodi operam cum ingenuitate professionis suae credidit, et congruere istius modi curam talibus studiis et moribus. Nam cum mundum homines eiusque penetralia corpore adire non possent, ut terreno domicilio relicto illas regiones inspicerent, philosophiam ducem nancti eiusque inventis inbuti, animo peregrinari ausi sunt per caeli plagas, his itineribus quae exploratione acuminis sui pervia sapientiae solis cogitationibus viderant, ut, cum ipsius intervalli condicione a mundi vicinia natura nos secretos esse voluisset, inmensitati tamen eius volucrique curriculo cogitationum nostrarum nos pernicitas intimaret; facillimeque ea, de quibus origo eius est, anima divinis suis oculis aspexit, agnovit, aliis etiam eius scientiam tradidit, veluti prophetae quidam deorum maiestate conpleti effantur ceteris, quae divini beneficio soli vident. Quare et eos, qui unius loci ingenia nobis qualitatesque describunt, aut moenia urbis aut alicuius amnis fluenta aut amoenitates et magnitudines montium, alia multa descripta ab aliis, plerique studiose legunt: Nysae iuga et penetralia Corcyci, et Olympi sacra, et Ossae ardua, alia huiuscemodi sola dumtaxat et singula extollunt. Quorum me miseret, cum tanto opere nec magnis et oppido paucis inexplebili admiratione capiuntur. Hoc illis evenire adeo non est mirabile, cum nihil maius suspexerint neque ad aliquid intenderint, quod maiore diligentia contemplandum esset. Ceterum si terrarum orbem omnemque mundum contemplari pariter aliquando potuissent, minus exiguas eius et singulas partes dignas laudibus credidissent, quibus esset universitas conprehensa. Quare nos Aristotelen prudentissimum et doctissimum philosophorum et Theophrastum auctorem secuti, quantum possumus cogitatione contingere, dicemus de omni hac caelesti ratione, naturasque et officia conplexi et cur et quemadmodum moveantur explicabimus."
https://www.thelatinlibrary.com/apuleius/apuleius.mundo.shtml,221,"I.Mundus omnis societate caeli et terrae constat et eorum natura quae utriusque sunt; vel sic: mundus est ornata ordinatio dei munere, deorum recta custodia. Cuius cardinem — sic enim dixerim kentron — robustum et inmobilem genetrix atque altrix animantium omnium habet tellus, supernis omnibus, ut videri potest, aeris liquiditate ad modum tegminis saeptis et opertis. Vltra deorum domus est, quod caelum vocamus: quod quidem divinis corporibus onustum videmus, pulcherrimis ignibus et perlucidis solis et lunae reliquorumque siderum, cum quibus fertur per orbem dierum noctiumque curriculis, agens et stellarum choros intermino lapsu, finem nulla aevi defectione factura. Sed cum omne caelum ita revolvatur ut sphaera, eam tamen radicibus oportet teneri, quas divina machinatio verticibus adfixit, ut in tornando artifex solet forcipe materiam conprehensam reciproco volumine rotundare; eos polos dicimus, a quibus, veluti a cardinibus, directio quaedam profecta axis est dictus, divisor et disterminator mundi, orbem terrae in medietate constituens. Verum hi vertices, quos inmobiles diximus, ita sunt ut supra caput alter adpareat ex parte boreae, qui septemtrionalis vocatur; alter antarcticus humo tegitur, umidus et austrinis vaporibus mollis. Sed caelum ipsum stellaeque caeligenae omnisque siderea conpago aether[a] vocatur, non, ut quidam putant, quod ignitus sit et incensus, sed quod cursibus rapidis semper rotetur, elementum non unum ex quattuor quae nota sunt cunctis, sed longe aliud, numero quintum, primum ordine, genere divinum et inviolabile."
https://www.thelatinlibrary.com/apuleius/apuleius.mundo.shtml,172,"II.Iam astrorum innumerabilis multitudo partim labitur cum orbis inerrantis regione, quam circulus ambit signifer, obliqua conplexione circumdatus, et signis XII inluminatus, partim errantibus stellis, quae neque priorum motus habent neque sane inter se similes et aequales, sed adfixae diversis globis inordinatum, ut sic dixerim, ordinem servant; aliaeque ultra sunt, aliae citra. Stellae, quae propter naturam eiusmodi nullis creduntur erroribus vagae, et infinitos numero greges ducunt et simplex aetheris dorsum alma et sacrata amoenitate lucis coronant. Septem vero deorum nominibus inlustres, totidem orbibus adfixae sunt et gradatim sibimet superlatae, ut superior inferiore sit maior, ac vicissim mutuis adhaesionibus nexae conplexu illius orbis, qui inerrabilis dicitur, continentur. Hic Phaenonis globus, quem appellamus Saturnum; post quem Phaethontis secundus est, quem Iovem dicimus: et loco tertio Pyrois, quam multi Herculis, plures Martis stellam vocant. Stilbon, cui quidam Apollinis, ceteri Mercuri nomen dederunt. Quintus Phosphorus, Iunonia, immo Veneris stella censetur. Deinde lolis est orbis et ultima omnium luna, altitudinis aetheriae principia disterminans, quae divinas et inmortales vivacitates ignium pascens, ordinatis ac semper aequalibus invectionibus solvitur atque reparatur."
https://www.thelatinlibrary.com/apuleius/apuleius.mundo.shtml,155,"III.Post eam vero partem, quae sancti aetheris finibus coercetur, cuius mensa pensaque distinctio est et natura inmutabilis, regio est mortalis ac iam paene terrena, cuius primae sunt partes tenuiores et vaporatae, quippe cum finitimis aetheris adtingantur ardoribus, quantum maximis parva et quantum rapidis possunt pigriora contingi. Sed ex ea parte, quae curriculis finitimi inuritur solis, se iaculari atque emicare et scintillare flammae quaedam ostensae oculis nostris videntur, quas Graeci cometas et docidas et bothynos appellant quasque labi et fluere frequenter videmus, lucere facile faciliusque restingui. Exin inferioris aeris qualitas turbidior infunditur, cui permixtus est glacialis rigor; sed superioris vicinia claritatis et propinqui caloris adflatu nitescit ac sinceriore interdum luce vestitur. Huius saepe mutabilis convertitur species, cum sit natura vitiabili: et in nubes cogitur et reciprocis flabris aperitur et nimbis vehementibus rumpitur, nivibus etiam et glacie inhorrescit et praecipiti grandique desuper verberatur; turbinum flatibus typhonumque conflictu fit procellosa, sed telis fulminum et missilium caelestium iaculis ignescit."
https://www.thelatinlibrary.com/apuleius/apuleius.mundo.shtml,136,"IV.Aeri terra coniungitur eaque in se suscipit maria. Haec frequentatur animantibus, haec silvarum viriditate vestitur, haec perennitate recreatur, haec fluminum frigidos lapsus nunc erroribus terrenis vehit, modo profundo in mari confundit; eadem infinitis coloribus floret, altitudine montium, camporum aequore, nemorum opacitate variatur, sinuosis inflexa litoribus, distincta insulis, villuis urbibusque conlucens, quas sapiens genus, homo communibus usibus fabricatur. Nec sum nescius, plerosque huius operis auctores terrarum orbem ita divisisse: partem eius insulas esse, partem vero continentem vocavere, nescii omnem hanc terrenam inmensitatem Atlantici maris ambitu coerceri insulamque hanc unam esse cum insulis suis omnibus. Nam similes huic alias maiores et alias minores circumfundit Oceanus, quae tamen merito videntur ignotae, cum ne hanc quidem, cuius cultore sumus, omnem peragrare possimus. Nam sicut hae insulae interfluuntur, quae sunt in nostro mari, ita illae in universo salo fretis latioribus ambiuntur."
https://www.thelatinlibrary.com/apuleius/apuleius.mundo.shtml,133,"V.Elementorum inter se mutui nexus artis adfinitatibus inplicantur, et quinque coniuges copulae his ordinatae vicibus adtinentur, ut adhaereant et gravioribus leviora: aquam in se habet tellus aut aqua, ut alii putant, vehit teram; aer ex aqua gignitur, ignis aeria densitate conflatur; aether vicissim ignesque illi inmortalis dei vivacitate flammantur. Huius divini ignis origine incensi per totius mundi convexa inlustribus facibus ignescunt. Superna quapropter dii superi sedes habent, infima ceterorum animantium terrena possident genera, per quae serpunt et erumpunt et scatent flumina, fontes et maria, quae meatus et lacunas et origines habent in gremio terrarum. Ipsarum vero insularum, quae sunt in nostro mari, digna memoratu Trinacria est, Euboea, Cypros, Cyrnos atque Sardinia, Creta, Peloponnesos, Lesbos: minores autem aliae, ut naevuli quidam, per apertas ponti sunt sparsae regiones, aliae Cyclades dictae, quae frequentioribus molibus adluuntur."
https://www.thelatinlibrary.com/apuleius/apuleius.mundo.shtml,186,"VI.Maria maiora sunt Oceanus et Atlanticum, quibus orbis nostri terminantur anfractus. Sed occiduarum partium mare per angustias oris artatum in artissimos sinus funditur et rursus a Columnis Herculis refusum, in inmensam latitudinem panditur, saepiusque coeuntibus terris, veluti quibusdam fretorum cervicibus, premitur et idem rursus cedentibus est terris inmensum. Primum igitur a Columnis navigantibus dextrum latus duobus sinibus maximis cingitur, quorum primus duas Syrtes habet, alter inparibus quidem sinuatur figuris, sed in maxima divisus est maria, quorum unum Gallicum dicitur,                                alterum Africum, quod quidem Aristoteles Sardiniense maluit dicere, tertium Adriaticum pelagus. His iungitur Siculum et post Creticum, eo indiscretis finibus Pamphylium, Assyrium, Aegyptium. Sed ante Aegaea et Myrtoa sunt maria. His sane vicinus est Pontus, sinus amplissimus maris nostri, cuius extremus recessus in Maeotim senescit; ex Hellesponti fonte concipitur vestibulumque eius Proponti(u)s vocatur. Ab ortu solis Oceanus est, Indicum et Persicum mare conferens. Hinc patescunt finitima Rubri maris, quae per angustas longinquasque faucis in Hyrcanium et Caspium flectuntur sinus, ultraque profundae vastitatis esse maria creduntur. Deinde paulatim Scythicum et Hibernium freta, et rursum mare, per quod Gallicum sinum atque Gaditanas Columnas circumvectus Oceanus orbis nostri metas includit."
https://www.thelatinlibrary.com/apuleius/apuleius.mundo.shtml,196,"VII.Sed in altera parte orbis iacent insularum aggeres maximarum, Britanniae duae, et Labeon et Hibernia, iis quas supra diximus [esse] maiores. Verum hae in Celtarum finibus sitae. Sunt minores vero ultra Indos, Probane atque Loxe. Multaeque aliae, orbis ad modum sparsae, hanc nostram insulam [id est hunc terrarum orbem], quam maximam diximus, ornamentis suis pingunt et continuatione ut quibusdam sertis coronant. At enim huius terrae, quam nos colimus, latitudo XL, prolixitas LXX milia stadiorum tenet. Sed in divisione terrarum orbis Asiam et Europam et cum his vel, sicut plures, praeterea Africam accepimus. Europa ab Herculis columnis usque Ponticum et Hyrcanium mare ac flumen Tanain fines habet, Asia ab isdem angustiis Pontici maris usque ad alias angustias, quae inter Arabicum sinum et interioris ambitum pelagi iacent, constringiturque Oceani cingulo et societate nostri maris. Sed alii alio modo, ut quidam ab exordio Tanais ad ora Nili Asiae terminos metiuntur. Africam vero ab isthmo Rubri maris vel ab ipsi fontibus Nili oriri putandum eiusque in Gaditanis locis fines esse. Sed ipsam Aegyptum plerique Asiae, plures Africae adiungunt, ut insularum situs sunt qui cum finitimis locis conprehendunt et sunt qui in alia divisione eas habendas putant. De mari satis dictum."
https://www.thelatinlibrary.com/apuleius/apuleius.mundo.shtml,133,"VIII.Terreni vero casus ita se habent. Exhalationes duas physici esse dicunt: tenues et frequentes vixque visibilis ad superiora minari ex gremio telluris, nebularum agmina halitu amnium fontiumque constare, matutinis temporibus crassiora. Harum altera arida est atque fumo consimilis, quae terrenis eructationibus surgit, altera umida et egelida; hanc ex fluentis superioris vaporis natura ad se trahit; et ex hac quidem nebulae, rores, pruinae, nubila et imbres, nix atque grando generantur; de illa superiore, quam diximus siccam, venti, animae atque flamina et fulmina atque aliae ignitorum telorum gignuntur plurimae species. Nebula constat aut ex ortu nubeculae aut ex eius reliquiis; est autem exhalatio vaporata et umore viduata, aere crassior, nube subtilior, cui serenitas abolitionem infert. Nec aliud est serenitas, quam aer purgatus caligine et perspicue sincerus. Ros vero nocturnus umor est, quem tenuiter serenitas spargit."
https://www.thelatinlibrary.com/apuleius/apuleius.mundo.shtml,158,"IX.Glaciem dicimus umorem sereno rigore concretum. Huic est pruina consimilis, si mollitia roris matutinis frigoribus incanuit. Ergo aer actus in nubem nubilum denset et ea crassitudo aquarum fetu gravidatur. Imber exprimitur, cum inter se urguentur nubium densitates; totque diversitatibus pluviae cadunt, quot modis aer nubili condicionibus cogitur. Raritas enim nubium stillicida dispergit, quae concretae vehementius effundunt agmina largiora et eas aquas, quas imbres vocamus, a quibus hoc differunt nimbi, quod imber pluvia iugis est, nimbus autem quanto repentinus est, tanto vehementior, et quanto improvisior praecipitatio eius est, tanto breviore casu restringitur. Nives autem colligi iactatione densarum nubium constat; nam priusquam in aquam defluant, fractae ac discissae spumas agitationibus suis faciunt et mox gelatus umor rigore frigoris inhorrescit. Haec cum, victis nubibus, crebrior ad terram venit, eam nos tempestatem ningorem vocamus. Grandinare vero tunc dicimus, cum aqua nubem lapidoso pondere et festinante perrumpit eademque vi et ad pernicitatem incitata et, cedente aeris molli liquore, praecipitata(m) indignatione vehementi humum verberat."
https://www.thelatinlibrary.com/apuleius/apuleius.mundo.shtml,121,"X.Haec sat erit de iis quae udis elementis aquosisque contingunt. Verum aliae sunt passiones, cum impulsu frigidioris aeris venti generantur.Nec enim aliud est nisi multum et vehemens in unum coacti aeris flumen. Hunc spiritum dicimus,licet spiritus ille etiam nominetur, qui animalia extrinsecus omnia (vitalia) tractus suis vitali et fecunda ope vegetat. Siccos et superioris mundi flatus ventos nominamus, auras vero umidos spiritus. Sed ventorum binae sunt species. Qui facti e telluris halitu constant, terrigenae nuncupantur; at illi qui excutiuntur e sinibus enkolpiai graece sunt nominati. Consimiles his haberi oportet eos qui de fluminibus, lacubus et stagnis vel ruptis nubibus per aperta caeli manare adsolent, rursumque in crassam nubium speciem conglobantur, vel cum imber effusus concient flabra, quae exydriai Atticorum lingua vocitantur."
https://www.thelatinlibrary.com/apuleius/apuleius.mundo.shtml,136,"XI.Nunc nomina exsequemur regionesque ventorum. Euros oriens, boreas septemtrio, occidens Zephyros, austros medius dies mittit. Hos quattuor ventos alii plures interfl[u]ant. Nam quamvis eurus sit ventus orientis, idem tamen aparctias accipit[ur] nomen, cum eum oriens aestivus effundit; apeliotes autem vocatur, cum aequidianis exortibus procreatur; eurus est, quando hiemalis ortus portis emittitur. Zephyrus vero, quem Romana lingua favonium novit, hic cum de aestivis occiduis partibus surgit, iapygis nomine cieri solet; at ille qui propior est aequinoctiali plagae ... (notus) et quia, qui VII stellarum regione generatur, et huic vicinus est aparctias; hic (propior est) ... ad diem medium. Thrascias et argestes: sunt indidem flantes. Austrorum in nominibus illa est observata diversitas; namque cum de abscondito polo flatus adveniunt, notus est, euronotus ille qui inter notum atque eurum medius effringit, ex alio latere libonotus e duobus unum facit."
https://www.thelatinlibrary.com/apuleius/apuleius.mundo.shtml,153,"XII.Excursores venti habentur, qui directo spiritu proflant;flabris reciprocis caecias putatur esse. Et quidam hiemales habentur, ut noti; etesiae frequentiores sunt aestate, animis septemtrionis ac zephyri temperatis. Veris ornithiae venti appellantur, aquilonum genus ex aere prosati, minore nisu, nec iugi perseverantia spiritus perferentes. At enim procellosus flatus cataegis dicitur, quem praefractum possumus dicere, ventus qui, de superiore caeli parte submissus, inferiora repentinis inpulsibus quatiat. Turbo autem dicitur, qui repentinis flabris prosilit atque universa perturbat. Vertex ille est vel, uti dicitur, pinea(s), cum torquetur humus arida et ab infimo erigitur ad summum. Anaphysemata Graeci vocant eos spiritus, qui de fundo vel hiatibus terrae explosi ad superna minari solent. Hi cum maiore vi torti sunt, fit procella terrestris; a Graecis prester nomen accepit. Sed cum tormentum illud ire pergit densasque et (t)umidas nubes prae se agit coactasque collidit, fit sonitus et intonat caelum, non secus ac si commotum ventis mare cum ingenti fragore undas litoribus inpingat."
https://www.thelatinlibrary.com/apuleius/apuleius.mundo.shtml,168,"XIII.At Favorinus, non ignobilis sapiens, halec de ventis refert: quattuor mundi plagas inparem numerum habere ventorum, eo quod ortus et occasus mutentur terna vice cum solis accessu, meridies et arctos isdem semper regionibus sint notatae. Ortus quippe accepimus aequinoctialem et solstitialem et brumalem, quibus occasus redduntur eadem intervallorum fratione conversa(e). Eurus igitur aequinoctialis orientis est ventus nec invenusta nominis eius fictio est, qui sit apo tes heoias rheon. Idem apheliotes a Graecis, subsolanus a nostris solet dici. Sed qui ab aestiva solstitiali(s) orientis meta venit, boreas graece, latine aquilo nominantur; hunc aithregenen quod sit alias serenus, Homerus ait; borean vero apo tes boes quod non sine clamore soleat intonare. Tertium ventum, qui ab oriente hiberno venit, Graeci euronoton vocant. Item occidui sunt tres: caurus, qui graece argestes vocatur, is est adversus aquiloni; item favonius, Zephiros euro contrarius; tertius africus, lips, vulturno reflat. Meridies vero, quoniam eadem semper regione signatur, uno austro, id est notoi, flatur ... et is septemtrio habet cognomentum, qui tamen graecma lingua aparktias dictus est."
https://www.thelatinlibrary.com/apuleius/apuleius.mundo.shtml,115,"XIV.Horum nomina plerique commutant de loco vel similitudine aliqua, ut Galli circium appellant a turbine eius et vertice, Apuli iapyga ventum ex Iapygiae sinu, id est ex ipso Gargano venientem. Hunc caurum esse manifestum; nam et ex occiduo venit et Vergilius eius sic meminit: Illam inter caedes pallentem morte futura fecerat Ignipotens undis et Iapyge ferri. Est etiam caecias ventus quem Aristoteles ait ad se trahere nubes et est adagium de eo tale: elkon eph'hauton hoste kaikias nephos. Sunt etesiae et prodromi spirantes ex omni parte eo tempore aestatis, quod (de) Canis oritur. Cato autem in libris Originum non circium, sed cercium dicit. Is ventus cercius, cum loquare, buccam inplet, armatum hominem, plaustrum oneratum percellit."
https://www.thelatinlibrary.com/apuleius/apuleius.mundo.shtml,124,"XV.Nunc de nubium praestigiis referam. Quando illa perfracta nubecula patefecerit caelum, ignescunt penetrabiles spiritus, emicatque lux clara; hoc dicitur coruscare. Et ordine quidem tonare prius oportet, postea coruscare. Quippe ubi nubes adflictrix ignem, ut ignifera saxa adtrita inter se, dat, obtutus velocius inlustriora contingit, auditus, dum ad aures venit, seriore sensu concipitur; ita prius coruscare caelum creditur et mox tonare; tum quod ignes, pernicitate sui claricantes, dicto citius nostrae visioni convibrant, sonus, aere verberato, alterius indicio sentitur. Flamma vero illa, quam nubium adflictus excussit, si robustiore fuerit incendio, inpetu devehitur in terras et fulminis habet nomen atque formidinem. Presteras vero nominamus, cum flammarum in illis minus fuerit. Sed si ignitum non erit fulmen, typhon vocatur. Sceptos generale omnibus quae e nubibus cadunt nomen est."
https://www.thelatinlibrary.com/apuleius/apuleius.mundo.shtml,237,"XVI.Atque, ut breviter conprehendam cuncta generis eiusdem, eorum, quae eiusmodi praestigias humanis inferunt oculis, alia sunt quae speciem tantum spectaculi pariunt, alia quae nihil ab eo quod ostenderint mentiuntur. Fallunt imaginen irides et arcus et talia; vere videntur cometae, fulgores et similia pleraque. Irin, vulgo arcum, esse aiunt, quando imago solis vel imago lunae umidam et cavam nubem densamque ad instar speculi colorat et medietatem orbis eius secat. Rhabdos autem generis eiusdem ad virgae rigorem perlongum colorata nubecula dicitur. Alysis est catena quaedam luminis clarioris, per solis ambitum in se revertens. Hanc et irida illud interest, quod iris multicolora est et semicirculo figurata proculque a sole atque luna, catena clarior est, astrumque ambit orbe incolumi, corona non discolora. Selas autem Graeci vocant incensi aeris lucem; horum pleraque iaculari credas (alia labi), stare alia. Iaculatio igitur tunc fieri putatur, cum aeris meatu atque inpulsu generatus ignis celeritate sua adlabitur cursumque rapidae festinationis ostendit. Stativa lux est, quam sterigmon illi vocant, sine cursu iugis et prolixa lux, stellaeque fluor et ignitus liquor, qui, cum latius panditur, cometes vocatur. Sed plerumque luces istae repentino ortae statim occidunt; aliae autem, ut se ostenderint, aliquantisper manent. Et sunt multa eiusmodi imaginum genera, quas Graeci faces et docidas et pithos et bothynos ad eorum similitudines, unde dicta sunt, nominant; et quaedam vespertina vel matutina sunt notiora; perrara de septemtrione vel meridie videas; nihil horum quippe loci vel temporis in nascendo fidem potuit obtin[g]ere."
https://www.thelatinlibrary.com/apuleius/apuleius.mundo.shtml,200,"XVII.De aere tantum habuimus, quod diceremus. Sed non aquarum modo tellus in se fontis habet, verum spiritu et igni fecunda est. Nam quibusdam sub terris occulti sunt spiritus et flant incendia indidem et suspirant, ut Liparae, ut Aetna, ut Vesuvius etiam noster solet. Illi etiam ignes, qui terrae secretariis continentur, praetereuntes aquas vaporant et produnt longinquitatem flammae cum tepidiores aquas reddunt, viciniam cum ferventiores opposito incendio aquae uruntur, ut Phlegethontis amnis, quem poetae [s]ciunt in fabulis inferorum. At enim illos quis non admirandos spiritus arbitretur, cum ex his animadvertat accidere, ut eorum religione lymphantes alii sine cibo potuque sint, pars vero praesagiis effantes futura? quod in oraculis Delphicis est ceterisque. Vidi et ipse apud Hierapolim Phrygiae non adeo ardui montis vicinum latus nativi oris hiatu reseratum et tenuis neque editae marginis ambitu circumdatum. Sive illa, ut poetae volunt, Ditis spiracula dicenda sunt, seu mortiferos anhelitus eos credi prior ratio est, proxima quaeque animalia et in alvum prona atque proiecta venenati spiritus contagione corripiunt et vertice circumacta(s) interimunt. Antistites denique ipsos semiviros esse, qui audeant propius accedere, ad superna semper sua ora tollentes; adeo illis cognitum est vim mali, ad inferiora aeris noxii crassitate densata, inferiores quoque facilius adire atque percellere."
https://www.thelatinlibrary.com/apuleius/apuleius.mundo.shtml,144,"XVIII.Saepe accidit ut nativi spiritus, per terrae concavas partes errantes, concuterent solida terrarum, saepius ut spiritus, crescente violentia et insinuantes se telluris angustiis nec invenientes exitum, terram moverent. Horum motuum tam varia nomina quam diversi ... Namque obliquis lateribus proxima quaeque iactantes et acutis angulis mobiles epiclintae graece appellantur; sed qui subsiliunt, excutientes onera et recuperantes directis angulis, brastae vocitantur; illi, qui abstrudere videntur, hiematiae dicti(s); quorum inpulsu dissilit tellus, rhectae sunt nominati. His passionibus contigit ut quaedam terrae expirent halitus, aliae vomant saxa, nonnullae caenum; sunt quae fontes pariunt insolentibus locis, peregrinorum fluminum sulcantes vias. Ostae sunt motus, quibus semel solum quatitur; palmatiae vero appellantur, quorum pavitatione illa quae trepidant sine inclinationis periculo nutabunt, cum directi tamen rigoris statum retinent. Mycetias vocatur taetri odoris inquietudo terrena. Audiuntur mugitus, interioribus gemitibus expressis, cum spiritus invalidus ad terram movendam per aperta telluris inventis itineribus progreditur."
https://www.thelatinlibrary.com/apuleius/apuleius.mundo.shtml,199,"XIX.His talibus marina sunt paria, cum fluctuum currentium mole nunc progressibus litora, nunc recursibus sinus caesi quatiuntur. Sentitur etiam caeli marisque cognatio, cum menstruis cursibus lunae detrimenta et accessus fretorum atque aestuum deprehenduntur. Verum enimvero ut, quatenus possum, de universitate quod sentio breviter absolvam, elementorum inter se tanta concordia est, aeris, maris atque terrae, ut admirari minus deceat, si illis eadem incommoda soleant ac secunda contingere,particulatim quidem rebus ortus atque obitus adferentia, universitatem vero a fine atque initio vindicantia. Sed quibusdam mirum videri solet, quod, quum ex diversis atque inter se pugnantibus elementis mundi natura conflata sit, aridis atque fluxis, glacialibus et ignitis, tanto rerum divortio nondum sit eius mortalitas dissoluta. Quibus illud simile satisfaciet, cum in urbe ex diversis et contrariis corporata rerum inaequalium multitudo concordat; sunt enim pariter dites et egentes, adolescens aetas permixta senioribus, ignavi cum fortibus, [pessimi optimis congregati. Aut profecto quod res est fateantur, hanc esse civilis rationis admirandam temperantiam, cum quidem de pluribus una sit facta et similis sui tota, cum dissimilia membra sint (cum) receptrixque sit naturarum ad diversa tendentium fortunarumque per varias fines exitusque pergentium. Et, ut res est, contrariorum per se natura amplectitur et ex dissonis fit unus idemque concentus."
https://www.thelatinlibrary.com/apuleius/apuleius.mundo.shtml,121,"XX.Sic mare et femineum secus iungitur ac diversus utriusque sexus ex dissimilibus simile animal facit; artesque ipsae, naturam imitantes, ex inparibus paria faciunt: pictura ex discordibus pigmentorum coloribus, atris atque albis, luteis et puniceis, confusione modica temperatis, imagines iis quae imitatur similes facit. Ipsa etiam musica, quae de longis et brevibus, acutis et gravioribus sonis constat, tam diversis et dissonis vocibus, harmoniam consonam reddit; grammaticorum artes vide, quaeso, ut ex diversis collectae sint litteris, ex quibus aliae sunt insonae, semisonantes aliae, pars sonantes: hae tamen mutuis se auxiliis adiuvantes syllabas pariunt, et de syllabis voces. Hoc Heraclitus sententiarum suarum nebulis ab hunc modum est elocutus: Syllapsies hola kai ouch hola, sympheromenon diapheromenon, synadion diaidon; ek panton hen, kai ex henos panta."
https://www.thelatinlibrary.com/apuleius/apuleius.mundo.shtml,146,"XXI.Sic totius mundi substantiam, initiorum inter se inparium conventu[s], pari nec discordante consensu, natura veluti musicam temperavit; namque uvidis arida et glacialibus flammida, velocibus pigra, directis obliqua confu[n]dit unumque ex omnibus et ex uno omnia, iuxta Heraclitum, constituit. Terramque et mare et caelum solis orbe et lunae globo ceterisque orientium et conditorum siderum facibus oravit, una illa potestate mixta, quam quidem cunctis constat inplicatam, dum inconfusa, dum libera elementorum substantia, ignis, aquae, aeris, terrae, ex quibus huius sphaerae convexa et disparibus qualitatibus naturae conflata, adacta est fateri concordiam, et ex ea salutem operi machinata. Principiorum igitur consensus sibi concordiam peperit, perseverantiam vero amicitiae inter se elementis dedit specierum ipsarum aequa partitio, et dum in nullo alia ab alia vincitur, modo vel potesate. Aequalis quippe omnium diversitas, gravissimorum, levissimorum, ferventium, frigidorum, docente ratione naturae, diversis licet rebus, aequalitatem deferre concordiam, concordiam omni(a) parentis mundi amoenitatem aeternitatemque repperisse."
https://www.thelatinlibrary.com/apuleius/apuleius.mundo.shtml,179,"XXII.Quid enim mundo praestantius? Lauda, quam putas, speciem: portio a te laudabitur mundi; admirare, quam voles, temperantiam, ordinationem, figuram: hic et per hunc illud quodcumque est invenietur esse laudandum. Nam quid, oro te, ornatum atque ordinatum videri potest, quod non ab ipsius exemplo imitat[ur]a sit ratio? Vnde kosmos graece nomen accepit. Euntibus sole atque luna ceteraque luce siderea per easdem vias, custoditis temporum vicibus nec ullius erroris interiectione, confusis, digeruntur tempora et rursus incipiunt pulchraeque et fecundae horae procreantur, nunc aestivos vapores revolventes, nunc pruinas hiemis circum referentes; dierum etiam noctiumque curriculis ordiuntur menses, menses texunt annos, anni seriem conficiunt saeculorum. Et hic quidem mundus magnitudine inmensus curbisus rapidus, splendore perlucidus, valenti habitudine, pubertate iuvenali (causa). Hic animalium nantium atque terrestrium, pinnigerarumque cunctarum distinxit genera, species separavit fixitque leges vivendi atque moriendi. Ex hoc animantia vitalis spiritus ducunt. Hinc illi statis cursibus temporum eventus, qui admirationi solent esse, cum vel ter se ventorum proelia ciuntur, vel disiectis nubibus fulminat caelum et tempestates inter se serenae hibernaeque confligunt, micant ignes, imbres rumpuntur, et rursus, placatis omnibus, amoena laetitia mundi reseratur."
https://www.thelatinlibrary.com/apuleius/apuleius.mundo.shtml,130,"XXIII.Videas et viridantibus comis caesariatam esse terram et scatebris fontium manantem, et aquarum agminibus concientem, parientem atque educantem, nec occasibus fatigari, nec saeculis anilitari, excussam erumpentibus semper tam pigris quam moventibus faecibus, aquarum saepe adluvionibus mersam, flammarum per partes voracitate consumptam. Quae tamen illi cum regionaliter videantur esse pestifera, ad omnem salvaria sunt et ad redintegrationem eius valent; et cum movetur, profecto spirat illos spiritus, quibus clausis et effugia quaerentibus moveba[n]tur, imbribus etiam madefacta non solum ad educandos fetus suos opimatur, verum etiam pestifera contagione proluitur. Flabris autem spirantium aurarum graviores et minus puri aeris spiritus differuntur atque purgantur. Tepores frigus glaciale mitificant et brumalis austeritas terrestrium viscerum venas remittit. Et pars gignentium, alia adolescentium, cetera occidentium vices sustinent sorsque nascentium obitorum loco pullulat et occidentium numerus nascentibus locum pandit."
https://www.thelatinlibrary.com/apuleius/apuleius.mundo.shtml,162,"XXIV.Restat, quod caput est sermonis huius, ut, super mundi rectore verba faciamus. Indigens quippe orationis huius videbatur ratio, nisi de mundo disputantes, etsi minus curiose, at quoquo modo possemus ... diceremus. De rectore quippe omnium non, ut ait ille, silere melius est, sed vel parum dicere. Vetus opinio est atque cogitationes omnium hominum penitus insedit, deum (esse) originis haberi auctorem deumque ipsum salutem esse et perseverantiam earum, quas effecerit, rerum. Neque ulla res est tam praestantibus viribus, quae eius viduata auxilio sui natura contenta sit. Hanc opinionem vates secuti profiteri ausi sunt, omnia Iove plena esse, cuius praesentiam non iam cogitatio sola, sed oculi et aures et sensibilis substantia conprehendit. At haec conposita est potestati, non autem mai etati dei conveniens oratio. Sospitator quidem ille et genitor est omnium, qui ad conplendum mundum nati factique sunt; non tamen ut corporei laboris officio orbem istum manibus suis instruxerit, sed qui quadam infatigabili providentia et procul posita cuncta contingit, et maximis intervallis disiuncta conplectitur."
https://www.thelatinlibrary.com/apuleius/apuleius.mundo.shtml,200,"XXV.Nec ambigitur eum praestantem ac sublimem sedem tenere et poetarum laudibus nomen eius consulum ac regum nuncupationibus praedicari et in arduis arcibus habere solium consecratum. Denique propiores quosque de potestate evis amplius trahere: corpora illa caelestia, quanto finitima sunt ei, tanto amplius de deo capere; multo minus, quae ab illis sunt secunda, et ad haec usque terrena pro intervallorum modo indulgentiarum dei ad nos usque beneficia pervenire. Sed cum credamus deum per omnia permeare et ad nos et (ad) ultra potestatem sui numinis tendere, quantum abest vel inminet, tantum existimandum est eum amplius minusuae rebus utilitatis dare. Qua(m) re(m) rectius est atque honestius sic arbitrari: summam illam potestatem, sacratam caeli penetralibus, et illis qui longissime separentur, et proximis, una et eadem ratione et per se et per alios opem salutis adferre, nec penetrantem atque adeuntem specialiter singula nec indecore adtrectantem comminus cuncta. Talis quippe humilitas deiecti et minus sublimis officii, ne cum homine quidem convenit, qui sit vel paululum conscientiae celsioris. Militiae principes et curiae proceres et urbium ac domorum rectores dico numquam commissuros esse, ut id suis manibus factum velint, quod sit curae levioris fuscioris quodque possint nihilo sequius facere dominorum imperia ministeria servulorum. Exemplo quale sit istud intellege."
https://www.thelatinlibrary.com/apuleius/apuleius.mundo.shtml,230,"XXVI.Cambyses et Xerxes, et Darius potentissimis reges fuerunt; horum praepotentiam, quam ex opibus collegerant, lenocinium vitae effecerat celsiorem, cum eorum alter, apud Susam et Ecbatanas ut in fano quodam sacratus, nulli temere notitiam oris sui panderet, sed esset circumsaeptus admirabili regia, cuius tecta fulgerent eboris nive, argenti luce, flammis ex auro vel electri claritate. Limina vero alia prae aliis erant; interiores fores exteriores ianuae muniebant portaeque ferratae et muri adamantina firmitate. Ante fores viri fortes stipatoresque regalium laterum tutela pervigili custodiam per vices sortium sustinebant.Erant inter eos et divisa officia; in comitatu regio armigeri quidam, at extrinsecus singuli custodes locorum erant et ianitores et atrienses. Sed inter eos aures regiae et imperatoris oculi quidam homines vocabantur. Per quae officiorum genera rex ille deus esse ab omnibus credebatur, cum omnia quae ubique gererentur (quae) ille otacustarum relatione discebat. Dispensatores pecuniae, quaestores vectigalium, tribunos aerarios habebat; alios et alios praefecerat ceteris muneribus: alii venatibus ugendis provinciam nacti, pars domibus et urbibus praefecti putabantur et ceteri, perpetuis magnisque curis, observationi singularum rerum adpositi erant. Sed omne Asiaticum regnum ab occidente Hellespontus terminabat, ab ortu gens inchoabat Indorum; duces ac satrapae ubique dispositi et permixta locis omnibus mancipia regalia. Ex eo numero erant excursores diurni atque nocturni, exploratores ac nuntii et specula[to]rum incensores adsidui; tum horum per vices incensae faces, ex omnibus regni sublimibus locis, in uno die imperatori significabant quod erat scitu opus."
https://www.thelatinlibrary.com/apuleius/apuleius.mundo.shtml,195,"XXVII.Igitur regnum illud ita conponi oportet cum mundi aula, ut inter se conparantur summus atque exsuperantissimus divum et homo ignavus et pessimus. Quod si cui viro vel cuilibet regi indecorum est per semetipsum procurare omnia quae perficere vult, multo magis de(e)o inconveniens erit. Quare sic putandum est eum maxime dignitatem maiestatemque retinere, si ipse in solio residat altissimo, eas autem potestates per omnes partes mundi orbisque dispendat, quae sint penes solem ac lunam cunctumque caelum; horum enim cura salutem terrenorum omnium gubernari. Nec multis opus est nec partitis hominum conservitiis, quibus propter ignaviam adpositum est pluribus indigere. An non eiusmodi conpendio machinatores fabricarum astutia unius conversionis multa et varia pariter administrant? En! etiam illi, qui in ligneolis hominum figuris gestus movent, quando filum membri, quod agitari volent, traxerint, torquebitur cervix, nutabit caput, oculi vibrabunt, manus ad[que] ministerium praesto erunt nec invenuste totus videbitur vivere. Haud secus etiam caelestis potestas, cum initium sciente et salutifera opera moverit, ab imo ad secundum et deinceps ad proximum et usque ad supremum adtactu continuo vim suae maiestatis insinuat, aliud alio commovetur motusque unius alteri movendi se originem tradit. Mundo equidem consentiunt, non una, sed diversa via et plerumque contraria."
https://www.thelatinlibrary.com/apuleius/apuleius.mundo.shtml,103,"XXVIII.Sed prima remissione ad motum data simplicique inchoato principio, inpulsibus mutuis, ut supra dictum est, moventur quidem omnia, sed ita ut, si quis sphaeram et quadratum et cylindrum et alias figuras per proclive simul iaciat, deferentur quidem omnia, sed non eodem genere movebuntur. Nec illud dissimile exemplum videri oportet, si quis pariter patefacto gremio animalis simul abire patiatur, volucrum, natatilium atque terrestrium; enimvero ad suum locum quaeque, duce natura, properabunt: pars aquam repetent, illa inter cicures atque agrestes legibus et institutis suis adgregabuntur, ibunt per aeris vias praepetes, quibus hoc natura largita est; atquin una ab humano sinu abeundi facultas concessa omnibus fuerat."
https://www.thelatinlibrary.com/apuleius/apuleius.mundo.shtml,213,"XXIX.Sic natura mundi est constituta. Nam cum omne caelum ,simplici circumactu volvatur nocte diunque distinctum, diversis mensurarum aequalitatibus separatum, quamvis una omnia sphaera concluserit, incrementis tamen globi sui, decisione luminis menstrua tempora luna significat et caeli spatium sol annua reversione conlustrat eiusque comites amoenus Lucifer et com[mun]is Cyllenius. Stella etenim Pyrois, Mavortium sidus, circuli sui biennio conficit spatia; Iovis clarum fulgagensque sexies eadem multiplicat cursibus suis tempora, quae Saturnus sublimior XXX spatiis annorum circumerrat. Verum inter haec una mundi conversio unusque reversionis est orbis et unus concentus atque unus stellarum chorus ex diversis occasibus ortibusque. Hoc ornamentum et velut monile kosmos rectissime Graeca lingua significat. At enim ut in choris, cum dux (carmini) hymno praecinit, concinentium vulgus virorum et feminarum, mixtis gravibus et acutis clamoribus, unam harmoniam resonant, sic divina mens mundanas varietates ad instar unius concentionis relevat. Nam cum caelum confixum vaporatis et radiantibus stellis inerranti cursu feratur et reciprocis itineribus astra consurgant, sol quidem omnituens ortu suo diem pandit, occasu noctem reducit conditusque vel relatus per plagas mundi IV temporum vices mutat. Hinc tempestivi imbres et spiritus haud infecundi, hinc alimenta roris et cetera[rum], quae accidere deus his mundi mediis partibus voluit. His adpositi sunt torrentium cursus et tumores undarum emicationesque silvarum, frugalis maturitas, fetus animalium, educationes etiam atque obitu singulorum."
https://www.thelatinlibrary.com/apuleius/apuleius.mundo.shtml,148,"XXX.Cum igitur rex omnium et pater, quem tantummodo animae oculis nostrae cogitationes vident, machinam omnem iugiter per circuitum suis legibus terminatam, claram et sideribus relucentem speciesque innumeras modo propalam, saepe conectas, ab uno, ut supra dixi, principio agitari iubet, simile istuc esse bellicis rebus hinc liceat arbitrari. Nam cum tuba bellicum cecinit, milites clangore incensi alius accingitur gladio, alius clipeum capit, ille lorica se induit, hic galea caput vel crura ocreis involvit et equum temperat frenis et iugales ad concordiam copulat; et protinus unusquisque conpetens capessit officium: velites excursionem adornant, ordinibus principes curant, equites cor[di]nibus praesunt, ceteri negotia quae nacti sunt agitant cum interea unius ducis imperio tantus exercitus paret, quem praefecerit, penes quem est summa rerum. Non aliter divinarum et humanarum rerum status regitur, quando uno moderamine contenta omnia pensum sui operis agnoscunt curatque omnibus occulta vis, nullis oculis obvia, nisi quibus mens aciem suae lucis intendit."
https://www.thelatinlibrary.com/apuleius/apuleius.mundo.shtml,151,"XXXI.Nec tamen hoc vel illi ad moliendum vel nobis ad intelligendum obest. De inferiore licet imagine capiamus exempla. Anima in homine non videtur et tamen fateantur omnes necesse est huius opera omnia quae per hominem praeclara fiunt provenire nec ipsius animae qualitatem ac figuram oculis occurrere, sed momentis ab ea gestarum rerum intellegi, qualis et quanta sit. Omne quippe humanae vitae praesidium ingenio eius est paratum: cultus agrorum ususque frugum, artificum sollertia, proventus artium, commoditates vitae humanae. Quid de legibus dicam, quae ad mansuefaciendos homines inventae sunt? quid de civilibus institutis ac moribus, qui nunc populorum otiosis conventibus frequentantur, et asperitate bellorum pacata, mitigantur quiete? Nisi forte tam iniustus rerum aestimator potest esse, qui haec eadem de deo neget, quem videat esse viribus exsuperantissimis, augustissima specie, inmortalis aevi, genitorem virtutum ipsamque virtutem. Vnde nihil mirum est, si mortales oculi non capiunt eius adspectum, quando divinorum operum vestigiis sit perspicuus atque manifestus."
https://www.thelatinlibrary.com/apuleius/apuleius.mundo.shtml,105,"XXXII.Ceterum ea, quae vel caelo accidere oculis advertimus et terra et aqua fieri, dei etiam illa credenda sunt. Quidni? (de) verum eius cui tutela mundi huius et cura est, de quo Empedocles prudenter his verbis sensit: Panth'osa t'en, hosa t'esth', hosa t'estai opisso Dendrea t'ethlastese kai aneres ede gynaikes, Theres t'oionoi te, kai hydatothremmenos ichthys. Phidian illum, quem fictorem probum fuisse tradit memoria, vidi ipse in clipeo Minervae, quae arcibus Atheniensibus praesidet, oris sui similitudinem conligasse, ita ut, si quis olim artificis voluisset exinde imaginem separare, soluta conpage simulacri totius incolumitas interiret. Ad hoc instar mundi salutem, tuetur deus, aptam et revinctam sui numinis potestate."
https://www.thelatinlibrary.com/apuleius/apuleius.mundo.shtml,166,"XXXIII.Huius locum si quaerimus, neque finitimus est terrae contagionibus nec tamen medius in aere turbido, verum in mundano fastigio, quem Graeci ouranon recte vocant, ut qui sit altitudinis finis. Olympon etiam idem illa ratione eum nominant, quem ab omni fuscitate ac perturbatione vident liberum. Neque enim caliginem nubium recipit vel pruinas et nives sustinet nec pulsatur ventis nec imbribus caeditur. Haec enim nec Olympo, qui est celsitudinis summae, contingere poeta his verbis cecinit: Oulympond'hoti phasi theon hedos asphales aiei Emmenai; out'anemoisi tinassetai oute pot'ombroi Devetai oute chion epipilnatai, alla mal'aithre Peptatai annephelos, leuke d'epidedromen aigle. Hanc opinionem communis mos et hominum observationes secutae adfirmant superiora esse deo tradita. Namque habitus orantium sic est ut manibus extensis ad caelum precemur. Romanus etiam poeta sic sensit: Aspice hoc sublime candens, quem invocant omnes Iovem. Vnde illa, quae videntur suntque omnibus praestantiora, easdem sublimitates regionum tenent, astra caelestia et mundi lumina; ac merito illis ordine licet perpetuo frui nec diversis spatiis et temporibus observantissimam legem suorum aliquando itinerum mentiuntur."
https://www.thelatinlibrary.com/apuleius/apuleius.mundo.shtml,152,"XXXIV.Terrena omnia mutationes et conversiones, postremo interitus habent. Namque inmodicis tremoribus terrarum dissiluisse humum et interceptas urbes cum populis saepe cognovimus. Audimus etiam abruptis imbribus prolutas esse totas regiones; illas etiam, quae prius fuerint continentes, hospitibus atque advenis fluctibus insulatas, alias, desidia maris, pedestri accessu pervias factas. Quid? qui ventis et procellis civitates eversas esse meminerunt? Quid? cum incendia de nubibus emicarunt? cum orientis regiones Phaethontis ruina, ut quidam putant, conflagratae perierunt? in occidentis plagis scaturrigines quaedam ac proluviones easdem strages dederunt? Sic ex Aetnae verticibus quondam effusis crateribus divino incendio per declivia, torrentis vice, flammarum flumina cucurrerunt. In quo periculi vertice egregium pietatis meritum fuisse cognovimus.Namque eos qui, principio fragoris territi, sensum tamen clementiae misericordiaeque retinebant et grandaevos parentes ereptos volucri clade suis cervicibus sustinebant, illa flammarum fluenta, divino separata discidio, quasi duo flumina ex uno fonte manantia, locum illum ambire maluerunt obsidione innocenti, ubi erant boni baiuli religiosis sarcinis occupati."
https://www.thelatinlibrary.com/apuleius/apuleius.mundo.shtml,195,"XXXV.Postremo, quod est in triremi gubernator, in curru rector, praecentor in choris, lex in urbe, dux in exercitu, hoc est in mundo deus, nisi quod ceteris aerumnosum et multiplex et curarum innumerabilium videtur esse hoc ipsum, alicuius officii principem fieri, deo vero nec tristis nec onerosa est imperii sui cura. Namque inmobilis circumfert et regit cuncta(s), naturas formasque diversis regionibus commovens, ut est lex civitatis semel promulgata, perpetuis observationum rationibus fixa, ipsa quidem inmutabilis, at eius arbitrio parentium mentes agitantur nutuque eius et dominatione flectuntur: ex scitis eius magistratus tribunalia, principia milites frequentabunt, recuperatores iudiciis praesidebunt, decuriones et quibus ius est dicendae sententiae ad consessum publicum commeabunt; et alius ad Minuciam frumentatum venit et aliis in iudiciis dies dicitur;reus purgandi se necessitate, insectandi studio accusator venit; ille moriturus ad supplicii locum dicitur, hic ad convivii repotia (et) vespertinus comisator adventat. Sunt et publicarum epularum apparatus et lectisternia deorum et dies festi, ludi scaenici ludique circenses; diis sacrificatur, Geniis ministratur, obitis libatione profunditur aliusque alio fungitur munere parentque omnes iussis legum et communis imperii. Videasque illam civitatem pariter spirantem Panchaeis odoribus et graveolentibus caenis, resonantem hymnis et carminibus et canticis, eandem etiam lamentis et ploratibus heiulantem."
https://www.thelatinlibrary.com/apuleius/apuleius.mundo.shtml,117,"XXXVI.Ad hunc modum res agi et in mundo aestimemus; lex illa vergens ad aequitatis tenorem sit deus, nulla indigens correctione mutabili. Quippe sic et mundi universitas regitur, dum speculatur ad omnia rector eius atque inmutabiliter incumbit spargiturque vis illa seminibus inclusa per naturas omnium speciesque et genera digesta. Sic faciles vitium lapsus et palmarum ardua, persicorum rubor, laevitas mali gignitur, dulcitas fici; et quae infelicia propter infecunditatem vocamus, tamen utilia sunt alio pacto: platani, ut ait poeta, umbras potantibus ministrantes et acuta pinus et rasiles buxi, odora laurus, cupressorum odoratius lignum; tandem omnium animalius agrestium et cicurum, pinnatarum et pedestrium et aquatilium natura gignitur, nutritur, absumitur, parens caelestibus institutis: pan gar hempeton plegei nemetai, ut Heraclitus ait."
https://www.thelatinlibrary.com/apuleius/apuleius.mundo.shtml,99,"XXXVII.Et cum sit unus, pluribus nominibus cietur, specierum multitudine, quarum diversitate fit multiformis vis. Idem ab iuvando Iuppiter dictus, quem Zena Graeci, quod vitae nostrae auctor sit, rectissime appellant. Saturnum etiam illi Kronon, quasi chronon quendam, incoeptum ab origine, interminum ad finem tempus appellant. Fulgurator et tonitrualis et fulminator, etiam imbricitor, et item dicitur serenator; et plures eum frugiferum vocant, multi urbis custodem, alii, hospitalem, amicalem et omnium officiorum nominibus appellant. Est militaris, est triumphator et propagator, tropaeophorus; et multo plura eiusmodi apud haruspices et Romanos veteres inveneris. Orpheus vero hanc effari potestatem volens, his de eo verbis canit:"
https://www.thelatinlibrary.com/apuleius/apuleius.mundo.shtml,53,"Zeus protos geneto, Zeus hysteros, archikeraukos;Zeus kephale, Zeus messa; Dios d'ek panta tetyktai.Zeus pythmen gaies te kai ouranou asteroentos.Zeus arsen trepheto, Zeus amthropos epleto nymphe.Zeus pnoie panton, Zeus akamatou pyros horme.Zeus pontou rhiza, Zeus helios ede selene.Zeus basileus, Zeus archos hapanton, archikeraunos;Pantas gar krypsas authis phaos es polygethesEk katharas kradies anenenkato mermera rhethon."
https://www.thelatinlibrary.com/apuleius/apuleius.mundo.shtml,234,"XXXVIII.Fatum autem Graeci heimarmenen a tractu quodam invicem causarum se continentium volunt dici, decretum idem pepromenen dicunt, quod omnia in hoc statu rerum definita sint nec sit in hoc mundo aliquid interminatum; idem fatum moiran vocant, quod ex partibus constet; hinc ennomon, quod unicuique adtributio sua sit adscripta . Adrasteia denique est ineffugibilis necessitas ultionis. Sed tria Fata sunt, numerus cum ratione temporis faciens, si potestatem earum ad eiusdem similitudinem temporis referas. Nam quod in fuso perfectum est praeteriti temporis habet speciem, et quod torquetur in digitis momenti praesentis indicat spatia, et quod nondum ex colo tractum est subactumque cura digitorum, id futuri et consequentis saeculi posteriora videtur ostendere. Haec illis condicio; et nominum eiusdem proprietate contingit, ut sit Atropos praeteriti temporis fatum, quod ne deus quidem faciet infectum; futuri temporis Lachesis a fine cognominata, quod etiam illis quae futura sunt finem suum deus dederit. Clotho praesentis temporis habet curam, ut ipsis actionibus suadeat, ne cura sollers rebus omnibus desit. Deum vero ire per omnes Terrasque tractusque maria caelumque profundum non frustra arbitrabitur, qui audiet Platonis haec verba: ""deus namque, sicut vetus"", inquit, ""continet ratio, principia et fines et media rerum omnium penetrat atque inlustrat ac curru volucri superfertur; eundem deum ultrix Necessitas semper et ubique comitatur, eorum qui a sacra lege discesserint vindex futura; quam faciet ille mitificam, qui statim a tenero et ipsis incunabulis intellexit, extimuit eique se totum dedit atque permisit""."
https://www.thelatinlibrary.com/apuleius/apuleius.apol.shtml,8,APVLEI APOLOGIA SIVE PRO SE DE MAGIA LIBER
https://www.thelatinlibrary.com/apuleius/apuleius.apol.shtml,75,"[1](1)Certus equidem eram proque uero obtinebam, Maxime Cl. quique in consilio estis, Sicinium Aemilianum, senem notissimae temeritatis, accusationem mei prius apud te coeptam quam apud se cogitatam penuria criminum solis conuiciis impleturum;(2)quippe insimulari quiuis innocens potest, reuinci nisi nocens non potest.(3)Quo ego uno praecipue confisus gratulor medius fidius, quod mihi copia et facultas te iudice optigit purgandae apud imperitos philosophiae et probandi mei.(4)Quanquam istae calumniae ut prima specie graues, ita ad difficultatem defensionis repentinae fuere."
https://www.thelatinlibrary.com/apuleius/apuleius.apol.shtml,56,"(5)Nam, ut meministi, dies abhinc quintus an sextus est, cum me causam pro uxore mea Pudentilla aduersus Granios agere aggressum de composito necopinantem patroni eius incessere maledictis et insimulare magicorum maleficiorum ac denique necis Pontiani priuigni mei coepere.(6)Quae ego cum intellegerem non tam crimina iudicio quam obiectamenta iurgio prolata, ultro eos ad accusandum crebris flagitationibus prouocaui."
https://www.thelatinlibrary.com/apuleius/apuleius.apol.shtml,65,"(7)Ibi uero Aemilianus cum te quoque acrius motum et ex uerbis rem factam uideret, quaerereoccepit ex diffidentia latibulum aliquod temeritati. [2](1)Igitur Pontianum fratris sui filium, quem paulo prius occisum a me clamitarat, postquam ad subscribendum compellitur, ilico oblitus est;(2)de morte cognati adulescentis subito tacere. Tanti criminis descriptione <ne> tamen omnino desistere uideretur, calumnia<m> magiae, quae facilius infamatur quam probatur, eam solum sibi delegit ad accusandum."
https://www.thelatinlibrary.com/apuleius/apuleius.apol.shtml,81,"(3)Ac ne id quidem de professo audet, uerum postera die dat libellum nomine priuigni mei Sicini Pudentis admodum pueri et adscribit se ei assistere,(4)nouo more per alium lacessendi, scilicet ut optentu eius aetatulae ipse insimulationis falsae non plecteretur.(5)Quod tu cum sollertissime animaduertisses et iccirco eum denuo iussisses proprio nomine accusationem delatam sustinere,(6)pollicitus ita facturum ne sic quidem quitus est ut comminus ageret percelli, set iam et aduersum te contumaciter eminus calumniis uelitatur.(7)Ita totiens ab accusandi periculo profugus in assistendi uenia perseuerauit."
https://www.thelatinlibrary.com/apuleius/apuleius.apol.shtml,90,"(8)Igitur et priusquam causa ageretur, facile intellectu cuiuis fuit, qualisnam accusatio futura esset, cuius qui fuerat professor et machinator idem fieri auctor timeret,(9)ac praesertim Sicinius Aemilianus, qui, si quippiam ueri in me explorasset, nunquam profecto tam cunctanter hominem extraneum tot tantorumque criminum postulasset,(10)qui auunculi sui testamentum quod uerum sciebat pro falso infamarit,(11)tanta quidem pertinacia, ut, cum Lollius Vrbicus V. C. uerum uideri et ratum esse debere de consilio consularium uirorum pronuntiasset, contra clarissimam uocem iurauerit uecordissimus iste, tamen illud testamentum fictum esse,(12)adeo ut aegre Lollius Vrbicus ab eius pernicie temperarit."
https://www.thelatinlibrary.com/apuleius/apuleius.apol.shtml,84,"[3](1)Quam quidem uocem et tua aequitate et mea innocentia fretus spero in hoc quoque iudicio erupturam, quippe qui sciens innocentem criminatur eo sane facilius, quod iam, ut dixi, mentiens apud praefectum urbi in amplissima causa conuictus est.(2)Namque peccatum semel ut bonus quisque postea sollicitius cauet, ita qui ingenio malo est confidentius integrat ac iam de cetero quo saepius, eo apertius delinquit.(3)Pudor enim ueluti uestis quanto obsole[n]tior est, tanto incuriosius habetur.(4)Et ideo necessarium arbitror pro integritate pudoris mei, priusquam ad rem aggrediar, maledicta omnia refutare."
https://www.thelatinlibrary.com/apuleius/apuleius.apol.shtml,39,"(5)Sustineo enim non modo meam, uerum etiam philosophiae defensionem, cuia magnitudo uel minimam reprehensionem pro <ma>ximo crimine aspernatur,(6)propter quod paulo prius patroni Aemiliani multa in me proprie conficta et alia communiter in philosophos sueta ab imperitis mercennaria loquacitate effutierunt."
https://www.thelatinlibrary.com/apuleius/apuleius.apol.shtml,146,"(7)Quae etsi possunt ab his utiliter blaterata ob mercedem et auctoramento impudentiae depensa haberi, iam concesso quodam morerabulis id genus, quo ferme solent linguae suae uirus alieno dolori locare,(8)tamen uel mea causa paucis refellenda sunt, ne is, qui sedulo laboro ut ne quid maculae aut inhonestamenti in me admittam, uidear cuipiam, si quid ex friuolis praeteriero, id agnouisse potius quam contempsisse.(9)Est enim pudentis animi et uerecundi, ut mea opinio fert, uel falsas uitu<pe>rationes grauari, cum etiam hi, qui sibi delicti alicuius conscii sunt, tamen, cum male audiunt, impendio commoueantur et obirascantur,(10)quamquam, exinde ut male facere coeperunt, consueuerint male audire, quod, si a ceteris silentium est, tamen ipsi sibimet conscii sunt posse se merito increpari.(11)Enimuero bonus et innoxius quisque rudis et imperitas auris ad male audiendum habens et laudis assuetudine contumeliae insolens multo tanta ex animo laborat ea sibi immerito dici, quae ipse possit aliis uere obiectare."
https://www.thelatinlibrary.com/apuleius/apuleius.apol.shtml,32,"(12)Quod si forte inepta uidebor et oppido friuola uelle defendere, illis debet ea res uitio uorti, quibus turpe est etiam haec obiectasse, non mihi culpae dari, cui honestum erit etiam haec diluisse."
https://www.thelatinlibrary.com/apuleius/apuleius.apol.shtml,41,"[4](1)Audisti ergo paulo prius in principio accusationis ita dici: 'accusamus apud te philosophum formonsum et tam Graece quam Latine' _ pro nefas! _ 'disertissimum.'(2)Nisi fallor enim, his ipsis uerbis accusationem mei ingressus est Tannonius Pudens, homo uere ille quidem non disertissimus."
https://www.thelatinlibrary.com/apuleius/apuleius.apol.shtml,19,(3)Quod utinam tam grauia formae et facundiae crimina uere mihi opprobrasset! Non difficile ei respondissem quod <H>omericus Alexander Hectori:
https://www.thelatinlibrary.com/apuleius/apuleius.apol.shtml,7,"__ ___ _______' ____ ____ ________ ____,"
https://www.thelatinlibrary.com/apuleius/apuleius.apol.shtml,10,"(4)____ ___ _____ _____, ____ _' ___ __ ___ ______,"
https://www.thelatinlibrary.com/apuleius/apuleius.apol.shtml,20,(5)munera deum gloriosissima nequaquam aspernanda; quae tamen ab ipsis tribui sueta multis uolentibus non obtingunt. Haec ego de forma respondissem.
https://www.thelatinlibrary.com/apuleius/apuleius.apol.shtml,53,"(6)Praeterea: licere etiam philosophis esse uoltu liberali.(7)Pythagoram, qui primum se esse philosophum nuncuparit, eum sui saeculi excellentissima forma fuisse;(8)item Zenonem illum antiquum Velia oriundum, qui primus omnium sollertissimo artificio ambifariam dissoluerit, eum quoque Zenonem longe decorissimum fuisse, ut Plato autumat;(9)itemque multos philosophos ab ore honestissimos memoriae prodi, qui gratiam corporis morum honestamentis ornauerint."
https://www.thelatinlibrary.com/apuleius/apuleius.apol.shtml,82,"(10)Sed haec defensio, ut dixi, aliquam multum a me remota est, cui praeter formae mediocritatem continuatio etiam litterati laboris omnem gratiam corpore deterget, habitudinem tenuat, sucum exsorbet, colorem obliterat, uigorem debilitat.(11)Capillus ipse, quem isti aperto mendacio ad lenocinium decoris promissum dixere, uides quam sit amoenus ac delicatus:(12)horrore implexus atque impeditus, stuppeo tomento adsimilis et inaequaliter hirtus et globosus et congestus, prorsum inenodabilis diutina incuria non modo comendi, sed saltem expediendi et discriminandi.(13)Satis, ut puto, crinium crimen, quod illi quasi capitale intenderunt, refutatur."
https://www.thelatinlibrary.com/apuleius/apuleius.apol.shtml,63,"[5](1)De eloquentia uero, si qua mihi fuisset, neque mirum, neque inuidiosum deberet uideri, si ab ineunte aeuo unis studiis litterarum ex summis uiribus deditus omnibus aliis spretis uoluptatibus ad hoc aeui haud sciam anne super omnis homines impenso labore diuque noctuque cum despectu et dispendio bonae ualetudinis eam quaesissem.(2)Sed nihil ab eloquentia metuant, quam ego, si quid omnino promoui, potius spero quam praesto."
https://www.thelatinlibrary.com/apuleius/apuleius.apol.shtml,96,"(3)Sane quidem, si uerum est quod Statium Caecilium in suis poematibus scripsisse dicunt, innocentiam eloquentiam esse, ego uero profiteor ista ratione ac praefero me nemini omnium de eloquentia concessurum.(4)Quis enim me hoc quidem pacto eloquentior uiuat, quippe qui nihil unquam cogitaui quod eloqui non auderem?(5)Eundem me aio facundissimum esse, nam omne peccatum semper nefas habui; eundem disertissimum, quod nullum meum factum uel dictum extet, de quo di<s>serere publice non possim(6)ita, ut iam de uorsibus dis<s>ertabo quos a me factos quasi pudendos protulerunt, cum quidem me animaduertisti cum risu illis suscensentem, quod eos absone et indocte pronuntiarent."
https://www.thelatinlibrary.com/apuleius/apuleius.apol.shtml,47,"[6](1)Primo igitur legerunt e ludicris meis epistolium de dentifricio uersibus scriptum ad quendam Calpurnianum, qui cum aduersum me eas litteras promeret, non uidit profecto cupiditate laedendi, si quid mihi ex illis fieret criminosum, id mihi secum esse commune.(2)Nam petisse eum a me aliquid tersui dentibus uersus testantur:"
https://www.thelatinlibrary.com/apuleius/apuleius.apol.shtml,4,"(3)Calpurniane, salue properis uersibus."
https://www.thelatinlibrary.com/apuleius/apuleius.apol.shtml,6,"Misi, ut petisti, <tibi> munditias dentium,"
https://www.thelatinlibrary.com/apuleius/apuleius.apol.shtml,5,"nitelas oris ex Arabicis frugibus,"
https://www.thelatinlibrary.com/apuleius/apuleius.apol.shtml,4,"tenuem, candificum, nobilem puluisculum,"
https://www.thelatinlibrary.com/apuleius/apuleius.apol.shtml,3,"complanatorem tumidulae gingiuulae,"
https://www.thelatinlibrary.com/apuleius/apuleius.apol.shtml,3,"conuerritorem pridianae reliquiae,"
https://www.thelatinlibrary.com/apuleius/apuleius.apol.shtml,6,"ne qua uisatur tetra labes sordium,"
https://www.thelatinlibrary.com/apuleius/apuleius.apol.shtml,5,restrictis forte si labellis riseris.
https://www.thelatinlibrary.com/apuleius/apuleius.apol.shtml,41,"(4)Quaeso, quid habent isti uersus re aut uerbo pudendum, quid omnino quod philosophus suum nolit uideri?(5)Nisi forte in eo reprehendendus sum, quod Calpurniano puluisculum ex Arabicis frugibus miserim, quem multo aequius erat spurcissimo ritu Hiberorum, ut ait Catullus, sua sibi urina"
https://www.thelatinlibrary.com/apuleius/apuleius.apol.shtml,5,'dentem atque russam pumicare gingiuam.'
https://www.thelatinlibrary.com/apuleius/apuleius.apol.shtml,24,"[7](1)Vidi ego dudum uix risum quosdam tenentis, cum munditias oris uidelicet orator ille aspere accusaret et dentifricium tanta indignatione pronuntiaret, quanta nemo quisquam uenenum."
https://www.thelatinlibrary.com/apuleius/apuleius.apol.shtml,145,"(2)Quidni? Crimen haud contemnendum philosopho, nihil in se sordidum sinere, nihil uspiam corporis apertum immundum pati ac fetulentum,(3)praesertim os, cuius in propatulo et conspicuo usus homini creberrimus, siue ille cuipiam osculum ferat seu cum qui[c]quam sermocinetur siue in auditorio dissertet siue in templo preces alleget.(4)Omnem quippe hominis actum sermo praeit, qui, ut ait poeta praecipuus, dentium muro proficiscitur.(5)Dares nunc aliquem similiter grandiloquum: diceret suo more cum primis cui ulla fandi cura sit impensius cetero corpore os colendum, quod esset animi uestibulum et orationis ianua et cogitationum comitium.(6)Ego certe pro meo captu dixerim nihil minus quam oris illuuiem libero et liberali uiro competere.(7)Est enim ea pars hominis loco celsa, uisu prompta, usu facunda. Nam quidem feris et pecudibus os humileestet deorsum ad pedes deiectum, uestigio et pabulo proximum; nunquam ferme nisi mortuis aut ad morsum exasperatis conspicitur. Hominis uero nihil prius tacentis, nihil saepius loquentis contemplere."
https://www.thelatinlibrary.com/apuleius/apuleius.apol.shtml,115,"[8](1)Velim igitur censor meus Aemilianus respondeat, unquamne ipse soleat pedes lauare; uel, si id non negat, contendat maiorem curam munditiarum pedibus quam dentibus inpertiendam.(2)Plane quidem, si quis ita ut tu, Aemiliane, nunquam ferme os suum nisi maledictis et calumniis aperiat, censeo ne ulla cura os percolat neque ille exotico puluere dentis emaculet, quos iustius carbone de rogo obteruerit, neque saltem communi aqua perluat.(3)Quin ei nocens lingua mendaciorum et amaritudinum praeministra semper in fetutinis et olenticetis suis iaceat.(4)Nam quae, malum, ratio est linguam mundam et laetam, uocem contra spurcam et tetram possidere, uiperae ritu niueo denticulo atrum uenenum inspirare?(5)Ceterum qui sese sciat <o>rationem prompturum neque inutilem neque iniucundam, eius merito os, ut bono potui poculum, praelauitur."
https://www.thelatinlibrary.com/apuleius/apuleius.apol.shtml,59,"(6)Et quid ego de homine nato diutius? Belua immanis, crocodillus ille qui in Nilo gignitur, ea quoque, ut comperior, purgandos sibi dentis innoxio hiatu praebet.(7)Nam quod est ore amplo, set elingui et plerumque in aqua recluso, multaehiru[n]dines dentibus implectuntur. Eas illi, cum egressus in praeripia fluminis hiauit, una ex auibus fluuialibus amica auis iniecto rostro sine noxae periculo exculpit."
https://www.thelatinlibrary.com/apuleius/apuleius.apol.shtml,84,"[9](1)Mitto haec. Venio ad ceteros uorsus ut illi uocant amatorios, quos tamen tam dure et rustice legere, ut odium mouerent.(2)Sed quid ad magica maleficia, quod ego pueros Scriboni Laeti, amici mei, carmine laudaui?(3)An ideo magus, quia poeta? Quis unquam fando audiuit tam similem suspicionem, tam aptam coniecturam, tam proxumum argumentum?(4)'Fecit uorsus Apuleius.' Si malos, crimen est, nec id tamen philosophi, sed poetae; sin bonos, quid accusas?(5)'At enim ludicros et amatorios fecit.' Num ergo haec sunt crimina mea, et nomine erratis, qui me magiae detulistis?"
https://www.thelatinlibrary.com/apuleius/apuleius.apol.shtml,64,"(6)Fecere tamen et alii talia, etsi uos ignoratis: apud Graecos Teius quidam et Lacedaemonius et Ciu[i]s cum aliis innumeris,(7)etiam mulier Lesbia, lasciue illa quidem tantaque gratia, ut nobis insolentiam linguae suae dulcedine carminum commendet;(8)apud nos uero Aedituus et Porcius et Catulus, isti quoque cum aliis innumeris.(9)'At philosophi non fuere.' Num igitur etiam Solonem fuisse serium uirum et philosophum negabis, cuius ille lasciuissimus uersus est:"
https://www.thelatinlibrary.com/apuleius/apuleius.apol.shtml,5,_____ _______ ___ ________ ________.
https://www.thelatinlibrary.com/apuleius/apuleius.apol.shtml,25,"(10)Et quid tam petulans habent omnes uersus mei, si cum isto uno contendantur,(11)ut taceam scripta Diogenis Cynici et Zenonis Stoicae sectae conditoris, id genus plurima?"
https://www.thelatinlibrary.com/apuleius/apuleius.apol.shtml,8,"Recitem denuo, ut sciant me eorum non pigere:"
https://www.thelatinlibrary.com/apuleius/apuleius.apol.shtml,8,"(12)Et Critias mea delicia est et salua, Charine,"
https://www.thelatinlibrary.com/apuleius/apuleius.apol.shtml,7,"pars in amore meo, uita, tibi remanet."
https://www.thelatinlibrary.com/apuleius/apuleius.apol.shtml,10,"Ne metuas, nam me ignis et ignis torreat ut uult;"
https://www.thelatinlibrary.com/apuleius/apuleius.apol.shtml,6,"hasce duas flammas, dum potiar, patiar."
https://www.thelatinlibrary.com/apuleius/apuleius.apol.shtml,10,"Hoc modo sim uobis, unus sibi quisque quod ipse est;"
https://www.thelatinlibrary.com/apuleius/apuleius.apol.shtml,8,"hoc mihi uos eritis, quod duo sunt oculi."
https://www.thelatinlibrary.com/apuleius/apuleius.apol.shtml,10,"(13)Recitem nunc et alios, quos illi quasi intemperantissimos postremum legere:"
https://www.thelatinlibrary.com/apuleius/apuleius.apol.shtml,9,"(14)Florea serta, meum mel, et haec tibi carmina dono."
https://www.thelatinlibrary.com/apuleius/apuleius.apol.shtml,6,"Carmina dono tibi, serta tuo genio,"
https://www.thelatinlibrary.com/apuleius/apuleius.apol.shtml,7,"carmina uti, Critia, lux haec optata canatur"
https://www.thelatinlibrary.com/apuleius/apuleius.apol.shtml,6,"quae bis septeno uere tibi remeat,"
https://www.thelatinlibrary.com/apuleius/apuleius.apol.shtml,8,"serta autem ut laeto tibi tempore tempora uernent,"
https://www.thelatinlibrary.com/apuleius/apuleius.apol.shtml,5,aetatis florem floribus ut decores.
https://www.thelatinlibrary.com/apuleius/apuleius.apol.shtml,9,"Tu mihi da contra pro uerno flore tuum uer,"
https://www.thelatinlibrary.com/apuleius/apuleius.apol.shtml,5,ut nostra exuperes munera muneribus.
https://www.thelatinlibrary.com/apuleius/apuleius.apol.shtml,6,"Pro implexis sertis complexum corpore redde,"
https://www.thelatinlibrary.com/apuleius/apuleius.apol.shtml,5,proque rosis oris sauia purpurei.
https://www.thelatinlibrary.com/apuleius/apuleius.apol.shtml,9,"Quod si animum inspires, dona et iam carmina nostra"
https://www.thelatinlibrary.com/apuleius/apuleius.apol.shtml,5,cedent uicta tuo dulciloquo calamo.
https://www.thelatinlibrary.com/apuleius/apuleius.apol.shtml,12,"[10](1)Habes crimen meum, Maxime, quasi improbi comisatoris de sertis et canticis compositum."
https://www.thelatinlibrary.com/apuleius/apuleius.apol.shtml,97,"(2)Hic illud etiam reprehendi animaduertisti, quod, cum aliis nominibus pueri uocentur, ego eos Charinum et Critian appellitarim.(3)Eadem igitur opera accusent C. Catul<l>um, quod Lesbiam pro Clodia nominarit, et Ticidam similiter, quod quae Metella erat Perillam scripserit, et Propertium, qui Cunthiam dicat, Hostiam dissimulet, et Tibullum, quod ei sit Plania in animo, Delia in uersu.(4)Et quidem C. Lucilium, quanquam sit iambicus, tamen improbarim, quod Gentium et Macedonem pueros directis nominibus carmine suo prostituerit.(5)Quanto modestius tandem Mantuanus poeta, qui itidem ut ego puerum amici sui Pollionis bucolico ludicro laudans et abstinens nominum sese quidem Corydonem, puerum uero Alexin uocat."
https://www.thelatinlibrary.com/apuleius/apuleius.apol.shtml,70,"(6)Sed Aemilianus, uir ultra Virgilianos opiliones et busequas rusticanus, agrestis quidem semper et barbarus, uerum longe austerior, ut putat, Serranis et Curiis et Fabriciis, negat id genus uersus Platonico philosopho competere.(7)Etiamne, Aemiliane, si Platonis ipsius exemplo doceo factos? Cuius nulla carmina extant nisi amoris elegia. Nam cetera omnia, credo quod tam lepida non erant, igni deussit.(8)Disce igitur uersus Platonis philosophi in puerum Astera, si tamen tantus natu potes litteras discere:"
https://www.thelatinlibrary.com/apuleius/apuleius.apol.shtml,7,_____ ____ ___ _______ ___ _______ _____ô
https://www.thelatinlibrary.com/apuleius/apuleius.apol.shtml,7,___ __ _____ _______ ________ __ _________.
https://www.thelatinlibrary.com/apuleius/apuleius.apol.shtml,9,(9)Item eiusdem Platonis in Alexin Phaedrumque pueros coniuncto carmine:
https://www.thelatinlibrary.com/apuleius/apuleius.apol.shtml,9,"___ ___ _____ _______ ____ _____ ___' ___ _____,"
https://www.thelatinlibrary.com/apuleius/apuleius.apol.shtml,5,_____ ___ _____ ____ ____________.
https://www.thelatinlibrary.com/apuleius/apuleius.apol.shtml,7,"____, <__> _______ _____ ______; ___' _______"
https://www.thelatinlibrary.com/apuleius/apuleius.apol.shtml,5,_______. ___ ____ _______ __________;
https://www.thelatinlibrary.com/apuleius/apuleius.apol.shtml,13,"(10)Ne pluris commemorem, nouissimum uersum eius de Dione Syracusano si dixero, finem faciam:"
https://www.thelatinlibrary.com/apuleius/apuleius.apol.shtml,6,_ ____ _______ _____ _____ ____.
https://www.thelatinlibrary.com/apuleius/apuleius.apol.shtml,30,"[11](1)Sed sumne ego ineptus, qui haec etiam in iudicio? An uos potius calumniosi, qui etiam haec in accusatione, quasi ullum specimen morum sit uersibus ludere?(2)Catullum ita respondentem maliuolis non legistis:"
https://www.thelatinlibrary.com/apuleius/apuleius.apol.shtml,6,'Nam castum esse decet pium poetam
https://www.thelatinlibrary.com/apuleius/apuleius.apol.shtml,5,"ipsum, uersiculos nihil necesse est'?"
https://www.thelatinlibrary.com/apuleius/apuleius.apol.shtml,12,"(3)Diuus Adrianus cum Voconi amici sui poetae tumulum uorsibus muneraretur, ita scripsit:"
https://www.thelatinlibrary.com/apuleius/apuleius.apol.shtml,5,"'Lasciuus uersu, mente pudicus eras,'"
https://www.thelatinlibrary.com/apuleius/apuleius.apol.shtml,38,"quod nunquam ita dixisset, si forent lepidiora carmina argumentum impudicitiae habenda.(4)Ipsius etiam diui Adriani multa id genus legere me memini. Aude sis, Aemiliane, dicere male id fieri, quod imperator et censor diuus Adrianus fecit et factum memoriae reliquit."
https://www.thelatinlibrary.com/apuleius/apuleius.apol.shtml,49,"(5)Ceterum Maximum quicquam putas culpaturum, quod sciat Platonis exemplo a me factum? Cuius uersus quos nunc percensui tanto sanctiores sunt, quanto apertiores, tanto pudicius compositi, quanto simplicius professi.(6)Namque haec et id genus omnia dissimulare et occultare peccantis, profiteri et promulgare ludentis est; quippe natura uox innocentiae, silentium maleficio distributa."
https://www.thelatinlibrary.com/apuleius/apuleius.apol.shtml,133,"[12](1)Mitto enim dicere alta illa et diuina Platonica, rarissimo cuique piorum ignara, ceterum omnibus profanis incognita: geminam esse Venerem deam, proprio quamque amore et diuersis amatoribus pollentis;(2)earum alteram uulgariam, quae sit percita populari amore, non modo humanis animis, uerum etiam pecuinis et ferinis ad libidinem imperitare uiimmodica trucique perculsorum animalium serua corpora complexu uincientem;(3)alteram uero caelitem Venerem, praedita[m] quae sit optimati amore, solis hominibus et eorum paucis curare, nullis ad turpitudinem stimulis uel illecebris sectatores suos percellentem;(4)quippe amorem eius non amoenum et lasciuum, sed contra incom[i]tum et serium pulchritudine honestatis uirtutes amatoribus suis conciliare, et si quando decora corpora co<m>mendet, a contumelia eorum procul absterrere;(5)neque enim quicquam aliud in corporum forma diligendum quam quod ammoneant diuinos animos eius pulchritudinis, quam prius ueram et sinceram inter deos uidere.(6)Quapropter,ut semper, eleganter Afranius hoc scriptum relinquat:"
https://www.thelatinlibrary.com/apuleius/apuleius.apol.shtml,4,"'amabit sapiens, cupient ceteri';"
https://www.thelatinlibrary.com/apuleius/apuleius.apol.shtml,17,"tamen si uerum uelis, Aemiliane, uel si haec intellegere unquam potes, non tam amat sapiens quam recordatur."
https://www.thelatinlibrary.com/apuleius/apuleius.apol.shtml,34,"[13](1)Da igitur ueniam Platoni philosopho uersuum eius de amore, ne ego necesse habeam contra sententiam Neoptolemi Enniani pluribus philosophari.(2)Vel si tu id non facis, ego me facile patiar in huiuscemodi uersibus culpari cum Platone."
https://www.thelatinlibrary.com/apuleius/apuleius.apol.shtml,37,"(3)Tibi autem, Maxime, habeo gratiam propensam, cum has quoque appendices defensionis meae iccirco necessarias, quia accusationi rependuntur, tam attente audis.(4)Et ideo hoc etiam peto, quod mihi ante ipsa crimina superest audias, ut adhuc fecisti, libenter et diligenter."
https://www.thelatinlibrary.com/apuleius/apuleius.apol.shtml,82,"(5)Sequitur enim de speculo longa illa et censoria oratio, de quo pro rei atrocitate paene diruptus est Pudens clamitans: 'Habet speculum philosophus! Possidet speculum philosophus!'(6)Vt igitur habere concedam _ ne aliquid obiecisse te credas, si negaro _, non tamen ex eo accipi me necesse est exornari quoque ad speculum solere.(7)Quid enim? Si choragium thymelicum possiderem, num ex eo argumentarere etiam uti me consuesse tragoedi[i] syrmate, histrionis crocota, _ orgia, mimi centunculo? Non opinor. Nam et contra plurimis rebus possessu careo, usu fruor."
https://www.thelatinlibrary.com/apuleius/apuleius.apol.shtml,46,"(8)Quod si neque habere utendi argumentum est neque non utendi non habere, et speculi non tam possessio culpatur quam inspectio, illud etiam docear necesse est, quando et quibus praesentibus in speculum inspexerim, quoniam ut res est, magis piaculum decernis speculum philosopho quam Cereris mundum profano uidere."
https://www.thelatinlibrary.com/apuleius/apuleius.apol.shtml,87,"[14](1)Cedo nunc, si et inspexisse me fateor, quod tandem crimen estimaginem suam nosse eamque non uno loco conditam, sed quoquo uelis paruo speculo promptam gestare?(2)An tu ignoras nihil esse aspectabilius homini nato quam formam suam? Equidem scio et filiorum cariores esse qui similes uidentur et publicitus simulacrum suum cuique, quod uideat, pro meritis praemio tribui.(3)Aut quid sibi statuae etimagines uariis artibus effigiatae uolunt? Nisi forte quod artificio elaboratum laudabile habetur, hoc natura oblatum culpabile iudicandum est, cum sit in ea uel magis miranda et facilitas et similitudo."
https://www.thelatinlibrary.com/apuleius/apuleius.apol.shtml,125,"(4)Quippe in omnibus manu faciundisimaginibus opera diutino sumitur, neque tamen similitudo aeque ut in speculis comparet.(5)Deest enim et luto uigor et saxo color et picturae rigor et motus omnibus, qui praecipua fide similitudinem repraesentat, cum in eo uisiturimago mire relata, ut similis, ita mobilis et ad omnem nutum hominis sui morigera.(6)Eadem semper contemplantibus aequaeua est ab ineunte pueritia ad obeuntem senectam, tot aetatis uices induit, tam uarias habitudines corporis participat, tot uultus eiusdem laetantis uel dolentis imitatur.(7)Enimuero quod luto fictum uel aere infusum uel lapide incussum uel cera inustum uel pigmento illitum uel alio quopiam humano artificio adsimulatum est, non multa intercapedine temporis dissimile redditur et ritu cadaueris unum uultum et immobilem possidet.(8)Tantum praestatimaginis artibus ad similitudinem referundum leuitas illa speculi fabra et splendor opifex."
https://www.thelatinlibrary.com/apuleius/apuleius.apol.shtml,50,"[15](1)Aut igitur unius Hagesilai Lacedaemonii sententia nobis sequenda est, qui se neque pingi neque fingi unquam diffidens formae suae passus est,(2)aut si mos omnium ceterorum hominum retinendus uidetur in statuis etimaginibus non repudiandis, cur existimesimaginem suam cuique uisendam potius in lapide quam in argento, magis in tabula quam in speculo?"
https://www.thelatinlibrary.com/apuleius/apuleius.apol.shtml,134,"(3)An turpe arbitraris formam suam spectaculo assiduo explorare?(4)An non Socrates philosophus ultro etiam suasisse fertur discipulis suis, crebro ut semet in speculo contemplarentur,(5)ut qui eorum foret pulchritudine sibi complacitus, impendio procuraret ne dignitatem corporis malis moribus dedecoraret,(6)qui uero minus se commendabilem forma putaret, sedulo operam daret ut uirtutis laude turpitudinem tegeret?(6)Adeo uir omnium sapientissimus speculo etiam ad disciplinam morum utebatur.(8)Demost<h>enen uero, primarium dicendi artificem, quis est qui non sciat semper ante speculum quasi ante magistrum causas meditatum?(9)Ita ille summus orator cum a Platone philosopho facundiam <h>ausisset, ab Eubulide dialectico argumentationes edidicisset, nouissimam pronuntiandi congruentiam ab speculo petiuit.(10)Vtrum igitur putas maiorem curam decoris in adseueranda oratione suscipiendam rhetori iurganti an philosopho obiurganti, apud iudices sorte ductos paulisper disceptanti an apud omnis homines semper disserenti, de finibus agrorum litiganti an de finibus bonorum et malorum docenti?"
https://www.thelatinlibrary.com/apuleius/apuleius.apol.shtml,113,"(11)Quid quod nec ob haec debet tantummodo philosophus speculum inuisere?(12)Nam saepe oportet non modo similitudinem suam, uerum etiam ipsius similitudinis rationem considerare: num, ut ait Epicurus, profectae a nobisimagines uelut quaedam exuuiae iugi fluore a corporibus manantes, cum leue aliquid et solidum offenderunt, illisae reflectantur et retro expressae contrauersim respondeant;(13)an, ut alii philosophi disputant, radii nostri seu mediis oculis proliquati et lumini extrario mixti atque ita uniti, ut Plato arbitratur,(14)seu tantum oculis profecti sine ullo foris amminiculo, ut Archytas putat, seu intentuaëris facti, ut Stoici rentur,(15)cum alicui corpori inciderunt spisso et splendido et leui, paribus angulis quibus inciderant resultent ad faciem suam reduces atque ita, quod extra tangant ac uisant, id intra speculumimaginentur."
https://www.thelatinlibrary.com/apuleius/apuleius.apol.shtml,119,"[16](1)Videturne uobis debere philosophia haec omnia uestigare et inquirere et cuncta specula uel uda uel suda [soli] uidere?(2)Quibus praeter istaquae dixi etiam illa ratiocinatio necessaria est, cur in planis quidem speculis ferme pares optutus etimagines uideantur, <in> tumidis uero et globosis omnia defectiora, at contra in cauis auctiora;(3)ubi et cur laeua cum dexteris permutentur; quando seimago eodem speculo tum recondat penitus, tum foras exerat;(4)cur caua specula, si exaduersum soli retineantur, appositum fomitem accendant;(5)qui fiat ut arcus in nubibus uarie, duo[s] soles aemula similitudine uisantur, alia praeterea eiusdem modi plurima,(6)quae tractat uolumine ingenti Archimedes Syracusanus, uir in omni quidem geometria multum ante alios admirabilis subtilitate, sed haud sciam an propter hoc uel maxime memorandus, quod inspexerat speculum saepe ac diligenter."
https://www.thelatinlibrary.com/apuleius/apuleius.apol.shtml,48,"(7)Quem tu librum, Aemiliane, si nosses ac non modo campo et glebis, uerum etiam abaco et puluisculo te dedisses, mihi istud crede, quanquam teterrimum os tuum minimum a Thyesta tragico demutet, tamen profecto discendi cupidine speculum inuiseres et aliquando relicto aratro mirarere tot in facie tua sulcos rugarum."
https://www.thelatinlibrary.com/apuleius/apuleius.apol.shtml,128,"(8)At ego non mirer, si boni consulis me de isto distortissimo uultu tuo dicere, de moribus tuis multo truculentioribus reticere.(9)Ea res est: praeter quod non sum iurgiosus, etiam libenter te nuper usque albus an ater esses ignoraui, et adhuc <h>ercle non satis noui.(10)Id adeo factum, quod et tu rusticando obscurus es et ego discendo occupatus.(11)Ita et tibi umbra ignobilitatis a probatore obstitit, et ego numquam studui male facta cuiusquam cognoscere, sed semper potius duxi mea peccata tegere quam aliena indagare.(12)Igitur hoc mihi aduersum te usu uenit, quod qui forte constitit in loco lumine conlustrato atque eum alter e tenebris prospectat.(13)Nam ad eundem modum tu quidem, quid ego in propatulo et celebri agam, facile e tenebris tuis arbitraris, cum ipse humilitate abdita et lucifuga non sis mihi mutuo conspicuus."
https://www.thelatinlibrary.com/apuleius/apuleius.apol.shtml,114,"[17](1)Ego adeo seruosnetuhabeas ad agrum colendum an ipse mutuarias operas cum uicinis tuis cambies, neque scio neque laboro.(2)At tu me scis eadem die tris Oeae manu misisse, idque mihi patronus tuus inter cetera a te sibi edita obiecit, quanquam modico prius dixerat me uno seruo comite Oeam uenisse.(3)Quod quidem uelim mihi respondeas, qui potuerim ex uno tris manu mittere, nisi si et hoc magicum est.(4)Tantamne esse mentiendi caecitatem dicam an consuetudinem? 'Venit Apuleius Oeam cum uno seruo '; dein pauculis uerbis intergarritis: 'Apuleius Oeae una die tris manu misit.'(5)Ne illud quidem credibile fuisset, cum tribus uenisse, omnes liberasse. Quod tamen si ita fecissem, cur potius tris seruos inopiae signum putares quam tris libertos opulentiae?"
https://www.thelatinlibrary.com/apuleius/apuleius.apol.shtml,144,"(6)Nescis profecto, nescis, Aemiliane, philosophum accusare, qui famulitii paucitatem obprobraris, quam ego gloriae causa ementiri debuissem, quippe qui scirem non modo philosophos, quorum me sectatorem fero, uerum etiam imperatores populi Romani paucitate seruorum gloriatos.(7)Itane tandem ne haec quidem legere patroni tui: M. Antonium consularem solos octo seruos domi habuisse, Carbonem uero illum, qui rebus potitus est, uno minus, at enim Manio Curio tot adoreis longe incluto, quippe qui ter triumphum una porta egerit, ei igitur Manio Curio duos solos in castris calones fuisse?(8)Ita ille uir de Sabinis deque Samnitibus deque Pyrro triumphator paucioris seruos habuit quam triumphos.(9)M. autem Cato nihil oppertus, ut alii de se praedicarent, ipse in o[pe]ratione sua scriptum reliquit, cum in Hispania<m> consul proficisceretur, tris seruos solos ex urbe duxisse;(10)quoniam ad uillam publicam uenerat, parum uisum qui uteretur, iussisse duos pueros in foro de mensa emi, eos quinque in Hispaniam duxisse."
https://www.thelatinlibrary.com/apuleius/apuleius.apol.shtml,24,"(11)Haec Pudens si legisset, ut mea opinio est, aut omnino huic maledicto supersedisset aut in tribus seruis multitudinem comitum philosophi quam paucitatem reprehendere maluisset."
https://www.thelatinlibrary.com/apuleius/apuleius.apol.shtml,150,"[18](1)Idem mihi etiam paupertatem obprobrauit, acceptum philosopho crimen et ultro profitendum.(2)Enim paupertas olim philosophiae uernacula est, frugi, sobria, paruo potens, aemula laudis, aduersum diuitias possessa, habitu secura, cultu simplex, consilio benesuada.(3)Neminem umquam superbia inflauit, neminem inpotentia deprauauit, neminem tyrannide efferauit, delicias uentris et inguinum neque uult ullas neque potest.(4)Quippe haec et alia flagitia diuitiarum alumni solent. Maxima quaeque scelera si ex omni memoria hominum percenseas, nullum in illis pauperem reperies,(5)ut contra hauttemere inter inlustris uiros diuites comparent, sed quemcunque in aliqua laude miramur, eum paupertas ab incunabulis nutricata est.(6)Paupertas, inquam, prisca aput saecula omnium ciuitatium conditrix, omnium artium repertrix, omnium peccatorum inops, omnis gloriae munifica, cunctis laudibus apud omnis nationes perfuncta.(7)Eadem est enim paupertas apud Graecos in Aristide iusta, in Phocione benigna, in Epaminonda strenua, in Socrate sapiens, in Homero diserta.(8)Eadem paupertas etiam populo Romano imperium a primordio fundauit, proque eo in <h>odiernum diis immortalibus simpulo et catino fictili sacrificat."
https://www.thelatinlibrary.com/apuleius/apuleius.apol.shtml,86,"(9)Quod si modo iudices de causa ista sederent C. Fabricius, Gn. Scipio, Manius Curius, quorum filiae ob paupertatem de publico dotibus donatae ad maritos ierunt portantes gloriam domesticam, pecuniam publicam,(10)si Publicola regum exactor et Agrippa populi reconciliator, quorum funus ob tenuis opes a populo Romano collatis <s>extantibus adornatum est,(11)si Atilius Regulus, cuius agellus ob similem penuriam publica pecunia cultus est,(12)si denique omnes illae ueteres prosapiae consulares et censoriae et triumphales breui usura lucis ad iudicium istud remissae audirent, auderesne paupertatem philosopho exprobrare apud tot consules pauperes?"
https://www.thelatinlibrary.com/apuleius/apuleius.apol.shtml,108,"[19](1)An tibi Claudius Maximus idoneus auditor uidetur ad irridendam paupertatem, quod ipse uberem et prolixam rem familiarem sortitus est?(2)Erras, Aemiliane, et longe huius animi frustra es, si eum ex fortunae indulgentia, non ex philosophiae censura metiris, si uirum tam austerae sectae tamque diutinae militiae non putas amiciorem esse cohercitae mediocritati quam delicatae opulentiae, fortunam uelut tunicam magis concinnam quam longam probare;(3)quippe etiam ea si non gestetur et trahatur, nihil minus quam lacinia praependens impedit et praecipitat.(4)Etenim omnibus ad uitae munia utendis quicquid aptam moderationem supergreditur, [h]oneri potius quam usui exuberat.(5)Igitur et inmodicae diuitiae uelut ingentia et enormia gubernacula facilius mergunt quam regunt, quod habent irritam copiam, noxiam nimietatem."
https://www.thelatinlibrary.com/apuleius/apuleius.apol.shtml,50,"(6)Quin ex ipsis opulentioribus eos potissimum uideo laudari, qui nullo strepitu, modico cultu, dissimulatis facultatibus agunt et diuitias magnas administrant sine ostentatione, sine superbia, specie mediocritatis pauperum similes.(7)Quod si etiam ditibus ad argumentum modestiae quaeriturimago quaepiam et color paupertatis, cur eius pudeat tenuioris, qui eam non simulate, sed uere fungimur?"
https://www.thelatinlibrary.com/apuleius/apuleius.apol.shtml,167,"[20](1)Possum equidem tibi et ipsius nominis controuersiam facere, neminem nostrum pauperem esse qui superuacanea nolit, poscit necessaria, quae natura oppido pauca sunt.(2)Namque is plurimum habebit, qui minimum desiderabit; habebit enim quantum uolet qui uolet minimum.(3)Et idcirco diuitiae non melius in fundis et in fenore quam in ipso hominis animo aestimantur, qui si est auaritia egenus et ad omne lucrum inexplebilis, nec montibus auri satiabitur, sed semper aliquid, ante parta ut augeat, mendicabit.(4)Quae quidem uera confessio est paupertatis. Omnis enim cupido acquirendi ex opinione inopiae uenit, nec refert, quam magnum sit quod tibi minus est.(5)Non habuit tantam rem familiarem Philus quantam Laelius, nec Laelius quantam Scipio, nec Scipio quantam Crassus Diues, at enim nec Crassus Diues quantam uolebat;(6)ita cum omnis superaret, a suamet auaritia superatus est omnibusque potius diues uisus est quam sibi.(7)At contra hi philosophi quos commemoraui non ultra uolentes quam poterant, sed congruentibus desideriis et facultatibus iure meritoque dites et beati fuerunt.(8)Pauper enimfis appetendi egestate, diues non egendi satietate, quippe qui inopia desiderio, opulentia fastidio cernuntur."
https://www.thelatinlibrary.com/apuleius/apuleius.apol.shtml,36,"(9)Igitur, Aemiliane, si pauperem me haberi uis, prius auarum esse doceas necesse est. Quod si nihil in animo deest, de rebus extrariis quantum desit non laboro, quarum neque laus in copia neque culpa in penuria consistit."
https://www.thelatinlibrary.com/apuleius/apuleius.apol.shtml,84,"[21](1)Sed finge haec aliter esse ac me ideo pauperem, quia mihi fortuna diuitias inuidit easque, ut ferme euenit, aut tutor imminuit aut inimicus eripuit aut pater non reliquit: hocine homini opprobrari, pauperiem, quod nulli ex animalibus uitio datur, non aquilae, non tauro, non leoni?(2)Equus si uirtutibus suis polleat, ut sit aequabilis uector et cursor pernix, nemo ei penuriam pabuli exprobrat: tu mihi uitio dabis non facti uel dicti alicuius prauitatem, sed quod uiuo gracili lare, quod paucioris habeo, parcius pasco, leuius uestio, minus obsono?"
https://www.thelatinlibrary.com/apuleius/apuleius.apol.shtml,86,"(3)Atqui ego contra, quantulacumque tibi haec uidentur, multa etiam et nimia arbitror et cupio ad pauciora me coercere, tanto beatior futurus quanto collectior.(4)Namque animi ita ut corporis sanitas expedita, imbecillitas laciniosa est, certumque signum est infirmitatis pluribus indigere.(5)Prorsus ad uiuendum uelut ad natandum is melior, qui onere liberior; sunt enim similiter etiam in ista uitaehumanae tempestate[s] leuia sustentui, grauia demersui.(6)Equidem didici ea re praecedere maxime deos hominibus, quod nulla re ad usum sui indigeant, igitur ex nobis cui quam minimis opus sit, eum esse deo similiorem."
https://www.thelatinlibrary.com/apuleius/apuleius.apol.shtml,106,"[22](1)Proinde gratum habui, cum ad contumeliam diceretis rem familiarem mihi peram et baculum fuisse.(2)Quod utinam tantus animi forem, ut praeter eam supellectilem nihil quicquam requirerem, sed eundem ornatum digne gestarem, quem [so]Crates ultro diuitiis abiectis appetiuit.(3)[so]Crates, inquam, si quid credis, Aemiliane, uir domi inter Thebanos proceres diues et nobilis amore huius habitus, quem mihi obiectas, rem familiarem largam et uberem populo donauit, multis seruis a sese remotis solitatem delegit, arbores plurimas et frugiferas prae uno baculo spreuit, uillas ornatissimas una perula mutauit,(4)quam postea comperta utilitate etiam carmine laudauit flexis ad hoc Homericis uersibus, quibus ille Cretam insulam nobilitat.(5)Principium dicam, ne me haec ad defensionem putes confinxisse:"
https://www.thelatinlibrary.com/apuleius/apuleius.apol.shtml,10,"[_____] <____> ___ _____ ____ ____ ___ ______ ____ [_____],"
https://www.thelatinlibrary.com/apuleius/apuleius.apol.shtml,15,"iam cetera tam mirifica, quae si tu legisses, magis mihi peram quam nuptias Pudentillae inuidisses."
https://www.thelatinlibrary.com/apuleius/apuleius.apol.shtml,110,"(6)Peram et baculum tu philosophis? Exprobrares igitur et equitibus faleras et peditibus clipeos et signiferis uexillaacdenique triumphantibus quadrigas albas et togam palmatam?(7)Non sunt quidem ista Platonicae sectae gestamina, sed Cynicae familiae insignia. Verumtamen hoc Diogeni et Antist<h>eni pera et baculum, quod regibus diadema, quod imperatoribus paludamentum, quod pontificibus galerum, quod lituus auguribus.(8)Diogenes quidem Cynicus cum Alexandro magno de ueritate regni certabundus baculo uice sceptri gloriabatur.(9)Ipse denique Hercules inuictus _ quoniam haec tibi ut quaedam mendicabula [a]nimis sordent _,(10)ipse, inquam, Hercules lustrator orbis, purgator ferarum, gentium domitor, is tamen deus, cum terras peragraret, paulo prius quam in caelum ob uirtutes as[s]citus est, neque una pelli uestitior fuit neque uno baculo comitatior."
https://www.thelatinlibrary.com/apuleius/apuleius.apol.shtml,117,"[23](1)Quod si haec exempla nihili putas ac me non ad causam agundam, uerum ad censum dis<s>erundum uocasti, ne quid tu rerum mearum nescias, si tamen nescis, profiteor mihi ac fratri meo relictum a patreHS XX paulo secus,(2)idque a me longa peregrinatione et diutinis studiis et crebris liberalitatibus modice imminutum.(3)Nam et amicorum plerisque opem tuli et magistris plurimis gratiam retuli, quorundam etiam filias dote auxi.(4)Neque enim dubitassem equidem uel uniuersum patrimonium impendere, ut acquirerem mihi quod maius est contemptu patrimonii.(5)Tu uero, Aemiliane, et id genus homines uti tu es inculti et agrestes, tanti re uera estis quantum habetis, ut arbor infecunda et infelix, quae nullum fructum ex sese gignit, tanti est in pretio, quanti lignum eius in trunco."
https://www.thelatinlibrary.com/apuleius/apuleius.apol.shtml,49,"(6)At tamen parce postea, Aemiliane, paupertatem cuipiam obiectare, qui nuper usque agellum Zarathensem, quem tibi unicum pater tuus reliquerat, solus uno asello ad tempestiuum imbrem triduo exarabas.(7)Neque enim diu est, cum te crebrae mortes propinquorum immeritis hereditatibus fulserunt, unde tibi potius quam ob istam teterrimam faciem Charon nomen est."
https://www.thelatinlibrary.com/apuleius/apuleius.apol.shtml,153,"[24](1)De patria mea uero, quod eam sitam Numidiae et Gaetuliae in ipso confinio mei<s> scriptis ostendi scis, quibus memet professus sum, cum Lolliano Auitoc.u.praesente publice dissererem, 'Seminumidam' et 'Semigaetulum':(2)non uideo quid mihi sit in ea re pudendum, haud minus quam Cyro maiori, quod genere mixto fuit Semimedus ac Semipersa.(3)Non enim ubi prognatus, sed ut moratus quisque sit spectandum, nec qua regione, sed qua ratione uitam uiuere inierit, considerandum est.(4)Holitori et cauponi merito est concessum holus et uinum ex nobilitate soli commendare, uinum Thasium, holus Phliasium; quippe illa terrae alumna multum ad meliorem saporem iuuerit et regio fecunda et caelum pluuium et uentus clemens et sol apricus et solum sucidum.(5)Enimuero animo hominis extrinsecus in hospitium corporis immigranti quid ex istis addi uel minui ad uirtutem uel malitiam potest?(6)Quando non in omnibus gentibus uaria ingenia prouenere, quanquam uideantur quaedam stultitia uel sollertia insigniores? Apud socordissimos Scythas Anacharsis sapiens natus est, apud Athenienses catos Meletides fatuus."
https://www.thelatinlibrary.com/apuleius/apuleius.apol.shtml,88,"(7)Nec hoc eo dixi, quo me patriae meae paeniteret, etsi adhuc Syfacis oppidum essemus.(8)Quo tamen uicto ad Masinissam regem munere populiR.concessimus ac deinceps ueteranorum militum nouo conditu[s] splendidissima colonia sumus,(9)in qua colonia patrem habui loco principis IIuiralem cunctis honoribus perfunctum. Cuius ego locum in illa re p., exinde ut participare curiam coepi, nequaquam degener pari, spero, honore et existimatione tueor.(10)Cur ergo illa protuli? Vt mihi tu, Aemiliane, minus posthac suscenseas, potiusque ut ueniam inpertias, si per neglegentiam forte non elegi illud tuum Atticum Zarat, ut in eo nascerer."
https://www.thelatinlibrary.com/apuleius/apuleius.apol.shtml,91,"[25](1)Nonne uos puditum est haec crimina tali uiro audiente tam adseuerate obiectare, friuola et inter se repugnantia simul promere et utraque tamen reprehendere?(2)At non contraria accusastis? Peram et baculum ob auctoritatem, carmina et speculum ob hilaritatem, unum seruum ut deparci, tris libertos ut profusi, praeterea eloquentiam Graecam, patriam barbaram?(3)Quin igitur tandem expergiscimini ac uos cogitatis apud Claudium Maximum dicere, apud uirum seuerum et totius prouinciae negotiis occupatum?(4)Quin, inquam, uana haec conuicia aufertis? Quin ostenditis quod insimulauistis: scelera immania et inconcessa maleficia et artis nefandas? Cur uestra oratio rebus flaccet, strepitu uiget?"
https://www.thelatinlibrary.com/apuleius/apuleius.apol.shtml,81,"(5)Aggredior enim iam ad ipsum crimen magiae, quod ingenti tumultu ad inuidiam mei accensum frustrata expectatione omnium per nescio quas anilis fabulas defraglauit.(6)Ecquandone uidisti, Maxime, flammam stipula exortam claro crepitu, largo fulgore, cito incremento, sed enim materia leui, caduco incendio, nullis reliquiis?(7)Em tibi illa accusatio iurgiis inita, uerbis aucta, argumentis defecta, nullis post sententiam tuam reliquiis calumniae permansura.(8)Quae quidem omnis Aemiliano fuit in isto uno destinata, me magum esse, et ideo mihi libet quaerere ab eruditissimis eius aduocatis, quid sit magus."
https://www.thelatinlibrary.com/apuleius/apuleius.apol.shtml,58,"(9)Nam si, quodego apud plurimos lego, Persarum lingua magus est qui nostra sacerdos, quod tandemest crimen, sacerdotem esse et rite nosse atque scire atque callere leges cerimoniarum, fas sacrorum, ius religionum?(10)Si quidem magia id est quod Plato interpretatur, cum commemorat, quibusnam disciplinis puerum regno adulescentem Persae imbuant _ uerba ipsa diuini uiri memini, quae tu mecum, Maxime, recognosce:"
https://www.thelatinlibrary.com/apuleius/apuleius.apol.shtml,55,"(11)___ ____ __ _________ ____ ___ _____ _______________ ___ _______ __________ ___________ ___________ô _____ __ ____________ ______ __ _______ ________ __ ______ ________, _ __ _________ ___ _ ___________ ___ _ _____________ ___ _ ____________. __ _ ___ _______ __ ________ ___ __________ ___ _________ô ____ __ _____ ____ ________ô ________ __ ___ __ ________."
https://www.thelatinlibrary.com/apuleius/apuleius.apol.shtml,65,"[26](1)Auditisne magiam, qui eam temere accusatis, artem esse dis immortalibus acceptam, colendi eos ac uenerandi pergnaram, piam scilicet et diuini scientem,(2)iam inde a Zoroastre et Oromaze auctoribus suis nobilem, caelitum antistitam,(3)quippe qui inter prima regalia docetur nec ulli temere inter Persas concessum est magum esse, haud magis quam regnare?(4)Idem Plato in alia sermocinatione de Zalmoxi quodam Thraci generis, sed eiusdem artis uiro ita scriptum reliquit:"
https://www.thelatinlibrary.com/apuleius/apuleius.apol.shtml,8,___ __ ______ _____ ____ ______ ____ ______.
https://www.thelatinlibrary.com/apuleius/apuleius.apol.shtml,16,"(5)Quod si ita est, cur mihi nosse non liceat uel Zalmoxi bona uerba uel Zoroastri sacerdotia?"
https://www.thelatinlibrary.com/apuleius/apuleius.apol.shtml,94,"(6)Sin uero more uulgari eum isti proprie magum existimant, qui communione loquendi cum deis immortalibus ad omnia quae uelit incredibili[a] quadam ui cantaminum polleat, oppido miror, cur accusare non timuerint quem posse tantum fatentur.(7)Neque enim tam occulta et diuina potentia caueri potest itidem ut cetera.(8)Sicarium qui in iudicium uocat, comitatus uenit; qui uenenarium accusat, scrupulosius cibatur; qui furem arguit, sua custodit.(9)Enimuero qui magum qualem isti dicunt in discrimen capitis deducit, quibus comitibus, quibus scrupulis, quibus custodibus perniciem caecam et ineuitabilem prohibeat? Nullis scilicet. Et ideo id genus crimen non est eius accusare, qui credit."
https://www.thelatinlibrary.com/apuleius/apuleius.apol.shtml,89,"[27](1)Verum haec ferme communi quodam errore imperitorum philosophis obiectantur, ut partim eorum qui corporum causas meras et simplicis rimantur irreligiosos putent eoque aiant deos abnuere, ut Anaxagoram et Leucippum et Democritum et Epicurum ceterosque rerum naturae patronos,(2)partim autem, qui prouidentiam mundi curiosius uestigant et impensius deos celebrant, eos uero uulgo magos nominent, quasi facere etiam sciant quae sciant fieri, ut olim fuere Epimenides et Orpheus et Pythagoras et Ostanes,(3)ac dein similiter suspectata Empedocli catharmoe, Socrati daemonion, Platonis __ ______.(4)Gratulor igitur mihi, cum et ego tot ac tantis uiris adnumeror."
https://www.thelatinlibrary.com/apuleius/apuleius.apol.shtml,157,"(5)Ceterum ea quae ab illis ad ostendendum crimen obiecta sunt uana et inepta, simplicia, uereor ne ideo tantum crimina putes, quod obiecta sunt.(6)'Cur,' inquit, 'piscium quaedam genera quaesisti?' Quasi id cognitionis gratia philosopho facere non liceat, quod luxurioso gulae causa liceret.(7)'Cur mulier libera tibi nupsit post annos XIII uiduitatis?' Quasi non magis mirandum sit quod tot annis non nubserit.(8)'Cur prius, quam tibi nuberet, scripsit nescio quid in epistula quod sibi uidebatur?' Quasi quisquam debeat causas alienae sententiae reddere.(9)'At enim maior natu non est iuuenem aspernata.' Igitur hoc ipsum argumentum est nihil opus magia fuisse, ut nubere uellet mulier uiro uidua caelibi, maior iuniori. Iam et illa similia: 'Habet quiddam Apuleius domi quod sancte colit'. Quasi non id potius crimen sit, quod colas non habere.(11)'Cecidit praesente Apuleio puer.' Quid enim si iuuenis, quid si etiam senex adsistente me corruisset uel morbo corporis impeditus uel lubrico soli prolapsus?(12)Hiscine argumentis magian probatis, casu puerili et matrimonio mulieris et obsonio piscium?"
https://www.thelatinlibrary.com/apuleius/apuleius.apol.shtml,75,"[28](1)Possem equidem bono periculo uel his dictis contentus perorare. Quoniam mihi pro accusationis longitudine largiter aquae superest, cedo, si uidetur, singula consideremus.(2)Atque ego omnia obiecta, seu uera seu falsa sunt, non negabo, sed perinde atque si facta sint fatebor,(3)ut omnis ista multitudo, quae plurima undique ad audiendum conuenit, aperte intellegat nihil in philosophos non modo uere dici, sed ne falso quidem posse confingi, quod non ex innocentiae fiducia, quamuis liceat negare, tamen potius habeant defendere."
https://www.thelatinlibrary.com/apuleius/apuleius.apol.shtml,82,"(4)Primum igitur argumenta eorum conuincam ac refutabo nihil ea ad magian pertinere. Dein etsi maxime magus forem, tamen ostendam neque causam ullam neque occasionem fuisse, ut me in aliquo maleficio experirentur.(5)Ibi etiam de falsainuidia deque epistulis mulieris perperam lectis et nequius interpretatis deque matrimonio meo ac Pudentillae disputabo, idque a me susceptum officii gratia quam lucri causa docebo.(6)Quod quidem matrimonium nostrum Aemiliano huic immane quanto angori quantaeque diuidiae fuit. Inde omnis huiusce accusationis obeundae ira et rabies et denique insania exorta est."
https://www.thelatinlibrary.com/apuleius/apuleius.apol.shtml,77,"(7)Quae si omnia palam et dilucide ostendero, tunc denique te, Claudi Maxime, et omnis qui adsunt contestabor puerum illum Sicinium Pudentem priuignum meum, cuius obtentu et uoluntate a patruo eius accusor, nuperrime curae meae eruptum,(8)postquam frater eius Pontianus et natu maior et moribus melior diem suum obiit,(9)atque ita in me ac matrem suam nefarie efferatum, non mea culpa, desertis liberalibus studiis ac repudiata omni disciplina, scelestis accusationis huius rudimentis patruo Aemiliano potius quam fratri Pontiano similem futurum."
https://www.thelatinlibrary.com/apuleius/apuleius.apol.shtml,130,"[29](1)Nunc, ut institui, proficiscar ad omnia Aemiliani huiusce deliramenta orsus ab eo, quod ad suspicionem magiae quasi ualidissimum in principio dici animaduertisti, nonnulla me piscium genera per quosdam piscatores pretio quaesisse.(2)Vtrum igitur horum ad suspectandam magian ualet?(3)Quodne piscatores mihi piscem quaesierunt? Scilicet ergo phrygionibus aut fabris negotium istud dandum fuisse atque ita opera cuiusque artis permutanda, si uellem calumniis uestris uitare, ut faber mihi piscem euerreret, ut piscator mutuo lignum dedolaret.(4)An ex eo intellexistis maleficio quaeri pisciculos, quod pretio quaerebantur? Credo, si conuiuio uellem, gratis quaesissem.(5)Quin igitur etiam ex aliis plerisque me arguitis? Nam saepe numero et uinum et holus et pomum et panem pretio mutaui.(6)Eo pacto cuppedinariis omnibus famem decernis: quis enim ab illis obsonare audebit, si quidem statuitur omnia edulia quae depenso para<n>tur non cenae, sed magiae desiderari?"
https://www.thelatinlibrary.com/apuleius/apuleius.apol.shtml,65,"(7)Quod si nihil remanet suspicionis, neque in piscatoribus mercede inuitatis ad quod solent, ad piscem capiundum (quos tamen nullos ad testimonium produxere, quippe qui nulli fuerunt),(8)neque in ipso pretio rei uenalis (cuius tamen quantitatem nullam taxauere, ne, si mediocre pretium dixissent, contemneretur, si plurimum, non crederetur) _(9)si in his, ut dico, nulla suspicio est, respondeat mihi Aemilianus, quo proximo signo ad accusationem magiae sit inductus."
https://www.thelatinlibrary.com/apuleius/apuleius.apol.shtml,95,"[30](1)'Pisces,' inquit, 'quaeris.' Nolo negare. Sed, oro te, qui pisces quaerit, magus est? Equidem non magis arbitror quam si lepores quaererem uel apros uel altilia.(2)An soli pisces habent aliquit occultum aliis, sed magis cognitum? Hoc si scis quid sit, magus es profecto; sin nescis, confitearis necesse est id te accusare quod nescis.(3)Tam rudis uos esse omnium litterarum, omnium denique uulgi fabularum, ut ne fingere quidem possitis ista uerisimiliter?(4)Quid enim competit ad amoris ardorem accendendum piscis brutus et frigidus aut omnino res pelago quaesita? Nisi forte hoc uos ad mendacium induxit, quod Venus dicitur pelago exorta."
https://www.thelatinlibrary.com/apuleius/apuleius.apol.shtml,54,"(5)Audi sis, Tannoni Pudens, quam multa nescieris, qui de piscibus argumentum magiae recepisti.(6)At si Virgilium legisses, profecto scisses alia quaeri ad hanc rem solere.(7)Ille enim, quantum scio, enumerat uittas mollis et uerbenas pinguis et tura mascula et licia discolora; praeterea laurum fragilem, limum durabilem, ceram liquabilem, nec minus quae iam in opere serio scripsit:"
https://www.thelatinlibrary.com/apuleius/apuleius.apol.shtml,7,(8)'Falcibus et messae ad lunam quaeruntur aenis
https://www.thelatinlibrary.com/apuleius/apuleius.apol.shtml,6,pubentes herbae nigri cum lacte ueneni.
https://www.thelatinlibrary.com/apuleius/apuleius.apol.shtml,7,Quaeritur et nascentis equi de fronte reuulsus
https://www.thelatinlibrary.com/apuleius/apuleius.apol.shtml,4,et matri praereptus amor.'
https://www.thelatinlibrary.com/apuleius/apuleius.apol.shtml,50,"(9)At tu piscium insimulator longe diuersa instrumenta magis attribuis, non frontibus teneris detergenda sed dorsis squalentibus excidenda, nec fundo reuellenda sed profundo extrahenda, nec falcibus metenda sed hamis inuncanda.(10)Postremo in maleficio ille uenenum nominat, tu pulmentum, ille herbas et surculos, tu squamas et ossa, ille pratum decerpit, tu fluctum scrutaris."
https://www.thelatinlibrary.com/apuleius/apuleius.apol.shtml,43,"(11)Memorassem tibi etiam Theocriti paria et alia Homeri et Orphei plurima, et ex comoediis et tragoediis Graecis et ex historiis multa repetissem, ni te dudum animaduertissem Graecam Pudentillae epistulam legere nequiuisse.(12)Igitur unum etiam poetam Latinum attingam; uersus ipsos, quos agnoscent qui Laeuium legere:"
https://www.thelatinlibrary.com/apuleius/apuleius.apol.shtml,4,(13)'Philtra omnia undique eruunt:
https://www.thelatinlibrary.com/apuleius/apuleius.apol.shtml,3,"antipathes illud quaeritur,"
https://www.thelatinlibrary.com/apuleius/apuleius.apol.shtml,3,"trochiscili, ung<u>es, taeniae,"
https://www.thelatinlibrary.com/apuleius/apuleius.apol.shtml,3,"radiculae, herbae, surculi,"
https://www.thelatinlibrary.com/apuleius/apuleius.apol.shtml,4,"saurae inlices bicodulae, hin-"
https://www.thelatinlibrary.com/apuleius/apuleius.apol.shtml,2,nientium dulcedines.'
https://www.thelatinlibrary.com/apuleius/apuleius.apol.shtml,47,"[31](1)Haec et alia quaesisse me potius quam pisces longe uerisimilius confinxisses (his etenim fortasse per famam peruulgatam fides fuisset), si tibi ulla eruditio adfuisset. Enimuero piscis ad quam rem facit captus nisi ad epulas coctus? Ceterum ad magian nihil quicquam uidetur mihi adiutare. Dicam unde id coniectem."
https://www.thelatinlibrary.com/apuleius/apuleius.apol.shtml,94,"(2)Pythagoram plerique Zoroastri sectatorem similiterque magiae peritum arbitrati tamen memoriae prodiderunt, cum animaduertisset proxime Metapontum in litore Italiae suae, quam subsiciuam Graeciam fecerat, a quibusdam piscatoribus euerriculum trahi,(3)fortunam iactus eius emisse et pretio dato iussisse ilico piscis eos, qui capti tenebantur, solui retibus et reddi profundo;(4)quos scilicet eum de manibus amissurum non fuisse[t], si quid[em] in his utile ad magian comperisset.(5)Sed enim uir egregie doctus et ueterum aemulator meminerat Homerum, poetam multiscium uel potius cunctarum rerum adprime peritum, uim omnem medicaminum non mari, sed terrae <a>scripsisse[t], cum de quadam saga ad hunc modum memorauit:"
https://www.thelatinlibrary.com/apuleius/apuleius.apol.shtml,8,"_ ____ _______ ___, ___ ______ ______ ____,"
https://www.thelatinlibrary.com/apuleius/apuleius.apol.shtml,4,(6)itemque alibi carminum similiter:
https://www.thelatinlibrary.com/apuleius/apuleius.apol.shtml,5,__ _______ _____ ________ ______
https://www.thelatinlibrary.com/apuleius/apuleius.apol.shtml,8,"_______, _____ ___ _____ _________, _____ __ _____,"
https://www.thelatinlibrary.com/apuleius/apuleius.apol.shtml,99,"(7)cum tamen numquam apud eum marino aliquo et piscolento medicauit nec Prot[h]eus faciem nec Vlixes scrobem nec Aeolus follem nec Helena creterram nec Circe poculum nec Venus cingulum.(8)At uos soli reperti estis ex omni memoria, qui uim <h>erbarum et radicum et surculorum et lapillorum quasi quadam colluuione naturae de summis montibus in mare transferatis et penitus piscium uentribus insuatis.(9)Igitur ut solebat ad magorum cerimonias aduocari Mercurius carminum uector et illex animi Venus et Luna noctium conscia et manium potens Triuia, uobis auctoribus posthac Neptunus cum Salacia et Portuno et omni choro Nerei ab aestibus fretorum ad aestus amorum transferentur."
https://www.thelatinlibrary.com/apuleius/apuleius.apol.shtml,95,"[32](1)Dixi cur non arbitrer quicquam negotii esse magis et piscibus.(2)Nunc, si uidetur, credamus Aemiliano solere pisces etiam ad magicas potestates adiutare. Num ergo propterea quicumque quaerit et ipse magus est? Eo quidem pacto et qui myoparonem quaesierit pirata erit, et qui uectem perfossor, et qui gladium sicarius.(3)Nihil in rebus omnibus tam innoxium dices, quin id possit aliquid aliqua obesse, nec tam laetum, quin possit ad tristitudinem intellegi.(4)Nec tamen omnia idcirco ad nequiorem suspicionem trahuntur, ut si tus et casiam et myrram ceterosque id genus odores funeri tantum emptos arbitreris, cum et medicamento parentur et sacrificio."
https://www.thelatinlibrary.com/apuleius/apuleius.apol.shtml,46,"(5)Ceterum eodem piscium argumento etiam Menelai socios putabis magos fuisse, quos ait poeta praecipuus flexis hamulis apud Pharum insulam famem propulsasse.(6)Etiam mergos et delfinos et Scyllam tu eodem referes; etiam gulones omnes, qui inpendio a piscatoribus merguntur; etiam ipsos piscatores, qui omnium generum piscis arte adquirunt."
https://www.thelatinlibrary.com/apuleius/apuleius.apol.shtml,58,"(7)'Curergo tu quaeris?' Nolo equidem nec necessarium habeo tibi dicere, sed per te, si potes, ad hoc quaesisse me argue.(8)Vt si elleborum uel cicutam uel sucum papaueris emissem, item alia eiusdem modi quorum moderatus usus salutaris, sed commixtio uel quantitas noxia est, quis aequo animo pateretur, si me per haec ueneficii arcesseres, quod ex illis potest homo occidi?"
https://www.thelatinlibrary.com/apuleius/apuleius.apol.shtml,99,"[33](1)Videamus tamen, quae fuerint piscium genera tam necessaria ad habendum tamque rara ad repperiendum, ut merito statuto praemio quaererentur.(2)Tria omnino nominauerunt, unum falsi, duo mentiti;(3)falsi, quod leporem marinum fuisse dixerunt qui alius omnino piscis fuit, quem mihi Themis[c]on seruus noster medicinae non ignarus, ut ex ipso audisti, ultro attulit ad inspiciundum; nam quidem leporem nondum etiam inuenit.(4)Sed profiteor me quaerere et cetera, non piscatoribus modo, uerum etiam amicis meis negotio dato, quicumque minus cogniti generis piscis inciderit, ut eius mihi aut formam commemorent aut ipsum uiuum, si id nequierint uel mortuum ostendant. Quam ob rem id faciam, mox docebo."
https://www.thelatinlibrary.com/apuleius/apuleius.apol.shtml,76,"(5)Mentiti autem sunt callidissimi accusatores mei _ ut sibi uidentur _, cum me ad finem calumniae confinxerunt duas res marinas impudicis uocabulis quaesisse.(6)Quas Tannonius ille cum utriusque sexus genitalia intellegi uellet, sed eloqui propter infantiam causidicus summus nequiret, multum ac diu haesitato tandem uirile 'marinum' nescio qua circumlocutione male ac sordide nominauit;(7)sed enim feminal nullo pacto repperiens munditer dicere ad mea scripta confugit et quodam libro meo legit: 'interfeminium tegat et femoris obiectu et palmae uelamento.'"
https://www.thelatinlibrary.com/apuleius/apuleius.apol.shtml,74,"[34](1)Hic etiam pro sua grauitate uitio mihi uortebat, quod me nec sordidiora dicere honeste pigeret.(2)At ego illi contra iustius exprobrarim, quod qui eloquentiae patrocinium uulgo profiteatur etiam honesta dictu sordide blateret ac saepe in rebus nequaquam difficilibus fringultiat uel omnino ommutescat.(3)Cedo enim, si ego de Veneris statua nihil dixissem neque interfeminium nominassem, quibus tandem uerbis accusasses crimen illud tam stultitiae quam linguae tuae congruens?(4)An quicquam stultius quam ex nominum propinquitate uim similem rerum coniectam?"
https://www.thelatinlibrary.com/apuleius/apuleius.apol.shtml,91,"(5)Et fortasse an peracute repperisse uobis uidebamini,ut quaesisse me fingeretis ad illecebras magicas duo haec marina, ueretillam et uirginal. _ Disce enim nomina rerum Latina, quae propterea uarie nominaui, ut denuo instructus accuses. _(6)Memento tamen tam ridiculum argumentum fore desiderata ad res uenerias marina obscena, quam si dicas marinum pectinem comendo capillo quaesitum uel aucupandis uolantibus piscem accipitrem aut uenandis apris piscem apriculam aut eliciendis mortuis marina caluaria.(7)Respondeo igitur ad hunc uestrum locum non minus insulse quam absurde commentum me hasce nugas marinas et quiscilias litoralis neque pretio neque gratis quaesisse."
https://www.thelatinlibrary.com/apuleius/apuleius.apol.shtml,96,"[35](1)Illud etiam praeterea respondeo, nescisse uos, quid a me quaesitum fingeretis.(2)Haec enim friuola quae nominastis pleraque in litoribus omnibus congestim et aceruatim iacent et sine ullius opera quamlibet leuiter motis flucticulis ultro foras euoluuntur.(3)Quin ergo dicitis me eadem opera pretio impenso per plurim[is]os piscatoris quaesisse de litore conchulam striatam, testam hebe[n]tem, calculum teretem; praeterea cancrorum furcas, echinum caliculos, lolliginum ligulas;(4)postremo assulas, festucas, resticulas et ostrea [Pergami] uermiculata; denique muscum et algam, cetera maris eiectamenta, quae ubique litorum uentis expelluntur, salo expuuntur, tempestate reciprocantur, tranquillo deseruntur?(5)Neque enim minus istis quae commemoraui accommodari possunt similiter ex uocabulo suspiciones."
https://www.thelatinlibrary.com/apuleius/apuleius.apol.shtml,67,"(6)Posse dicitis ad res uenerias sumpta de mari spuria et fascina propter nominum similitudinem; qui minus possit ex eodem litore calculus ad uesicam, testa ad testamentum, cancer ad ulcera, alga ad quercerum?(7)Ne tu, Claudi Maxime, nimis patiens uir es et oppido proxima humanitate, qui hasce eorum argumentationes diu hercle perpessus sis. Equidem, cum haec ab illis quasi grauia et uincibilia dicerentur, illorum stultitiam ridebam, tuam patientiam mirabar."
https://www.thelatinlibrary.com/apuleius/apuleius.apol.shtml,77,"[36](1)Ceterum quam ob rem plurimos iam piscis cognouerim, quorundam adhuc nescius esse nolim, discat Aemilianus, quoniam usque adeo rebus meis curat.(2)Quanquam est iam praecipiti aeuo et occidua senectute, tamen, si uidetur, accipiat doctrinam seram plane et postumam.(3)Legat ueterum philosophorum monumenta, tandem ut intellegat non me primum haec requisisse, sed iam pridem maiores meos, Aristotelen dico et Theop<h>rastum et [t]Eudemum et Lyconem ceterosque Platonis minores,(4)qui plurimos libros de genitu animalium deque uictu deque particulis deque omni differentia reliquerunt."
https://www.thelatinlibrary.com/apuleius/apuleius.apol.shtml,74,"(5)Bene quod apud te, Maxime, causa agitur, qui pro tua eruditione legisti profecto Aristotelis ____ ____ ________, ____ ____ ________, ____ ____ ________ multiiuga uolumina, praeterea problemata innumera eiusdem, tum ex eademsecta ceterorum, in quibus id genus uaria tractantur.(6)Quae tanta cura conquisita si honestum et gloriosum illis fuit scribere, cur turpe sit nobis experiri, praesertim cum ordinatius et cohibilius eadem Graece et Latine adnitar conscribere et in omnibus aut omissa adquirere aut defecta supplere?"
https://www.thelatinlibrary.com/apuleius/apuleius.apol.shtml,53,"(7)Permittite, si opera est, quaedam legi de magicis meis, ut sciat me Aemilianus plura quam putat quaerere et sedulo explorare.(8)Prome tu librum e Graecis meis, quos forte hic amici habuere sedulique, naturalium quaestionum, atque eum maxime, in quo plura de piscium genere tractata sunt. Interea, dum hic quaerit, ego exemplum rei competens dixero."
https://www.thelatinlibrary.com/apuleius/apuleius.apol.shtml,83,"[37](1)Sophocles poeta Euripidi aemulus et superstes _ uixit enim ad extremam senectam _, cum igitur accusaretur a filio suomet dementiae, quasi iam per aetatem desiperet, protulisse dicitur Coloneum suam, peregregiam tragoediarum, quam forte tum in eo tempore conscribebat,(2)eam iudicibus legisse nec quicquam amplius pro defensione sua addidisse, nisi ut audacter dementiae condemnarent, si carmina senis displicerent.(3)Ibi ego comperior om[a]nis iudices tanto poetae adsurrexisse, miris laudibus eum tulisse ob argumenti sollertiam et coturnum facundiae, nec ita multum omnis afuisse quin accusatorem potius dementiae condemnarent."
https://www.thelatinlibrary.com/apuleius/apuleius.apol.shtml,32,"(4)Inuenisti tu librum? Beasti. Cedo enim experiamur an et mihi possint in iudicio litterae meae prodesse. Lege pauca de principio, dein quaedam de piscibus. At tu interea, dum legit, [t]aquam[quam] sustine. (...)"
https://www.thelatinlibrary.com/apuleius/apuleius.apol.shtml,79,"[38](1)Audisti, Maxime, quorum pleraque scilicet legeras apud antiquos philosophorum.(2)Et memento de solis piscibus haec uolumina a me conscripta, qui eorum coitu progignantur, qui ex limo coalescant, quotiens et quid anni cuiusque eorum generis feminae subent[ant], mares suriant,(3)quibus membris et causis discrerit natura uiuiparos eorum et ouiparos _ ita enim Latine appello quae Graeci _______ et ______ _(4)et, ne <o>perose animalium genitumpergam, deinde de differentia et uictu et membris et aetatibus ceterisque plurimis scitu quidem necessariis, sed in iudicio alienis."
https://www.thelatinlibrary.com/apuleius/apuleius.apol.shtml,94,"(5)Pauca etiam de Latinis scribtis meis ad eandem peritiam pertinentibus legi iubebo, in quibus animaduertes cumre<s> cognitu raras, tum nomina etiam Romanis inusitata et in hodiernum quod sciam infecta; ea tamen nomina labore meo et studio ita de Graecis prouenire, ut tamen Latina moneta percussa sint.(6)Vel dicant nobis, Aemiliane, patroni tui, ubi legerint Latine haec pronuntiata uocabula. De solis aquatilibus dicam nec cetera animalia nisi in communibus differentis attingam.(7)Ausculta igitur quae dicam. Iam me clamabis magica nomina Aegyptio uel Babylonico ritu percensere:(8)________, ________, ____________, ___________, ____________, ____________, _______, ________, ________, __________, ___________, ______, _____________,"
https://www.thelatinlibrary.com/apuleius/apuleius.apol.shtml,29,"_(9)possum etiam pergere; sed non est operae in istis diem terere, ut sit mihi tempus adgredi ad cetera. Haec interim quae dixi pauca recita Latine a me enuntiata. (...)"
https://www.thelatinlibrary.com/apuleius/apuleius.apol.shtml,45,"[39](1)Vtrum igitur putas philosopho non secundum Cynicam temeritatem rudi et indocto, sed qui se Platonicae scolae meminerit _ utrum ei putas turpe scire ista an nescire, neglegere an curare, nosse quanta sit etiam in istis prouidentiae ratio an <de> diis immortalibus matri et patri credere?"
https://www.thelatinlibrary.com/apuleius/apuleius.apol.shtml,19,"(2)Q. Ennius hedyphagetica [a] uersibus scribsit. Innumerabilia genera piscium enumerat, quae scilicet curiose cognorat. Paucos uersus memini, eos dicam:"
https://www.thelatinlibrary.com/apuleius/apuleius.apol.shtml,6,(3)'Omnibus ut Clipea praestat mustela marina!
https://www.thelatinlibrary.com/apuleius/apuleius.apol.shtml,7,"Mures sunt Aeni, asp[e]ra ostrea plurima Abydi[mus],"
https://www.thelatinlibrary.com/apuleius/apuleius.apol.shtml,4,Mytilenae est pecten C<h>aradrumqueapudAmbraciai[finis]
https://www.thelatinlibrary.com/apuleius/apuleius.apol.shtml,9,"Brundisii sargus bonus est (hunc, magnus si erit, sume)."
https://www.thelatinlibrary.com/apuleius/apuleius.apol.shtml,6,Apriculum piscem scito primum esse Tarenti.
https://www.thelatinlibrary.com/apuleius/apuleius.apol.shtml,7,Surrenti[a] elopem fac emas glaucumque aput Cumas.
https://www.thelatinlibrary.com/apuleius/apuleius.apol.shtml,7,Quid scarum praeterii cerebrum Iouis paene sup[p]remi
https://www.thelatinlibrary.com/apuleius/apuleius.apol.shtml,7,"(Nestoris ad patriam hic capitur magnusque bonusque),"
https://www.thelatinlibrary.com/apuleius/apuleius.apol.shtml,5,"melanurum, turdum, merulamque umbramque marinam?"
https://www.thelatinlibrary.com/apuleius/apuleius.apol.shtml,5,"Polypus Corcyrae, caluaria pinguia <a>carnae,"
https://www.thelatinlibrary.com/apuleius/apuleius.apol.shtml,6,"purpura[m], mu[r]riculi, mures, dulces quoque echini.'"
https://www.thelatinlibrary.com/apuleius/apuleius.apol.shtml,36,"(4)Alios etiam multis uersibus decorauit, et ubi gentium quisque eorum, qualiter assus aut iurulentus optime sapiat, nec tamen ab eruditis reprehenditur; ne ego reprehendar, qui res paucissimis cognitas Graece et Latine propriis et elegantibus uocabulis conscribo."
https://www.thelatinlibrary.com/apuleius/apuleius.apol.shtml,95,"[40](1)Cum hoc satis dixi, tum aliud accipe. Quid enim tandem, si medicinae neque instudiosus neque imperitus quaepiam remedia ex piscibus quaero?(2)Vt sane sunt plurima cum in aliis omnibus rebus eodem naturae munere interspersa atque interseminata, tum etiam nonnulla in piscibus.(3)An remedia nosse et ea conquirere magi potius essequam medici, quam denique philosophi putas, qui illis non ad quaestum, sed ad suppetias usuru<s> est?(4)Veteres quidem medici etiam carmina remedia uulnerum norant, ut omnis uetustatis certissimus auctor Homerus docet, qui facit Vlixi de uulnere sanguinem profluentem sisti cantamine. Nihil enim quod salutis ferendae gratia fit, criminosum est."
https://www.thelatinlibrary.com/apuleius/apuleius.apol.shtml,105,"(5)'At enim,' inquit, 'piscem cui rei nisi malae proscidisti, quem tibi Themis[c]on seruus attulit?' Quasi uero non paulo prius dixerim me de particulis omnium animalium, de situ earum de[ni]que numero de[ni]que causa conscribere ac libros ________ Aristoteli et explorare studio et augere.(6)Atque adeosumme miror quod unum a me pisciculum inspectum sciatis, cum iam plurimos, ubicumque locorum oblati sunt, aeque inspexerim,(7)praesertim quod nihil ego clanculo sed omnia in propatulo ago,ut quiuis uel extrarius arbiter adsistat, more hoc et instituto magistrorum meorum, qui aiunt hominem liberum et magnificum debere, si queat, in primori fronte animum gestare.(8)Hunc adeo pisciculum, quem uos leporem marinum nominatis, plurimis qui aderant ostendi."
https://www.thelatinlibrary.com/apuleius/apuleius.apol.shtml,65,"(9)Necdum etiam decerno quid uocent, nisi quaeram sane accuratius, quod nec apud ueteres philosophos proprietatem eius piscis reperio, quanquam sit omnium rarissima et hercule memoranda.(10)Quippe solus ille, quantum sciam, cum sit cetera exossis, duodecim numero ossa ad similitudinem talorum suillorum in uentre eius conexa et catenata sunt.(11)Quod Aristotelesnumquam profecto omisisset scribto prodere, qui aselli piscis solius omnium in medio aluo corculum situm pro maximo memorauit."
https://www.thelatinlibrary.com/apuleius/apuleius.apol.shtml,98,"[41](1)'Piscem,' inquit, 'proscidisti.' Hoc quis ferat philosopho crimen esse, quod lanio uel coquo non fuisset?(2)'Piscem proscidisti.' Quod crudum, id accusas? Si cocto uentrem rusparer, hepatia suffoderem, ita ut apud te puerulus ille Sicinius Pudens suomet obson<i>o discit, eam rem non putares accusandam. Atqui maius crimen est philosopho comesse piscis quam inspicere.(3)An hariolis licet iocinera rimari, philosopho contemplari non licebit, qui se sciat omnium animalium haruspicem, omnium deum sacerdotem?(4)Hoc in me accusas, quod ego et Maximus in Aristotele miramur? Cuius nisi libros bibliothecis exegeris et studiosorum manibus extorseris, accusare me non potes. Sed de hoc paene plura quam debui."
https://www.thelatinlibrary.com/apuleius/apuleius.apol.shtml,78,"(5)Nuncpraeterea uide, quam ipsi sese reuincant. Aiunt mulierem magicis artibus, marinis illecebris a me petitam eo in tempore, quo me non negabunt in Gaetuliae mediterranis montibus fuisse, ubi pisces per Deucalionis diluuia repperientur.(6)Quod ego gratulor nescire istos legisse me Theophrasti quoque ____ _______ ___ ____<__>__ et Nicandri _______, ceterum me etiamueneficiireum postularent;(7)at quidem hoc negotium ex lectione et aemulatione Aristoteli nactus sum, nonnihil et Platone meo adhortante, qui ait eum, qui ista uestiget, ____________ _______ __ ___ _______."
https://www.thelatinlibrary.com/apuleius/apuleius.apol.shtml,101,"[42](1)Nunc quoniam pisces horum satis patuerunt, accipe aliud pari quidem stultitia, sed multo tanta uanius et nequius excogitatum.(2)Scierunt et ipsi argumentum piscarium futile et nihil futurum, praeterea nouitatem eius ridiculam (quis enim fando audiuit ad magica maleficia disquamari et exdorsari piscis solere?), potius aliquid de rebus peruulgatioribus et iam creditis fingendum esse.(3)Igitur ad praescriptum opinionis et famae confinxere puerum quempiam carmine cantatum remotis arbitris, secreto loco, arula et lucerna et paucis consciis testibus, ubi incantatus sit, corruisse, postea nesciente<m> sui excitatum _(4)nec ultra isti quidem progredi mendacio ausi. Enim fabula ut impleretur, addendum etiam illud fuit, puerum eundem multa praesagio praedixisse."
https://www.thelatinlibrary.com/apuleius/apuleius.apol.shtml,104,"(5)Quippe hoc emolumentum canticis accipimus, praesagium et diuinationem, nec modo uulgi opinione, uerum etiam doctorum uirorum auctoritate hoc miraculum de pueris confirmatur.(6)Memini me apud Varronem philosophum, uirum accuratissime doctum atque eruditum, cum alia eiusdem modi, tum hoc etiam legere: Trallibus de euentu Mithridatici belli magica percontatione consultantibus puerum in aqua simulacrum Mercuri contemplantem quae futura erantCLX uersibus cecinisse.(7)Itemque Fabium, cum quingentos denarium perdidisset, ad Nigidium consultum uenisse; ab eo pueros carmine instinctos indicauisse, ubi locorum defossaesset crumina cum parti eorum, ceteri ut forent distributi;(8)unum etiam denarium ex eo numero habere M. Catonem philosophum; quem se a pedisequo in stipe Apollinis accepisse Cato confessus est."
https://www.thelatinlibrary.com/apuleius/apuleius.apol.shtml,88,"[43](1)Haec et alia apud plerosque de magiis et pueris lego equidem, sed dubius sententiae sum, dicamne fieri posse an negem,(2)quamquam Platoni credam inter deos atque homines natura et loco medias quasdam diuorum potestates intersitas, easque diuinationes cunctas et magorum miracula gubernare.(3)Quin et illud mecum reputo: posse animum humanum, praesertim puerilem et simplicem, seu carminum auocamento siue odorum delenimento soporari et ad obliuionem praesentium externari et paulisper remota corporis memoria redigi ac redire ad naturam suam, quae est immortalis scilicet et diuina, atque ita uelutquodam sopore futura rerum praesagare."
https://www.thelatinlibrary.com/apuleius/apuleius.apol.shtml,81,"(4)Verum enimuero, ut ista sese habent, si qua fides hisce rebus impertienda est, debet ille nescio qui puer prouidus, quantum ego audio, et corpore decorus atque integer deligi et animo sollers et ore facundus,(5)ut in eo aut diuina potestas quasi bonis aedibus digne diuersetur (si tamen ea pueri corpore includitur), an ipse animus expergitus cito ad diuinationem suam redigatur, quae ei prompte insita et nulla obliuione saucia et hebes facile resumatur.(6)Non enim ex omni ligno, ut Pythagoras dicebat, debet Mercurius exculpi."
https://www.thelatinlibrary.com/apuleius/apuleius.apol.shtml,75,"(7)Quod si ita est, nominate, quis ille fuerit puer sanus, incolumis, ingeniosus, decorus, quem ego carmine dignatus sim initiare.(8)Ceterum Thallus, quem nominastis, medico potius quam mago indiget.(9)Est enim miser morbo comitiali ita confectus, ut ter an quater die saepe numero sine ullis cantaminibus corruat omniaque membra conflictationibus debilitet, facie ulcerosus, fronte et occipitio conquassatus, oculis hebes, naribus hiulcus, pedibus caducus.(10)Maximus omnium magus est, quo praesente Thallus diu steterit: ita plerumque morbo ceu somno uergens inclinatur."
https://www.thelatinlibrary.com/apuleius/apuleius.apol.shtml,69,"[44](1)Eum tamen uos carminibus meis subuersum dixistis, quod forte me coram semel decidit.(2)Conserui eius plerique adsunt, quos ex<h>iberi denuntiastis. Possunt dicere omnes quid in Thallo despuant, cur nemo audeat cum eo ex eodem catino cenare, eodem poculo bibere.(3)Et quid ego de seruis? Vos ipsi uidetis. Negate Thallum multo prius quam ego Oeam uenirem corruere eo morbo solitum, medicis saepe numero ostensum!(4)Negant hoc conserui eius, qui sunt in ministerio uestro?"
https://www.thelatinlibrary.com/apuleius/apuleius.apol.shtml,78,"Omnium rerum conuictum me fatebor, nisi rus adeo iam diu ablegatus est in longinquosagros, ne familiam contaminaret. Quod ita factum nec ab illis negari potest.(5)Eo nec potuit hodie a nobis exhiberi. Nam ut omnis ista accusatio temeraria et repentina fuit, nudius tertius nobis Aemilianus denuntiauit, ut seruos numero quindecim apud te exhiberemus.(6)Adsunt XIIII, qui in oppido erant. Thallus solus, ut dixi, quod ferme ad centesimum lapidem longe exulest, is Thallus solus abest, sed misimus qui eum curriculo aduehat."
https://www.thelatinlibrary.com/apuleius/apuleius.apol.shtml,84,"(7)Interroga, Maxime, XIIII seruos quos exhibemus, Thallus puer ubi sit et quam salue agat, interroga seruos accusatorum meorum. Non negabunt turpissimum puerum, corpore putri et morbido, caducum, barbarum, rusticanum.(8)Bellum uero puerum elegistis, quem quis sacrificio adhibeat, cuius caput contingat, quem puro pallio amiciat, a quo responsum speret.(9)Velle<m> hercle adesset. Tibi eum, Aemiliane, permisissem, et tenerem, si tu interrogares. Iam in media quaestione hic ibidem pro tribunali oculos trucis in te inuertisset, faciem tuam spumabundus conspuisset, manus contraxisset, caput succussisset, postremo in sinu tuo corruisset."
https://www.thelatinlibrary.com/apuleius/apuleius.apol.shtml,95,"[45](1)XIIII seruos quos postulasti exhibeo. Cur illis ad quaestionem nihil uteris? Vnum puerum atque eum caducum requiris, quem olim abesse pariter mecum scis. Quae alia est euidentior calumnia? XIIII serui petitu tuo adsunt, eos dissimulas; unus puerulus abest, eum insimulas.(2)Postremo quid uis? Puta Thallum adesse: uis probare eum praesente me concidisse? Vltro confiteor. Carmine id factum dicis? Hoc puer nescit, ego non factum reuinco. Nam caducum esse puerum nec tu audebis negare.(3)Cur ergo carmini potius quam morbo attribuatur eius ruina? An euenire non potuit ut forte praesente me idem pateretur, quod saepe alias multis praesentibus?"
https://www.thelatinlibrary.com/apuleius/apuleius.apol.shtml,64,"(4)Quod si magnum putarem caducum deicere, quid opus carmine fuit, cum incensus gagates lapis, ut apud physicos lego, pulchre et facile hunc morbum exploret, cuius odore etiam in uenaliciis uulgo sanitatem aut morbum uenalium experiantur?(5)Etiam orbis a figulo circumactus non difficile eiusdem ualetudinis hominem uertigine sui corripit, ita spectaculum rotationis eius animum saucium debilitat. Ac multo plus ad caducos[e] consternendos figulus ualet quam magus."
https://www.thelatinlibrary.com/apuleius/apuleius.apol.shtml,83,"(6)Tu frustra postulasti, ut seruos exhiberem; ego non de nihilo postulo ut nomines, quinam testes huic piaculari sacro adfuerint, cum ego ruentem Thallum impellerem.(7)Vnum omnino nominas puerulum illum Sicinium Pudentem, cuius me nomine accusas; is enim adfuisse se dicit. Cuius pueritia etsi nihil ad re<li>gionem refragaretur, tamen accusatio fidem deroget.(8)Facilius fuit, Aemiliane, ac multo grauius, tete ut ipsum diceres interfuisse et ex eo sacro coepisse dementire potius quam totum negotium quasi ludicrum pueris donares: puer cecidit, puer uidit. Num etiam puer aliqui incantauit?"
https://www.thelatinlibrary.com/apuleius/apuleius.apol.shtml,43,"[46](1)Hic satis ueteratorie Tannonius Pudens, cum hoc quoque mendacium frigere ac prope iam omnium uultu et murmure explosum uideret, ut uel suspiciones quorundam spe moraretur, ait pueros alios producturum, qui sint aeque a me incantati, atque ita ad aliam speciem argumenti transgressus est."
https://www.thelatinlibrary.com/apuleius/apuleius.apol.shtml,104,"(2)Quod quamquam dissimulare potui, tamen ut omnia, ita hoc quoque ultro prouoco. Cupio enim produci eos pueros, quos spe libertatis audio confirmatos ad mentiendum. Sed nihil amplius dico: ut producant.(3)Postulo igitur et flagito, Tannoni Pudens, ut expleas quod pollicitu's. Cedo pueros istos, quibus confiditis: produc, nomina qui sint. Mea aqua licet ad hoc utare. Dic, inquam, Tannoni.(4)Quid taces, quid cunctaris, quid respectas? Quod si hic nescit quid dixerit aut nomina oblitus est, at tu, Aemiliane, cede huc, dic quid aduocato tuo mandaueris, exhibe pueros.(5)Quid expalluisti? Quid taces? Hocine accusare est, hocine tantum crimen deferre, an Claudium Maximum, tantum uirum, ludibrio habere, me calumnia insectari?"
https://www.thelatinlibrary.com/apuleius/apuleius.apol.shtml,22,"(6)Quod si forte patronus tuus uerbo prolapsus est et nullos pueros habes quos producas, saltem XIIII seruis quos ex<h>ibui ad aliquid utere."
https://www.thelatinlibrary.com/apuleius/apuleius.apol.shtml,175,"[47](1)Aut cur sisti postulabas tantam familiam? Magiae accusans de XV seruis denuntiasti; quid, si de ui accusares, quottandem seruos postulares?(2)Sciunt ergo aliquid XV serui et occultum est. An occultum non est et magicum est? Alterum horum fatearis necesse est: aut inlicitum non fuisse in quo tot conscios non timuerim, aut si inlicitum fuit, scire tot conscios non debuisse.(3)Magia ista, quantum ego audio, res est legibus delegata, iam inde antiquitus XII tabulis propter incredundas frugum inlecebras interdicta, igitur et occulta non minus quam tetra et horribilis, plerumque noctibus uigilata et tenebris abstrusa et arbitris solitaria et carminibus murmurata,(4)cui non modo seruorum, uerum etiam liberorum pauci adhibentur.(5)Et tu quindecim seruos uis interfuisse? Nubtiaene illae fuerunt an aliud celebratum officium an conuiuium tempestiuum? XV serui sacrum magicum participant, quasi XV uiri sacris faciundis creati?(6)Cui tamen rei tot numero adhibuissem, si conscientiae nimis multi sunt? XV liberi homines populus est, totidem serui familia, totidem uincti ergastulum.(7)An adiutorio multitudo eorum necessaria fuit, qui diutine hostias lustralis tenerent? Atnullas hostias nisi gallinas nominastis. Anut grana turis numerarent? An ut Thallum prosternerent?"
https://www.thelatinlibrary.com/apuleius/apuleius.apol.shtml,70,"[48](1)Mulierem etiam liberam perductam ad me domum dixistis eiusdem Thalli ualetudinis, quam ego pollicitus sim curaturum, eam quoque a me incantatam corruisse.(2)Vt uideo, uos palaestritam, non magum accusatum uenistis: ita omnis qui me accesseredicitis cecidisse.(3)Negauit tamen quaerente te, Maxime, Themison medicus, a quo mulier ad inspiciendum perducta est, quicquam ultra passam nisi quaesisse me, ecquid illi aures obtinnirent et utra earum magis;(4)ubi responderit dexteram sibi aurem nimis inquietam, confestim discessisse."
https://www.thelatinlibrary.com/apuleius/apuleius.apol.shtml,65,"(5)Hic ego, Maxime, quanquam sedulo inpraesentiarum a laudibus tuis tempero, necubi tibi ob causam istam uidear blanditus, tamen sollertiam tuam in percontando nequeo quin laudem.(6)Dudum enim, cum haec agitarentur et illi incantatam mulierem dicerent, medicus qui adfuerat abnueret, quaesisti tu nimis quam prudenter, quod mihi emolumentum fuerit incantandi.(7)Responderunt: 'Vt mulier rueret.' 'Quid deinde? Mortua est?' inquis. Negarunt. 'Quid ergo dicitis? Quod Apulei commodum, si ruisset?'"
https://www.thelatinlibrary.com/apuleius/apuleius.apol.shtml,81,"(8)Ita enim pulchre ac perseueranter tertio quaesisti, ut qui scires omnium factorum rationes diligentius examinandas ac saepius causas quaeri, facta concedi, eoque etiam patronos litigatorum causidicos nominari, quod cur quaeque facta sint expediant.(9)Ceterum negare factum facilis res est et nullo patrono indiget; recte factum uel perperam docere, id uero multo arduum et difficile est. Frustra igitur an factum sit anquiritur, quod nullam malam causam habuit ut fieret.(10)Ita facti reus apud bonum iudicem scrupulo quaestionis liberatur, si nulla fuit ei ratio peccandi."
https://www.thelatinlibrary.com/apuleius/apuleius.apol.shtml,64,"(11)Nunc quoniam neque incantatam neque prostratam mulierem probauerunt et ego non nego petitu medici a me inspectam, dicam tibi, Maxime, cur illud de aurium tinnitu quaesierim,(12)non tam purgandi mei gratia in ea re, quam tu iam praeiudicasti neque culpae neque crimini confinem, quam ut ne quid dignum auribus tuis et doctrinae tuae congruens reticuerim.(13)Dicam igitur quam breuissime potuero; etenim admonendus es mihi, non docendus."
https://www.thelatinlibrary.com/apuleius/apuleius.apol.shtml,114,"[49](1)Plato philosophus in illo praeclarissimo Timaeo caelesti quadam facundia uniuersum mundum molitus,(2)igitur postquam de nostri quoque animi trinis potestatibus sollertissime disseruit, et cur quaeque membra nobis diuina prouidentia fabricata sint aptissime docuit, causam morborum omnium trifariam percenset.(3)Primam causam primordiis corporis adtribuit, si ipsae elementorum qualitates, uuida et frigida, et h[i]is duae aduorsae non congruant. Id adeo euenit, cum quaepiam earum modo excessit aut loco demigrauit.(4)Sequens causa morborum inest in eorum uitio, quae iam concreta ex simplicibus elementis una tamen specie coaluerunt, ut est sanguinis species et uisceris et ossi et medullae, porro illa quae ex hisce singularibus mixta sunt.(5)Tertio in corpore concrementa uarii fellis et turbidi spiritus et pinguis humoris nouissima aegritudinum incitamenta sunt."
https://www.thelatinlibrary.com/apuleius/apuleius.apol.shtml,71,"[50](1)Quorum e numero praecipuastmateria morbi comitialis, de quo dicere exorsus sum, cum caro in humorem crassum et spumidum inimico igni conliquescit et spirituindidem parto ex candore compressi aeris albida et tumida tabes fluit.(2)Ea namque tabes si foras corporis prospirauit, maiore dedecore quam noxa diffunditur. Pectoris enim primorem cutim uitiligine insignit et omnimodis maculationibus conuariat.(3)Sed cui hoc usu uenerit, numquam postea comitiali morbo adtemptatur. Ita aegritudinem animi grauissimam leui turpitudine corporis compensat."
https://www.thelatinlibrary.com/apuleius/apuleius.apol.shtml,114,"(4)Enimuero si perniciosa illa dulcedo intus cohibita et bili atrae sociata uenis omnibus furens peruasit, dein ad summum caput uiam molita dirum fluxum cerebro immiscuit, ilico regalem partem animi debilitat, quae ratione pollens uerticem hominis uelutarcem et regiam insedit.(5)Eius quippe diuinas uias et sapientis meatus obruit et obturbat. Quod facit minore pernicie per soporem, cum potu et cibo plenos comitialis morbi praenuntia strangulatione modice angit.(6)Sed si usque adeo aucta est, ut etiam uigilantium capiti offundatur, tum uero repentino mentis nubilo obtorpescunt et moribundo corpore, cessante animo cadunt.(7)Eum nostri non modo maiorem et comitialem, uerum etiam diuinum morbum, ita ut Graeci _____ _____, uere nuncuparunt, uidelicet quod animi partem rationalem, quae longe sanctissimast, eam uiolet."
https://www.thelatinlibrary.com/apuleius/apuleius.apol.shtml,137,"[51](1)Agnoscis, Maxime, rationem Platonis quantum potui pro tempore perspicue explicatam.(2)Cui ego fidem arbitratus causam diuini morbi esse, cum illa pestis in caput redu<n>dauit, haudquaquam uideor de nihilo percontatus, an esset mulieri illi caput graue, ceruix torpens, tempora pulsata, aures sonorae. [et](3)Ceterum, quod dexterae auris crebriores tinnitus fatebatur, signum erat morbi penitus adacti. Nam dextera corporis ualidiora sunt eoque minus spei ad sanitatem relinquunt, cum et ipsa aegritudini succumbunt.(4)Aristoteles adeo in problematis scriptum reliquit: quibus aeque caducis a dextero morbus occipiat, eorum esse difficiliorem medelam.(5)Longum est, si uelim Theophrasti quoque sententiam de eodem morbo recensere. Est enim etiam eius egregius liber de caducis.(6)Quibus tamen in alio libro, quem de inuidentibus animalibus conscribsit, remedio esse ait exuuias stelionum, quas uelut senium more ceterorum serpentium temporibus statutis exuant;(7)sed nisi confestim eripias, malignone praesagio an naturali adpetentia ilico conuertuntur et deuorant."
https://www.thelatinlibrary.com/apuleius/apuleius.apol.shtml,32,"(8)Haec idcirco commemoraui nobilium philosophorum disputata, simul et libros sedulo nominaui nec ullum ex medicis aut poetis uolui attingere, ut isti desinant mirari, si philosophi suapte doctrina causas morborum et remedia nouerunt."
https://www.thelatinlibrary.com/apuleius/apuleius.apol.shtml,51,"(9)Igitur cum ad inspiciendum mulier aegra curationis gratia ad me perducta sit atque hoc et medici confessione qui adduxit acmea ratiocinatione recte factum esse conueniat,(10)aut constituant magi et malefici hominis esse morbis mederi, aut, si hoc dicere non audent, fateantur se in puero et muliere caducis uanas etprorsus caducas calumnias intendisse."
https://www.thelatinlibrary.com/apuleius/apuleius.apol.shtml,123,"[52](1)Immo enim, si uerum uelis, Aemiliane, tu potius caducus qui iam tot calumniis cecidisti. Neque enim grauius est corpore quam corde collabi, pede potius quam mente corruere, in cubiculo despui quam in isto splendidissimo coetu detestari.(2)At tu fortasse te putas sanum, quod non domi contineris, sed insaniam tuam, quoquo te duxerit, sequeris. Atqui contende,si uis, furorem tuum cum Thalli furore: inuenies non permultum interesse, nisi quod Thallus sibi, tu etiam aliis furis.(3)Ceterum Thallus oculos torquet, tu ueritatem; Thallus manus contrahit, tu patronos; Thallus pauimentis inliditur, tu tribunalibus. Postremo ille quidquid agit in aegritudine facit, ignorans peccat;(4)at tu, miser, prudens et sciens delinquis, tanta uis morbi te instigat. Falsum pro uero insimulas; infectum pro facto criminaris; quem innocentem liquido scis, tamen accusas ut nocentem."
https://www.thelatinlibrary.com/apuleius/apuleius.apol.shtml,73,"[53](1)Quin etiam _ quod praeterii _ sunt quae fatearis nescire, et eadem rursus, quasi scias, criminari<s>.(2)Ais enim me habuisse quaedam sudariolo inuoluta apud lares Pontiani. Ea inuoluta quae et cuius modi fuerint, nescisse te confiteris, neque praeterea quemquam esse qui uiderit; tamen illa contendis instrumenta magiae fuisse.(3)Nemo tibi blandiatur, Aemiliane: non est in accusando uersutia ac ne impudentia quidem, ne tu arbitreris. Quid igitur? Furor infelix acerbi animi et misera insania crudae senectutis."
https://www.thelatinlibrary.com/apuleius/apuleius.apol.shtml,90,"(4)His enim paene uerbis cum tam graui et perspicaci iudice egisti: 'Habuit Apuleius quaepiam linteolo inuoluta apud lares Pontiani. Haec quoniam ignoro quae fuerint, iccirco magica fuisse contendo. Crede igitur mihi quod dico, quia id dico quod nescio.'(5)O pulchra argumenta et aperte crimen reuincentia! 'Hoc fuit, quoniam quid fuerit ignoro.' Solus repertus es, Aemiliane, qui scias etiam illa quae nescis. Tantum super omnis stultitiaeuectus es,(6)quippe qui sollertissimi et acerrimi philosophorum ne is quidem confidendum esse aiunt quae uidemus, at tu de illis quoque adfirmas, quae neque conspexisti umquam neque audisti."
https://www.thelatinlibrary.com/apuleius/apuleius.apol.shtml,86,"(7)Pontianus si uiueret atque eum interrogares, quae fuerint in illo inuolucro, nescire se responderet.(8)Libertus eccille, qui clauis eius loci in hodiernum habet et a uobis stat, numquam se ait inspexisse, quanquam ipse aperiret utpote promus librorum qui illic erant conditi, paene cotidie et clauderet, saepe nobiscum, multo saepius solus intraret, linteum in mensa positum cerneret sine ullo sigillo, sine uinculo.(9)Quidni enim? Magicae res in eo occultabantur: eo neglegentius adseruabam, sed enimlibere scrutandum et inspiciendum si liberet, etiam auferendum temere exponebam, alienae custodiae commendabam, alieno arbitrio permittebam!"
https://www.thelatinlibrary.com/apuleius/apuleius.apol.shtml,42,"(10)Quid igitur inpraesentiarum uis tibi credi? Quodne Pontianus nescierit, qui indiuiduo contubernio mecum uixit, id te scire, quem numquam uiderim nisi pro tribunali?(11)An quod libertus adsiduus, cui omnis facultas inspiciendi fuit, quod is libertus non uiderit, te qui numquam eo accesseris uidisse?"
https://www.thelatinlibrary.com/apuleius/apuleius.apol.shtml,87,"(12)Denique ut quod non uidisti, id tale fuerit quale dicis. Atqui, stulte, si hodie illud sudariolum tu intercepisses, quicquid ex eo promeres, ego magicum negarem. [54](1)Tibi adeo permitto, finge quiduis, [r]eminiscere, excogita, quod possit magicum uideri: tamen de eo tecum decertarem.(2)Aut ego subiectum dicerem aut remedio acceptum aut sacro traditum aut somnio imperatum. Mille alia sunt quibus possem more communi et uulgatissima obseruationum consuetudine uere refutare.(3)Nunc id postulas, ut, quod reprehensum et detentum tamen nihil me apud bonum iudicem laederet, id inani suspicione incertum et incognitum condemnet."
https://www.thelatinlibrary.com/apuleius/apuleius.apol.shtml,70,"(4)Haud sciam an rursus, ut soles, dicas: 'Quid ergo illud fuit, quod linteo tectum apud lares potissimum deposuisti?' Itane est, Aemiliane? Sic accusas, ut omnia a reo percontere, nihil ipse adferas cognitum?(5)'Quam ob rem piscis quaeris?' 'Cur aegram mulierem inspexisti?' 'Quid in sudario habuisti?' Vtrum tu accusatum an interrogatum uenisti? Si accusatum, tute argue quae dicis; si interrogatum, noli praeiudicare quid fuerit, quod ideo te necesse est interrogare, quia nescis."
https://www.thelatinlibrary.com/apuleius/apuleius.apol.shtml,118,"(6)Ceterum hoc quidem pacto omnes homines rei constituentur, si ei, qui nomen cuiuspiam detulerit, nulla necessitas sit probandi, omnis contra facultas percontandi. Quippe omnibus sic, ut forte negotium magiae facessitur, quicquid omnino egerint obicietur.(7)Votum in alicuius statuae femore signasti: igitur magus es. Aut cur signasti? Tacitas preces in templo deis allegasti: igitur magus es. Aut quid optasti? Contra, nihil in templo precatus es: igitur magus es. Aut cur deos non rogasti? Similiter, si posueris donum aliquod, si sacrificaueris, si uerbenam sumpseris.(8)Dies me deficiet, si omnia uelim persequi, quorum rationem similiter calumniator flagitabit. Praesertim quod conditum cumque, quod obsignatum, quod inclusum domi adseruatur, id omne eodem argumento magicum dicetur aut e cella promptaria in forum atque in iudicium proferetur."
https://www.thelatinlibrary.com/apuleius/apuleius.apol.shtml,44,"[55](1)Haec quanta sint et cuius[ce] modi, Maxime, quantusque campus calumniis hoc Aemiliani tramite aperiatur, quantique sudores innocentibus hoc uno sudariolo adferantur, possum equidem pluribus disputare,(2)sed faciam quod institui: etiam quod non necesse est confitebor et interrogatus ab Aemiliano respondebo.(3)Interrogas, Aemiliane, quid in sudario habuerim."
https://www.thelatinlibrary.com/apuleius/apuleius.apol.shtml,83,"At ego, quanquam omnino positum ullum sudarium meum in bybliotheca Pontiani possim negare(4)ac, <si> maxime fuisse concedam, tamen habeam dicere nihil in eo inuolutum fuisse _(5)quae si dicam, neque testimonio aliquo neque argumento reuincar; nemo est enim qui attigerit, unus libertus, ut ais, qui uiderit _,(6)tamen, inquam, per me licet fuerit refertissimum. Sic enim, si uis, arbitrare, ut olim Vlixi socii thesaurum repperisse arbitrati sunt, cum utrem uentosissimum manticularentur.(7)Vin dicam, cuius modi illas res in sudario obuolutas laribus Pontiani commendarim? Mos tibi geretur."
https://www.thelatinlibrary.com/apuleius/apuleius.apol.shtml,106,"(8)Sacrorum pleraque initia in Graecia participaui. Eorum quaedam signa et monumenta tradita mihi a sacerdotibus sedulo conseruo. Nihil insolitum, nihil incognitum dico. Vel unius Liberi patris mystae qui adestis, scitis quid domi conditum celetis et absque omnibus profanis tacite ueneremini.(9)At ego, ut dixi, multiiuga sacra et plurimos ritus et uarias cerimonias studio ueri et officio erga deos didici.(10)Nec hoc ad tempus compono, sed abhinc ferme triennium est, cum primis diebus quibus Oeam ueneram p[l]ublice disserens de Aesculapii maiestate eadem ista prae me tuli et quotsacra nossem percensui.(11)Ea disputatio celebratissima est, uulgo legitur, in omnibus manibus uersatur, non tam facundia mea quam mentione Aesculapii religiosis Oeensibus commendata."
https://www.thelatinlibrary.com/apuleius/apuleius.apol.shtml,33,"(12)Dicite aliquis, si qui forte meminit, huius loci principium. (...) Audisne, Maxime, multos suggerentis? Immo, ecce etiam liber offertur. Recitari ipsa haec iubebo, quoniam ostendis humanissimo uultu auditionem te istam non grauari. (...)"
https://www.thelatinlibrary.com/apuleius/apuleius.apol.shtml,69,"[56](1)Etiamne cuiquam mirum uideri potest, cui sit ulla memoria religionis, hominem tot mysteriis deum conscium quaedam sacrorum crepundia domi adseruare atque ealineo texto inuoluere, quod purissimum est rebus diuinis uelamentum?(2)Quippe lana, segnissimi corporis excrementum, pecori detracta, iam inde Orphei et Pythagorae scitis profanus uestitus est. Sed enim mundissima lini seges inter optumas fruges terra exorta non modo indutui et amictui sanctissimis Aegyptiorum sacerdotibus, sed opertui quoque rebus sacris usurpatur."
https://www.thelatinlibrary.com/apuleius/apuleius.apol.shtml,144,"(3)Atque ego scio nonnullos et cum primis Aemilianum istum facetiae sibi habere res diuinas deridere.(4)Nam, ut audio partim Oe<e>nsium qui istum nouere, nulli deo ad hoc aeui supplicauit, nullum templum frequentauit, si fanum aliquod praetereat, nefas habet adorandi gratia[m] manum labris admouere.(5)Isteuero nec dis rurationis, qui eum pascunt ac uestiunt, segetis ullas aut uitis aut gregis primitias impertit. Nullum in uilla eius delubrum situm, nullus locus aut lucus consecratus.(6)Ecquid ego de luco et delubro loquor? Negant uidisse se qui fuere unum saltem in finibus eius aut lapidem unctum aut ramum coronatum.(7)Igitur adgnomenta ei duo indita: Charon, ut iam dixi, ob oris et animi diritatem, sed alterum, quod libentius audit, ob deorum contemptum, Mezentius.(8)Quapropter facile intellego hasce ei tot initiorum enumerationes nugas uideri, et fors anne ob hanc diuini contumaciam non inducat animum uerum esse quod dixi, me sanctissime tot sacrorum signa et memoracula custodire."
https://www.thelatinlibrary.com/apuleius/apuleius.apol.shtml,43,"(9)Sed ego, quid de me Mezentius sentiat, manum non uorterim, ceteris autem clarissima uoce profiteor: si qui forte adest eorundem sollemnium mihi particeps, signum dato, et audias licet quae ego adseruem.(10)Nam equidem nullo umquam periculo compellar, quae reticenda accepi, haec ad profanos enuntiare."
https://www.thelatinlibrary.com/apuleius/apuleius.apol.shtml,37,"[57](1)Vt puto, Maxime, satis uideor cuiuis uel iniquissimo animum explesse et, quod ad sudarium pertineat, omnem criminis maculam detersisse, ac bono iam periculo ad testimonium illud Crassi, quod post ista quasi grauissimum legerunt, a suspicionibus Aemiliani transcensurus."
https://www.thelatinlibrary.com/apuleius/apuleius.apol.shtml,170,"(2)Testimonium ex libello legi audisti gumiae cuiusdam et desperati lurconis Iuni Crassi, me in eius domo nocturna sacra cum Appio Quintiano amico meo factitasse, qui ibi mercede deuersabatur. Idque se ait Crassus, quamquam in eo tempore uel Alexandreae fuerit, tamen taedae fumo et auium plumis comperisse.(3)Scilicet eum, cum Alexandreae symposia obiret _ est enim Crassus iste, qui non inuitus de die in ganeas conrepat _, in illo cauponionidore pinnas de penatibus suis aduectas aucupatum, fumum domus suae adgnouisse patrio culmine longe exortum.(4)Quem si oculis uidit, ultraVlixi uota et desideria hic quidem est oculatus. Vlixes fumum terra suaemergentem compluribus annis e litore prospectans frustra captauit; Crassus in paucis quibus afuit mensibus eundem fumum sine labore in taberna uinaria sedens conspexit.(5)Sin uero naribus nidorem domesticum praesensit, uincit idem sagacitate odorandi canes et uulturios. Cui enim cani, cui uulturio Alexandrini caeli quicquam abusque Oeensium finibus oboleat?(6)Est quidem Crassus iste summus helluo et omnis fumi non imperitus, sed profecto pro studio bibendi, quo solo censetur, facilius ad eum Alexandria<m> uini aura quam fumi perueniret."
https://www.thelatinlibrary.com/apuleius/apuleius.apol.shtml,65,"[58](1)Intellexit hoc et ipse incredibile futurum. Nam dicitur ante horam diei secundam ieiunus adhuc et abstemius testimonium istud uendidisse.(2)Igitur scripsit haec se ad hunc modum comperisse: postquam Alexandria reuenerit, domum suam recta contendisse, qua iam Quintianus migrarat; ibi in uestibulo multas auium pinnas offendisse, praeterea parietes fuligine deformatos; quaesisse causas ex seruo suo, quem Oeae reliquerit, eumque sibi de meis et Quintiani nocturnis sacris indicasse."
https://www.thelatinlibrary.com/apuleius/apuleius.apol.shtml,105,"(3)Quam uero subtiliter compositum et uerisimiliter commentum me, si quid eius facere uellem, non domi meae potius facturum fuisse!(4)Quintianum istum, qui mihi assistit, quem ego pro amicitia quae mihi cum eo artissima est proque eius egregia eruditione et perfectissima eloquentia honoris et laudis gratia nomino,(5)hunc igitur Quintianum, si quas auis in cena habuisset aut, quod aiunt, magiae causa interemisset, puerum nullum habuisse, qui pinnas conuerreret et foras abiceret!(6)Praeterea fumi tantam uim fuisse, ut parietes atros redderet, eamque deformitatem, quoad habitauit, passum in cubiculo suo Quintianum!(7)Nihil dicis, Aemiliane, non est ueri simile, nisi forte Crassus non in cubiculum reuersus perrexit, sed suo more recta ad focum."
https://www.thelatinlibrary.com/apuleius/apuleius.apol.shtml,69,"(8)Vnde autem seruus Crassi suspicatus est noctu potissimum parietes fumigatos? An ex fumi colore? Videlicet fumus nocturnus nigrior est eoque diurno fumo differt.(9)Cur autem suspicax seruus ac tam diligens passus est Quintianum migrare prius quam mundam domum redderet? Cur illaeplumae quasi plumbeaetamdiu aduentum Crassi manserunt?(10)Non insimulet Crassus seruum suum: ipse haec potius de fuligine et pinnis mentitus est, dum non potest nec in testimonio dando discedere longius a culina."
https://www.thelatinlibrary.com/apuleius/apuleius.apol.shtml,73,"[59](1)Cur autem testimonium ex libello legistis? Crassus ipse ubi gentium est? An Alexandriam taedio domus remeauit? An parietes suos detergit? An, quod uerius est, ex crapula helluo adtemptatur?(2)Nam equidem hic Sabrataeeum hesterna die animaduerti satis notabiliter in medio foro tibi, Aemiliane, obructantem. Quaere a nomenclatoribus tuis, Maxime, quamquam est ille cauponibus quam nomenclatoribus notior _ tamen, inquam, interroga, an hic Iunium Crassum Oeensem uiderint. Non negabunt.(3)Exhibeat nobis Aemilianus iuuenem honestissimum, cuius testimonio nititur."
https://www.thelatinlibrary.com/apuleius/apuleius.apol.shtml,59,"Quid sit diei uides: dico Crassum iam dudum ebrium stertere, aut secundo lauacro ad repotia cenae obeunda uinulentum sudorem in balneo desudare.(4)Is tecum, Maxime, praesens per libellum loquitur, non quin adeo sit alienatus omni pudore, ut etiam, sub oculis tuis si foret, sine rubore ullo mentiretur, sed fortasse nec tantulum potuit ebria sibi temperare, ut hanc horam sobrie expectaret."
https://www.thelatinlibrary.com/apuleius/apuleius.apol.shtml,85,"(5)Aut potius Aemilianus de consilio fecit, ne eum sub tam seueris oculis tuis constitueret,(6)ne tu beluam illam uulsis maxillis foedo aspectu de facie improbares, cum animaduertisses caput iuuenis barba et capillo populatum, madentis oculos, cilia turgentia, rictum <...>, saliuosa labia, uocem absonam, manuum tremorem, ructus <po>pinam.(7)Patrimonium omne iam pridem abligurriuit, nec quicquam ei de bonis paternis superest, nisi una domus ad calumniam uenditandam, quam tamen numquam carius quam in hoc testimonio locauit;(8)nam temulentum istud mendacium tribus milibus nummis Aemiliano huic uendidit, idque Oeae nemini ignoratur."
https://www.thelatinlibrary.com/apuleius/apuleius.apol.shtml,78,"[60](1)Omnes hoc, antequam fieret, cognouimus, et potui denuntiatione impedire, nisi scirem mendacium tam stultum potius Aemiliano, qui frustra redimebat, quam mihi, qui merito contemnebam, obfuturum. Volui et Aemilianum damnoadfici et Crassum testimonii sui dedecore prostitui.(2)Ceterum nudiustertius haudquaquam occulta res acta est in Rufini cuiusdam domo, de quo mox dicam, intercessoribus et deprecatoribus ipso Rufino et Calpurniano. Quod eo libentius Rufinus perfecit, quod erat certus ad uxorem suam, cuius stupra sciens dissimulat, non minimam partem praemii eius Crassum relaturum."
https://www.thelatinlibrary.com/apuleius/apuleius.apol.shtml,74,"(3)Vidi te quoque, Maxime, coitionem aduersum me et coniurationem eorum pro tua sapientia suspicatum, simul libellus ille prolatus est, totam rem uultu aspernantem.(4)Denique quamquam sunt <in>solita audacia et importuna impudentia praediti, tamen testimonio Crassi, cuius oboluisse faecem uidebant _ nec ipsi ausi sunt perlegere nec quicquam eo niti.(5)Verum ego ista propterea commemoraui, non quod pinnarum formidines et fuliginis maculam te praesertim iudice timerem, sed ut ne impunitum Crassoforet, quod Aemiliano, homini rustico, fumum uendidit."
https://www.thelatinlibrary.com/apuleius/apuleius.apol.shtml,53,"[61](1)Vnde etiam crimen ab illis, cum Pudentillae litteras legerent, de cuiusdam sigilli fabricatione prolatum est,(2)quod me aiunt ad magica maleficia occulta fabrica ligno exquisitissimo comparasse et, cum sit <s>celeti forma turpe et horribile, tamen impendio colere et Graeco uocabulo _______ nuncupare.(3)Nisi fallor, ordine eorum uestigia persequor et singillatim apprehendens omnem calumniae textum retexo."
https://www.thelatinlibrary.com/apuleius/apuleius.apol.shtml,146,"(4)Occulta fuisse fabricatio sigilli quod dicitis qui potest, cuius uos adeo artificem non ignorastis, ut ei praesto adesset denuntiaueritis?(5)En adest Cornelius Saturninus artifex, uir inter suos et arte laudatus et moribus comprobatus, qui tibi, Maxime, paulo ante diligenter sciscitanti omnem ordinem gestae rei summa cum fide et ueritate percensuit:(6)me, cum apud eum multas geometricas formas ebuxo uidissem subtiliter et adfabre factas, inuitatum eius artificio quaedam mechanica ut mihi elaborasset petisse, simul et aliquod simulacrum cuiuscumque uellet dei, cui ex more meo supplicassem, quacumque materia, dummodo lignea, exculperet.(7)Igitur primo buxeam temptasse[t]. Interim dum ego ruri ago, Sicinium Pontianum priuignum meum, qui mihi factum uolebat, impetratos hebeni loculos a muliere honestissima Capitolina ad se attulisse, ex illa potius materia rariore et durabiliore uti faceret adhortatum; id munus cum primis mihi gratum fore.(8)Secundum ea se fecisse, proinde ut loculi[s] suppetebant. Ita minutatim ex tabellis compacta crassitudine Mercuriolum expediri potuisse."
https://www.thelatinlibrary.com/apuleius/apuleius.apol.shtml,39,"[62](1)Haec ut dico omnia audisti. Praeterea a filio Capitolinae probissimo adulescente, qui praesens est, sciscitante te eadem dicta sunt: Pontianum loculos petisse, Pontianum Saturnino artifici detulisse.(2)Etiam illud non negatur, Pontianum a Saturnino perfectum sigillum recepisse, postea mihi dono dedisse."
https://www.thelatinlibrary.com/apuleius/apuleius.apol.shtml,96,"(3)His omnibus palam atque aperte probatis quid omnino superest, in quo suspicio aliqua magiae delitescat? Immo quid omnino est, quod uos manifesti mendacii non reuincat?(4)Occulte fabricatum esse dixistis quo<d> Pontianus splendidissimus eques fieri curauit, quod Saturninus uir grauis et probe inter suos cognitus in taberna sua sedens propalam exculpsit, quod ornatissima matrona munere suo adiuuit, quod et futurum et factum multi cum seruorum tum amicorum qui ad me uentitabant scierunt.(5)Lignum a me toto oppido et quidem oppido quaesitum non piguit uos commentiri, quem [quem] afuisse in eo tempore scitis, quem ius<s>isse fieri qualicumque materia probatum est."
https://www.thelatinlibrary.com/apuleius/apuleius.apol.shtml,139,"[63](1)Tertium mendacium uestrum fuit macilentam uel omnino euisceratam formam diri cadaueris fabricatam, prorsus horribilem et larualem.(2)Quodsi compertum habebatis tam e[n]uidens signum magiae, cur mihi ut exhiberem non denuntiastis? An ut possetis in rem absentem libere mentiri? Cuius tamen falsi facultas opportunitate quadam meae consuetudinis uobis adempta est.(3)Nam morem mihi habeo, qu<o>quo eam, simulacrum alicuius dei inter libellos conditum gestare eique diebus festis ture et mero et aliquando uictima[s] supplicare.(4)Dudum ergo cum audire<m> sceletum perquam impudenti mendacio dictitari, iussi curriculo iret aliquis et ex hospitio meo Mercuriolum afferret, quem mihi Saturninus iste Oeae fabricatus est.(5)Cedo tu eum, uideant, teneant, considerent. Em uobis, quem scele<s>tus ille sceletum nominabat. Auditisne reclamationem omnium qui adsunt? Auditisne mendacii uestri damnationem? Non uos tot calumniarum tandem dispudet?(6)Hiccine est sceletus, haeccine est larua, hoccine est quod appellitabatis daemonium? Magicumne istud an sollemne et commune simulacrum est?"
https://www.thelatinlibrary.com/apuleius/apuleius.apol.shtml,81,"Accipe quaeso, Maxime, et contemplare; bene tam puris et tam piis manibus tuis traditur res consecrata.(7)Em uide, quam facies eius decora et suci palaestrici plena sit, quam hilaris dei uultus, ut decenter utrimque lanugo malis deserpat, ut in capite crispatus capillus sub imo pillei umbraculo appareat,(8)quam lepide super tempora pares pinnulae emineant, quam autem festiue circa humeros uestis substricta sit.(9)Hunc qui sceletum audet dicere, profecto ille simulacra deorum nulla uidet aut omnia neglegit. Hunc denique qui laruam putat, ipse est laruans."
https://www.thelatinlibrary.com/apuleius/apuleius.apol.shtml,51,"[64](1)At tibi, Aemiliane, pro isto mendacio duit deus iste superum et inferum commeator utrorumque deorum malam gratiam semperque obuias species mortuorum, quidquid umbrarum est usquam, quidquid lemurum, quidquid manium, quidquid larbarum, oc[c]ulis tuis oggerat,(2)omnia noctium occursacula, omnia bustorum formidamina, omnia sepulchrorum terriculamenta, a quibus tamen aeuo et merito haud longe abes[t]."
https://www.thelatinlibrary.com/apuleius/apuleius.apol.shtml,142,"(3)Ceterum Platonica familia nihil nouimus nisi festum et laetum et sollemne et superum et caeleste. Quin altitudinis studio secta ista etiam caelo ipso sublimiora quaepiam uesti<ga>uit et in extimo mundi tergostetit.(4)Scit me uera dicere Maximus, qui ___ ____________ _____ et _______ _____ legit inPhaedro diligenter.(5)Idem Maximus optime intellegit, ut de nomine etiam uobis respondeam, quisnam sit ille non a me primo, sed a Platone ________ nuncupatus:(6)____ ___ ______ _______ ____' ____ ___ _______ _____ _____,(7)quisnam sit ille basileus, totius rerum naturae causa et ratio et origo initialis, summus animi genitor, aeternus animantum sospitator, assiduus mundi sui opifex, sed enim sine opera opifex, sine cura sospitator, sine propagatione genitor, neque loco neque tempore neque uice ulla comprehensus eoque paucis cogitabilis, nemini effabilis.(8)En ultro augeo magiae suspicionem: non respondeo tibi, Aemiliane, quem colam _______; quin si ipse proconsul interroget quid sit deus meus, taceo."
https://www.thelatinlibrary.com/apuleius/apuleius.apol.shtml,71,"[65](1)De nomine ut inpraesentiarum satis dixi. Quod superest, nec ipse sum nescius quosdam circumstantium cupere audire, cur non argento uel auro, sed potissimum ex ligno simulacrum fieri uoluerim,(2)idque eos arbitror non tam ignoscendi quam cognoscendi causa desiderare,(3)ut hoc etiam scrupulo liberentur, cum uideant omnem suspicionem criminis abunde confutatam.(4)Audi igitur cui cura cognoscere est, sed animo quantum potes erecto et attento, quasi uerba ipsa Platonis iam senis de nouissimo legum libro auditurus:"
https://www.thelatinlibrary.com/apuleius/apuleius.apol.shtml,26,(5)_______ __ _________ _____ _______ ___ _______ _____ __________ _________. __ ___ ___ _____ __ ________ ____ ____ ______ ____ô ______ ___ ________ ____ __________ _____.
https://www.thelatinlibrary.com/apuleius/apuleius.apol.shtml,21,"(6)Hoc eo prohibet, ut delubra nemo audeat priuatim constituere. Censet enim satis esse ciuibus ad immolandas uictimas templa publica. Deinde subnectit:"
https://www.thelatinlibrary.com/apuleius/apuleius.apol.shtml,41,"(7)______ __ ___ _______ __ ______ _______ ____ ___ __ ______ _____ _________ _____, ______ __ ___ __________ _____ _______ ___ ______ _______, _______ __ ___ ______ _______ ______ô _____ __ _________ _ __ __ ____ ___ _________, ___ _____ _______."
https://www.thelatinlibrary.com/apuleius/apuleius.apol.shtml,23,"(8)Vt omnium assensus declarauit, Maxime quiquein consilio estis, competentissime uideor usus Platone ut uitae magistro, ita causae patrono, cuius legibus obedientem me uidetis."
https://www.thelatinlibrary.com/apuleius/apuleius.apol.shtml,53,"[66](1)Nunc tempus est ad epistulas Pudentillae praeuerti, uel adeo totius rei ordinem paulo altius petere, ut omnibus manifestissime pateat me, quem lucri cupiditate inuasisse Pudentillae domum dictitant, si ullum lucrum cogitarem, fugere semper a domo ista debuisse;(2)quin et in ceteris causis minime prosperum matrimonium, nisi ipsa mulier tot incommoda uirtutibus suis repensaret, inimicum."
https://www.thelatinlibrary.com/apuleius/apuleius.apol.shtml,178,"(3)Neque enim ulla alia causa praeter cassam inuidiam repperiri potest, quae iudicium istud mihi et multa antea pericula uitae conflauerit. Ceterum cur Aemilianus commoueretur, etsi uere magum me comperisset, qui non modo ullo facto, sed ne tantulo quidem dicto meo laesus est, ut uideretur se merito ultum ire?(4)Neque autem gloriae causa me accusat, ut M. Antonius Cn. Carbonem, C. Mucius A. Albucium, P. Sulpicius Cn. Norbanum, C. Furius M. Aquilium, C. Curio Q. Metellum.(5)Quippe homines eruditissimi iuuenes laudis gratia primum hoc rudimentum forensis operae subibant, ut aliquo insigni iudicio ciuibus suis noscerentur. Qui mos incipientibus adulescentulis ad illustrandum ingenii florem apud antiquos concessus diu exoleuit.(6)Quod si nunc quoque frequens esset, tamen ab hoc procul abfuisset. Nam neque facundiae ostentatio rudi et indocto neque gloriae cupido rustico et barbaro neque inceptio patrociniorum capulari seni congruisset.(7)Nisi forte Aemilianus pro sua seueritate exemplum dedit et ipsis maleficiis infensus accusationem istam pro morum integritate suscepit.(8)Athoc ego Aemiliano, non huic Afro, sed illi Africano et Numantino et praeterea Censorio uix credidissem; ne huic frutici credam non modo odium peccatorum sed saltem intellectum inesse."
https://www.thelatinlibrary.com/apuleius/apuleius.apol.shtml,29,"[67](1)Quid igitur est? Cuiuis claredilucet aliam rem inuidia nullam esse quae hunc et Herennium Rufinum, impulsorem huius, de quo mox dicam, ceterosque inimicos meos ad nectendas magiae calumnias prouocarit."
https://www.thelatinlibrary.com/apuleius/apuleius.apol.shtml,102,"(2)Quin<que> igitur res sunt, quas me oportet disputare. Nam si probe memini, quod ad Pudentillam attinet, haec obiecere:(3)una res est, quod numquam eam uoluisse nubere post priorem maritum, sed meis carminibus coactam dixere; altera res est de epistulis eius, quam confessionem magiae putant; deinde sexagesimo anno aetatis ad lubidinem nubsisse, et quod in uilla ac non in oppido tabulae nubtiales sint consignatae, tertio et quarto loco obiecere;(4)nouissima et eadem inuidiosissima criminatio de dote fuit. Ibi omne uirus totis uiribus adnixi effundere, ibi maxime angebantur, atque ita dixere me grandem dotem mox in principio coniunctionis nostrae mulieri amanti remotis arbitris in uilla extorsisse."
https://www.thelatinlibrary.com/apuleius/apuleius.apol.shtml,62,"(5)Quae omnia tam falsa, tam nihili, tam inania ostendam adeoque facile et sine ulla controuersia refutabo, ut medius fidius uerear, Maxime quique in consilio estis, ne demissum et subornatum a me accusatorem putetis, ut inuidiam meam reperta occasione palam restinguerem.(6)Mihi credite, quod reabse intelle<ge>tur: oppido quam mihi laborandum est, ne tam friuolam accusationem me potius callide excogitasse quam illos stulte suscepisse existimetis."
https://www.thelatinlibrary.com/apuleius/apuleius.apol.shtml,44,"[68](1)Nunc dum ordinem rei breuiter persequor etefficio, ut ipse Aemilianus re cognita falso se ad inuidiam meam inductum et longe a uero aberrasse necesse habeat confiteri, quaeso, uti adhuc fecistis uel si quo magis etiam potestis, ipsum fontem et fundamentum iudicii huiusce diligentissime cognoscatis."
https://www.thelatinlibrary.com/apuleius/apuleius.apol.shtml,137,"(2)Aemilia Pudentilla, quae nunc mihi uxor est, ex quodam Sicinio Amico, quicum antea nubta fuerat, Pontianum et Pudentem filios genuit eosque pupillos relictos in potestate paterni aui _ nam superstite patre Amicus decesserat _ per annos ferme quattuordecim memorabili pietate sedulo aluit,(3)non tamen libenter in ipso aetatis suae flore tam diu uidua.(4)Sed puerorum auus inuita<m> eam conciliare studebat [ceterum] filio[s] suo[s] Sicinio Claro eoque ceteros procos absterrebat. Et praeterea minabatur, si extrario nubsisse<t>, nihil se filiis eius ex paternis eorum bonis testamento relicturum.(5)Quam condicione<m> cum obstinate propositam uideret mulier sapiens et egregie pia, ne quid filiis suis eo nomine incommodaret, facit quidem tabulas nubtiales cum quo iubebatur, cum Sicinio Claro,(6)uerum enimuero uanis frustrationibus nuptias eludit eo ad dum puerorum auus fato concessit, relictis filiis eius heredibus ita ut Pontianus, qui maior natu erat, fratri suo tutor esset."
https://www.thelatinlibrary.com/apuleius/apuleius.apol.shtml,77,"[69](1)Eo scrupulo liberata cum a principibus uiris in matrimonium peteretur, decreuit sibi diutius in uiduitate non permanendum. Quippe ut solitudinis taedium perpeti posset, tamen aegritudine<m> corporis ferre non poterat.(2)Mulier sancte pudica, tot annis uiduitatis sine culpa, sine fabula, assuetudine coniugis torpens et diutino situ uiscerum saucia, uitiatis intimis uteri saepe ad extremum uitae discrimen doloribus obortis exanimabatur.(3)Medici cum obstetricibus consentiebant penuria matrimonii morbum quaesitum, malum in dies augeri, aegritudinem ingrauescere; dum aetatis aliquid supersit, nubtiis ualitudinem medicandum."
https://www.thelatinlibrary.com/apuleius/apuleius.apol.shtml,75,"(4)Consilium istud cum alii approbant, tum maxime Aemilianus iste, qui paulo prius confidentissimo mendacio adseuerabat numquam de nubtiis Pudentillam cogitasse, priusquam foret magicis maleficiis a me coacta, me solum repertum, qui uiduitatis eius uelut quandam uirginitatem carminibus et uenenis uiolarem.(5)Saepe audiui non de nihilo dici mendacem memorem esse oportere; at tibi, Aemiliane, non uenit in mentem, priusquam ego Oeam uenirem, te litteras etiam, uti nuberet, scribsisse ad filium eius Pontianum, qui tum adultus Romae agebat."
https://www.thelatinlibrary.com/apuleius/apuleius.apol.shtml,50,"(6)Cedo tu epistulam, uel potius da ipsi: legat, sua sibi uoce suisque uerbis sese reuincat.(7)Estne haec tua epistula? Quid palluisti? Nam erubescere tu quidem non potes. Estne tua ista subscribtio?(8)_ Recita quaeso clarius, ut omnes intellegant quantum lingua eius manu discrepet, quantumque minor illi[s] sit mecum quam secum dissensio. (...)"
https://www.thelatinlibrary.com/apuleius/apuleius.apol.shtml,56,"[70](1)Scripsistine haec, Aemiliane, quae lecta sunt? 'Nubere illam uelle et debere scio, sed quem eligat nescio.' Recte tu quidem: nesciebas. Pudentilla enim tibi, cuius infesta<m> malignitatem probe norat, de ipsa re tantum, ceterum de petitore nihil fatebatur.(2)At tu dum eam putas etiamnum Claro fratri tuo denubturam, falsa spe inductus filio quoque eius Pontiano auctor adsentiendi fuisti."
https://www.thelatinlibrary.com/apuleius/apuleius.apol.shtml,69,"(3)Igitur si Claro nubsisset, homini rusticano et decrepito seni, sponte eam diceres sine ulla magia iam olim nubturisse; quoniam iuuenem talem qualem dicitis elegit, coactam fecisse ais, ceterum semper nubtias aspernatam.(4)Nescisti, improbe, epistulam tuam de ista re teneri, nescisti te tuomet testimonio conuictum iri. Quam tamen epistolam Pudentilla testem et indicem tuae uoluntatis, ut quae te leuem et mutabilem nec minus mendacem et inpudentem scire<t>, maluit retinere quam mittere."
https://www.thelatinlibrary.com/apuleius/apuleius.apol.shtml,83,"(5)Ceterum ipsa de ea re Pontiano suo Romam scripsit, etiam causas consilii sui plene allegauit.(6)Dixit illa omnia de ualetudine: nihil praeterea esse, cur amplius deberet obdurare, hereditatem auitam longa uiduitate cum despectu salutis suae quaesisse, eandem summa industria auxisse;(7)iam deum uoluntate ipsum uxori, fratrem eius uirili togae idoneos esse; tandem aliquando se quoque paterentur solitudini[s] suae et aegritudini subuenire;(8)ceterum de pietate sua et supremo iudicio nihil metuerent; qualis uidua eis fuerit, talem nuptam futuram. Recitari iubebo exemplum epistolae huius ad filium missae. (...)"
https://www.thelatinlibrary.com/apuleius/apuleius.apol.shtml,68,"[71](1)Satis puto ex [h]istis posse cuiuis liquere Pudentillam non meis carminibus ab obstinata uiduitate compulsam, sed olim sua sponte a nubendo non alienam <uti>quam me fortasse prae ceteris maluisse.(2)Quae electio tam grauis feminae cur mihi crimini potius quam honori danda sit, non reperio; nisi tamen miror quod Aemilianus et Rufinus id iudicium mulieris aegre ferant, cum hi, qui Pudentillam in matrimonium petiuerunt, aequo animo patiantur me sibi praelatum."
https://www.thelatinlibrary.com/apuleius/apuleius.apol.shtml,88,"(3)Quod quidem illa ut faceret, filio suo potius quam animo obsecuta est. Ita factum nec Aemilianus poterit negare.(4)Nam Pontianus acceptis litteris matris confestim Roma[m] aduolauit metuens ne, si quem auarum uirum nacta esset, omnia, ut saepe fit, in mariti domum conferret.(5)Ea sollicitudo non mediocriter animum angebat, omnes illi fratrique diuitiarum spes in faculta<ti>bus matris sitae erant.(6)Auus modicum reliquerat, mater sestertium quadragies po<s>sidebat, ex quo sane aliquantam pecuniam nullis tabulis, sed, ut aequum erat, mera fide acceptam filiis debebat.(7)Hunc ille timorem mus<s>itabat. A<d>uersari propalam non audebat, ne uideretur diffidere."
https://www.thelatinlibrary.com/apuleius/apuleius.apol.shtml,171,"[72](1)Cum in hoc statu res esset inter precationem matris et metum fili, fortene an fato ego aduenio pergens Alexandream. Dixissem hercule 'quod utinam numquam euenisset', ni me uxoris meae respectus prohiberet.(2)Hiemps anni erat. Ego ex fatigatione itineris aduectus apud Appios i<s>tos amicos meos, quos honoris et amoris gratia nomino, aliquam multis diebus decumbo.(3)Eo uenit ad me Pontianus. Nam fuerat mihi non ita pridem ante multos annos Athenis per quosdam communis amicos conciliatus et arto postea contubernio intime iunctus.(4)Facit omnia circa ho<no>rem meum obseruanter, circa salutem sollicite, circa amorem callide. Quippe etenim uidebatur sibi peridoneum maritum matri repperisse, cui bono periculo totam domus fortunam concrederet.(5)Ac primo quidem uoluntatem meam uerbis inuersis periclitabundus, quoniam me uiae cupidum et conuersum ab uxoria re uidebat, orat saltem paulisper manerem: uelle se mecum proficisci; hiemem alteram propter Syrtis aestus et bestias opperiendam, quod illam mihi infirmitas exemisset.(6)Multis etiam precibus meis Appiis aufert, ut ad sese in domum matris suae transferar: salubriorem mihi habitationem futuram; praeterea prospectum maris, qui mihi gratissimus est, liberius me ex ea fruiturum."
https://www.thelatinlibrary.com/apuleius/apuleius.apol.shtml,128,"[73](1)Haec omnia adnixus impenso studio persuadet, matrem suam suumque fratrem, puerum istum, mihi commendat. Non nihil a me in communibus studiis adiuuantur, augetur oppido familiaritas.(2)Interibi reualesco; dissero aliquid postulantibus amicis publice. Omnes qui aderant ingenti celebritate basilicam, qui locus auditorii erat, complentes inter alia pleraque congruentissima uoce 'insigniter' adclamant petentes ut remanerem, fierem ciuis Oeensium.(3)Mox auditorio misso Pontianus eo principio me adortus consensum publicae uocis pro diuino auspicio interpretatur aperitque consilium sibi esse, si ego non nolim, matrem suam, cui plurimi inhient, mecum coniungere; mihi quoniam soli ait rerum omnium confidere sese et credere.(4)Ni id onus recipiam, quoniam non formosa pupilla, sed mediocri facie mater liberorum mihi offeratur, _ si haec reputans formae et diuitiarum gratia me ad aliam condicionem reseruarem, neque pro amico neque pro philosopho facturum."
https://www.thelatinlibrary.com/apuleius/apuleius.apol.shtml,102,"(5)Nimis multa oratio est, si uelim memorare quae ego contra responderim,(6)quam diu et quotiens inter nos uerbigeratum sit, quot et qualibus precibus me aggressus haud prius omiserit quam de<ni>que impetrarit,(7)non quin ego Pudentillam iam anno perpeti adsiduo conuictu probe spectassem et uirtutium eius dotes explorassem, sed utpote peregrinationis cupiens impedimentum matrimoni aliquantisper recusaueram.(8)Mox tamen talem feminam nihilo segnius uolui quam si ultro appetissem. Persuaserat idem Pontianus matri suae, ut me aliis omnibus mallet, et quam primum hoc perficere incredibili studio auebat.(9)Vix ab eo tantulam moram impetramus, dum prius ipse uxorem duceret, frater eius uirilis togae usum auspicaretur: tunc deinde ut nos coniungeremur."
https://www.thelatinlibrary.com/apuleius/apuleius.apol.shtml,119,"[74](1)Vtinam hercule possem quae deinde dicenda sunt sine maximo causae dispendio tran<s>gredi, ne Pontiano, cui [h]errorem suum deprecanti simpliciter ignoui, uidear nunc leuitatem exprobrare.(2)Confiteor enim _ quod mihi obiectum est _ eum, postquam uxorem duxerit, a compecti fide desciuisse ac derepente animi mutatum quod antea nimio studio festinarat pari pertinacia prohibitum isse, denique ne matrimonium nostrum coalesceret, quiduis pati, quiduis facere paratum fuisse,(3)quamquam omnis illa tam foeda animi mutatio et suscepta contra matrem simultas non ipsi uitio uortenda sit, sed socero eius eccilli Herennio Rufino, qui unum neminem in terris uiliorem se aut improbiorem aut inquinatiorem reliquit.(4)Paucis hominem, quam modestissime potero, necessario demonstrabo, ne, si omnino de eo reticuero, operam perdiderit, quod negotium istud mihi ex summis uiribus conflauit."
https://www.thelatinlibrary.com/apuleius/apuleius.apol.shtml,108,"(5)Hic est enim pueruli huius instigator, hic accusationis auctor, hic aduocatorum conductor, hic testium coemptor, hic totius calumniae fornacula, hic Aemiliani huius fax et flagellum, idque apud omnis intemperantissime gloriatur, me suo machinatu reum postulatum.(6)Et sane habet in [h]istis quod sibi plaudat. Est enim omnium litium depector, omnium falsorum commentator, omnium simulationum architectus, omnium malorum seminarium, nec non idem libidinum ganearumque locus, lustrum, lupanar; iam inde ab ineunte aeuo cunctis probris palam notus,(7)olim in pueritia, priusquam isto caluitio deformaretur, emasculatoribus suis ad omnia infanda morigerus, mox in iuuentute saltandis fabulis exossis plane et eneruis, sed, ut audio, indocta et rudi mollitia. Negatur enim quicquam histrionis habuisse praeter impudicitiam."
https://www.thelatinlibrary.com/apuleius/apuleius.apol.shtml,125,"[75](1)In hac etiam aetate qua nunc est _ qui istum diperduint! Multus honos auribus praefandus est _ domus eius tota lenonia, tota familia contaminata; ipse propudiosus, uxor lupa, filii similes.(2)Prorsus diebus ac noctibus ludibrio iuuentutis ianua calcibus propulsata, fenestrae canticis circumstrepitae, triclinium comisatoribus inquietum, cubiculum adulteris peruium. Neque enim ulli ad introeundum metus est, nisi qui pretium marito non attulit.(3)Ita ei lecti sui contumelia uectigalis est. Olim sollers suo, nunc coniugis corpore uulgo meret. Cum ipso plerique _ nec mentior! _ cum ipso, inquam, de uxoris noctibus paciscuntur.(4)Iam illa inter uirum et uxorem no[n]ta[m] conlusio: qui amplam stipem mulieri detulerunt, nemo eos obseruat, suo arbitratu discedunt; qui inaniores uenere, signo dato pro adulteris deprehenduntur, et quasi ad discendum uenerint, non prius abeunt quam aliquid scripserint."
https://www.thelatinlibrary.com/apuleius/apuleius.apol.shtml,144,"(5)Quid enim faciat homo miser ampliuscula fortuna deuolutus, quam tamen fraude patris ex inopinato inuenerat? Pater eius plurimis creditoribus defaeneratus maluit pecuniam quam pudorem.(6)Nam cum undique uersum tabulis flagitaretur et quasi insanus ab omnibus obuiis teneretur,(7)'pax' inquit, negat posse dissoluere, anulos aureos et omnia insignia dignitatis abicit, cum creditoribus depaciscitur.(8)Pleraque tamen rei familiaris in nomen uxoris callidissima fraude confert. Ipse egens, nudus et ignominia sua tutus reliquitRufino huic _ non mentior! _, sestertium XXX deuorandum. Tantum enim ad eum ex bonis matris liberum uenit, praeter quod ei uxor sua cotidianis dotibus quaesiuit.(9)Quae tamen omnia in paucis annis ita hic degulator studiose in uentrem condidit et omnimodis conlurchinationibus dilapidauit, ut crederes metuere ne quid habere ex fraude paterna diceretur.(10)Homo iustus et morum dedit operam, quod male partum erat ut male periret, nec quicquam ei relictum est ex largiore fortuna praeter ambitionem miseram et profundam gulam."
https://www.thelatinlibrary.com/apuleius/apuleius.apol.shtml,68,"[76](1)Ceterum uxor iam propemodum uetula et effeta totam domum contumeliis adnuit.(2)Filia autem per adulescentulos ditiores inuitamento matris suae nequicquam circumlata, quibusdam etiam procis ad experiundum permissa, nisi in facilitatem Pontiani incidisset, fortasse an adhuc uidua ante quam nubta domi sedisset.(3)Pontianus ei multum quidem dehortantibus nobis nuptiarum titulum falsum etimaginarium donauit, non nescius eam paulo ante quam duceret a quodam honestissimo iuuene, cui prius pacta fuerat, post satietatem derelictam."
https://www.thelatinlibrary.com/apuleius/apuleius.apol.shtml,74,"(4)Venit igitur ad eum noua nupta secura et intrepida, pudore dispoliato, flore exsoleto, flammeo obsoleto, uirgo rursum post recens repudium, nomen potius adferens puellae quam integritatem.(5)Vectabatur octaphoro; uidistis profecto qui adfuistis, quam improba iuuenum circumspectatrix, quam inmodica sui ostentatrix. Quis non disciplina<m> matris agnouit, cum in puella uideret i<m>medicatum os et purpurissatas genas et inlices oculos.(6)Dos erat a creditore omnis ad teruncium pridie sumpta et quidem grandior, quam domus exhausta et plena liberis postulabat."
https://www.thelatinlibrary.com/apuleius/apuleius.apol.shtml,68,"[77](1)Sed enim iste, ut est rei modicus, spei immodicus, pari auaritia et egestate totum Pudentillae quadragiens praesumptione cassa deuorarat eoque me amoliendum ratus, quo facilius Pontiani facilitatem, Pudentillae solitudinem circumueniret,(2)infit generum suum obiurgare, quod matrem suam mihi desponderat. Suadet quam primum ex tanto periculo, dum licet, pedemreferat, rem matris ipse potius habeat quam homini extrario sciens transmittat.(3)Ni ita faciat, inicit scrupulum amanti adulescentulo ueterator, minatur se filiam abducturum."
https://www.thelatinlibrary.com/apuleius/apuleius.apol.shtml,70,"(4)Quid multis? Iuuenem simplicem, praeterea nouae nuptae inlecebris obfrenatum suo arbitratu de uia deflectit.(5)It ille ad matrem uerborum Rufini gerulus, sed nequicquam temptata eius grauitate ultro ipse leuitatis et inconstantiae increpitus reportat ad socerum haud mollia:(6)matri suae praeter ingenium placidissimum immobiliiram quoque sua expostulatione accessisse, non mediocre pertinaciae alumentum;(7)respondisse eam denique non clam se esse Rufini exoratione secum expostulari; eo uel magis sibi auxilium mariti aduersum eius desperatam auaritiam comparandum."
https://www.thelatinlibrary.com/apuleius/apuleius.apol.shtml,83,"[78](1)Hisce auditis exacerbatus aquariolus iste uxoris suae ita ira extumuit, ita exarsit furore, ut in feminam sanctissimam et pudicissimam praesente filio eius digna cubiculo suo diceret,(2)amatricem eam, me magum et ueneficum clamitaret multis audientibus (quos, si uoles, nominabo); se mihi sua manu mortem allaturum.(3)Vix hercule possum irae moderari, ingens indignatio animo oboritur. Tune, effeminatissime, tua manu cuiquam uiro mortem minitari<s>?(4)At qua tandem manu? Philomelae an Medeae an Clytemnestrae? Quas tamen cumsaltas _ tanta mo<l>litia animi, tanta formido ferri est _, sine cludine saltas."
https://www.thelatinlibrary.com/apuleius/apuleius.apol.shtml,65,"(5)Sed ne longius ab ordine digrediar: Pudentilla postquam filium uidet praeter opinionem contra suam esse sententiam deprauatum, rus profecta scripsit ad eum obiurgandi gratia illas famosissimas litteras, quibus, ut isti aiebant, confessa est sese mea magia in amorem inductam dementire.(6)Quas tamen litteras tabulario Pontiani praesente et contra scribente Aemiliano nudius tertius tuo iussu, Maxime, testato describsimus; in quibus omnia contra praedicationem istorum pro me reperiuntur."
https://www.thelatinlibrary.com/apuleius/apuleius.apol.shtml,97,"[79](1)Quamquam, etsi destrictius magum me dixisset, posset uideri excusabundase filio uim meam quam uoluntatem suam causari maluisse. An sola Phaedra falsum epistolium de amore commenta est? At non omnibus mulieribus haec ars usitata est, ut, cum aliquid eius modi uelle coeperunt, malint coactae uideri?(2)Quod si etiam animo ita putauit, me magum esse, idcircone magus habear, quia hoc scripsit Pudentilla? Vos tot argumentis, tot testibus, tanta oratione magum me non probatis: illa uno uerbo probaret? Et quanto tandem grauius habendum est quod in iudicio subscribitur quam quod in epistola scribitur!(3)Quin tu me meismet factis, non alienis uerbis reuincis?"
https://www.thelatinlibrary.com/apuleius/apuleius.apol.shtml,117,"Ceterum eadem uia multi rei cuiusuis maleficii postulabuntur, si ratum futurum est quod quisque in epistola sua uel amore uel odio cuiuspiam scripserit.(4)'Magum te scripsit Pudentilla: igitur magus es.' Quid si consulem me scripsisset: consul essem? Quid enim si pictorem, si medicum, quid denique, si innocentem? Num aliquid horum putares idcirco, quod illa dixisset? Nihil scilicet.(5)Atqui periniurium est ei fidem in peioribus <habere, cui in melioribus> non haberes, posse litteras eius ad perniciem, non posse ad salutem.(6)'Sed inqui<e>t<i> animi fuit, efflictim te amabat.' Concedo interim. Num tamen omnes qui amantur magi sunt, si hoc forte qui amat scripserit? C<r>edo nunc quod Pudentilla me in eo tempore non amabat, siquidem id foras scripsit, quod palam erat mihi obfuturum."
https://www.thelatinlibrary.com/apuleius/apuleius.apol.shtml,109,"[80](1)Postremo quid uis: sanam an insanam fuisse, dum scriberet? Sanam dices? Nihil ergo erat magicis artibus passa. Insanam respondebis? Nesciit ergo quid scribserit, eoque ei fides non habenda est; immo etiam, si fuisset insana, insanam se esse nescisset.(2)Nam ut absurde facit qui tacere se dicit, quod ibidem dicendo tacere sese non tacet et ipsa professione quod profitetur infirmat, ita uel magis hoc repugnat: 'ego insanio', quod uerum non est, nisi sciens dicit; porro sanus est, qui scit quid sit insania, quippe insania scire se non potest, non magis quam caecitas se uidere.(3)Igitur Pudentilla compos mentis fuit, si compotem mentis se non putabat. Possum, si uelim, pluribus, sed mitto dialectica."
https://www.thelatinlibrary.com/apuleius/apuleius.apol.shtml,25,"Ipsas litteras longe aliud clamantis et quasi dedita opera ad iudicium istud praeparatas et accommodatas recitabo. Accipe tu et lege, usque dum ego interloquar. (...)"
https://www.thelatinlibrary.com/apuleius/apuleius.apol.shtml,50,"(4)Sustine paulisper quae secuntur; nam ad deuerticulum rei uentum est.(5)Adhuc enim, Maxime, quantum equidem animaduerti, nusquam mulier magiam nominauit, sed ordinem repetiuit eundem, quem ego paulo prius, de longa uiduitate, de remedio ualetudinis, de uoluntate nubendi, de meis laudibus, quas ex Pontiano cognouerat, de suasu ipsius, ut mihi potissimum nuberet."
https://www.thelatinlibrary.com/apuleius/apuleius.apol.shtml,42,"[81](1)Haec usque adhuc lecta sunt. Superest ea pars epistulae, quae similiter pro me scripta in memet ipsum uertit cornua, ad expellendum a me crimen magiae sedulo [o]missa memorabili laude Rufini uice<m> mutauit et ultro contrariam mihi opinionem quorundam Oeensium quasi mago quaesiuit."
https://www.thelatinlibrary.com/apuleius/apuleius.apol.shtml,90,"(2)Multa fando, Maxime, audisti, etiam plura legendo didicisti, non pauca experiendo comperisti, sed enim uersutiam tam insidiosam, tam admirabili scelere conflatam negabis te umquam cognouisse.(3)Quis Palamedes, qui<s> Sisyphus, quis denique Eurybates aut Phrynondas talem excogitasset?(4)Omnes isti quos nominaui et si qui praeterea fuerunt dolo memorandi, si cum hac una Rufini fallacia contendantur, macc[h]i prorsus et bucc[h]ones uidebuntur.(5)O mirum commentum! O subtilitas digna carcere et robore! Quis credat effici potuisse, ut quae defensio fuerat, eadem manentibus eisdem litteris in accusationem transuerteretur? Est hercule incredibile. Sed hoc incredibile qui sit factum, probabo."
https://www.thelatinlibrary.com/apuleius/apuleius.apol.shtml,24,"[82](1)Obiurgatio erat matris ad filium, quod me, talem uirum qualem sibi praedicasset, nunc de Rufini sententia magum dictitaret.(2)Verba ipsa ad hunc modum se habebant:"
https://www.thelatinlibrary.com/apuleius/apuleius.apol.shtml,16,"_________ _____, ___ ___ __' _____ __________ ___ ___. ____ ______ ____ ___, ___ ___ _______."
https://www.thelatinlibrary.com/apuleius/apuleius.apol.shtml,52,"(3)Haec ipsa uerba Rufinus quae Graece interposui sola excerpta et ab ordine suo seiugata quasi confessionem mulieris circumferens et Pontianum flentem per forum ductans uulgo ostendebat, ipsas mulieris litteras illatenus qua dixi legendas praebebat,(4)cetera supra et infra scribta occultabat. Turpiora esse quam ut ostenderentur dictitabat; satis esse confessionem mulieris de magia cognosci."
https://www.thelatinlibrary.com/apuleius/apuleius.apol.shtml,113,"(5)Quid quaeris? Verisimile omnibus uisum. Quae purgandi mei gratia scripta erant, eadem mihi immanem inuidiam apud imperitos conciuere.(6)Turbabat impurus hic in medio foro bacchabundus, epistulam saepe aperiens proquiritabat: 'Apuleius magus: dicit ipsa quae sentit et patitur. Quid uultis amplius?'(7)Nemo erat qui pro me ferret ac sic responderet: 'Totam sodes epistulam cedo, sine omnia inspiciam, <a> principio ad finem perlegam.(8)Multa sunt, quae sola prolata calumniae possint uideri obnoxia. Cuiauis oratio insimulari potest, si ea quae ex prioribus nexa sunt principio sui defrudentur, si quaedam ex ordine scriptorum ad lubidinem supprimantur, si quae simulationis causa dicta sunt adseuerantis pronuntiatione quam exprobrantis legantur.'(9)Haec et id genus ea quam merito tunc dici potuerunt! Ipse ordo epistulae ostendat."
https://www.thelatinlibrary.com/apuleius/apuleius.apol.shtml,10,"[83](1)At tu, Aemiliane, recognosce, an et haec mecum testato descripseris:"
https://www.thelatinlibrary.com/apuleius/apuleius.apol.shtml,51,"__________ ___ __ __' __ _____ ______ _________, _____ _______ ______ ____ ______ _________, ________ ___ _____ ___ _________ _____ _______ ____ __' ____ _________. ___ __ __ ___<__>____ ____ _________ __ ____________, _________ _______ _________ _____, ___ ___ __________ __' _____ ___ ___. ____ ______ ____ ___, ___ ___ _______."
https://www.thelatinlibrary.com/apuleius/apuleius.apol.shtml,125,"(2)Oro te, Maxime, si litterae, ita ut partim uocales dicuntur, etiam propriam uocem usurparent, si uerba, ita ut poetae aiunt, pinnis apta uulgo uolarent,(3)nonne, cum primum epistolam istam Rufinus mala fide excerperet, pauca legeret, multa et meliora sciens reticeret, nonne tunc ceterae litterae sceleste se detineri proclamassent, uerba suppressa de Rufini manibus foras euolassent, totum forum tumultu complessent?(4)'Se quoque a Pudentilla missas, sibi etiam quae dicerent mandata; improbo ac nefario homini per alienas litteras falsum facere temptanti nec auscultarent, sibi potius audirent;(5)Apuleium magiae non accusatum a Pudentilla, sed accusante Rufino absolutum.'(6)Quae omnia etsi tum dicta non sunt, tamen nunc, cum magis prosunt, luce inlustrius apparent. Patent artes tuae, Rufine, fraudes hiant, detectum mendacium est.(7)Veritas olim interuersa nun<c> se <ef>fert et uelut alto barathro calumnias emergit."
https://www.thelatinlibrary.com/apuleius/apuleius.apol.shtml,26,"[84](1)Ad litteras Pudentillae prouocastis: litteris uinco, quarum si uultis extremam quoque clausulam audire, non inuidebo. Dic tu, quibus uerbis epistulam finierit mulier obcantata, uecors, amens, amans:(2)"
https://www.thelatinlibrary.com/apuleius/apuleius.apol.shtml,8,____ ____ __________ __[__]_' ___. ___ __________ ___.
https://www.thelatinlibrary.com/apuleius/apuleius.apol.shtml,105,"Etiamne amplius? Reclamat uobis Pudentilla et sanitatem suam a uestris calumniis quodam praeconio uindicat.(3)Nubendi autem seu rationem seu necessitatem fato adscribit, a quo multum magia remota est uel potius omnino sublata. Quae enim relinquitur uis cantaminibus et ueneficiis, si fatum rei cuiusque ueluti uiolentissimus torrens neque retineri potest neque impelli?(4)Igitur hac sententia sua Pudentilla non modo me magum, sed omnino esse magiam negauit.(5)Bene, quod integras epistolas matris Pontianus ex more adseruauit; bene, quod uos festinatio iudicii anteuortit, ne quid in istis litteris ex otio nouaretis.(6)Tuum hoc, Maxime, tuaeque prouidentiae beneficium est, quod a principio intellectas calumnias, ne corroborarentur tempore, praecipitasti et nulla[m] impertita mora subneruiasti."
https://www.thelatinlibrary.com/apuleius/apuleius.apol.shtml,43,"(7)Finge nunc aliquid matrem filio secretis litteris de amore, uti adsolet, confessam. Hocine uerum fuit, Rufine, hoc non dico pium, sed saltem humanum, prouulgari eas litteras et potissimum fili praeconio puplicari?(8)Sed sum<ne> ego inscius, qui postulo ut alienum pudorem conserues qui tuum perdideris?"
https://www.thelatinlibrary.com/apuleius/apuleius.apol.shtml,147,"[85](1)Cur autem praeterita conqueror, cum non sint minus acerba praesentia? Hocusque a uobis miserum istum puerum deprauatum, ut matris suae epistulas, quas putat amatorias,(2)pro tribunali procons. recitet apud uirum sanctissimum Cl. Maximum, ante has imp. Pii statuas filius matri suae pudenda exprobret stupra et amores obiectet?(3)Quis tam est mitis quin exacerbescat? Tune, ultime, parentis tuae animum in istis scrutaris, oculos obseruas, suspiritus numeras, adfectiones exploras, tabulas intercipis, amorem reuincis?(4)Tune quid in cubiculo agat perquiris, ne mater tua non dico amatrix, sed ne omnino feminasit? <Nihil>ne tu in ea cogitas nisi unam parentis religionem?(5)O infelix uterum tuum, Pudentilla, o sterilitas liberis potior, o infausti decem menses, o ingrati XIIII anni uiduitatis! Vipera, ut audio, exeso matris utero in lucem proserpit atque ita parricidio gignitur; at enim tibi a filio iam adulto acerbiores morsus uiuenti et uidenti offeruntur.(6)Silentium tuum laniatur, pudor tuus carpitur, pectus tuum foditur, uiscera intima protrahuntur."
https://www.thelatinlibrary.com/apuleius/apuleius.apol.shtml,39,"(7)Hascine gratias bonus filius matri rependis ob datam uitam, ob adquisitam hereditatem, ob XIIII annorum longas alimonias? Hiscine te patruus disciplinis erudiuit, ut, si compertum habeas filios tibi similes futuros, non audeas ducere uxorem?(8)Est ille poetae uersus non ignotus:"
https://www.thelatinlibrary.com/apuleius/apuleius.apol.shtml,4,'odi puerulos praecoqui sapientia.'
https://www.thelatinlibrary.com/apuleius/apuleius.apol.shtml,53,"Sed enim malitia praecoqui puerum quis non auersetur atque oderit, cum uideat uelut monstrum quoddam prius robustumscelere quam tempore, ante nocentem quam potentem, uiridi pueritia, cana malitia,(9)uel potius hoc magis noxium, quod cum uenia perniciosus est et nondum poenae, iam iniuriae sufficit _ iniuriae dico? Immo enim sceleri aduersum parentem nefando, immani, impetibili."
https://www.thelatinlibrary.com/apuleius/apuleius.apol.shtml,91,"[86](1)Athenienses quidem propter commune ius humanitatis ex captiuis epistulis Philippi Macedonis hostis sui unam epistulam, cum singulae publice legerentur, recitari prohibuerunt, quae erat ad uxorem Olympiademconscripta. Hosti potius pepercerunt, ne maritale secretum diuulgarent, praeferendum rati fas commune propriae ultioni.(2)Tales hostes aduersum hostem; tu qualis filius aduersum matrem? Vides quam similia contendam. Tu tamen filius matris epistulas de amore, ut ais, scriptas in isto coetu legis, in quo si aliquem poetam lasciuiorem iubereris legere, profecto non auderes: pudore tamen aliquo impedirere.(3)Immo enim nunquam matris tuae litteras attigisses, si ullas alias litteras attigisses."
https://www.thelatinlibrary.com/apuleius/apuleius.apol.shtml,91,"(4)Atquam ausus es tuam ipsius epistulam legendam dare, quam nimis irreuerenter, nimis contumeliose et turpiter de matre tua scriptam, cum adhuc in eius sinu alerere, miseras clanculo ad Pontianum, scilicet ne semel peccasses ac tam bonum tuum factum optutucapesseret.(5)Miser, non intellegis iccirco patruum tuum hoc fieri passum, quod se hominibus purgaret, si ex litteristuis nosceretur te etiam prius quam ad eum commigrasses, etiam cum matri blandirere, tamen iam tum uolpionem et impium fuisse. [87](1)Ceterum nequeoin animum inducere tam stultum Aemilianum esse, ut arbitretur mihi litteras pueri et eiusdem accusatoris me<i> offuturas."
https://www.thelatinlibrary.com/apuleius/apuleius.apol.shtml,98,"(2)Fuit et illa commenticia epistula neque mea manu scripta neque uerisimiliter conficta, qua uideri uolebant blanditiis a me mulierem sollicitatam. Cur ego blandirem, si magia confidebam?(3)Qua autem uia ad istos peruenit epistula, ad Pudentillam scilicet per aliquem fidelem missa, ut in re tali accurari solet?(4)Cur praeterea tam uitiosis uerbis, tam barbaro sermone ego scriberem, quem idem dicunt nequaquam Graecae linguae imperitum? Cur autem tam absurdis tamque tabernariis blanditiis subigitarem, quem idem aiunt uersibus amatoriis satis scite lasciuire?(5)Sic est profecto, cuiuis palam est: hic, qui epistulam Pudentillae Graecatiorem legere non potuerat, hanc ut suam facilius legit et aptius commendauit."
https://www.thelatinlibrary.com/apuleius/apuleius.apol.shtml,18,"(6)Sed iam de epistulis satis dictum habebo, si hoc unum addidero: Pudentillam, quae scribserat dissimulamenti causa et deridiculi:"
https://www.thelatinlibrary.com/apuleius/apuleius.apol.shtml,5,"____ ______, ___ ___ _______,"
https://www.thelatinlibrary.com/apuleius/apuleius.apol.shtml,84,"post hasce litteras euocasse ad se filios et nurum, cum his ferme duobus mensibus conuersatam.(7)Dicat hic pius filius, quid in eo tempore sequius agentem uel loquentem matrem suam propter insaniam uiderit; neget eam rationibus uilliconum et upilionum et equisonum sollertissime subscripsisse;(8)neget fratrem suum Pontianum grauiter ab ea monitum, ut sibi ab insidiis Rufini caueret; neget uere obiurgatum, quod litteras, quas ad eum miserat, uulgo circumtulisset nec tamen bona fide legisset;(9)neget post ista quae dixi matrem suam mihi apud uillam iam pridem condicto loco nubsisse."
https://www.thelatinlibrary.com/apuleius/apuleius.apol.shtml,53,"(10)Quippe ita placuerat, in suburbana uilla potius ut coniungeremur, ne ciues denuo ad sportulas conuolarent, cum haud pridem Pudentilla de suo quinquaginta milia nummum <in> populum expunxisset ea die, qua Pontianus uxorem duxit et hic puerulus toga est inuolutus,(11)praeterea, ut conuiuiis multis ac molestiis supersederemus, quae ferme ex more nouis maritis obeunda sunt."
https://www.thelatinlibrary.com/apuleius/apuleius.apol.shtml,36,"[88](1)Habes, Aemiliane, causam totam, cur tabulae nubtiales inter me ac Pudentillam non in oppido sint sed in uilla suburbana consignatae: ne quinquaginta milia nummum denuo profundenda essent nec tecum aut apud te cenandum. Estne causa idonea?"
https://www.thelatinlibrary.com/apuleius/apuleius.apol.shtml,97,"(2)Miror tamen, quod tu a[m] uilla[m] tantopere abhorreas, qui plerumque rure uersere.(3)Lex quidem Iulia de maritandis ordinibus nusquam sui ad hunc modum interdicit: 'uxorem in uilla ne ducito.'(4)Immo, si uerum uelis, uxor ad prolem multo auspicatius in uilla quam in oppido ducitur, in solo uberi quam in loco sterili, in agri cespite quam in fori silice.(5)Mater futura in ipso materno si<nu> nubat, in segete adulta, super fecundam glebam, uel enim sub ulmo marita cubet, in ipso gremio terrae matris, inter suboles herbarum et propagines uitium et arborum germina.(6)Ibi et ille celeberrimus in comoediis uersus de proximo congruit:"
https://www.thelatinlibrary.com/apuleius/apuleius.apol.shtml,6,"______ __' _____, _______ ___ _____."
https://www.thelatinlibrary.com/apuleius/apuleius.apol.shtml,34,"(7)Romanorum etiam maioribus Quintis et Serranis et multis aliis similibus non modo uxores, uerum etiam consulatus et dictaturae in agris offerebantur. Cohibe[b]am me in tam prolixo loco, ne tibi gratum faciam, si uillam laudauero."
https://www.thelatinlibrary.com/apuleius/apuleius.apol.shtml,34,"[89](1)De aetate uero Pudentillae, de qua post ista satis confidenter mentitus es, ut etiam sexaginta annos natam diceres nubsisse, de ea tibi paucis respondebo: nam necesse non est in re tam perspicua pluribus disputare."
https://www.thelatinlibrary.com/apuleius/apuleius.apol.shtml,75,"(2)Pater eius natam sibi filiam more ceterorum professus est. Tabulae eius partim tabulario publico, partim domo adseruantur, quae iam tibi ob os obiciuntur.(3)Porrige tu Aemiliano tabulas istas: linum consideret, signa quae impressa sunt recognoscat, consules legat, annos computet, quos sexaginta mulieri adsignabat.(4)Probet quinque et quinquaginta: lustro mentitus sit. Parum hoc est, liberalius agam; nam et ipse Pudentillae multos annos largitus est. Redonabo igitur uicissim decem annos: Mezentius cum Vlixe errauit. Quinquaginta saltem annorum mulierem ostendat."
https://www.thelatinlibrary.com/apuleius/apuleius.apol.shtml,92,"(5)Quid multis? Vt cum quadruplatore agam, bis duplum quinquennium faciam, uiginti annos semel detraham. Iube, Maxime, consules computari. Nisi fallor, inuenies nunc Pudentillae haud multo amplius quadragensimum annum aetatis ire.(6)O falsum audax et nimium! O mendacium uiginti annorum exilio puniendum! Dimidio tanta, Aemiliane, mentiris, falsa audes sesquealtera. Si triginta annos pro decem dixisses, posses uideri computationis gestu errasse, quos circulare debueris digitos aperuisse.(7)Cum uero quadraginta, quae facilius ceteris porrecta palma significantur, ea quadraginta tu dimidio auges, non potes[t] digitorum gestu errasse, nisi forte triginta annorum Pudentillam ratus binos cuiusque anni consules numerasti."
https://www.thelatinlibrary.com/apuleius/apuleius.apol.shtml,31,"[90](1)Missa haec facio. Venio nunc ad ipsum stirpem accusationis, ad ipsam causam maleficii. Respondeat Aemilianus et Rufinus, ob quod emolumentum, etsi maxime magus forem, Pudentillam carminibus et uenenis ad matrimonium pellexissem."
https://www.thelatinlibrary.com/apuleius/apuleius.apol.shtml,71,"(2)Atque ego scio plerosque reos alicuius facinoris postulatos, si fuisse quaepiam causae probarentur, hoc uno se tamen [h]abunde defendisse, uitam suam procul ab huiusmodi sceleribus abhorrere nec id sibi obesse debere, quod uideantur quaedam fuisse ad maleficiundum inuitamenta;(3)non enim omnia quae fieri pot<u>erint pro factis habenda, rerum uices uarias euenire; certum indicem cuiusque animum esse; qui semper eodem ingenio ad uirtutem uel malitiam moratus firmum argumentum est accipiendi criminis aut respuendi."
https://www.thelatinlibrary.com/apuleius/apuleius.apol.shtml,86,"(4)Haec ego quamquam possim merito dicere, tamen uobis condono, nec satis mihi duco, si me omnium quae insimulastis abunde purgaui, si nusquam passus sum uel exiguam suspicionem magiae consistere.(5)Reputate uobiscum, quanta fiducia innocentiae meae quantoque despectu uestri agam: si una causa uel minima fuerit inuenta, cur ego debuerim Pudentillae nubtias ob aliquod meum commodum appetere, si quamlibet modicum emolumentum probaueritis,(6)ego ille sim Carmendas uel Damigeron uel _ his Moses uel Iohannes uel Apollobexuel ipse Dardanus uel quicumque alius post Zoroastren et Hostanen inter magos celebratus est."
https://www.thelatinlibrary.com/apuleius/apuleius.apol.shtml,120,"[91](1)Vide quaeso, Maxime, quem tumultum suscitarint, quoniam ego paucos magorum nominatim percensui. Quid faciam tam rudibus, tam barbaris?(2)Doceam rursum haec et multo plura alia nomina in bybliothecis publicis apud clarissimos scriptores me legisse? An disputem longe aliud esse notitiam nominum, aliud artis eiusdem communionem, nec debere doctrinae instrumentum et eruditionis memoriam pro confessione criminis haberi?(3)An, quod multo praestabilius est, tua doctrina, Claudi Maxime, tuaque perfecta eruditione fretus contemnam stultis et impolitis ad haec respondere?(4)Ita potius faciam; quid illi existiment, nauci non putabo. Quod institui pergam disputare: nullam mihi causam fuisse Pudentillam ueneficiis ad nuptias prolectandi.(5)Formam mulieris et aetatem ipsi ultro improbauerunt idque mihi uitio dederunt, talem uxorem causa auaritiae concupisse atque adeo primo dotem in congressu grandem et uberem rapuisse."
https://www.thelatinlibrary.com/apuleius/apuleius.apol.shtml,93,"(6)Ad haec, Maxime, longa oratione fatigare te non est consilium. Nihil uerbis opus est, cum multo disertius ipsae tabulae loquantur, in quibus omnia contra quam isti ex sua rapacitate de me quoque coniectauerunt facta impraesentiarum et prouisa in posterum deprehendis:(7)iam primum mulieris locupletissimae modicam dotem neque eam datam, sed tantum modo <promissam>;(8)praeter haec ea condicione factam coniunctionem, nullis ex me susceptis liberis <si> uita demigrasset, uti dos omnis apud filios eius Pontianum et Pudentem maneret, sin uero uno unaue superstite diem suum obisset, uti tum diuidua pars dotis posteriori filio, reliqua prioribus cederet."
https://www.thelatinlibrary.com/apuleius/apuleius.apol.shtml,94,"[92](1)Haec, ut dico, tabulis ipsis docebo. Fors fuat an ne sic quidem credat Aemilianus sola trecenta milia nummum scripta eorumque repetitionem filiis Pudentillae pacto datam.(2)Capesis ipse tu manibus tuis tabulas istas, da impulsori tuo Rufino: legat, pudeat illum tumidi animi sui et ambitiosae mendicitatis. Quippe ipse egens, nudus CCCC milibus nummum a creditore acceptis filiam dotauit;(3)Pudentilla locuples femina trecentis milibus dotis fuit contenta, et maritum habet et multis saepe et ingentibus dotibus spretis inani nomine tantulae dotis contentum,(4)ceterum praeter uxorem suam nihil computantem, omnem supellectilem cunctasque diuitias in concordia coniugis et multo amore ponentem."
https://www.thelatinlibrary.com/apuleius/apuleius.apol.shtml,103,"(5)Quamquam quis omnium uel exigue rerum peritus culpare auderet, si mulier uidua et mediocri forma, at non aetate mediocri, nubere uolens longa dote et molli condicione inuitasset iuuenem neque corpore neque animo neque fortuna paenitendum?(6)Virgo formosa etsi sit oppido pauper, tamen [h]abunde dotata est; affert quippe ad maritum nouum animi indolem, pulchritudinis gratiam, floris rudimentum. Ipsa uirginitatis commendatio iure meritoque omnibus maritis acceptissima est.(7)Nam quodcumque aliud in dotem acceperis, potes, cum libuit, ne sis beneficio obstrictus, omne ut acceperas retribuere: pecuniam renumerare, mancipia restituere, domo demigrare, praediis cedere; sola uirginitas cum semel accepta est, reddi nequitur, sola apud maritum ex rebus dotalibus remanet."
https://www.thelatinlibrary.com/apuleius/apuleius.apol.shtml,89,"(8)Vidua autem qualis nuptiis uenit, talis diuortio digreditur. Nihil affert inreposcibile, sed uenit iam ab alio praeflorata, certe tibi ad quae uelis minime docilis, non minus suspectans nouam domum quam ipsa iam ob unum diuortium suspectanda;(9)siue illa morte amisit maritum, ut scaeui ominis mulier et infausti coniugii minime appetenda,(10)seu repudio digressa est, utramuis habe<n>s culpam mulier, quae aut tam intolerabilis fuit ut repudiaretur, aut tam insolens ut repudiaret.(11)Ob haec et alia uiduae dote aucta procos sollicitant. Quod Pudentilla quoque in alio marito fecisset, si philosophum spernentem dotis non rep<p>erisset."
https://www.thelatinlibrary.com/apuleius/apuleius.apol.shtml,41,"[93](1)Age uero, si auaritiae causa mulierem concupissem, quid mihi utilius ad possidendam domum eius fuit quam simultatem inter matrem et filios serere, alienare ab eius animo liberorum caritatem, quo liberius et artius desolatam mulierem solus possiderem?(2)Fuitne hoc praedonis, quod uos fingitis?"
https://www.thelatinlibrary.com/apuleius/apuleius.apol.shtml,145,"Ego uero quietis et concordiae et pietatis auctor, conciliator, fauisor non modo noua odia non serui, sed uetera quoque funditus extirpaui.(3)Suasi uxori meae, cuius, ut isti aiunt, iam uniuersas opes transuoraram, suasi, inquam, ac denique persuasi, ut filiis pecuniam suam reposcentibus _ de quo supra dixeram _ ut eam pecuniam sine mora redderet in praedis uili aestimatis et quanto ipsi uolebant,(4)praeterea exre familiari sua fructuosissimos agros et grandem domum opulente ornatam magnamque uim tritici et ordei et uini et oliui ceterorumque fructuum, seruos quoque haud minus CCCC, pecora amplius neque pauca neque abiecti pretii donaret,(5)ut eos et ex ea parte quam tribuisset securos haberet et ad cetera hereditatis bona spe[i] inuitaret.(6)Haec ergo ab inuita Pudentilla _ patietur enim me, uti res fuit, ita dicere _ aegre extudi, ingentibus precibus inuitae et iratae extorsi, matrem filiis reconciliaui, priuignos meos primo hoc uitrici beneficio grandi pecunia auxi."
https://www.thelatinlibrary.com/apuleius/apuleius.apol.shtml,136,"[94](1)Cognitum hoc est tota ciuitate. Rufinum omnes execrati me laudibus tulere.(2)Venerat ad nos, priusquam istam donationem perficeret, cum dissimili isto fratre suo Pontianus, pedes nostros aduolutus ueniam et obliuionem praeteritorum omnium postularat, flens et manus nostras osculabundus ac dicens paenitere quod Rufino et similibus auscultarit.(3)Petit postea suppliciter, uti se Lolliano quoque Auito C. V. purgem, cui haud pridem tirocinio orationis suae fuerat a me commendatus.(4)Quippe compererat ante paucos dies omnia me, ut acta erant, ad eum perscripsisse.(5)Id quoque a me impetrat. Itaque acceptis litteris Carthaginem pergit, ubi iam prope exacto consulatus sui munere Lollianus Auitus te, Maxime, opperiebatur.(6)[h]Is epistulis meis lectis pro sua eximia humanitate gratulatus Pontiano, quod cito [h]errorem suum correxisset, rescripsit mihi per eum quas litteras, di boni, qua doctrina, quo lepore, qua uerborum amoenitate simul et iucunditate, prorsus ut 'uir bonus dicendi peritus'!"
https://www.thelatinlibrary.com/apuleius/apuleius.apol.shtml,45,"(7)Scio te, Maxime, libenter eius litteras auditurum, et quide<m>, si praelegam, mea uoce pronuntiabo. Cedo tu Auiti epistulas, ut quae semper ornamento mihi fuerunt sint nunc etiam saluti.(8)At tu licebit aquam sinas fluere; namque optimi uiri litteras ter et quater aueo quantouis temporisdispendio lectitare. (...)"
https://www.thelatinlibrary.com/apuleius/apuleius.apol.shtml,127,"[95](1)Non sum nescius debuisse me post istas Auiti litteras perorare. Quem enim laudatorem locupletiorem, quem testem uitae meae sanctiorem producam, quem denique aduocatum facundiorem?(2)Multos in uita mea Romani nominis disertos uiros sedulo cognoui, sed sum [m]aeque neminem ammiratus.(3)Nemo est hodie, quantum mea opinio fert, alicuius in eloquentia laudis et spei,(4)quin Auitus esse longe malit, si cu<m> eo se remota inuidia uelit conferre. Quippe omnes fandi uirtutes paene diuersae in illo uiro congruunt.(5)Quamcumque ora<tio>nem struxerit Auitus, ita illa erit undique sui perfecte absoluta, ut in illa neque Cato grauitatem requirat neque Laelius lenitatem nec Gracchus impetum nec Caesar calorem nec <H>ortensius distributionem nec Caluus argutias nec parsimoniam Salustius nec opulentiam Cicero.(6)Prorsus, inquam, ne omnis persequar, si Auitum audias, neque additum quicquam uelis neque detractum neque autem aliquid commutatum."
https://www.thelatinlibrary.com/apuleius/apuleius.apol.shtml,55,"(7)Video, Maxime, quam benigne audias, quae in amico tuo Auito recognosces. Tua me comitas, ut uel pauca dicerem de eo, inuitauit.(8)At non usque adeo tuae beneuolentiae indulgebo, ut mihi permittam iam propemodum fesso in causa prorsus ad finem inclinata de egregiis uirtutibus eius nunc demum incipere, quin potius eas integris uiribus et tempori libero seruem."
https://www.thelatinlibrary.com/apuleius/apuleius.apol.shtml,77,"[96](1)Nunc enim mihi, quod aegre fero, a commemoratione tanti uiri ad pestes istas oratio reuoluenda est.(2)Audesne te ergo, Aemiliane, cum Auito conferre? Quemne ille bonum uirum ait, cuius animi disputationem tam plene suis litteris collaudat,eum tu magiae, maleficii criminis insectabere?(3)An inuasisse me domum Pudentillae et concipilare bona eius tu magis dolere debes quam doluisset Pontianus, qui mihi ob paucorum dierum uestro scilicet instinctu ortas simultates etiam absenti apud Auitum satisfecit, qui mihi apud tantum uirum gratias egit?"
https://www.thelatinlibrary.com/apuleius/apuleius.apol.shtml,110,"(4)Puta me acta apud Auitum, non litteras ipsius legisse. Quid posses uel _ quas quis in isto negotio accusare? Pontianus ipse quod a matre donatum acceperat meo muneri acceptum ferebat, Pontianus me uitricum sibi contigisse intimis affectionibus laetabatur.(5)Quod utinam incolumis Carthagine reuertisset! Vel, quoniam sic ei fuerat fato decretum, utinam tu, Rufine, supremum eius iudicium non impedisses! Quas mihi aut coram aut denique in testamento gratias egisset!(6)Litteras tamen, quas ad me Carthagine[m] uel iam adueniens ex itinere praemisit, quas adhuc ualidus, quas iam aeger, plenas honoris, plenas amoris, quaeso, Maxime, paulisper recitari sinas,(7)ut sciat frater eius, accusator meus, quam in omnibus Mineruae curriculum cum fratre optumae memoriae uiro[c] currat. (...)"
https://www.thelatinlibrary.com/apuleius/apuleius.apol.shtml,113,"[97](1)Audistine uocabula, quae mihi Pontianus frater tuus tribuerat, me parentem suum, me dominum, me magistrum cum saepe alias, tum in extremo te<m>pore uitae uocans? Postquam <...>(2)tuas quoque paris epistulas promerem, si uel exiguam moram tanti putarem. Potius testamentum illud recens tui fratris quamquam inperfectum tamen proferri cuperem, in quo mei officiosissime et honestissime meminit.(3)Quod tamen testamentum Rufinus neque comparari neque perfici passus est pudore perditae hereditatis, quam paucorum mensium, quibus socer Pontiani fuit, magno quidem pretio noctium computarat.(4)Praeterea nescio quos Chaldaeos consuluerat, quo lucro filiam collocaret; qui, ut audio, _ utinam illud non uere respondissent! _ primum eius maritum in paucis mensibus moriturum. Cetera enim de hereditate, ut adsolent, ad consulentis uotum confinxerunt."
https://www.thelatinlibrary.com/apuleius/apuleius.apol.shtml,83,"(5)Verum, ut dii uoluere, quasi caeca bestia in cassum hiauit. Pontianus enim filiam Rufini male compertam non modo heredem non reliquit, sed ne honesto quidem legato impertiuit,(6)quippe qui ei ad ignominiam lintea adscribi ducentorum fere denariorum iusserit, ut intellegeretur iratus potius aestimasse eam quam oblitus praeterisse.(7)Scribsit autem heredes tam hoc testamento quam priore, quod lectum est, matrem cum fratre; cui, utuides, admodum pueroeandem illam filiae suae machinam Rufinus admouet ac mulierem aliquam multo natu maiorem, nuperrime uxorem fratris, misero puero obicit et obsternit."
https://www.thelatinlibrary.com/apuleius/apuleius.apol.shtml,78,"[98](1)A[i]t ille puellae meretricis blandimentis et lenonis patris illectamentis captus et possessus, exinde ut frater eius animam edidit, relicta matre ad patruum commigrauit, quo facilius remotis nobis coepta perficerentur.(2)Fauet enim Rufino Aemilianus et prouentum cupit. (...) Ehem, recte uos ammonetis: etiam suam spem bonus patruus temperat in isto ac fouet, qui sciat intestati pueri legitimum magis quam iustum heredem futurum.(3)Nollem hercule hoc a me profectum: non fuit meae moderationis tacitas omnium suspiciones palam abrumpere. Male uos, qui sugge<s>sistis!"
https://www.thelatinlibrary.com/apuleius/apuleius.apol.shtml,173,"(4)Plane quidem, si [p]uerum uelis, multi mirantur, Aemiliane, tam repentinam circa puerum istum pietatem tuam, postquam frater eius Pontianus est mortuus, cum antea tam ignotus illi fueris, ut saepe ne in occursu quidem filium fratris tui de facie agnosceres.(5)At nunc adeo patientem te ei praebes itaque eum indulgentia corrumpis, adeo ei nulla re aduersare, ut per haec suspicacioribus fidem facias. Inuestem a nobis accepisti; uesticipem ilico reddidisti.(6)Cum a nobis regeretur, ad magistros itabat; ab iis nunc magna fugela in ganeum fugit, amicos serios aspernatur, cum adulescentulis postremissumis inter scorta et pocula puer hoc aeui conuiuium agitat.(7)Ipse domi tuae rector, ipse familiae dominus, ipse magister conuiuio. In ludo quoque gladiatorio frequens uisitur; nomina gladiatorum et pugnas et uulnera plane quidem ut puer honestus ab ipso lanista docetur.(8)Loquitur nunquam nisi Punice et si quid adhuc a matre graecissat; enim Latine loqui neque uult neque potest.(9)Audisti, Maxime, paulo ante _ pro nefas! _ priuignum meum, fratrem Pontiani, diserti iuuenis, uix singulas syllabas fringultientem, cum ab eo quaereres dona<s>setne illis mater quae ego dicebam me adnitente donata."
https://www.thelatinlibrary.com/apuleius/apuleius.apol.shtml,47,"[99](1)Testor igitur te, Claudi Maxime, uosque, qui in consilio estis, uosque etiam, qui tribunal mecum adsistitis, haec damna et dedecora morum eius patruo huic et candidato illo socero adsignanda(2)meque posthac boni consulturum, quod talis priuignus curae meae iugum ceruice excusserit, neque postea pro eo matri eius supplicaturum."
https://www.thelatinlibrary.com/apuleius/apuleius.apol.shtml,70,"(3)Nam, quod paenissime oblitus sum, nuperrime cum testamentum Pudentilla post mortem Pontiani filii sui in mala ualetudine scrib[s]eret, diu sum aduersus illam renisus, ne hunc ob tot insignis contumelias, ob tot iniurias exheredaret.(4)Elogium grauissimum iam totum medius fidius perscriptum ut aboleret, impensis precibus oraui[t]. Postremo, ni impetrarem, diuersurum me ab ea comminatus sum; mihi hanc ueniam tribueret, malum filium beneficio uinceret, me inuidia omni liberaret.(5)Nec prius destiti quam ita fecit."
https://www.thelatinlibrary.com/apuleius/apuleius.apol.shtml,118,"Doleo me huncce scrupulum Aemiliano dempsisse, tam inopinatamrem eiindicasse. Specta quaeso Maxime, ut hisce auditis subito obstipuerit, ut oculos ad terram demiserit.(6)Enim longe sequius ratus fuerat, nec inmerito: mulierem filii contumeliis infectam, meis officiis deuinctam sciebat. De me quoque fuit quod timeret: quiuis uel aeque ut ego spernens hereditatis tamen uindicari de tam inofficioso priuigno non recusasset.(7)Haec praecipue sollicitudo eos ad accusationem mei stimulauit: hereditatem omnem mihi relictam falso ex sua auaritia coniectauere. Soluo uos in praeteritum isto metu. Namque animum meum neque hereditatis neque ultionis occasio potuit loco demouere.(8)Pugnaui cum irata matre pro priuigno malo uitricus, ueluti pater pro optimo filio aduersus nouercam, nec satis fuit, ni bonae uxoris prolixam liberalitatem circa me nimio plus aequo coercerem."
https://www.thelatinlibrary.com/apuleius/apuleius.apol.shtml,80,"[100](1)Cedo tu testamentum iam inimico filio a matre factum me, quem isti praedonem dicunt, uerba singula cum precibus praeeunte[m].(2)Rumpi tabulas istas iube, Maxime: inuenies filium heredem, mihi uero tenue nescio quid honoris gratia legatum, ne, si quid ei humanitus attigisset, nomen maritus in uxoris tabulis non haberem.(3)Cape ist[a]ut matris tuae testamentum, uere hoc quidem inofficiosum. Qui<d>ni, in quo obsequentissimum maritum exheredauit, inimicissimum filium scribsit heredem,(4)immo enimuero non filium, sed Aemiliani spes et Rufini nuptias, set temulentum illud collegium, parasitos tuos?"
https://www.thelatinlibrary.com/apuleius/apuleius.apol.shtml,123,"(5)Accipe, inquam, filiorum optime, et positis paulisper epistulis amatoriis matris lege potius testamentum. Si quid quasi insana scripsit, hic reperies et quidem mox a principio: 'Sicinius Pudens filius meus mihi heres esto.' Fateor, qui ho<c> legerit insanum putabit.(6)Hicine filius heres, qui te in ipso fratris sui funere aduocata perditissimorum iuuenum manu uoluit excludere e domo quam ipsa donaueras, qui te sibi a fratre coheredem relictam grauiter et acerbe tulit,(7)qui confestim te cum tuo luctu et maerore deseruit et ad Rufinum et Aemilianum de sinu tuo aufugit,(8)qui <t>ibi plurimas postea contumelias dixit coram et adiuuante patruo fecit, qui nomen tuum pro tribunalibus uentilauit, qui pudorem tuum tuismet litteris conatus est publice dedecorare,(9)qui maritu<m> tuum, quem elegeras, quem, ut ipse obiciebat, efflictim amabas, capitis accusauit?"
https://www.thelatinlibrary.com/apuleius/apuleius.apol.shtml,21,"(10)Aperi quaeso, bone puer, aperi testamentum: facilius insaniam matris sic probabis. [101](1)Quid abnuis, quid recusas, postquam sollicitudinem de hereditate materna reppulisti?"
https://www.thelatinlibrary.com/apuleius/apuleius.apol.shtml,56,"At ego hasce tabulas, Maxime, hic ibidem pro pedibus tuis abicio testorque me deinceps incuriosius habiturum, quid Pudentilla testamento suo scribat.(2)Ipse iam, ut libet, matrem suam de cetero exoret:(3)mihi, ut ultra pro eo deprecer, locum non reliquit. Ipse iam, ut sui potens ac uir, acerbissimas litteras matri dictet, iram eius deleniat: qui potuit perorare, poterit exorare."
https://www.thelatinlibrary.com/apuleius/apuleius.apol.shtml,24,"Mihi iam dudum satis est, si non modo crimina obiecta plenissime dilui, uerum etiam radicem iudicii huius, id est hereditatis quaesitae inuidiam, funditus sustuli."
https://www.thelatinlibrary.com/apuleius/apuleius.apol.shtml,86,"(4)Illud etiam, [c] ne quid omnium praeteream, priusquam peroro, falso obiectum reuincam. Dixistis me magna pecunia mulieris pulcherrimum praedium meo nomine emisse.(5)Dico exiguum herediolum LX milibus nummum, id quoque non me, sed Pudentillam suo nomine emisse, Pudentillae nomen in tabulis esse, Pudentillae nomine pro eo agello tributum dependi.(6)Praesens est quaestor publicus, cui depensum est, Coruinius Celer, uir ornatus. Adest etiam tutor auctor mulieris, uir grauissimus et sanctissimus, omni cum honore mihi nominandus, Cassius Longinus.(7)Quaere, Maxime, cuius emptionis auctor fuerit, quantulo pretio mulier locuples agellum suum praestinarit."
https://www.thelatinlibrary.com/apuleius/apuleius.apol.shtml,8,(Testimonium Cassi Longini tutoris et Coruini Clementis qR)
https://www.thelatinlibrary.com/apuleius/apuleius.apol.shtml,25,"(8)Estne ita ut dixi? Vspiam in hac emptione nomen meum ascriptum est? Num ipsum heredioli pretium inuidiosum est, num uel hoc saltem in me collatum?"
https://www.thelatinlibrary.com/apuleius/apuleius.apol.shtml,103,"[102](1)Quid etiam est, Aemiliane, quod non te iudice refutauerim? Quod pretium magiae meae repperisti? Cur ergo Pudentillae animum ueneficiis flecterem? Quod ut ex ea commodum caperem? Vti dotem mihi modicam potius quam a[m]mpla<m> diceret? O praeclara carmina!(2)An ut eam dotem filiis suis magis restipularetur quam penes me sineret? Quid addi ad hanc magiam potest?(3)An uti rem familiarem suam meo adhortatu pleramque filiis condonasset, quae nihil illis ante me maritum fuerat largita, mihi quicquam impertiret? O graue ueneficium dicam an ingratum beneficium?!(4)An ut testamento, quod irata filio scribebat, filium potius, cui offensa erat, quam me, cuideuincta, heredem relinqueret? Hoc quidem multis cantaminibus difficile impetraui."
https://www.thelatinlibrary.com/apuleius/apuleius.apol.shtml,46,"(5)Putate uos causam non apud Cl. Maximum agere, uirum aequum et iustitiae pertinacem, sed alium aliquem prauum et saeuum iudicem substituite, accusationum fautorem, cupidum condem[p]nandi:(6)date ei quod sequatur, ministrate uel tantulam uerisimilem occasionem secundum uos pronuntiandi. Saltim fingite aliquid, eminiscimini quod respondeatis, qui uos ita rogarit."
https://www.thelatinlibrary.com/apuleius/apuleius.apol.shtml,108,"(7)Et quoniam omnem conatum necesse est quaepiam causa praecedat, respondete qui Apuleium dicitis animum Pudentillae magicis illectamentis ad[h]ortum, quid ex ea petierit, cur fecerit.(8)Formam eius uoluerat? Negatis. Diuitias saltim concupierat? Negant tabulae dotis, negant tabulae donationis, negant tabulae testamenti, in quibus non modo non cupide appetisse, uerum etiam dure reppulisse liberalitatem suae uxoris [h]ostenditur.(9)Quae igitur alia causa est? Quid ommutuistis? Quid tacetis? Vbi illud libelli uestri atrox principium nomine priuigni mei form[orm]atum: 'hunc ego, domine Maxime, reum apud te facere institui'? [103](1)Quin igitur addis: 'reum magistrum, reum uitricum, reum deprecatorem'? Sed quid deinde? 'Plurimorum maleficiorum et manifestissimorum'. Cedo unum de plurimis, cedo dubium uel saltem obscurum de manifestissimis."
https://www.thelatinlibrary.com/apuleius/apuleius.apol.shtml,45,"(2)Ceterum ad haec, quae obiecistis, numera an binis uerbis respondeam. 'Dentes sp<l>endidas': ignosce munditiis. 'Specula inspicis': debet philosophus. 'Versus facis': licet fieri. 'Pisces exploras': Aristoteles docet. 'Lignum consecras': Plato suadet.(3)'Vxorem ducis': leges iubent. 'Prior natu'st': solet fieri. 'Lucrum sectatu's': dotalis accipe, donationem recordare, testamentum lege."
https://www.thelatinlibrary.com/apuleius/apuleius.apol.shtml,77,"(4)Quae si omnia affatim retudi, si calumnias omnes refutaui, si me in omnibus non modo criminibus, uerum etiam maledictis procul a culpa [philosophiae] tutus sum, si philosophiae honorem, qui mihi salute mea antiquior est, nusquam minui, immo contra ubique si cum septem pennis eum tenui:(5)si haec, ut dico, ita sunt, possum securus existimationem tuam reuereri quam potestatem uereri, quod minus graue et uerendum mihi arbitror a[c] procons. damnari quam si a tam bono tamque emendato uiro improber."
https://www.thelatinlibrary.com/apuleius/apuleius.apol.shtml,1,Dixi.
https://www.thelatinlibrary.com/apuleius/apuleius.apol.shtml,50,"The text in this edition is basically that of Helm (Teubner-ed., withAddenda et corrigenda (Add.). The following list refers to all places where a different reading has been chosen. Changes in punctuation, lay-out, and division into paragraphs are not specified; seeIntroductionE.1 (2). The subdivision of chapters is that of Vallette."
https://www.thelatinlibrary.com/apuleius/apuleius.apol.shtml,4,This edition / Helm
https://www.thelatinlibrary.com/apuleius/apuleius.apol.shtml,3,",1 Cl. Cl(audi)"
https://www.thelatinlibrary.com/apuleius/apuleius.apol.shtml,3,",2 tacere tacere[m]"
https://www.thelatinlibrary.com/apuleius/apuleius.apol.shtml,4,",4 maledicta male dicta"
https://www.thelatinlibrary.com/apuleius/apuleius.apol.shtml,4,",8 omnium sollertissimo omnium.....sollertissimo"
https://www.thelatinlibrary.com/apuleius/apuleius.apol.shtml,3,",1 ualetudinis valetudinis"
https://www.thelatinlibrary.com/apuleius/apuleius.apol.shtml,4,",2 apertum immundum apertiimmundum"
https://www.thelatinlibrary.com/apuleius/apuleius.apol.shtml,4,",7 humileestet humile et"
https://www.thelatinlibrary.com/apuleius/apuleius.apol.shtml,5,",3 tam similem tam <ueri>similem"
https://www.thelatinlibrary.com/apuleius/apuleius.apol.shtml,4,",14 (l.7) da das"
https://www.thelatinlibrary.com/apuleius/apuleius.apol.shtml,4,",14 (l.9) redde redde<s>"
https://www.thelatinlibrary.com/apuleius/apuleius.apol.shtml,4,",14 (l.11) animum animam"
https://www.thelatinlibrary.com/apuleius/apuleius.apol.shtml,5,",14 (l.11) dona etiam donaci,iam"
https://www.thelatinlibrary.com/apuleius/apuleius.apol.shtml,4,",4 et quidem e[t]quidem"
https://www.thelatinlibrary.com/apuleius/apuleius.apol.shtml,7,",3 praedita[m] quae sit praeditam [quae sit]"
https://www.thelatinlibrary.com/apuleius/apuleius.apol.shtml,3,",8 docear doceas"
https://www.thelatinlibrary.com/apuleius/apuleius.apol.shtml,3,",4 diutino diutina"
https://www.thelatinlibrary.com/apuleius/apuleius.apol.shtml,3,",5 uisitur uisi<te>tur"
https://www.thelatinlibrary.com/apuleius/apuleius.apol.shtml,3,",8 referundum referundam"
https://www.thelatinlibrary.com/apuleius/apuleius.apol.shtml,3,",14 facti [f]acti"
https://www.thelatinlibrary.com/apuleius/apuleius.apol.shtml,5,",1 suda [soli] suda soli"
https://www.thelatinlibrary.com/apuleius/apuleius.apol.shtml,6,",4 etenim omnibus etenim <in> omnibus"
https://www.thelatinlibrary.com/apuleius/apuleius.apol.shtml,3,",7 simulate simulata<m>"
https://www.thelatinlibrary.com/apuleius/apuleius.apol.shtml,3,",1 poscit possit"
https://www.thelatinlibrary.com/apuleius/apuleius.apol.shtml,4,",1 ostendi scis ostendistis"
https://www.thelatinlibrary.com/apuleius/apuleius.apol.shtml,3,",5 simplicia simpliciter"
https://www.thelatinlibrary.com/apuleius/apuleius.apol.shtml,3,",12 puerili pueruli"
https://www.thelatinlibrary.com/apuleius/apuleius.apol.shtml,3,",7 eruptum ereptum"
https://www.thelatinlibrary.com/apuleius/apuleius.apol.shtml,7,",13 (l. 5-6) hin- / nientium hinnientium"
https://www.thelatinlibrary.com/apuleius/apuleius.apol.shtml,3,",6 Scyllam scillam"
https://www.thelatinlibrary.com/apuleius/apuleius.apol.shtml,3,",6 merguntur mercantur"
https://www.thelatinlibrary.com/apuleius/apuleius.apol.shtml,3,",2 ommutescat commutescat"
https://www.thelatinlibrary.com/apuleius/apuleius.apol.shtml,3,",3 hebe[n]tem habentem"
https://www.thelatinlibrary.com/apuleius/apuleius.apol.shtml,3,",3 echinum echi<no>rum"
https://www.thelatinlibrary.com/apuleius/apuleius.apol.shtml,5,",4 ostrea [Pergami] ostrea Pergami"
https://www.thelatinlibrary.com/apuleius/apuleius.apol.shtml,2,(Add.: ostracoderma)
https://www.thelatinlibrary.com/apuleius/apuleius.apol.shtml,4,",7 opera est operaest"
https://www.thelatinlibrary.com/apuleius/apuleius.apol.shtml,8,",5 cumre<s> cognitu cum me<morabiles res et> cognitu"
https://www.thelatinlibrary.com/apuleius/apuleius.apol.shtml,2,",3 (l.3)Ambraciai[finis]Ambraciaesus"
https://www.thelatinlibrary.com/apuleius/apuleius.apol.shtml,4,",3 (l.6) Surrenti[a] Surrentit<u>"
https://www.thelatinlibrary.com/apuleius/apuleius.apol.shtml,4,",3 usuru<s> est usurust"
https://www.thelatinlibrary.com/apuleius/apuleius.apol.shtml,4,",7 quaeat qu<o> eat"
https://www.thelatinlibrary.com/apuleius/apuleius.apol.shtml,4,",11numquam si <scisset, n>umquam"
https://www.thelatinlibrary.com/apuleius/apuleius.apol.shtml,3,",5 mediterranis mediterran<e>is"
https://www.thelatinlibrary.com/apuleius/apuleius.apol.shtml,4,",2 et iam etiam"
https://www.thelatinlibrary.com/apuleius/apuleius.apol.shtml,3,",4 negant negent"
https://www.thelatinlibrary.com/apuleius/apuleius.apol.shtml,11,",4 nisi rus adeo iam nisi rus a _ de omnium"
https://www.thelatinlibrary.com/apuleius/apuleius.apol.shtml,3,",3 pollicitu's pollicitus"
https://www.thelatinlibrary.com/apuleius/apuleius.apol.shtml,3,",4 dixerit <di>dicerit"
https://www.thelatinlibrary.com/apuleius/apuleius.apol.shtml,4,",2 igitur <is> igitur"
https://www.thelatinlibrary.com/apuleius/apuleius.apol.shtml,4,",4 quibus aeque quibuscumque"
https://www.thelatinlibrary.com/apuleius/apuleius.apol.shtml,6,",9 acmea ad <me et> mea"
https://www.thelatinlibrary.com/apuleius/apuleius.apol.shtml,2,",3 reprehensumdeprehensum"
https://www.thelatinlibrary.com/apuleius/apuleius.apol.shtml,3,",1 cuius[ce] cuiusce"
https://www.thelatinlibrary.com/apuleius/apuleius.apol.shtml,2,",3 cauponiocauponii"
https://www.thelatinlibrary.com/apuleius/apuleius.apol.shtml,3,",4 ebria ebria<mine>"
https://www.thelatinlibrary.com/apuleius/apuleius.apol.shtml,5,",6 rictum <...> rictum <latum>"
https://www.thelatinlibrary.com/apuleius/apuleius.apol.shtml,5,",6 ructus <po>pinam ructus <s>piram<en>"
https://www.thelatinlibrary.com/apuleius/apuleius.apol.shtml,7,",5 Crassoforet, quod foret <Crasso>, crassum quod"
https://www.thelatinlibrary.com/apuleius/apuleius.apol.shtml,3,",1 unde unum"
https://www.thelatinlibrary.com/apuleius/apuleius.apol.shtml,3,",1 larbarum laruarum"
https://www.thelatinlibrary.com/apuleius/apuleius.apol.shtml,5,",4 M. Aquilium M' Aquilium"
https://www.thelatinlibrary.com/apuleius/apuleius.apol.shtml,3,",1 claredilucet clariusdilucet"
https://www.thelatinlibrary.com/apuleius/apuleius.apol.shtml,4,",4 [ceterum] <in> ceterum"
https://www.thelatinlibrary.com/apuleius/apuleius.apol.shtml,3,",6 uanis uariis"
https://www.thelatinlibrary.com/apuleius/apuleius.apol.shtml,5,",1 inter precationem inter procationem"
https://www.thelatinlibrary.com/apuleius/apuleius.apol.shtml,6,",1 contumeliis adnuit contumeliis <alere> abnuit"
https://www.thelatinlibrary.com/apuleius/apuleius.apol.shtml,3,",6 teruncium terruncium"
https://www.thelatinlibrary.com/apuleius/apuleius.apol.shtml,3,",6 alumentum adiumentum"
https://www.thelatinlibrary.com/apuleius/apuleius.apol.shtml,3,",4 Clytemnestrae Clyteme[n]strae"
https://www.thelatinlibrary.com/apuleius/apuleius.apol.shtml,6,",1 at non omnibus acnon omnibus"
https://www.thelatinlibrary.com/apuleius/apuleius.apol.shtml,4,",6 inqui<e>t<i> inquit'animi <furens>"
https://www.thelatinlibrary.com/apuleius/apuleius.apol.shtml,3,",1 ____ ____"
https://www.thelatinlibrary.com/apuleius/apuleius.apol.shtml,5,",7 se <ef>fert se fert"
https://www.thelatinlibrary.com/apuleius/apuleius.apol.shtml,6,",7 calumnias emergit calumnia se mergit"
https://www.thelatinlibrary.com/apuleius/apuleius.apol.shtml,3,",2 procons. procons(ulari)"
https://www.thelatinlibrary.com/apuleius/apuleius.apol.shtml,3,",2 Cl. Cl(audium)"
https://www.thelatinlibrary.com/apuleius/apuleius.apol.shtml,3,",2 imp. imp(eratoris)"
https://www.thelatinlibrary.com/apuleius/apuleius.apol.shtml,3,",8 inscius insci<t>us"
https://www.thelatinlibrary.com/apuleius/apuleius.apol.shtml,6,",4 feminasitfemina est (Add.: femina aest<imetur>)"
https://www.thelatinlibrary.com/apuleius/apuleius.apol.shtml,9,",6 _____, _______ ___ _____ _____ _______ [___ _____]"
https://www.thelatinlibrary.com/apuleius/apuleius.apol.shtml,5,",1 necesse non <non> necesse"
https://www.thelatinlibrary.com/apuleius/apuleius.apol.shtml,3,",6 aperuisse adgessisse"
https://www.thelatinlibrary.com/apuleius/apuleius.apol.shtml,5,",4 si nusquam <ni>si nusquam"
https://www.thelatinlibrary.com/apuleius/apuleius.apol.shtml,3,",6 Iohannes I[oh]annes"
https://www.thelatinlibrary.com/apuleius/apuleius.apol.shtml,3,",7 <promissam> <creditam>"
https://www.thelatinlibrary.com/apuleius/apuleius.apol.shtml,3,",4 coniugis coniugii"
https://www.thelatinlibrary.com/apuleius/apuleius.apol.shtml,5,",4 multo amore mutuo amore"
https://www.thelatinlibrary.com/apuleius/apuleius.apol.shtml,6,",3 de quo supra de quasupra"
https://www.thelatinlibrary.com/apuleius/apuleius.apol.shtml,3,",2 quemne quemme"
https://www.thelatinlibrary.com/apuleius/apuleius.apol.shtml,6,",7 Mineruae curriculum minor u<it>ae curriculum"
https://www.thelatinlibrary.com/apuleius/apuleius.apol.shtml,6,",3 quam paucorum quam <praemium> paucorum"
https://www.thelatinlibrary.com/apuleius/apuleius.apol.shtml,3,",7 uisitur uisi<ta>tor"
https://www.thelatinlibrary.com/apuleius/apuleius.apol.shtml,8,",3 ut sui potens ut <qui> sui potens"
https://www.thelatinlibrary.com/apuleius/apuleius.apol.shtml,3,",7 qR quaestor(is)"
https://www.thelatinlibrary.com/apuleius/apuleius.apol.shtml,6,",3 mihi quicquam mihi <nihil> quicquam"
https://www.thelatinlibrary.com/apuleius/apuleius.apol.shtml,3,",5 Cl. Cl(audium)"
https://www.thelatinlibrary.com/apuleius/apuleius.apol.shtml,4,",3 natu'stnatu is<ta> est"
https://www.thelatinlibrary.com/apuleius/apuleius.apol.shtml,3,",3 sectatu'ssectatus es"
https://www.thelatinlibrary.com/apuleius/apuleius.apol.shtml,3,",5 procons. procons(ule)."
https://www.thelatinlibrary.com/apuleius/apuleius.apol.shtml,31,"Apuleius of Madauros, Pro se de magia (Apologia), edited with a commentaryby Vincent Hunink, (Gieben), Amsterdam 1997; 2 vols. (vol 1.: introduction, text, bibliography, indexes; vol.2 commentary); [169 + 250 p.]"
https://www.thelatinlibrary.com/apuleius/apuleius2.shtml,135,"[] Ut primum nocte discussa sol novus diem fecit, et somno simul emersus et lectulo, anxius alioquin et nimis cupidus cognoscendi quae rara miraque sunt, reputansque me media Thessaliae loca tenere qua artis magicae nativa cantamina totius orbis consono orbe celebrentur fabulamque illam optimi comitis Aristomenis de situ civitatis huius exortam, suspensus alioquin et voto simul et studio, curiose singula considerabam. Nec fuit in illa civitate quod aspiciens id esse crederem quod esset, sed omnia prorsus ferali murmure in aliam effigiem translata, ut et lapides quos  offenderem de homine duratos et aves quas audirem indidem plumatas et arbores quae pomerium ambirent similiter foliatas et fontanos latices de corporibus humanis fluxos crederem; iam statuas et imagines incessuras, parietes locuturos, boves et id genus pecua dicturas praesagium, de ipso vero caelo et iubaris orbe subito venturum oraculum."
https://www.thelatinlibrary.com/apuleius/apuleius2.shtml,163,"[] Sic attonitus, immo vero cruciabili desiderio stupidus, nullo quidem initio vel omnino vestigio cupidinis meae reperto cuncta circumibam tamen. Dum in luxum nepotalem similis ostiatim singula pererro, repente me nescius forum cupidinis intuli, et ecce mulierem quampiam frequenti stipatam famulitione ibidem gradientem  adcelerato vestigio comprehendo; aurum in gemmis et in tunicis, ibi inflexum, hic intextum, matronam profecto confitebatur. Huius adhaerebat lateri senex iam gravis in annis, qui ut primum me conspexit: ""Est,"" inquit ""hercules, est Lucius"", et offert osculum et statim incertum quidnam in aurem mulieris obganniit; ""Quin"" inquit ""etiam ipse parentem tuam accedis et salutas?"" ""Vereor"" inquam ""ignotae mihi feminae"" et statim rubore suffusus deiecto  capite restiti. At illa optutum in me conversa: ""En"" inquit ""sanctissimae Salvae matris generosa probitas, sed et cetera corporis exsecrabiliter ad [regulam qua diligenter aliquid adfingunt] <amus>sim congruentia: inenormis proceritas, suculenta gracilitas, rubor temperatus, flavum et inadfectatum capillitium, oculi caesii quidem, sed vigiles et in aspectu micantes, prorsus aquilini, os quoquoversum floridum, speciosus et immeditatus incessus."""
https://www.thelatinlibrary.com/apuleius/apuleius2.shtml,130,"[] Et adiecit: ""Ego te, o Luci, meis istis manibus educavi, quidni? parentis tuae non modo sanguinis, verum alimoniarum etiam socia. Nam et familia Plutarchi ambae prognatae sumus et eandem nutricem simul bibimus et in nexu germanitatis una coalvimus. Nec aliud nos quam dignitas discernit, quod illa clarissimas ego privatas nuptias fecerimus. Ego sum Byrrhena illa, cuius forte saepicule nomen inter tuos educatores frequentatum retines. Accede itaque hospitium fiducia, immo vero iam tuum proprium larem."" Ad haec ego, iam  sermonis ipsius mora rubore digesto: ""Absit,"" inquam parens, ut Milonem hospitem sine ulla querela deseram; sed plane, quod officiis integris potest effici, curabo sedulo. Quotiens itineris  huius ratio nascetur, numquam erit ut non apud te devertar."" Dum hunc et huius modi sermonem altercamur, paucis admodum confectis passibus ad domum Byrrhenae pervenimus."
https://www.thelatinlibrary.com/apuleius/apuleius2.shtml,226,"[] Atria longe pulcherrima columnis quadrifariam per singulos angulos stantibus attolerabant statuas, palmaris deae facies, quae pinnis explicitis sine gressu pilae volubilis instabile vestigium plantis roscidis delibantes nec ut maneant inhaerent et iam volare creduntur. Ecce lapis Parius in Dianam factus tenet libratam totius loci medietatem, signum perfecte luculentum, veste reflatum, procursu vegetum, introeuntibus obvium et maiestate numinis venerabile; canes utrimquesecus deae latera muniunt, qui canes et ipsi lapis erant; his oculi minantur, aures rigent, nares hiant, ora saeviunt, et sicunde de proximo latratus ingruerit, eum putabis  de faucibus lapidis exire, et in quo summum specimen operae  fabrilis egregius ille signifex prodidit, sublatis canibus in pectus arduis pedes imi resistunt, currunt priores. Pone tergum deae saxum insurgit in speluncae modum muscis et herbis et foliis et virgultis et sicubi pampinis et arbusculis alibi de lapide florentibus. Splendet intus umbra signi de nitore lapidis. Sub extrema saxi margine poma et uvae faberrime politae dependent, quas ars aemula naturae veritati similes explicuit. Putes ad cibum inde quaedam, cum mustulentus autumnus maturum colorem adflaverit, posse decerpi, et si fontem, qui deae vestigio discurrens in lenem vibratur undam, pronus aspexeris, credes illos ut rure pendentes racemos inter cetera veritatis nec agitationis officio carere. Inter medias frondes lapidis Actaeon simulacrum curioso optutu in deam [sum] proiectus iam in cervum ferinus et in saxo simul et in fronte loturam Dianam opperiens visitur."
https://www.thelatinlibrary.com/apuleius/apuleius2.shtml,171,"[] Dum haec identidem rimabundus eximie delector, ""Tua sunt"" ait Byrrhena ""cuncta quae vides"", et cum dicto ceteros omnes sermone secreto decedere praecipit. Quibus dispulsis omnibus: ""Per hanc"" inquit, ""deam, o Luci carissime, ut anxie tibi metuo et ut pote pignori meo longe provisum cupio, cave tibi, sed cave fortiter a malis artibus et facinorosis illecebris Pamphiles illius, quae cum Milone isto, quem dicis hospitem, nupta est. Maga primi nominis et omnis carminis sepulcralis magistra creditur, quae surculis et lapillis et id genus frivolis inhalatis omnem istam lucem mundi sideralis imis Tartari et in vetustum chaos submergere novit. Nam simul quemque conspexerit speciosae formae iuvenem, venustate eius sumitur et ilico in eum et oculum et animum detorquet. Serit blanditias, invadit spiritum, amoris profundi pedicis aeternis alligat. Tunc minus morigeros et vilis fastidio in saxa et in pecua et quodvis animal puncto reformat, alios vero prorsus extinguit. Haec tibi trepido et cavenda censeo. Nam et illa uritur perpetuum et tu per aetatem et pulchritudinem capax eius es."" Haec mecum Byrrhena satis anxia."
https://www.thelatinlibrary.com/apuleius/apuleius2.shtml,171,"[] At ego curiosus alioquin, ut primum artis magicae semper optatum nomen audivi, tantum a cautela Pamphiles afui ut etiam ultro gestirem tali magisterio me volens ampla cum mercede tradere et  prorsus in ipsum barathrum saltu concito praecipitare. Festinus  denique et vecors animi manu eius velut catena quadam memet expedio et ""Salve"" propere addito ad Milonis hospitium perniciter evolo. Ac dum amenti similis celero vestigium, ""Age,"" inquam, ""o Luci, evigila et tecum esto. Habes exoptatam occasionem, et voto diutino poteris fabulis miris explere pectus. Aufer formidines pueriles, comminus cum re ipsa naviter congredere, et a nexu quidem venerio hospitis tuae tempera et probi Milonis genialem torum religiosus suspice, verum enimvero Photis famula petatur enixe. Nam et forma scitula et moribus ludicra et prorsus argutula est. Vesperi quoque cum somno concederes, et in cubiculo te deduxit comiter et blande lectulo collocavit et satis amanter cooperuit et osculato tuo capite quam invita discederet vultu prodidit, denique saepe retrorsa respiciens substitit. Quod bonum felix et faustum itaque, licet salutare non erit, Photis illa temptetur."""
https://www.thelatinlibrary.com/apuleius/apuleius2.shtml,178,"[] Haec mecum ipse disputans fores Milonis accedo et, quod aiunt, pedibus in sententiam meam vado. Nec tamen domi Milonem vel uxorem eius offendo, sed tantum caram meam Photidem: suis parabat isicium fartim concisum et pulpam frustatim consectam ambacupascuae iurulenta et quod naribus iam inde ariolabar, tuccetum perquam sapidissimum. Ipsa linea tunica mundule amicta et russea fasceola praenitente altiuscule sub ipsas papillas succinctula illud cibarium  vasculum floridis palmulis rotabat in circulum, et in orbis flexibus crebra succutiens et simul membra sua leniter inlubricans, lumbis sensim vibrantibus, spinam mobilem quatiens placide decenter undabat. Isto aspectu defixus obstupui et mirabundus steti, steterunt et membra quae iacebant ante. Et tandem ad illam: ""Quam pulchre quamque festive,"" inquam ""Photis mea, ollulam istam cum  natibus intorques! Quam mellitum pulmentum apparas! Felix et <certo> certius beatus cui permiseris illuc digitum intingere."" Tunc illa lepida alioquin et dicacula puella: ""Discede,"" inquit ""miselle, quam procul a meo foculo, discede. Nam si te vel modice meus igniculus afflaverit, ureris intime nec ullus extinguet ardorem tuum nisi ego, quae dulce condiens et ollam et lectulum suave quatere novi."""
https://www.thelatinlibrary.com/apuleius/apuleius2.shtml,182,"[] Haec dicens in me respexit et risit. Nec tamen ego prius inde discessi quam diligenter omnem eius explorassem habitudinem. Vel quid ego de ceteris aio, cum semper mihi unica cura fuerit caput capillumque sedulo et puplice prius intueri et domi postea perfrui sitque iudicii huius apud me certa et statuta ratio, vel <quod..> vel quod praecipua pars ista corporis in aperto et in perspicuo posita prima nostris luminibus occurrit et quod in ceteris membris floridae vestis hilaris color, hoc in capite nitor nativus operatur; denique pleraeque indolem gratiamque suam probaturae lacinias omnes exuunt, amicula dimovent, nudam pulchritudinem suam praebere se gestiunt magis de cutis roseo rubore quam de vestis aureo colore placiturae. At vero — quod nefas dicere, nec quod sit ullum huius rei tam dirum exemplum! — si cuiuslibet eximiae pulcherrimaeque feminae caput capillo spoliaveris et faciem nativa specie nudaveris, licet illa caelo deiecta, mari edita, fluctibus educata, licet inquam ipsa Venus fuerit, licet omni Gratiarum choro stipata et toto Cupidinum populo comitata et balteo suo cincta, cinnama flagrans et balsama rorans, calva processerit, placere non  poterit nec Vulcano suo."
https://www.thelatinlibrary.com/apuleius/apuleius2.shtml,140,"[] Quid cum capillis color gratus et nitor splendidus inlucet et contra solis aciem vegetus fulgurat vel placidus renitet aut in contrariam gratiam variat aspectum et nunc aurum coruscans in lenem mellis deprimitur umbram, nunc corvina nigredine caerulus  columbarum colli flosculos aemulatur, vel cum guttis Arabicis obunctus et pectinis arguti dente tenui discriminatus et pone versum coactus amatoris oculis occurrens ad instar speculi reddit imaginem gratiorem? Quid cum frequenti subole spissus cumulat verticem vel prolixa serie porrectus dorsa permanat? Tanta denique est capillamenti dignitas ut quamvis auro veste gemmis omnique cetero mundo exornata mulier incedat, tamen, nisi capillum distinxerit, ornata non possit audire. Sed in mea Photide non operosus sed inordinatus ornatus addebat gratiam. Uberes enim crines leniter remissos et cervice dependulos ac dein per colla dispositos sensimque sinuatos patagio residentes paulisper ad finem conglobatos in summum verticem nodus adstrinxerat."
https://www.thelatinlibrary.com/apuleius/apuleius2.shtml,152,"[] Nec diutius quivi tantum cruciatum voluptatis eximiae sustinere, sed pronus in eam, qua fine summum cacumen capillus ascendit, mellitissimum illum savium impressi. Tum illa cervicem intorsit et ad me conversa limis et morsicantibus oculis: ""Heus ut, scolastice,"" ait ""dulce et amarum gustulum carpis. Cave ne nimia mellis dulcedinem diutinam bilis amaritudinem contrahas."" ""Quid istic"" inquam ""est, mea festivitas, cum sim paratus vel uno saviolo interim recreatus super istum ignem porrectus assari"" et cum dicto artius eam complexus coepi saviari. Iamque aemula libidine in amoris parilitatem congermanescenti mecum, iam patentis oris inhalatu cinnameo et occursantis linguae inlisu nectareo prona cupidine adlibescenti: ""Pereo"", inquam ""immo iam dudum perii, nisi tu propitiaris"". Ad haec illa rursum me deosculato: ""Bono animo esto,"" inquit ""nam ego tibi mutua voluntate mancipata sum, nec voluptas nostra differetur ulterius, sed prima face cubiculum tuum adero. Abi ergo ac te compara, tota enim nocte tecum fortiter et ex animo proeliabor."""
https://www.thelatinlibrary.com/apuleius/apuleius2.shtml,167,"[] His et talibus obgannitis sermonibus inter nos discessum est. Commodum meridies accesserat et mittit mihi Byrrhena xeniola porcum opimum et quinque gallinulas et vini cadum in aetate pretiosi. Tunc ego vocata Photide: ""Ecce"" inquam ""Veneris hortator et armiger Liber advenit ultro. Vinum istud hodie sorbamus omne, quod nobis restinguat pudoris ignaviam et alacrem vigorem libidinis incutiat. Hac enim sitarchia navigium Veneris indiget sola, ut in nocte pervigili et oleo lucerna et vino calix abundet."" Diem ceterum lavacro ac dein cenae dedimus. Nam Milonis boni concinnaticiam  mensulam rogatus adcubueram, quam pote tutus ab uxoris eius  aspectu, Byrrhenae monitorum memor, et perinde in eius faciem oculos meos ac si in Avernum lacum formidans deieceram. Sed adsidue  respiciens praeministrantem Photidem inibi recreabar animi, cum ecce iam vesperam lucernam intuens Pamphile: ""Quam largus"" inquit ""imber aderit crastino"" et percontanti marito qui comperisset istud respondit sibi lucernam praedicere. Quod dictum ipsius Milo risu secutus: ""Grandem"" inquit ""istam lucernam Sibyllam pascimus, quae cuncta caeli negotia et solem ipsum de specula candelabri contuetur."""
https://www.thelatinlibrary.com/apuleius/apuleius2.shtml,115,"[] Ad haec ego subiciens: ""Sunt"" aio ""prima huiusce divinationis experimenta; nec mirum, licet modicum igniculum et manibus humanis laboratum, memorem tamen illius maioris et caelestis ignis velut sui parentis, quid is sit editurus in aetheris vertice divino praesagio et ipsum scire et nobis enuntiare. Nam et Corinthi nunc apud nos passim Chaldaeus quidam hospes miris totam civitatem responsis turbulentat et arcana fatorum stipibus emerendis edicit in vulgum, qui dies copulas nuptiarum adfirmet, qui fundamenta moenium perpetuet, qui negotiatori commodus, qui viatori celebris, qui navigiis opportunus. Mihi denique proventum huius peregrinationis inquirenti multa respondit et oppido mira et satis varia; nunc enim gloriam satis floridam, nunc historiam magnam et incredundam fabulam et libros me futurum."""
https://www.thelatinlibrary.com/apuleius/apuleius2.shtml,175,"[] Ad haec renidens Milo: ""Qua"" inquit ""corporis habitudine praeditus quove nomine nuncupatus hic iste Chaldaeus est?"" ""Procerus"" inquam ""et suffusculus, Diophanes nomine."" ""Ipse est"" ait ""nec ullus alius. Nam et hic apud nos multa multis similiter effatus non parvas stipes, immo vero mercedes opimas iam consecutus fortunae scaevam an saevam verius dixerim miser incidit. Nam die quadam cum frequentis populi circulo conseptus coronae circumstantium fata donaret, Cerdo quidam nomine negotiator accessit eum, diem commodum peregrinationi cupiens. Quem cum electum destinasset ille, iam deposita crumina, iam profusis nummulis, iam dinumeratis centum denarium quos mercedem divinationis auferret, ecce quidam de nobilibus adulescentulus a tergo adrepens eum lacinia prehendit et conversum amplexus exosculatur artissime. At ille ubi primum consaviatus eum iuxtim se ut adsidat effecit, [attonitus] et repentinae visionis stupore <attonitus> et praesentis negotii quod gerebat oblitus infit ad eum: ""Quam olim equidem exoptatus nobis advenis?"". Respondit ad haec ille alius: ""Commodum vespera oriente. Sed vicissim tu quoque, frater, mihi memora quem ad modum exinde ut de Euboea insula festinus enavigasti et maris et viae confeceris iter."""
https://www.thelatinlibrary.com/apuleius/apuleius2.shtml,134,"[] Ad haec Diophanes ille Chaldaeus egregius mente viduus necdum suus: ""Hostes"" inquit ""et omnes inimici nostri tam diram, immo vero Ulixeam peregrinationem incidant. Nam et navis ipsa <qua> vehebamur variis turbinibus procellarum quassata utroque regimine amisso aegre ad ulterioris ripae marginem detrusa praeceps demersa est et nos omnibus amissis vix enatavimus. Quodcumque vel ignotorum miseratione vel amicorum benivolentia contraximus, id omne  latrocinalis invasit manus, quorum audaciae repugnans etiam Arignotus unicus frater meus sub istis oculis miser iugulatus est."" Haec eo adhuc narrante maesto Cerdo ille negotiator correptis nummulis suis, quod divinationis mercedi destinaverat, protinus aufugit. Ac dehinc tunc demum Diophanes expergitus sensit imprudentiae suae labem, cum etiam nos omnis circumsecus adstantes in clarum cachinnum videret effusos. Sed tibi plane, Luci domine, soli omnium Chaldaeus ille vera dixerit, sisque felix et iter dexterum porrigas."""
https://www.thelatinlibrary.com/apuleius/apuleius2.shtml,122,"[] Haec Milone diutine sermocinante tacitus ingemescebam mihique non mediocriter suscensebam quod ultro inducta serie inopportunarum fabularum partem bonam vesperae eiusque gratissimum fructum amitterem. Et tandem denique devorato pudore ad Milonem aio: ""Ferat suam Diophanes ille fortunam et spolia populorum rursum conferat mari pariter ac terrae; mihi vero fatigationis hesternae etiam nunc saucio da veniam maturius concedam cubitum""; et cum dicto facesso et cubiculum meum contendo atque illic deprehendo epularum dispositiones satis concinnas. Nam et pueris extra limen, credo ut arbitrio nocturni gannitus ablegarentur, humi quam procul distratum fuerat et grabattulum meum adstitit mensula cenae totius honestas reliquias tolerans et calices boni iam infuso latice semipleni  solam temperiem sustinentes et lagoena iuxta orificio caesim deasceato patescens facilis hauritu, prorsus gladiatoriae Veneris antecenia."
https://www.thelatinlibrary.com/apuleius/apuleius2.shtml,159,"[] Commodum cubueram, et ecce Photis mea, iam domina cubitum reddita, laeta proximat rosa serta et rosa soluta in sinu tuberante. Ac me  pressim deosculato et corollis revincto ac flore persperso adripit poculum ac desuper aqua calida iniecta porrigit bibam, idque modico prius quam totum exsorberem clementer invadit ac relictum paullulatim labellis minuens meque respiciens sorbillat dulciter. Sequens et tertium inter nos vicissim et frequens alternat poculum, cum ego iam vino madens nec animo tantum verum etiam corpore ipso ad libidinem inquies alioquin et petulans et iam saucius, paulisper inguinum fine lacinia remota inpatientiam veneris Photidi meae monstrans: ""Miserere"" inquam ""et subveni maturius. Nam, ut vides, proelio quod nobis sine fetiali officio indixeras iam proximante vehementer intentus, ubi primam sagittam saevi Cupidinis in ima praecordia mea delapsam excepi, arcum meum et ipse vigorate tetendi et oppido formido ne nervus rigoris nimietate rumpatur. Sed ut mihi morem plenius gesseris, in effusum laxa crinem et capillo fluente undanter ede complexus amabiles."""
https://www.thelatinlibrary.com/apuleius/apuleius2.shtml,137,"[] Nec mora, cum omnibus illis cibariis vasculis raptim remotis laciniis cunctis suis renudata crinibusque dissolutis ad hilarem lasciviam in speciem Veneris quae marinos fluctus subit pulchre reformata, paulisper etiam glabellum feminal rosea palmula potius  obumbrans de industria quam tegens verecundia: ""Proeliare"" inquit ""et fortiter proeliare, nec enim tibi cedam nec terga vortam; comminus in aspectum, si vir es, derige et grassare naviter et occide moriturus. Hodierna pugna non habet missionem."" Haec simul  dicens inscenso grabattulo super me sensim residens ac crebra subsiliens lubricisque gestibus mobilem spinam quatiens pendulae Veneris fructu me satiavit, usque dum lassis animis et marcidis artibus defetigati simul ambo corruimus inter mutuos amplexus  animas anhelantes.His et huius modi conluctationibus ad confinia lucis usque pervigiles egimus poculis interdum lassitudinem refoventes et libidinem incitantes et voluptatem integrantes. Ad cuius noctis exemplar similes adstruximus alias plusculas."
https://www.thelatinlibrary.com/apuleius/apuleius2.shtml,131,"[] Forte quadam die de me magno opere Byrrhena contendit, apud eam cenulae interessem, et cum impendio excusarem, negavit veniam. Ergo igitur Photis erat adeunda deque nutu eius consilium velut auspicium petendum. Quae quamquam invita quod a se ungue latius digrederer, tamen comiter amatoriae militiae breve commeatum indulsit. Sed ""Heus tu,"" inquit ""cave regrediare cena maturius. Nam vesana factio nobilissimorum iuvenum pacem publicam infestat; passim trucidatos per medias plateas videbis iacere, nec praesidis auxilia longinqua levare civitatem tanta clade possunt. Tibi vero fortunae splendor insidias, contemptus etiam peregrinationis poterit adferre."" ""Fac sine cura"" inquam ""sis, Photis mea. Nam praeter quod epulis alienis voluptates meas anteferrem, metum etiam istum tibi demam maturata regressione. Nec tamen incomitatus ibo. Nam gladiolo solito cinctus altrinsecus ipse salutis meae praesidia gestabo."" Sic paratus cenae me committo."
https://www.thelatinlibrary.com/apuleius/apuleius2.shtml,142,"[] Frequens ibi numerus epulonum et utpote apud primatem feminam flos ipse civitatis. <Mens>ae opipares citro et ebore nitentes, lecti aureis vestibus intecti, ampli calices variae quidem gratiae sed pretiositatis unius. Hic vitrum fabre sigillatum, ibi crustallum inpunctum, argentum alibi clarum et aurum fulgurans et sucinum mire cavatum et lapides ut binas et quicquid fieri non potest ibi est. Diribitores plusculi splendide amicti fercula copiosa scitule subministrare, pueri calamistrati pulchre indusiati gemmas formatas in pocula vini vetusti frequenter offerre. Iam inlatis luminibus epularis sermo percrebuit, iam risus adfluens et ioci liberales et cavillus hinc inde. Tum infit ad me Byrrhena: ""Quam commode versaris in nostra patria? Quod sciam, templis et lavacris et ceteris operibus longe cunctas civitates antecellimus, utensilium praeterea pollemus adfatim. Certe libertas otiosa, et negotioso quidem advenae Romana frequentia, modesto vero hospiti quies villatica: omni denique provinciae voluptati secessus sumus."""
https://www.thelatinlibrary.com/apuleius/apuleius2.shtml,173,"[] Ad haec ego subiciens: ""Vera memoras nec usquam gentium magis me liberum quam hic fuisse credidi. Sed oppido formido caecas et inevitabiles latebras magicae disciplinae. Nam ne mortuorum quidem  sepulchra tuta dicuntur sed ex bustis et rogis reliquiae quaedam et cadaverum praesegmina ad exitiabiles viventium fortunas petuntur,  et cantatrices anus in ipso momento choragi funebris praepeti celeritate alienam sepulturam antevortunt."" His meis addidit alius: ""Immo vero istic nec viventibus quidem ullis parcitur. Et nescio qui simile passus ore undique omnifariam deformato truncatus est."" Inter haec convivium totum in licentiosos cachinnos effunditur  omniumque ora et optutus in unum quempiam angulo secubantem conferuntur. Qui cunctorum obstinatione confusus indigna murmurabundus cum vellet exsurgere, ""Immo mi Thelyphron,"" Byrrhena inquit ""et subsiste paulisper et more tuae urbanitatis fabulam illam tuam remetire, ut et filius meus iste Lucius lepidi sermonis tui perfruatur comitate."" At ille: ""Tu quidem, domina,"" ait ""in officio manes sanctae tuae bonitatis, sed ferenda non est quorundam insolentia."" Sic ille commotus. Sed instantia Byrrhenae, quae eum adiuratione suae salutis ingratis cogebant effari, perfecit ut vellet."
https://www.thelatinlibrary.com/apuleius/apuleius2.shtml,127,"[] Ac sic aggeratis in cumulum stragulis et effultus in cubitum suberectusque [in torum] porrigit dexteram et ad instar oratorum conformat articulum duobusque infimis conclusis digitis ceteros eminens [porrigens] et infesto pollice clementer subrigens infit Thelyphron: ""Pupillus ego Mileto profectus ad spectaculum Olympicum, cum haec etiam loca provinciae famigerabilis adire cuperem, peragrata cuncta Thessalia fuscis avibus Larissam accessi. Ac dum singula pererrans tenuato admodum viatico paupertati meae fomenta conquiro, conspicor medio foro procerum quendam senem. Insistebat lapidem claraque voce praedicabat, siqui mortuum servare vellet, de pretio liceretur. Et ad quempiam praetereuntium ""Quid hoc"" inquam ""comperior? Hicine mortui solent aufugere?"" ""Tace,"" respondit ille ""nam oppido puer et satis peregrinus es meritoque ignoras Thessaliae te consistere, ubi sagae mulieres ora mortuorum passim demorsicant, eaque sunt illis artis magicae supplementa."""
https://www.thelatinlibrary.com/apuleius/apuleius2.shtml,128,"[] Contra ego: ""Et quae, tu"" inquam ""dic sodes, custodela ista feralis?"" ""Iam primum"" respondit ille ""perpetem noctem eximie vigilandum est exsertis et inconivis oculis semper in cadaver intentis nec acies usquam devertenda, immo ne obliquanda quidem, quippe cum deterrimae versipelles in quodvis animal ore converso latenter adrepant, ut ipsos etiam oculos Solis et Iustitiae facile frustrentur; nam et aves et rursum canes et mures immo vero etiam muscas induunt. Tunc diris cantaminibus somno custodes obruunt. Nec satis quisquam definire poterit quantas latebras nequissimae mulieres pro libidine sua comminiscuntur. Nec tamen huius tam exitiabilis operae merces amplior quam quaterni vel seni ferme offeruntur aurei. Ehem, et quod paene praeterieram, siqui non integrum corpus mane restituerit, quidquid inde decerptum deminutumque fuerit, id omne de facie sua desecto sarcire compellitur."""
https://www.thelatinlibrary.com/apuleius/apuleius2.shtml,134,"[] His cognitis animum meum conmasculo et ilico accedens praeconem: ""Clamare"" inquam ""iam desine. Adest custos paratus, cedo praemium."" ""Mille"" inquit ""nummum deponentur tibi. Sed heus iuvenis, cave diligenter principum civitatis filii cadaver a malis Harpyiis probe  custodias."" ""Ineptias"" inquam ""mihi narras et nugas meras. Vides hominem ferreum et insomnem, certe perspicaciorem ipso Lynceo vel  Argo et oculeum totum."" Vix finieram, et ilico me perducit ad domum quampiam, cuius ipsis foribus obseptis per quandam brevem posticulam intro vocat me et conclave quoddam obseratis luminibus umbrosum <intrans> demonstrat matronam flebilem fusca veste contectam, quam propter adsistens: ""Hic"" inquit ""auctoratus ad custodiam mariti tui fidenter accessit."" At illa crinibus antependulis hinc inde dimotis etiam in maerore luculentam proferens faciem meque respectans: ""Vide oro"" inquit ""quam expergite munus obeas."" ""Sine cura sis"", inquam ""modo corollarium idoneum compara."""
https://www.thelatinlibrary.com/apuleius/apuleius2.shtml,160,"[] Sic placito consurrexit et ad alium me cubiculum inducit. Ibi corpus splendentibus linteis coopertum introductis quibusdam septem testibus manu revelat et diutine insuper fleto obtestata fidem praesentium singula demonstrat anxie, verba concepta de industria quodam tabulis praenotante. ""Ecce"" inquit ""nasus integer, incolumes oculi, salvae aures, inlibatae labiae, mentum solidum. Vos in hanc rem, boni Quirites, testimonium perhibetote"", et cum dicto  consignatis illis tabulis facessit. At ego: ""Iube,"" inquam ""domina, cuncta quae sunt usui necessaria nobis exhiberi."" ""At quae"" inquit ""ista sunt?"" ""Lucerna"" aio ""praegrandis et oleum ad lucem luci sufficiens et calida cum oenophoris et calice cenarumque reliquis discus ornatus."" Tunc illa capite quassanti: ""Abi,"" inquit ""fatue, qui in domo funesta cenas et partes requiris, in qua totiugis iam  diebus ne fumus quidem visus est ullus. An istic comissatum te  venisse credis? Quin sumis potius loco congruentes luctus et lacrimas?"" Haec simul dicens respexit ancillulam et: ""Myrrhine,"" inquit ""lucernam et oleum trade confestim et incluso custode cubiculo protinus facesse."""
https://www.thelatinlibrary.com/apuleius/apuleius2.shtml,124,"[] Sic desolatus ad cadaveris solacium perfrictis oculis et obarmatis  ad vigilias animum meum permulcebam cantationibus, cum ecce crepusculum et nox provecta et nox altior et dein concubia altiora et iam nox intempesta. Mihique oppido formido cumulatior quidem cum repente introrepens mustela contra me constitit optutumque acerrimum in me destituit, ut tantillula animalis prae nimia sui fiducia mihi turbarit animum. Denique sic ad illam: ""Quin abis,"" inquam ""inpurata bestia, teque ad tui similes musculos recondis, antequam nostri vim praesentariam experiaris? Quin abis?"" Terga vortit et cubiculo protinus exterminatur. Nec mora, cum me somnus profundus in imum barathrum repente demergit, ut ne deus quidem Delphicus ipse facile discerneret duobus nobis iacentibus quis esset magis mortuus. Sic inanimis et indigens alio custode paene ibi non eram."
https://www.thelatinlibrary.com/apuleius/apuleius2.shtml,163,"[] Commodum noctis indutias cantus perstrepebat cristatae cohortis. Tandem expergitus et nimio pavore perterritus cadaver accurro et admoto lumine revelataque eius facie rimabar singula, quae cuncta convenerant; ecce uxor misella flens cum hesternis testibus introrumpit anxia et statim corpori superruens multumque ac diu deosculata sub arbitrio luminis recognoscit omnia, et conversa Philodespotum requirit actorem. Ei praecipit bono custodi redderet sine mora praemium, et oblato statim: ""Summas"" inquit ""tibi, iuvenis, gratias agimus et hercules ob sedulum istud ministerium inter ceteros familiares dehinc numerabimus."" Ad haec ego insperato  lucro diffusus in gaudium et in aureos refulgentes, quos identidem in manu mea ventilabam, attonitus: ""Immo,"" inquam ""domina, de famulis tuis unum putato, et quotiens operam nostram desiderabis, fidenter impera."" Vix effatum me statim familiares omen nefarium exsecrati raptis cuiusque modi telis insecuntur; pugnis ille malas offendere, scapulas alius cubitis inpingere, palmis infestis hic latera suffodere, calcibus insultare, capillos distrahere, vestem discindere. Sic in modum superbi iuvenis Aoni vel Musici vatis Piplei laceratus atque discerptus domo proturbor."
https://www.thelatinlibrary.com/apuleius/apuleius2.shtml,145,"[] Ac dum in proxima platea refovens animum infausti atque inprovidi sermonis mei sero reminiscor dignumque me pluribus etiam verberibus fuisse merito consentio, ecce iam ultimum defletus atque conclamatus processerat mortuus rituque patrio, utpote unus de optimatibus, pompa funeris publici ductabatur per forum. Occurrit atratus quidam maestus in lacrimis genialem canitiem revellens senex et manibus ambabus invadens torum voce contenta quidem sed adsiduis singultibus impedita: ""Per fidem vestram,"" inquit ""Quirites, per pietatem publicam perempto civi subsistite et extremum facinus in nefariam scelestamque istam feminam severiter vindicate. Haec enim nec ullus alius miserum adulescentem, sororis meae filium, in adulteri gratiam et ob praedam hereditariam extinxit veneno."" Sic ille senior lamentabiles questus singultim instrepebat. Saevire vulgus interdum et facti verisimilitudinem ad criminis credulitatem impelli. Conclamant ignem, requirunt saxa, famulos ad exitium mulieris hortantur. Emeditatis ad haec illa fletibus quamque sanctissime poterat adiurans cuncta numina tantum scelus abnuebat."
https://www.thelatinlibrary.com/apuleius/apuleius2.shtml,148,"[] Ergo igitur senex ille: ""Veritatis arbitrium in divinam providentiam reponamus. Zatchlas adest Aegyptius propheta primarius, qui mecum iam dudum grandi praemio pepigit reducere paulisper ab inferis spiritum corpusque istud postliminio mortis animare"", et cum dicto iuvenem quempiam linteis amiculis iniectum pedesque palmeis baxeis inductum et adusque deraso capite producit in medium. Huius diu manus deosculatus et ipsa genua contingens: ""Miserere,"" ait ""sacerdos, miserere per caelestia sidera per inferna numina per naturalia elementa per nocturna silentia et adyta Coptica et per incrementa Nilotica et arcana Memphitica et sistra Phariaca. Da brevem solis usuram et in aeternum conditis oculis modicam lucem infunde. Non obnitimur <necessitati> nec terrae rem suam denegamus, sed ad ultionis solacium exiguum vitae spatium deprecamur."" Propheta sic propitiatus herbulam quampiam ob os corporis et aliam pectori eius imponit. Tunc orientem obversus incrementa solis augusti tacitus imprecatus venerabilis scaenae facie studia praesentium ad miraculum tantum certatim adrexit."
https://www.thelatinlibrary.com/apuleius/apuleius2.shtml,147,"[] Immitto me turbae socium et pone ipsum lectulum editiorem quendam lapidem insistens cuncta curiosis oculis arbitrabar. Iam tumore pectus extolli, iam salebris vena pulsari, iam spiritu corpus impleri; et adsurgit cadaver et profatur adulescens: ""Quid, oro, me post Lethea pocula iam Stygiis paludibus innatantem ad momentariae vitae reducitis officia? Desine iam, precor, desine ac me in meam quietem permitte."" Haec audita vox de corpore, sed aliquanto propheta commotior: ""Quin refers"" ait ""populo singula tuaeque mortis illuminas arcana? An non putas devotionibus meis posse Diras invocari, posse tibi membra lassa torqueri?"" Suscipit ille de lectulo et imo cum gemitu populum sic adorat: ""Malis novae nuptae  peremptus artibus et addictus noxio poculo torum tepentem adultero mancipavi."" Tunc uxor egregia capit praesentem audaciam et mente sacrilega coarguenti marito resistens altercat. Populus aestuat diversa tendentes, hi pessimam feminam viventem statim cum corpore mariti sepeliendam, alii mendacio cadaveris fidem non habendam."
https://www.thelatinlibrary.com/apuleius/apuleius2.shtml,222,"[] Sed hanc cunctationem sequens adulescentis sermo distinxit; nam rursus altius ingemescens: ""Dabo,"" inquit ""dabo vobis intemeratae veritatis documenta perlucida et quod prorsus alius nemo cognoverit indicabo."" Tunc digito me demonstrans: ""Nam cum corporis mei custos hic sagacissimus exsertam mihi teneret vigiliam, cantatrices anus  exuviis meis inminentes atque ob id reformatae frustra saepius cum industriam eius fallere nequivissent, postremum iniecta somni nebula eoque in profundam quietem sepulto me nomine ciere non prius desierunt quam dum hebetes artus et membra frigida pigris conatibus ad artis magicae nituntur obsequia. <At> hic utpote vivus quidem sed tantum sopore mortuus, quod eodem mecum vocabulo nuncupatur, ad suum nomen ignarus exsurgit, et in inanimis umbrae modum ultroneus gradiens, quamquam foribus cubiculi diligenter obclusis, per quoddam foramen prosectis naso prius ac mox auribus vicariam pro me lanienam sustinuit. Utque fallaciae reliqua convenirent, ceram in modum prosectarum formatam aurium ei adplicant examussim nasoque ipsius similem comparant. Et nunc adsistit miser hic praemium non industriae sed debilitationis consecutus."" His dictis perterritus temptare formam adgredior. Iniecta manu nasum prehendo: sequitur; aures pertracto: deruunt. Ac dum directis digitis et detortis nutibus praesentium denotor, dum risus ebullit, inter pedes circumstantium frigido sudore defluens evado. Nec postea debilis ac sic ridiculus Lari me patrio reddere potui, sed capillis hinc inde laterum deiectis aurium vulnera celavi, nasi vero dedecus linteolo isto pressim adglutinato decenter obtexi."""
https://www.thelatinlibrary.com/apuleius/apuleius2.shtml,107,"[] Cum primum Thelyphron hanc fabulam posuit, conpotores vino madidi rursum cachinnum integrant. Dumque bibere solita Risui postulant, sic ad me Byrrhena: ""Sollemnis"" inquit ""dies a primis cunabulis huius urbis conditus crastinus advenit, quo die soli mortalium sanctissimum deum Risum hilaro atque gaudiali ritu propitiamus. Hunc tua praesentia nobis efficies gratiorem. Atque utinam aliquid de proprio lepore laetificum honorando deo comminiscaris, quo magis pleniusque tanto numini litemus."" ""Bene"" inquam ""et fiet ut iubes. Et vellem hercules materiam reperire aliquam quam deus tantus  affluenter indueret."" Post haec monitu famuli mei, qui noctis admonebat, iam et ipse crapula distentus protinus exsurgo et appellata propere Byrrhena titubante vestigio domuitionem capesso."
https://www.thelatinlibrary.com/apuleius/apuleius2.shtml,140,"[] Sed cum primam plateam vadimus, vento repentino lumen quo nitebamur extinguitur, ut vix inprovidae noctis caligine liberati digitis pedum detunsis ob lapides hospitium defessi rediremus. Dumque iam iunctim proximamus, ecce tres quidam vegetes et vastulis corporibus fores nostras ex summis viribus inruentes ac ne praesentia quidem nostra tantillum conterriti sed magis cum aemulatione virium crebrius insultantes, ut nobis ac mihi potissimum non immerito  latrones esse et quidem saevissimi viderentur. Statim denique gladium, quem veste mea contectum ad hos usus extuleram, sinu liberatum adripio. Nec cunctatus medios latrones involo ac singulis, ut quemque conluctantem offenderam, altissime demergo, quoad tandem ante ipsa vestigia mea vastis et crebris perforati vulneribus spiritus efflaverint. Sic proeliatus, iam tumultu eo Photide suscitata, patefactis aedibus anhelans et sudore perlutus inrepo meque statim utpote pugna trium latronum in vicem Geryoneae caedis fatigatum lecto simul et somno tradidi."
https://www.thelatinlibrary.com/apuleius/apuleius1.shtml,122,"[] At ego tibi sermone isto Milesio varias fabulas conseram auresque tuas benivolas lepido susurro permulceam — modo si papyrum Aegyptiam argutia Nilotici calami inscriptam non spreveris inspicere — , figuras fortunasque hominum in alias imagines conversas et in se rursus mutuo nexu refectas ut mireris. Exordior. ""Quis ille?"" Paucis accipe. Hymettos Attica et Isthmos Ephyrea et Taenaros Spartiatica, glebae felices aeternum libris felicioribus conditae, mea vetus prosapia est; ibi linguam Atthidem primis pueritiae stipendiis merui. Mox in urbe Latia advena studiorum Quiritium indigenam sermonem aerumnabili labore nullo magistro praeeunte aggressus excolui. En ecce praefamur veniam, siquid exotici ac forensis sermonis rudis locutor offendero. Iam haec equidem ipsa vocis immutatio desultoriae scientiae stilo quem accessimus respondet. Fabulam Graecanicam incipimus. Lector intende: laetaberis."
https://www.thelatinlibrary.com/apuleius/apuleius1.shtml,164,"[] Thessaliam — nam et illic originis maternae nostrae fundamenta a Plutarcho illo inclito ac mox Sexto philosopho nepote eius prodita gloriam nobis faciunt — eam Thessaliam ex negotio petebam. Postquam ardua montium ac lubrica vallium et roscida cespitum et glebosa camporum <emenus> emersi, in equo indigena peralbo vehens iam eo quoque admodum fesso, ut ipse etiam fatigationem sedentariam incessus vegetatione discuterem in pedes desilio, equi sudorem <fronte detergeo>, frontem curiose exfrico, auris remulceo, frenos detraho, in gradum lenem sensim proveho, quoad lassitudinis incommodum alvi solitum ac naturale praesidium eliquaret. Ac dum is ientaculum ambulatorium prata quae praeterit ore in latus detorto pronus adfectat, duobus comitum qui forte paululum processerant tertium me facio. Ac dum ausculto quid sermonibus agitarent, alter exserto cachinno: ""Parce"" inquit ""in verba ista haec tam absurda tamque immania mentiendo."" Isto accepto sititor alioquin novitatis: ""Immo vero"" inquam ""impertite sermonem non quidem curiosum sed qui velim scire vel cuncta vel certe plurima; simul iugi quod insurgimus aspritudinem fabularum lepida iucunditas levigabit."""
https://www.thelatinlibrary.com/apuleius/apuleius1.shtml,107,"[] At ille qui coeperat: ""Ne"" inquit ""istud mendacium tam verum est quam siqui velit dicere magico susurramine amnes agiles reverti, mare pigrum conligari, ventos inanimes exspirare, solem inhiberi, lunam despumari, stellas evelli, diem tolli, noctem teneri."" Tunc ego in verba fidentior: ""Heus tu"" inquam ""qui sermonem ieceras priorem, ne pigeat te vel taedeat reliqua pertexere"", et ad alium: ""Tu vero crassis auribus et obstinato corde respuis quae forsitan vere perhibeantur. Minus hercule calles pravissimis opinionibus ea putari mendacia quae vel auditu nova vel visu rudia vel certe supra captum cogitationis ardua videantur; quae si paulo accuratius exploraris, non modo compertu evidentia verum etiam factu facilia senties."
https://www.thelatinlibrary.com/apuleius/apuleius1.shtml,138,"[] Ego denique vespera, dum polentae caseatae modico secus offulam grandiorem in convivas aemulus contruncare gestio, mollitie cibi glutinosi faucibus inhaerentis et meacula spiritus distinentis minimo minus interii. Et tamen Athenis proxime et ante Poecilen porticum isto gemino obtutu circulatorem aspexi equestrem spatham praeacutam mucrone infesto devorasse, ac mox eundem, invitamento exiguae stipis venatoriam lanceam, qua parte minatur exitium, in ima viscera condidisse. Et ecce pone lanceae ferrum, qua bacillum inversi teli ad occipitium per ingluviem subit, puer in mollitiem decorus insurgit inque flexibus tortuosis enervam et exossam saltationem explicat cum omnium qui aderamus admiratione: diceres dei medici baculo, quod ramis semiamputatis nodosum gerit, serpentem generosum lubricis amplexibus inhaerere. Sed iam cedo tu sodes, qui coeperas, fabulam remetire. Ego tibi solus haec pro isto credam, et quod ingressui primum fuerit stabulum prandio participabo. Haec tibi merces posita est."""
https://www.thelatinlibrary.com/apuleius/apuleius1.shtml,132,"[] At ille: ""Istud quidem quod polliceris aequi bonique facio, verum quod inchoaveram porro exordiar. Sed tibi prius deierabo solem istum omnividentem deum me vera comperta memorare, nec vos ulterius dubitabitis si Thessaliae proximam civitatem perveneritis, quod ibidem passim per ora populi sermo iactetur quae palam gesta sunt. Sed ut prius noritis cuiatis sim, qui sim: <Aristomenes sum>, Aegiensis; audite et quo quaestu me teneam: melle vel caseo et huiusce modi cauponarum mercibus per Thessaliam Aetoliam Boeotiam ultro citro discurrens. Comperto itaque Hypatae, quae civitas cunctae Thessaliae antepollet, caseum recens et sciti saporis admodum commodo pretio distrahi, festinus adcucurri id omne praestinaturus. Sed ut fieri adsolet, sinistro pede profectum me spes compendii frustrata est: omne enim pridie Lupus negotiator magnarius coemerat. Ergo igitur inefficaci celeritate fatigatus commodum vespera oriente ad balneas processeram."
https://www.thelatinlibrary.com/apuleius/apuleius1.shtml,150,"[] Ecce Socraten contubernalem meum conspicio. Humi sedebat scissili palliastro semiamictus, paene alius lurore ad miseram maciem deformatus, qualia solent fortunae decermina stipes in triviis erogare. Hunc talem, quamquam necessarium et summe cognitum, tamen dubia mente propius accessi. ""Hem,"" inquam ""mi Socrates, quid istud? Quae facies? Quod flagitium? At vero domi tuae iam defletus et conclamatus es, liberis tuis tutores iuridici provincialis decreto dati, uxor persolutis feralibus officiis luctu et maerore diuturno deformata, diffletis paene ad extremam captivitatem oculis suis, domus infortunium novarum nuptiarum gaudiis a suis sibi parentibus hilarare compellitur. At tu hic larvale simulacrum cum summo dedecore nostro viseris."" ""Aristomene"", inquit ""ne tu fortunarum lubricas ambages et instabiles incursiones et reciprocas vicissitudines ignoras"", et cum dicto sutili centunculo faciem suam iam dudum punicantem prae pudore obtexit ita ut ab umbilico pube tenus cetera corporis renudaret. Nec denique perpessus ego tam miserum aerumnae spectaculum iniecta manu ut adsurgat enitor."
https://www.thelatinlibrary.com/apuleius/apuleius1.shtml,243,"[] At ille, ut erat, capite velato: ""Sine, sine"" inquit ""fruatur diutius tropaeo Fortuna quod fixit ipsa."" Effeci sequatur, et simul unam e duabus laciniis meis exuo eumque propere vestio dicam an contego et ilico lavacro trado. Quod unctui, quod tersui, ipse praeministro, sordium enormem eluviem operose effrico; probe curato ad hospitium lassus ipse fatigatum aegerrime sustinens perduco, lectulo refoveo, cibo satio, poculo mitigo, fabulis permulceo. Iam adlubentia proclivis est sermonis et ioci et scitum etiam cavillum, iam dicacitas timida, cum ille imo de pectore cruciabilem suspiritum ducens dextra saevientem frontem replaudens: ""Me miserum"" infit ""qui dum voluptatem gladiatorii spectaculi satis famigerabilis consector in has aerumnas incidi. Nam, ut scis optime, secundum quaestum Macedoniam profectus, dum mense decimo ibidem attentus nummatior revortor, modico prius quam Larissam accederem, per transitum spectaculum obiturus in quadam avia et lacunosa convalli a vastissimis latronibus obsessus atque omnibus privatus tandem evado, et utpote ultime adfectus ad quandam cauponam Meroen, anum sed admodum scitulam, devorto, eique causas et peregrinationis diuturnae et domuitionis anxiae et spoliationis [diuturnae et dum] miserae refero; quae me nimis quam humane tractare adorta cenae gratae atque gratuitae ac mox urigine percita cubili suo adplicat. Et statim miser, ut cum illa adquievi, ab unico congressu annosam ac pestilentem con<suetudinem> contraho et ipsas etiam lacinias quas boni latrones contegendo mihi concesserant in eam contuli, operulas etiam quas adhuc vegetus saccariam faciens merebam, quoad me ad istam faciem quam paulo ante vidisti bona uxor et mala fortuna perduxit."""
https://www.thelatinlibrary.com/apuleius/apuleius1.shtml,143,"[] ""Pol quidem tu dignus"" inquam ""es extrema sustinere, si quid est tamen novissimo extremius, qui voluptatem Veneriam et scortum scorteum Lari et liberis praetulisti."" At ille digitum a pollice proximum ori suo admovens et in stuporem attonitus ""Tace, tace"" inquit et circumspiciens tutamenta sermonis: ""Parce"" inquit ""in feminam divinam, nequam tibi lingua intemperante noxam contrahas."" ""Ain tandem?"" inquam. ""Potens illa et regina caupona quid mulieris est?"" ""Saga"" inquit ""et divina, potens caelum deponere, terram suspendere, fontes durare, montes diluere, manes sublimare, deos infimare, sidera exstinguere, Tartarum ipsum inluminare."" ""Oro te"" inquam ""aulaeum tragicum dimoveto et siparium scaenicum complicato et cedo verbis communibus."" ""Vis"" inquit ""unum vel alterum, immo plurima eius audire facta? Nam ut se ament afflictim non modo incolae verum etiam Indi vel Aethiopes utrique vel ipsi Anticthones, folia sunt artis et nugae merae. Sed quod in conspectu plurium perpetravit, audi."
https://www.thelatinlibrary.com/apuleius/apuleius1.shtml,114,"[] Amatorem suum, quod in aliam temerasset, unico verbo mutavit in feram castorem, quod ea bestia captivitatis metuens ab insequentibus se praecisione genitalium liberat, ut illi quoque simile [quod venerem habuit in aliam] proveniret. Cauponem quoque vicinum atque ob id aemulum deformavit in ranam, et nunc senex ille dolium innatans vini sui adventores pristinos in faece submissus officiosis roncis raucus appellat. Alium de foro, quod adversus eam locutus esset, in arietem deformavit, et nunc aries ille causas agit. Eadem amatoris sui uxorem, quod in eam dicacule probrum dixerat iam in sarcina praegnationis obsaepto utero et repigrato fetu perpetua praegnatione damnavit, et ut cuncti numerant, iam octo annorum onere misella illa velut elephantum paritura distenditur."
https://www.thelatinlibrary.com/apuleius/apuleius1.shtml,164,"[] Quae cum subinde ac multi nocerentur, publicitus indignatio percrebuit statutumque ut in eam die altera severissime saxorum iaculationibus vindicaretur. Quod consilium virtutibus cantionum antevortit et ut illa Medea unius dieculae a Creone impetratis indutiis totam eius domum filiamque cum ipso sene flammis coronalibus deusserat, sic haec devotionibus sepulchralibus in scrobem procuratis, ut mihi temulenta narravit proxime, cunctos in suis sibi domibus tacita numinum violentia clausit, ut toto biduo non claustra perfringi, non fores evelli, non denique parietes ipsi quiverint perforari, quoad mutua hortatione consone clamitarent quam sanctissime deierantes sese neque ei manus admolituros, et si quis aliud cogitarit salutare laturos subsidium. Et sic illa propitiata totam civitatem absolvit. At vero coetus illius auctorem nocte intempesta cum tota domo, id est parietibus et ipso solo et omni fundamento, ut erat, clausa ad centesimum lapidem in aliam civitatem summo vertice montis exasperati sitam et ob id ad aquas sterilem transtulit. Et quoniam densa inhabitantium aedificia locum novo hospiti non dabant, ante portam proiecta domo discessit."""
https://www.thelatinlibrary.com/apuleius/apuleius1.shtml,144,"[] ""Mira"" inquam ""nec minus saeva, mi Socrates, memoras. Denique mihi quoque non parvam incussisti sollicitudinem, immo vero formidinem, iniecto non scrupulo sed lancea, ne quo numinis ministerio similiter usa sermones istos nostros anus illa cognoscat. Itaque maturius quieti nos reponamus et somno levata lassitudine noctis antelucio aufugiamus istinc quam pote longissime."" Haec adhuc me suadente insolita vinolentia ac diuturna fatigatione pertentatus bonus Socrates iam sopitus stertebat altius. Ego vero adducta fore pessulisque firmatis grabatulo etiam pone cardinem supposito et probe adgesto super eum me recipio. Ac primum prae metu aliquantisper vigilo, dein circa tertiam ferme vigiliam paululum coniveo. Commodum quieveram, et repente impulsu maiore quam ut latrones crederes ianuae reserantur immo vero fractis et evolsis funditus cardinibus prosternuntur. Grabatus alioquin breviculus et uno pede mutilus ac putris impetus tanti violentia prosternitur, me quoque evolutum atque excussum humi recidens in inversum cooperit ac tegit."
https://www.thelatinlibrary.com/apuleius/apuleius1.shtml,164,"[] Tunc ego sensi naturalitus quosdam affectus in contrarium provenire. Nam ut lacrimae saepicule de gaudio prodeunt, ita et in illo nimio pavore risum nequivi continere de Aristomene testudo factus. Ac dum in fimum deiectus obliquo aspectu quid rei sit grabatuli sollertia munitus opperior, video mulieres duas altioris aetatis; lucernam lucidam gerebat una, spongiam et nudum gladium altera. Hoc habitu Socratem bene quietum circumstetere. Infit illa cum gladio: ""Hic est, soror Panthia, carus Endymion, hic Catamitus meus, qui diebus ac noctibus inlusit aetatulam meam, hic qui meis amoribus subterhabitis non solum me diffamat probris verum etiam fugam instruit. At ego scilicet Ulixi astu deserta vice Calypsonis aeternam solitudinem flebo."" Et porrecta dextera meque Panthiae suae demonstrato: ""At hic bonus"" inquit ""consiliator Aristomenes, qui fugae huius auctor fuit et nunc morti proximus iam humi prostratus grabattulo subcubans iacet et haec omnia conspicit, impune se laturum meas contumelias putat. Faxo eum sero, immo statim, immo vero iam nunc, ut et praecedentis dicacitatis et instantis curiositatis paeniteat."""
https://www.thelatinlibrary.com/apuleius/apuleius1.shtml,180,"[] Haec ego ut accepi, sudore frigido miser perfluo, tremore viscera quatior, ut grabattulus etiam succussu meo inquietus super dorsum meum palpitando saltaret. At bona Panthia: ""Quin igitur"", inquit ""soror, hunc primum bacchatim discerpimus vel membris eius destinatis virilia desecamus?"" Ad haec Meroe - sic enim reapse nomen eius tunc fabulis Socratis convenire sentiebam -: ""Immo"" ait ""supersit hic saltem qui miselli huius corpus parvo contumulet humo,"" et capite Socratis in alterum dimoto latus per iugulum sinistrum capulo tenus gladium totum ei demergit et sanguinis eruptionem utriculo admoto excipit diligenter, ut nulla stilla compareret usquam. Haec ego meis oculis aspexi. Nam etiam, ne quid demutaret, credo, a victimae religione, immissa dextera per vulnus illud ad viscera penitus cor miseri contubernalis mei Meroe bona scrutata protulit, cum ille impetu teli praesecata gula vocem immo stridorem incertum per vulnus effunderet et spiritum rebulliret. Quod vulnus, qua maxime patebat, spongia offulciens Panthia: ""Heus tu"" inquit ""spongia, cave in mari nata per fluvium transeas."" His editis abeunt <et una> remoto grabattulo varicus super faciem meam residentes vesicam exonerant, quoad me urinae spurcissimae madore perluerent."
https://www.thelatinlibrary.com/apuleius/apuleius1.shtml,168,"[] Commodum limen evaserant, et fores ad pristinum statum integrae resurgunt: cardines ad foramina residunt, <ad> postes [ad] repagula redeunt, ad claustra pessuli recurrunt. At ego, ut eram, etiam nunc humi proiectus inanimis nudus et frigidus et lotio perlutus, quasi recens utero matris editus, immo vero semimortuus, verum etiam ipse mihi supervivens et postumus vel certe destinatae iam cruci candidatus : ""Quid"" inquam ""me fiet, ubi iste iugulatus mane paruerit? Cui videbor veri similia dicere proferens vera? ""Proclamares saltem suppetiatum, si resistere vir tantus mulieri nequibas. Sub oculis tuis homo iugulatur, et siles? Cur autem te simile latrocinium non peremit? Cur saeva crudelitas vel propter indicium sceleris arbitro pepercit? Ergo, quoniam evasisti mortem, nunc illo redi."" Haec identidem mecum replicabam, et nox ibat in diem. Optimum itaque factu visum est anteluculo furtim evadere et viam licet trepido vestigio capessere. Sumo sarcinulam meam, subdita clavi pessulos reduco; at illae probae et fideles ianuae, quae sua sponte reseratae nocte fuerant, vix tandem et aegerrime tunc clavis suae crebra immissione patefiunt."
https://www.thelatinlibrary.com/apuleius/apuleius1.shtml,135,"[] Et ""Heus tu, ubi es?"" inquam; ""valvas stabuli absolve, antelucio volo ire."" Ianitor pone stabuli ostium humi cubitans etiam nunc semisomnus: ""Quid? Tu"" inquit ""ignoras latronibus infestari vias, qui hoc noctis iter incipis? Nam etsi tu alicuius facinoris tibi conscius scilicet mori cupis, nos cucurbitae caput non habemus ut pro te moriamur."" ""Non longe"" inquam ""lux abest. Et praeterea quid viatori de summa pauperie latrones auferre possunt? An ignoras, inepte, nudum nec a decem palaestritis despoliari posse?"" Ad haec ille marcidus et semisopitus in alterum latus revolutus: ""Unde autem"" inquit ""scio an convectore illo tuo, cum quo sero devorteras, iugulato fugae mandes praesidium?"" Illud horae memini me terra dehiscente ima Tartara inque his canem Cerberum prorsus esurientem mei prospexisse. Ac recordabar profecto bonam Meroen non misericordia iugulo meo pepercisse, sed saevitia cruci me reservasse."
https://www.thelatinlibrary.com/apuleius/apuleius1.shtml,139,"[] In cubiculum itaque reversus de genere tumultuario mortis mecum deliberabam. Sed cum nullum alium telum mortiferum Fortuna quam solum mihi grabattulum subministraret, ""Iam iam grabattule"" inquam ""animo meo carissime, qui mecum tot aerumnas exantlasti conscius et arbiter quae nocte gesta sunt, quem solum in meo reatu testem innocentiae citare possum, tu mihi ad inferos festinanti sumministra telum salutare,"" et cum dicto restim, qua erat intextus, adgredior expedire ac tigillo, quod fenestrae subditum altrinsecus prominebat, iniecta atque obdita parte funiculi et altera firmiter in nodum coacta ascenso grabattulo ad exitium sublimatus et immisso capite laqueum induo. Sed dum pede altero fulcimentum quo sustinebar repello, ut ponderis deductu restis ad ingluviem adstricta spiritus officia discluderet, repente putris alioquin et vetus funis dirumpitur, atque ego de alto recidens Socraten - nam iuxta me iacebat - superruo cumque eo in terram devolvor."
https://www.thelatinlibrary.com/apuleius/apuleius1.shtml,157,"[] Et ecce in ipso momento ianitor introrumpit exserte clamitans: ""Ubi es tu qui alta nocte festinabas et nunc stertis involutus?"" Ad haec nescio an casu nostro an illius absono clamore experrectus Socrates exsurgit prior et ""Non"" inquit ""inmerito stabularios hos omnes hospites detestantur. Nam iste curiosus dum inportune irrumpit — credo studio rapiendi aliquid — clamore vasto marcidum alioquin me altissimo somno excussit."" Emergo laetus atque alacer insperato gaudio perfusus et: ""Ecce, ianitor fidelissime, comes [et pater meus] et frater meus, quem nocte ebrius occisum a me calumniabaris"", et cum dicto Socraten deosculabar amplexus. At ille, odore alioquin spurcissimi humoris percussus quo me Lamiae illae infecerant, vehementer aspernatur: ""Apage te"" inquit ""fetorem extremae latrinae"", et causas coepit huius odoris comiter inquirere. At ego miser adficto ex tempore absurdo ioco in alium sermonem intentionem eius denuo derivo et iniecta dextra: ""Quin imus"" inquam ""et itineris matutini gratiam capimus?"" Sumo sarcinulam et pretio mansionis stabulario persoluto capessimus viam."
https://www.thelatinlibrary.com/apuleius/apuleius1.shtml,164,"[] Aliquantum processeramus, et iam iubaris exortu cuncta conlustrantur. Et ego curiose sedulo arbitrabar iugulum comitis, qua parte gladium delapsum videram, et mecum: ""Vesane,"" aio ""qui poculis et vino sepultus extrema somniasti. Ecce Socrates integer sanus incolumis. Ubi vulnus? Spongia <ubi>? Ubi postremo cicatrix tam alta, tam recens?"" Et ad illum: ""Non"" inquam ""immerito medici fidi cibo et crapula distentos saeva et gravia somniare autumant: mihi denique, quod poculis vesperi minus temperavi, nox acerba diras et truces imagines obtulit, ut adhuc me credam cruore humano aspersum atque impiatum."" Ad haec ille subridens: ""At tu"" inquit ""non sanguine sed lotio perfusus es. Verum tamen et ipse per somnium iugulari visus sum mihi, nam et iugulum istum dolui et cor ipsum mihi avelli putavi, et nunc etiam spiritu deficior et genua quatior et gradu titubo et aliquid cibatus refovendo spiritu desidero."" ""En"" inquam ""paratum tibi adest ientaculum"", et cum dicto manticam meam humero exuo, caseum cum pane propere ei porrigo, et ""Iuxta platanum istam residamus"" aio."
https://www.thelatinlibrary.com/apuleius/apuleius1.shtml,223,"[] Quo facto et ipse aliquid indidem sumo eumque avide essitantem aspiciens aliquanto intentiore macie atque pallore buxeo deficientem video. Sic denique eum vitalis color turbaverat ut mihi prae metu, nocturnas etiam Furias illas imaginanti, frustulum panis quod primum sumpseram quamvis admodum modicum mediis faucibus inhaereret ac neque deorsum demeare neque sursum remeare posset. Nam et brevitas ipsa commeantium metum mihi cumulabat. Quis enim de duobus comitum alterum sine alterius noxa peremptum crederet? Verum ille, ut satis detruncaverat cibum, sitire inpatienter coeperat; nam et optimi casei bonam partem avide devoraverat, et haud ita longe radices platani lenis fluvius in speciem placidae paludis ignavus ibat argento vel vitro aemulus in colorem. ""En"" inquam ""explere latice fontis lacteo."" Adsurgit et oppertus paululum pleniorem ripae marginem complicitus in genua adpronat se avidus adfectans poculum. Necdum satis extremis labiis summum aquae rorem attigerat, et iugulo eius vulnus dehiscit in profundum patorem et illa spongia de eo repente devolvitur eamque parvus admodum comitatur cruor. Denique corpus exanimatum in flumen paene cernuat, nisi ego altero eius pede retento vix et aegre ad ripam superiorem adtraxi, ubi defletum pro tempore comitem misellum arenosa humo in amnis vicinia sempiterna contexi. Ipse trepidus et eximie metuens mihi per diversas et avias solitudines aufugi et quasi conscius mihi caedis humanae relicta patria et lare ultroneum exilium amplexus nunc Aetoliam novo contracto matrimonio colo."""
https://www.thelatinlibrary.com/apuleius/apuleius1.shtml,126,"[] Haec Aristomenes. At ille comes eius, qui statim initio obstinata incredulitate sermonem eius respuebat: ""Nihil"" inquit ""hac fabula fabulosius, nihil isto mendacio absurdius"", et ad me conversus: ""Tu autem"" inquit ""vir ut habitus et habitudo demonstrat ornatus accedis huic fabulae?"" ""Ego vero"" inquam ""nihil impossibile arbitror, sed utcumque fata decreverint ita cuncta mortalibus provenire: nam et mihi et tibi et cunctis hominibus multa usu venire mira et paene infecta, quae tamen ignaro relata fidem perdant. Sed ego huic et credo hercules et gratas gratias memini, quod lepidae fabulae festivitate nos avocavit, asperam denique ac prolixam viam sine labore ac taedio evasi. Quod beneficium etiam illum vectorem meum credo laetari, sine fatigatione sui me usque ad istam civitatis portam non dorso illius sed meis auribus pervecto."""
https://www.thelatinlibrary.com/apuleius/apuleius1.shtml,139,"[] Is finis nobis et sermonis et itineris communis fuit. Nam comites uterque ad villulam proximam laevorsum abierunt. Ego vero quod primum ingressui stabulum conspicatus sum accessi et de quadam anu caupona ilico percontor: ""Estne"" inquam ""Hypata haec civitas?"" Adnuit. ""Nostine Milonem quendam e primoribus?"" Adrisit et: ""Vere"" inquit ""primus istic perhibetur Milo, qui extra pomerium et urbem totam colit."" ""Remoto"" inquam ""ioco, parens optima, dic oro et cuiatis sit et quibus deversetur aedibus"". ""Videsne"" inquit ""extremas fenestras, quae foris urbem prospiciunt, et altrinsecus fores proxumum respicientes angiportum? Inibi iste Milo deversatur ampliter nummatus et longe opulentus verum extremae avaritiae et sordis infimae infamis homo, foenus denique copiosum sub arrabone auri et argenti crebriter exercens, exiguo Lare inclusus et aerugini semper intentus, cum uxorem etiam calamitatis suae comitem habeat. Neque praeter unicam pascit ancillulam et habitu mendicantis semper incedit."""
https://www.thelatinlibrary.com/apuleius/apuleius1.shtml,167,"[] Ad haec ego risum subicio: ""Benigne"" inquam ""et prospicue Demeas meus in me consuluit, qui peregrinaturum tali viro conciliavit, in cuius hospitio nec fumi nec nidoris nebulam vererer""; et cum dicto modico secus progressus ostium accedo et ianuam firmiter oppessulatam pulsare vocaliter incipio. Tandem adulescentula quaedam procedens: ""Heus tu"" inquit ""qui tam fortiter fores verberasti, sub qua specie mutari cupis? An tu solus ignoras praeter aurum argentumque nullum nos pignus admittere?"" ""Meliora"" inquam ""ominare et potius responde an intra aedes erum tuum offenderim."" ""Plane,"" inquit ""sed quae causa quaestionis huius?"" ""Litteras ei a Corinthio Demea scriptas ad eum reddo."" ""Dum annuntio,"" inquit ""hic ibidem me opperimino"", et cum dicto rursum foribus oppessulatis intro capessit. Modico deinde regressa patefactis aedibus: ""Rogat te"" inquit. Intuli me eumque accumbentem exiguo admodum grabattulo et commodum cenare incipientem invenio. Assidebat pedes uxor et mensa vacua posita, cuius monstratu: ""En"" inquit ""hospitium."" ""Bene"" ego, et ilico ei litteras Demeae trado. Quibus properiter lectis: ""Amo"" inquit ""meum Demeam qui mihi tantum conciliavit hospitem""."
https://www.thelatinlibrary.com/apuleius/apuleius1.shtml,163,"[] Et cum dicto iubet uxorem decedere utque in eius locum adsistam iubet meque etiam nunc verecundia cunctantem adrepta lacinia detrahens: ""Adside"" inquit ""istic. Nam prae metu latronum nulla sessibula ac ne sufficientem supellectilem parare nobis licet."" Feci. Et sic: ""Ego te"" inquit ""etiam de ista corporis speciosa habitudine deque hac virginali prorsus verecundia generosa stirpe proditum et recte conicerem. Sed et meus Demeas eadem litteris pronuntiat. Ergo brevitatem gurgustioli nostri ne spernas peto. Erit tibi adiacens [et] ecce illud cubiculum honestum receptaculum. Fac libenter deverseris in nostro. Nam et maiorem domum dignatione tua feceris et tibi specimen gloriosum adrogaris, si contentus lare parvulo Thesei illius cognominis patris tui virtutes aemulaveris, qui non est aspernatus Hecales anus hospitium tenue"", et vocata ancillula: ""Photis"" inquit ""sarcinulas hospitis susceptas cum fide conde in illud cubiculum ac simul ex promptuario oleum unctui et lintea tersui et cetera hoc eidem usui profer ociter et hospitem meum produc ad proximas balneas; satis arduo itinere atque prolixo fatigatus est."""
https://www.thelatinlibrary.com/apuleius/apuleius1.shtml,201,"[] His ego auditis mores atque parsimoniam ratiocinans Milonis volensque me artius ei conciliare: ""Nihil"" inquam ""rerum istarum, quae itineris ubique nos comitantur, indigemus. Sed et balneas facile percontabimur. Plane, quod est mihi summe praecipuum, equo, qui me strenue pervexit, faenum atque ordeum acceptis istis nummulis tu, Photis, emito."" His actis et rebus meis in illo cubiculo conditis pergens ipse ad balneas, ut prius aliquid nobis cibatui prospicerem, forum cupidinis peto, inque eo piscatum opiparem expositum video et percontato pretio, quod centum nummis indicaret, aspernatus viginti denariis praestinavi. Inde me commodum egredientem continatur Pythias condiscipulus apud Athenas Atticas meus, qui me post aliquantum multum temporis amanter agnitum invadit, amplexusque ac comiter deosculatus: ""Mi Luci,"" ait ""sat pol diu est quod intervisimus te, at hercules exinde cum a Clytio magistro digressi sumus. Quae autem tibi causa peregrinationis huius?"" ""Crastino die scies,"" inquam. ""Sed quid istud? Voti gaudeo. Nam et lixas et virgas et habitum prorsus magistratui congruentem in te video."" ""Annonam curamus"" ait ""et aedilem gerimus et siquid obsonare cupis utique commodabimus."" Abnuebam, quippe qui iam cenae affatim piscatum prospexeramus. Sed enim Pythias visa sportula succussisque in aspectum planiorem piscibus: ""At has quisquilias quanti parasti?"" ""Vix"" inquam ""piscatori extorsimus accipere viginti denarium."""
https://www.thelatinlibrary.com/apuleius/apuleius1.shtml,145,"[] Quo audito statim adrepta dextera postliminio me in forum cupidinis reducens: ""Et a quo"" inquit ""istorum nugamenta haec comparasti?"" Demonstro seniculum: in angulo sedebat. Quem confestim pro aedilitatis imperio voce asperrima increpans: ""Iam iam"" inquit ""nec amicis quidem nostris vel omnino ullis hospitibus parcitis, quod tam magnis pretiis pisces frivolos indicatis et florem Thessalicae regionis ad instar solitudinis et scopuli edulium caritate deducitis? Sed non impune. Iam enim faxo scias quem ad modum sub meo magisterio mali debeant coerceri"", et profusa in medium sportula iubet officialem suum insuper pisces inscendere ac pedibus suis totos obterere. Qua contentus morum severitudine meus Pythias ac mihi ut abirem suadens: ""Sufficit mihi, o Luci,"" inquit ""seniculi tanta haec contumelia."" His actis consternatus ac prorsus obstupidus ad balneas me refero, prudentis condiscipuli valido consilio et nummis simul privatus et cena, lautusque ad hospitium Milonis ac dehinc cubiculum me reporto."
https://www.thelatinlibrary.com/apuleius/apuleius1.shtml,160,"[] Et ecce Photis ancilla: ""Rogat te"" inquit ""hospes."" At ego iam inde Milonis abstinentiae cognitor excusavi comiter, quod viae vexationem non cibo sed somno censerem diluendam. Isto accepto pergit ipse et iniecta dextera clementer me trahere adoritur. Ac dum cunctor, dum moleste renitor: ""Non prius"" inquit ""discedam quam me sequaris"", et dictum iure iurando secutus iam obstinationi suae me ingratiis oboedientem perducit ad illum suum grabattulum et residenti: ""Quam salve agit"" inquit ""Demeas noster? Quid uxor? Quid liberi? Quid vernaculi?"" Narro singula. Percontatur accuratius causas etiam peregrinationis meae. Quas ubi probe protuli, iam et de patria nostra et eius primoribus ac denique de ipso praeside scrupulosissime explorans, ubi me post itineris tam saevi vexationem sensit fabularum quoque serie fatigatum in verba media somnolentum desinere ac nequicquam, defectum iam, incerta verborum salebra balbuttire, tandem patitur cubitum concederem. Evasi aliquando rancidi senis loquax et famelicum convivium somno non cibo gravatus, cenatus solis fabulis, et in cubiculum reversus optatae me quieti reddidi."
https://www.thelatinlibrary.com/apuleius/apuleius11.shtml,123,"Circa primam ferme noctis vigiliam experrectus pavore subito, video  praemicantis lunae candore nimio completum orbem commodum marinis  emergentem fluctibus; nanctusque opacae noctis silentiosa secreta,  certus etiam summatem deam praecipua maiestate pollere resque  prorsus humanas ipsius regi providentia, nec tantum pecuina et  ferina, verum inanima etiam divino eius luminis numinisque nutu  vegetari, ipsa etiam corpora terra caelo marique nunc incrementis  consequenter augeri, nunc detrimentis obsequenter imminui, fato  scilicet iam meis tot tantisque cladibus satiato et spem salutis,  licet tardam, subministrante, augustum specimen deae praesentis  statui deprecari; confestimque discussa pigra quiete <laetus et>  alacer exsurgo meque protinus purificandi studio marino lavacro  trado septiesque summerso fluctibus capite, quod eum numerum  praecipue religionibus aptissimum divinus ille Pythagoras prodidit,  [laetus et alacer] deam praepotentem lacrimoso vultu sic  adprecabar:"
https://www.thelatinlibrary.com/apuleius/apuleius11.shtml,167,"""Regina caeli, — sive tu Ceres alma frugum parens originalis, quae, repertu laetata filiae, vetustae glandis ferino remoto pabulo, miti commonstrato cibo nunc Eleusiniam glebam percolis, seu tu caelestis Venus, quae primis rerum exordiis sexuum diversitatem generato Amore sociasti et aeterna subole humano genere propagato nunc circumfluo Paphi sacrario coleris, seu Phoebi soror, quae partu fetarum medelis lenientibus recreato populos tantos educasti praeclarisque nunc veneraris delubris Ephesi, seu nocturnis ululatibus horrenda Proserpina triformi facie larvales impetus comprimens terraeque claustra cohibens lucos diversos inerrans vario cultu propitiaris, — ista luce feminea conlustrans cuncta moenia et udis ignibus nutriens laeta semina et solis ambagibus dispensans incerta lumina, quoquo nomine, quoquo ritu, quaqua facie te fas est invocare: tu meis iam nunc extremis aerumnis subsiste, tu fortunam collapsam adfirma, tu saevis exanclatis casibus pausam pacemque tribue; sit satis laborum, sit satis periculorum. Depelle quadripedis diram faciem, redde me conspectui meorum, redde me meo Lucio, ac si quod offensum numen inexorabili me saevitia premit, mori saltem liceat, si non licet vivere."""
https://www.thelatinlibrary.com/apuleius/apuleius11.shtml,182,"Ad istum modum fusis precibus et adstructis miseris lamentationibus rursus mihi marcentem animum in eodem illo cubili sopor circumfusus oppressit. Necdum satis conixeram, et ecce pelago medio venerandos diis etiam vultus attollens emergit divina facies; ac dehinc paulatim toto corpore perlucidum simulacrum excusso pelago ante me constitisse visum est. Eius mirandam speciem ad vos etiam referre conitar, si tamen mihi disserendi tribuerit facultatem paupertas oris humani vel ipsum numen eius dapsilem copiam elocutilis facundiae subministraverit. Iam primum crines uberrimi prolixique et sensim intorti per divina colla passive dispersi molliter defluebant. Corona multiformis variis floribus sublimen destrinxerat verticem, cuius media quidem super frontem plana rotunditas in modum speculi vel immo argumentum lunae candidum lumen emicabat, dextra laevaque sulcis insurgentium viperarum  cohibita, spicis etiam Cerialibus desuper porrectis <conspicua.  Tunica> multicolor, bysso tenui pertexta, nunc albo candore lucida,  nunc croceo flore lutea, nunc roseo rubore flammida et, quae longe  longeque etiam meum confutabat optutum, palla nigerrima  splendescens atro nitore, quae circumcirca remeans et sub dexterum latus ad umerum laevum recurrens umbonis vicem deiecta parte  laciniae multiplici contabulatione dependula ad ultimas oras  nodulis fimbriarum decoriter confluctuabat."
https://www.thelatinlibrary.com/apuleius/apuleius11.shtml,98,"Per intextam extremitatem et in ipsa eius planitie stellae  dispersae coruscabant earumque media semenstris luna flammeos  spirabat ignes. Quaqua tamen insignis illius pallae perfluebat  ambitus, individuo nexu corona totis floribus totisque constructa  pomis adhaerebat. Nam dextra quidem ferebat aereum crepitaculum,  cuius per angustam lamminam in modum baltei recurvatam traiectae  mediae paucae virgulae, crispante brachio trigeminos iactus,  reddebant argutum sonorem. Laevae vero cymbium dependebat aureum,  cuius ansulae, qua parte conspicua est, insurgebat aspis caput  extollens arduum cervicibus late tumescentibus. Pedes ambroseos  tegebant soleae palmae victricis foliis intextae. Talis ac tanta,  spirans Arabiae felicia germina, divina me voce dignata est:"
https://www.thelatinlibrary.com/apuleius/apuleius11.shtml,182,"""En adsum tuis commota, Luci, precibus, rerum naturae parens,  elementorum omnium domina, saeculorum progenies initialis, summa  numinum, regina manium, prima caelitum, deorum dearumque facies uniformis, quae caeli luminosa culmina, maris salubria flamina,  inferum deplorata silentia nutibus meis dispenso: cuius numen  unicum multiformi specie, ritu vario, nomine multiiugo totus  veneratus orbis. Inde primigenii Phryges Pessinuntiam deum matrem, hinc autochthones Attici Cecropeiam Minervam, illinc fluctuantes  Cyprii Paphiam Venerem, Cretes sagittiferi Dictynnam Dianam, Siculi  trilingues Stygiam Proserpinam, Eleusinii vetusti Actaeam Cererem,  Iunonem alii, Bellonam alii, Hecatam isti, Rhamnusiam illi, et qui nascentis dei Solis <et occidentis inclinantibus> inlustrantur  radiis Aethiopes utrique priscaque doctrina pollentes Aegyptii  caerimoniis me propriis percolentes appellant vero nomine reginam  Isidem. Adsum tuos miserata casus, adsum favens et propitia. Mitte  iam fletus et lamentationes omitte, depelle maerorem; iam tibi  providentia mea inlucescit dies salutaris. Ergo igitur imperiis  istis meis animum intende sollicitum. Diem, qui dies ex ista nocte  nascetur, aeterna mihi nuncupavit religio, quo sedatis hibernis  tempestatibus et lenitis maris procellosis fluctibus navigabili iam  pelago rudem dedicantes carinam primitias commeatus libant mei  sacerdotes. Id sacrum nec sollicita nec profana mente debebis  opperiri."
https://www.thelatinlibrary.com/apuleius/apuleius11.shtml,199,"Nam meo monitu sacerdos in ipso procinctu pompae roseam manu  dextera sistro cohaerentem gestabit coronam. Incunctanter ergo  dimotis turbulis alacer continuare pompam mea volentia fretus et de  proximo clementer velut manum sacerdotis osculabundus rosis  decerptis pessimae mihique iam dudum detestabilis belvae istius  corio te protinus exue. Nec quicquam rerum mearum reformides ut  arduum. Nam hoc eodem momento, quo tibi venio, simul et ibi  praesens, quae sunt sequentia, sacerdoti meo per quietem facienda  praecipio. Meo iussu tibi constricti comitatus decedent populi, nec  inter hilares caerimonias et festiva spectacula quisquam deformem  istam quam geris faciem perhorrescet vel figuram tuam repente  mutatam sequius interpretatus aliquis maligne criminabitur. Plane  memineris et penita mente conditum semper tenebis mihi reliqua  vitae tuae curricula adusque terminos ultimi spiritus vadata. Nec  iniurium, cuius beneficio redieris ad homines, ei totum debere,  quod vives. Vives autem beatus, vives in mea tutela gloriosus, et  cum spatium saeculi tui permensus ad inferos demearis, ibi quoque  in ipso subterraneo semirutundo me, quam vides, Acherontis tenebris  interlucentem Stygiisque penetralibus regnantem, campos Elysios incolens ipse, tibi propitiam frequens adorabis. Quodsi sedulis  obsequiis et religiosis ministeriis et tenacibus castimoniis numen nostrum promerueris, scies ultra statuta fato tuo spatia vitam  quoque tibi prorogare mihi tantum licere."""
https://www.thelatinlibrary.com/apuleius/apuleius11.shtml,168,"Sic oraculi venerabilis fine prolato numen invictum in se recessit.  Nec mora, cum somno protinus absolutus pavore et gaudio ac dein  sudore nimio permixtus exsurgo summeque miratus deae potentis tam  claram praesentiam, marino rore respersus magnisque imperiis eius  intentus monitionis ordinem recolebam. Nec mora, cum noctis atrae fugato nubilo sol exsurgit aureus, et ecce discursu religioso ac  prorsus triumphali turbulae complent totas plateas, tantaque  hilaritudine praeter peculiarem meam gestire mihi cuncta  videbantur, ut pecua etiam cuiusce modi et totas domos et ipsum  diem serena facie gaudere sentirem. Nam et pruinam pridianam dies  apricus ac placidus repente fuerat insecutus, ut canorae etiam  aviculae prolectatae verno vapore concentus suaves adsonarent,  matrem siderum, parentem temporum orbisque totius dominam blando  mulcentes adfamine. Quid quod arbores etiam, quae pomifera subole  fecundae quaeque earum tantum umbra contentae steriles, austrinis laxatae flatibus, germine foliorum renidentes, clementi motu  brachiorum dulces strepitus obsibilabant, magnoque procellarum  sedato fragore ac turbido fluctuum tumore posito mare quietas  adluvies temperabat, caelum autem nubilosa caligine disiecta nudo  sudoque luminis proprii splendore candebat."
https://www.thelatinlibrary.com/apuleius/apuleius11.shtml,124,"Ecce pompae magnae paulatim praecedunt anteludia votivis cuiusque  studiis exornata pulcherrume. Hic incinctus balteo militem gerebat,  illum succinctum chlamide crepides et venabula venatorem fecerant,  alius soccis obauratis inductus serica veste mundoque pretioso et  adtextis capite crinibus incessu perfluo feminam mentiebatur. Porro  alium ocreis, scuto, galea ferroque insignem e ludo putares  gladiatorio procedere. Nec ille deerat, qui magistratum fascibus  purpuraque luderet, nec qui pallio baculoque et baxeis et hircino  barbitio philosophum fingeret, nec qui diversis harundinibus alter  aucupem cum visco, alter piscatorem cum hamis induceret. Vidi et  ursam mansuem <quae> cultu matronali sella vehebatur, et simiam  pilleo textili crocotisque Phrygiis Catamiti pastoris specie aureum gestantem poculum et asinum pinis adglutinatis adambulantem cuidam  seni debili, ut illum quidem Bellerophontem, hunc autem diceres Pegasum, tamen rideres utrumque."
https://www.thelatinlibrary.com/apuleius/apuleius11.shtml,92,"Inter has oblectationes ludicras popularium, quae passim vagabantur, iam sospitatricis deae peculiaris pompa moliebatur. Mulieres candido splendentes amicimine, vario laetantes gestamine, verno florentes coronamine, quae de gremio per viam, qua sacer incedebat comitatus, solum sternebant flosculis, aliae, quae nitentibus speculis pone tergum reversis venienti deae obvium commonstrarent obsequium et quae pectines eburnos ferentes gestu brachiorum flexuque digitorum ornatum atque obpexum crinium regalium fingerent, illae etiam, quae ceteris unguentis et geniali balsamo guttatim excusso conspargebant plateas; magnus praeterea sexus utriusque numerus lucernis, taedis, cereis et alio genere facticii luminis siderum caelestium stirpem propitiantes."
https://www.thelatinlibrary.com/apuleius/apuleius11.shtml,63,"Symphoniae dehinc suaves, fistulae tibiaeque modulis dulcissimis personabant. Eas amoenus lectissimae iuventutis veste nivea et cataclista praenitens sequebatur chorus, carmen venustum iterantes, quod Camenarum favore sollers poeta modulatus edixerat, quod argumentum referebat interim maiorum antecantamenta votorum. Ibant et dicati magno Sarapi tibicines, qui per oblicum calamum, ad aurem porrectum dexteram, familiarem templi deique modulum frequentabant, et plerique, qui facilem sacris viam dari praedicarent."
https://www.thelatinlibrary.com/apuleius/apuleius11.shtml,166,"Tunc influunt turbae sacris divinis initiatae, viri feminaeque omnis dignitatis et omnis aetatis, linteae vestis candore puro luminosi, illae limpido tegmine crines madidos obvolutae, hi capillum derasi funditus verticem praenitentes, magnae religionis terrena sidera, aereis et argenteis immo vero aureis etiam sistris argutum tinnitum constrepentes, et antistites sacrorum proceres illi, qui candido linteamine cinctum pectoralem adusque vestigia strictum iniecti potentissimorum deum proferebant insignis exuvias. Quorum primus lucernam claro praemicantem porrigebat lumine non adeo nostris illis consimilem, quae vespertinas illuminant epulas, sed aureum cymbium medio sui patore flammulam suscitans largiorem. Secundus vestitum quidem similis, sed manibus ambabus gerebat altaria, id est auxilia, quibus nomen dedit proprium deae summatis auxiliaris providentia. Ibat tertius attollens palmam auro subtiliter foliatam nec non et Mercuriale caduceum. Quartus aequitatis ostendebat indicium deformatam manum sinistram porrecta palmula, quae genuina pigritia, nulla calliditate nulla sollertia praedita, videbatur aequitati magis aptior quam dextera; idem gerebat et aureum vasculum in modum papillae rutundatum, de quo lacte libabat. Quintus auream vannum laureis congestam ramulis, sextus ferebat amphoram."
https://www.thelatinlibrary.com/apuleius/apuleius11.shtml,157,"Nec mora, cum dei dignati pedibus humanis incedere prodeunt; hic horrendus ille superum commeator et inferum, nunc atra, nunc aurea facie sublimis, attollens canis cervices arduas, Anubis, laeva caduceum gerens, dextera palmam virentem quatiens. Huius vestigium continuum sequebatur bos in erectum levata statum, bos, omniparentis deae fecundum simulacrum, quod residens umeris suis proferebat unus e ministerio beato gressu gestuosus. Ferebatur ab alio cista secretorum capax penitus celans operta magnificae religionis. Gerebat alius felici suo gremio summi numinis venerandam effigiem, non pecoris, non avis, non ferae ac ne hominis quidem ipsius consimilem, sed sollerti repertu etiam ipsa novitate reverendam, altioris utcumque et magno silentio tegendae religionis argumentum ineffabile, sed ad istum plane modum fulgente auro figuratum; urnula faberrime cavata, fundo quam rutundo, miris extrinsecus simulacris Aegyptiorum effigiata; eius orificium non altiuscule levatum in canalem porrectum longo rivulo prominebat, ex alia vero parte multum recedens spatiosa dilatione adhaerebat ansa, quam contorto nodulo supersedebat aspis squameae cervicis striato tumore sublimis."
https://www.thelatinlibrary.com/apuleius/apuleius11.shtml,85,"Et ecce praesentissimi numinis promissa nobis accedunt beneficia et fata salutemque ipsam meam gerens sacerdos adpropinquat, ad ipsum praescriptum divinae promissionis ornatum dextera proferens sistrum deae, mihi coronam — et hercules coronam consequenter, quod tot ac tantis exanclatis laboribus, tot emensis periculis deae maximae providentia adluctantem mihi saevissime Fortunam superarem. Nec tamen gaudio subitario commotus inclementi me cursu proripui, verens scilicet ne repentino quadripedis impetu religionis quietus turbaretur ordo, sed placido ac prorsus humano gradu cunctabundus paulatim obliquato corpore, sane divinitus decedente populo, sensim inrepo."
https://www.thelatinlibrary.com/apuleius/apuleius11.shtml,142,"At sacerdos, ut reapse cognoscere potui, nocturni commonefactus oraculi miratusque congruentiam mandati muneris, confestim restitit et ultro porrecta dextera ob os ipsum meum coronam exhibuit. Tunc ego trepidans, adsiduo cursu micanti corde, coronam, quae rosis amoenis intexta fulgurabat, avido ore susceptam cupidus promissi devoravi. Nec me fefellit caeleste promissum: protinus mihi delabitur deformis et ferina facies. Ac primo quidem squalens pilus defluit, ac dehinc cutis crassa tenuatur, venter obesus residet, pedum plantae per ungulas in digitos exeunt, manus non iam pedes sunt, sed in erecta porriguntur officia, cervix procera cohibetur, os et caput rutundatur, aures enormes repetunt pristinam parvitatem, dentes saxei redeunt ad humanam minutiem, et, quae me potissimum cruciabat ante, cauda nusquam! Populi mirantur, religiosi venerantur tam evidentem maximi numinis potentiam et consimilem nocturnis imaginibus magnificentiam et facilitatem reformationis claraque et consona voce, caelo manus adtendentes, testantur tam inlustre deae beneficium."
https://www.thelatinlibrary.com/apuleius/apuleius11.shtml,114,"At ego stupore nimio defixus haerebam, animo meo tam repentinum tamque magnum non capiente gaudium, quid potissimum praefarer primarium, unde novae vocis exordium caperem, quo sermone nunc renata lingua felicius auspicarer, quibus quantisque verbis tantae deae gratias agerem. Sed sacerdos utcumque divino monitu cognitis ab origine cunctis cladibus meis, quamquam et ipse insigni permotus miraculo, nutu significato prius praecipit tegendo mihi linteam dari laciniam; nam me cum primum nefasto tegmine despoliaverat asinus, compressis in artum feminibus et superstrictis accurate manibus, quantum nudo licebat, velamento me naturali probe muniveram. Tunc e cohorte religionis unus inpigre superiorem exutus tunicam supertexit me celerrume. Quo facto sacerdos vultu geniali et hercules inhumano in aspectum meum attonitus sic effatur:"
https://www.thelatinlibrary.com/apuleius/apuleius11.shtml,203,"""Multis et variis exanclatis laboribus magnisque Fortunae tempestatibus et maximis actus procellis ad portum Quietis et aram Misericordiae tandem, Luci, venisti. Nec tibi natales ac ne dignitas quidem, vel ipsa, qua flores, usquam doctrina profuit, sed lubrico virentis aetatulae ad serviles delapsus voluptates curiositatis inprosperae sinistrum praemium reportasti. Sed utcumque Fortunae caecitas, dum te pessimis periculis discruciat, ad religiosam istam beatitudinem inprovida produxit malitia. Eat nunc et summo furore saeviat et crudelitati suae materiem quaerat aliam; nam in eos, quorum sibi vitas <in> servitium deae nostrae maiestas vindicavit, non habet locum casus infestus. Quid latrones, quid ferae, quid servitium, quid asperrimorum itinerum ambages reciprocae, quid metus mortis cotidianae nefariae Fortunae profuit? In tutelam iam receptus es Fortunae, sed videntis, quae suae lucis splendore ceteros etiam deos illuminat. Sume iam vultum laetiorem candido isto habitu tuo congruentem, comitare pompam deae sospitatricis inovanti gradu. Videant inreligiosi, videant et errorem suum recognoscant: en ecce pristinis aerumnis absolutus Isidis magnae providentia gaudens Lucius de sua Fortuna triumphat. Quo tamen tutior sis atque munitior, da nomen sanctae huic militiae, cuius non olim sacramento etiam rogabaris, teque iam nunc obsequio religionis nostrae dedica et ministerii iugum subi voluntarium. Nam cum coeperis deae servire, tunc magis senties fructum tuae libertatis."""
https://www.thelatinlibrary.com/apuleius/apuleius11.shtml,228,"Ad istum modum vaticinatus sacerdos egregius fatigatos anhelitus trahens conticuit. Exin permixtus agmini religioso procedens comitabar sacrarium totae civitati notus ac conspicuus, digitis hominum nutibusque notabilis. Omnes in me populi fabulabantur: ""Hunc omnipotentis hodie deae numen augustum reformavit ad homines. Felix hercule et ter beatus, qui vitae scilicet praecedentis innocentia fideque meruerit tam praeclarum de caelo patrocinium ut renatus quodam modo statim sacrorum obsequio desponderetur."" Inter haec et festorum votorum tumultum paulatim progressi iam ripam maris proximamus atque ad ipsum illum locum quo pridie meus stabulaverat asinus pervenimus. Ibi deum simulacris rite dispositis navem faberrime factam picturis miris Aegyptiorum circumsecus variegatam summus sacerdos taeda lucida et ovo et sulpure, sollemnissimas preces de casto praefatus ore, quam purissime purificatam deae nuncupavit dedicavitque. Huius felicis alvei nitens carbasus litteras [votum] <auro> intextas progerebat: eae litterae votum instaurabant de novi commeatus prospera navigatione. Iam malus insurgit pinus rutunda, splendore sublimis, insigni carchesio conspicua, et puppis intorta chenisco, bracteis aureis vestita fulgebat omnisque prorsus carina citro limpido perpolita florebat. Tunc cuncti populi tam religiosi quam profani vannos onustas aromatis et huiusce modis suppliciis certatim congerunt et insuper fluctus libant intritum lacte confectum, donec muneribus largis et devotionibus faustis completa navis, absoluta strophiis ancoralibus, peculiari serenoque flatu pelago redderetur. Quae, postquam cursus spatio prospectum sui nobis incertat, sacrorum geruli sumptis rursum quae quisque detulerant, alacres ad fanum reditum capessunt simili structu pompae decori."
https://www.thelatinlibrary.com/apuleius/apuleius11.shtml,132,"At cum ad ipsum iam templum pervenimus, sacerdos maximus quique divinas effigies progerebant et qui venerandis penetralibus pridem fuerant initiati intra cubiculum deae recepti disponunt rite simulacra spirantia. Tunc ex his unus, quem cuncti grammatea dicebant, pro foribus assistens coetu pastophorum — quod sacrosancti collegii nomen est — velut in contionem vocato indidem de sublimi suggestu de libro de litteris fausta vota praefatus principi magno senatuique et equiti totoque Romano populo, nauticis navibusque quae sub imperio mundi nostratis reguntur, renuntiat sermone rituque Graeciensi ploiaphesia. Quam vocem feliciter cunctis evenire signavit populi clamor insecutus. Exin gaudio delibuti populares thallos verbenas corollas ferentes exosculatis vestigiis deae, quae gradibus haerebat argento formata, ad suos discedunt lares. Nec tamen me sinebat animus ungue latius indidem digredi, sed intentus <in praesentis> deae specimen pristinos casus meos recordabar."
https://www.thelatinlibrary.com/apuleius/apuleius11.shtml,80,"Nec tamen Fama volucris pigra pinnarum tarditate cessaverat, sed protinus in patria deae providentis adorabile beneficium meamque ipsius fortunam memorabilem narraverat passim. Confestim denique familiares ac vernulae quique mihi proximo nexu sanguinis cohaerebant, luctu deposito, quem de meae mortis falso nuntio susceperant, repentino laetati gaudio varie quisque ad meum festinant ilico diurnum reducemque ab inferis conspectum. Quorum desperata ipse etiam facie recreatus oblationes honestas aequi bonique facio, quippe cum mihi familiares, quo ad cultum sumptumque largiter succederet, deferre prospicue curassent."
https://www.thelatinlibrary.com/apuleius/apuleius11.shtml,109,"Adfatis itaque ex officio singulis narratisque meis propere et pristinis aerumnis et praesentibus gaudiis me rursum ad deae gratissimum mihi refero conspectum aedibusque conductis intra conseptum templi larem temporarium mihi constituo, deae ministeriis adhuc privatis adpositus contuberniisque sacerdotum individuus et numinis magni cultor inseparabilis. Nec fuit nox una vel quies aliqua visu deae monituque ieiuna, sed crebris imperiis sacris suis me, iam dudum destinatum, nunc saltem censebat initiari. At ego quanquam cupienti voluntate praeditus tamen religiosa formidine retardabar, quod enim sedulo percontaveram difficile religionis obsequium et castimoniorum abstinentiam satis arduam cautoque circumspectu vitam, quae multis casibus subiacet, esse muniendam. Haec identidem mecum reputans nescio quo modo, quanquam festinans, differebam."
https://www.thelatinlibrary.com/apuleius/apuleius11.shtml,171,"Nocte quadam plenum gremium suum visus est mihi summus sacerdos offerre ac requirenti, quid utique istud, respondisse partes illas de Thessalia mihi missas, servum etiam meum indidem supervenisse nomine Candidum. Hanc experrectus imaginem diu diuque apud cogitationes meas revolvebam, quid rei protenderet, praesertim cum nullum unquam habuisse me servum isto nomine nuncupatum certus essem. Utut tamen sese praesagium somni porrigeret, lucrum certum modis omnibus significari partium oblatione credebam. Sic anxius et in proventum prosperiorem attonitus templi matutinas apertiones opperiebar. Ac dum, velis candentibus reductis in diversum, deae venerabilem conspectum adprecamur, et per dispositas aras circumiens sacerdos, rem divinam procurans supplicamentis sollemnibus, de penetrali fontem petitum spondeo libat; rebus iam rite consummatis incohatae lucis salutationibus religiosi primam nuntiantes horam perstrepunt. Et ecce superveniunt Hypata quos ibi reliqueram famulos, cum me Photis malis incapistrasset erroribus, cognitis scilicet fabulis meis, nec non et equum quoque illum meum reducentes, quem diversae distractum notae dorsualis agnitione recuperaverant. Quare sollertiam somni tum mirabar vel maxime, quod praeter congruentiam lucrosae pollicitationis argumento servi Candidi equum reddidisset colore candidum."
https://www.thelatinlibrary.com/apuleius/apuleius11.shtml,250,"Quo facto idem sollicitius sedulum colendi frequentabam ministerium, spe futura beneficiis praesentibus pignerata. Nec minus in dies mihi magis magisque accipiendorum sacrorum cupido gliscebat, summisque precibus primarium sacerdotem saepissime conveneram petens ut me noctis sacratae tandem arcanis initiaret. At ille, vir alioquin gravis et sobriae religionis observatione famosus, clementer ac comiter et ut solent parentes inmaturis liberorum desideriis modificari, meam differens instantiam, spei melioris solaciis alioquin anxium mihi permulcebat animum: nam et diem, quo quisque possit initiari, deae nutu demonstrari et sacerdotem, qui sacra debeat ministrare, eiusdem providentia deligi, sumptus etiam caerimoniis necessarios simili praecepto destinari. Quae cuncta nos quoque observabili patientia sustinere censebat, quippe cum aviditati contumaciaeque summe cavere et utramque culpam vitare ac neque vocatus morari nec non iussus festinare deberem; nec tamen esse quemquam de suo numero tam perditae mentis vel immo destinatae mortis, qui, non sibi quoque seorsum iubente domina, temerarium atque sacrilegum audeat ministerium subire noxamque letalem contrahere; nam et inferum claustra et salutis tutelam in deae manu posita, ipsamque traditionem ad instar voluntariae mortis et precariae salutis celebrari, quippe cum transactis vitae temporibus iam in ipso finitae lucis limine constitutos, quis tamen tuto possint magna religionis committi, silentia, numen deae soleat elicere et sua providentia quodam modo renatos ad novae reponere rursus salutis curricula; ergo igitur me quoque oportere caeleste sustinere praeceptum, quanquam perspicua evidentique magni numinis dignatione iam dudum felici ministerio nuncupatum destinatumque; nec secus quam cultores ceteris cibis profanis ac nefariis iam nunc temperarem, quo rectius ad arcana purissimae religionis secreta pervaderem."
https://www.thelatinlibrary.com/apuleius/apuleius11.shtml,227,"Dixerat sacerdos, nec inpatientia corrumpebatur obsequium meum, sed intentus miti quiete et probabili taciturnitate sedulum quot dies obibam culturae sacrorum ministerium. Nec me fefellit vel longi temporis prolatione cruciavit deae potentis benignitas salutaris, sed noctis obscurae non obscuris imperiis evidenter monuit advenisse diem mihi semper optabilem, quo me maximi voti compotiret, quantoque sumptu deberem procurare supplicamentis, ipsumque Mithram illum suum sacerdotem praecipuum divino quodam stellarum consortio, ut aiebat, mihi coniunctum sacrorum ministrum decernit. Quis et ceteris benivolis praeceptis summatis deae recreatus animi necdum satis luce lucida, discussa quiete, protinus ad receptaculum sacerdotis contendo atque eum cubiculo suo commodum prodeuntem prodeuntem continatus saluto. Solito constantius destinaveram iam velut debitum sacris obsequium flagitare. At ille statim ut me conspexit, prior: ""O"" inquit ""Luci, te felicem, te beatum, quem propitia voluntate numen augustum tantopere dignatur""; et ""Quid"" inquit ""iam nunc stas otiosus teque ipsum demoraris? Adest tibi dies votis adsiduis exoptatus, quo deae multinominis divinis imperiis per istas meas manus piissimis sacrorum arcanis insinueris."" Et iniecta dextera senex comissimus ducit me protinus ad ipsas fores aedis amplissimae rituque sollemni apertionis celebrato ministerio ac matutino peracto sacrificio de opertis adyti profert quosdam libros litteris ignorabilibus praenotatos, partim figuris cuiusce modi animalium concepti sermonis compendiosa verba suggerentes, partim nodosis et in modum rotae tortuosis capreolatimque condensis apicibus a curiositate profanorum lectione munita. Indidem mihi praedicat, quae forent ad usum teletae necessario praeparanda."
https://www.thelatinlibrary.com/apuleius/apuleius11.shtml,228,"Ea protinus naviter et aliquanto liberalius partim ipse, partim per meos socios coemenda procuro. Iamque tempore, ut aiebat sacerdos, id postulante stipatum me religiosa cohorte deducit ad proximas balneas et prius sueto lavacro traditum, praefatus deum veniam, purissime circumrorans abluit, rursumque ad templum reductum, iam duabus diei partibus transactis, ante ipsa deae vestigia constituit secretoque mandatis quibusdam, quae voce meliora sunt, illud plane cunctis arbitris praecepit, decem continuis illis diebus cibariam voluptatem coercerem neque ullum animal essem et invinius essem. Quis venerabili continentia rite servatis, iam dies aderat divino destinatus vadimonio, et sol curvatus intrahebat vesperam. Tum ecce confluunt undique turbae sacrorum ritu vetusto variis quisque me muneribus honorantes. Tunc semotis procul profanis omnibus linteo rudique me contectum amicimine arrepta manu sacerdos deducit ad ipsius sacrarii penetralia. Quaeras forsitan satis anxie, studiose lector, quid deinde dictum, quid factum; dicerem, si dicere liceret, cognosceres, si liceret audire. Sed parem noxam contraherent et aures et lingua, <ista impiae loquacitatis>, illae temerariae curiositatis. Nec te tamen desiderio forsitan religioso suspensum angore diutino cruciabo. Igitur audi, sed crede, quae vera sunt. Accessi confinium mortis et calcato Proserpinae limine per omnia vectus elementa remeavi, nocte media vidi solem candido coruscantem lumine, deos inferos et deos superos accessi coram et adoravi de proximo. Ecce tibi rettuli, quae, quamvis audita, ignores tamen necesse est. ergo quod solum potest sine piaculo ad profanorum intellegentias enuntiari, referam."
https://www.thelatinlibrary.com/apuleius/apuleius11.shtml,203,"Mane factum est, et perfectis sollemnibus processi duodecim sacratus stolis, sed effari deo eo nullo vinculo prohibeor, quippe quod tunc temporis videre praesentes plurimi. Namque in ipso aedis sacrae meditullio ante deae simulacrum constitutum tribunal ligneum iussus superstiti byssina quidem sed floride depicta veste conspicuus. Et umeris dependebat pone tergum talorum tenus pretiosa chlamida. Quaqua tamen viseres, colore vario circumnotatis insignibar animalibus; hinc dracones Indici, inde grypes Hyperborei, quos in speciem pinnatae alitis generat mundus alter. Hanc Olympiacam stolam sacrati nuncupant. At manu dextera gerebam flammis adultam facem et caput decore corona cinxerat palmae candidae foliis in modum radiorum prosistentibus. Sic ad instar Solis exornato me et in vicem simulacri constituto, repente velis reductis, in aspectum populus errabat. Exhinc festissimum celebravi natalem sacrorum, et suaves epulae et faceta convivia. Dies etiam tertius pari caerimoniarum ritu celebratus et ientaculum religiosum et teletae legitima consummatio. Paucis dehinc ibidem commoratus diebus inexplicabili voluptate simulacri divini perfruebar, inremunerabili quippe beneficio pigneratus. Sed tandem deae monitu, licet non plene, tamen pro meo modulo supplicue gratis persolutis, tardam satis domuitionem comparo, vix equidem abruptis ardentissimi desiderii retinaculis. Provolutus denique ante conspectum deae et facie mea diu detersis vestigiis eius, lacrimis obortis, singultu crebro sermonem interficiens et verba devorans aio:"
https://www.thelatinlibrary.com/apuleius/apuleius11.shtml,193,"""Tu quidem sancta et humani generis sospitatrix perpetua, semper fovendis mortalibus munifica, dulcem matris adfectationem miserorum casibus tribuis. Nec dies nec quies nulla ac ne momentum quidem tenue tuis transcurrit beneficiis otiosum, quin mari terraque protegas homines et depulsis vitae procellis salutarem porrigas dexteram, qua fatorum etiam inextricabiliter contorta retractas licia et Fortunae tempestates mitigas et stellarum noxios meatus cohibes. Te superi colunt, observant inferi, tu rotas orbem, luminas solem, regis mundum, calcas tartarum. Tibi respondent sidera, redeunt tempora, gaudent numina, serviunt elementa. Tuo nutu spirant flamina, nutriunt nubila, germinant semina, crescunt germina. Tuam maiestatem perhorrescunt aves caelo meantes, ferae montibus errantes, serpentes solo latentes, beluae ponto natantes. At ego referendis laudibus tuis exilis ingenio et adhibendis sacrificiis tenuis patrimonio; nec mihi vocis ubertas ad dicenda, quae de tua maiestate sentio, sufficit nec ora mille linguaeque totidem vel indefessi sermonis aeterna series. Ergo quod solum potest religiosus quidem, sed pauper alioquin, efficere curabo: divinos tuos vultus numenque sanctissimum intra pectoris mei secreta conditum perpetuo custodiens imaginabor."" Ad istum modum deprecato summo numine complexus Mithram sacerdotem et meum iam parentem colloque eius multis osculis inhaerens veniam postulabam, quod eum condigne tantis beneficiis munerari nequirem."
https://www.thelatinlibrary.com/apuleius/apuleius11.shtml,130,"Diu denique gratiarum gerendarum sermone prolixo commoratus, tandem digredior et recta patrium larem revisurus meum post aliquam<?>  multum temporis contendo paucosque post diebus deae potentis  instinctu raptim constrictis sarcinulis, nave conscensa, Romam  versus profectionem dirigo, tutusque prosperitate ventorum  ferentium Augusti portum celerrime <pervenio> ac dehinc carpento  pervolavi, vesperaque, quam dies insequebatur Iduum Decembrium,  sacrosanctam istam civitatem accedo. Nec ullum tam praecipuum mihi  exinde studium fuit quam cotidie supplicare summo numini reginae  Isidis, quae de templi situ sumpto nomine Campensis summa cum  veneratione propitiatur. Eram cultor denique adsiduus, fani quidem  advena, religionis autem indigena. Ecce transcurso signifero  circulo Sol magnus annum compleverat, et quietem meam rursus  interpellat numinis benefici cura pervigilis et rursus teletae,  rursus sacrorum commonet. Mirabar, quid rei temptaret, quid  pronuntiaret futurum; quidni? <Qui> plenissime iam dudum videbar  initiatus."
https://www.thelatinlibrary.com/apuleius/apuleius11.shtml,238,"Ac dum religiosum scrupulum partim apud meum sensum disputo, partim  sacratorum consiliis examino, novum mirumque plane comperior: deae  quidem me tantum sacris imbutum, at magni dei deumque summi  parentis invicti Osiris necdum sacris inlustratum; quanquam enim  conexa, immo vero unita ratio numinis religionisque esset, tamen  teletae discrimen interesse maximum; prohinc me quoque peti magno  etiam deo famulum sentire deberem. Nec diu res in ambiguo stetit.  Nam proxuma nocte vidi quendam de sacratis linteis iniectum, qui  thyrsos et hederas et tacenda quaedam gerens ad ipsos meos lares  collocaret et occupato sedili meo religionis amplae denuntiaret  epulas. Is ut agnitionem mihi scilicet certo aliquo sui signo  subministraret, sinistri pedis talo paululum reflexo cunctabundo  clementer incedebat vestigio. Sublata est ergo post tam manifestam  deum voluntatem ambiguitatis tota caligo et ilico deae matutinis  perfectis salutationibus summo studio percontabar singulos, ecqui  vestigium similis ut somnium. Nec fides afuit. Nam de pastophoris  unum conspexi statim praeter indicium pedis cetero etiam statu  atque habitu examussim nocturnae imagini congruentem, quem Asinium  Marcellum vocitari cognovi postea, reformationis meae <minime>  alienum nomen. Nec moratus conveni protinus eum sane nec ipsum  futuri sermonis ignarum, quippe iam dudum consimili praecepto  sacrorum ministrandorum commonefactum. Nam sibi visus est quiete  proxima, dum magno deo coronas exaptat, * * * et de eius ore, quo  singulorum fata dictat, audisse mitti sibi Madaurensem, sed admodum  pauperem, sui statim sua sacra deberet ministrare; nam et illi  studiorum gloriam et ipsi grande compendium sua comparari  providentia."
https://www.thelatinlibrary.com/apuleius/apuleius11.shtml,146,"Ad istum modum desponsus sacris sumptuum tenuitate contra votum  meum retardabar. Nam et viriculas patrimonii peregrinationis  adtriverant impensae et erogationes urbicae pristinis illis  provincialibus antistabant plurimum. Ergo duritia paupertatis  intercedente, quod ait vetus proverbium, inter sacrum ego et saxum  positus cruciabar, nec setius tamen identidem numinis premebar  instantia. Iamque saepicule non sine magna turbatione stimulatus,  postremo iussus, veste ipsa mea quamvis parvula distracta,  sufficientem contraxi summulam. Et id ipsum praeceptum fuerat  specialiter: ""An tu"" inquit ""si quam rem voluptati struendae  moliris, laciniis tuis nequaquam parceres: nunc tantas caerimonias  aditurus impaenitendae te pauperiei cunctaris committere?"" Ergo  igitur cunctis adfatim praeparatis, decem rursus diebus inanimis  contentus cibis, insuper etiam deraso capite, principalis dei  nocturnis orgiis inlustratus, plena iam fiducia germanae religionis  obsequium divinum frequentabam. Quae res summum peregrinationi meae  tribuebat solacium nec minus etiam victum uberiorem subministrabat,  quidni? Spiritu faventis Eventus quaesticulo forensi nutrito per  patrocinia sermonis Romani."
https://www.thelatinlibrary.com/apuleius/apuleius11.shtml,178,"Et ecce post pauculum tempus inopinatis et usquequaque mirificis  imperiis deum rursus interpellor et cogor tertiam quoque teletam  sustinere. Nec levi cura sollicitus, sed oppido suspensus animi  mecum ipse cogitationes exercitius agitabam, quorsus nova haec et  inaudita se caelestium porrigeret intentio, quid subsicivum, quamvis iteratae iam, traditioni remansisset: ""Nimirum perperam vel minus  plene consuluerunt in me sacerdos uterque""; et hercules iam de fide  quoque eorum opinari coeptabam sequius. Quo me cogitationis aestu  fluctuantem ad instar insaniae percitum sic instruxit nocturna  divinatione clemens imago: ""Nihil est"" inquit ""quod numerosa serie  religionis, quasi quicquam sit prius omissum terreare. Quin adsidua  ista numinum dignatione laetus capesse gaudium et potius exsulta  ter futurus, quod alii vel semel vix conceditur, teque de isto  numero merito praesume semper beatum. Ceterum futura tibi sacrorum  traditio pernecessaria est, si tecum nunc saltem reputaveris  exuvias deae, quos in provincia sumpsisti, in eodem fano depositas  perseverare nec te Romae diebus sollemnibus vel supplicare iis vel,  cum praeceptum fuerit, felici illo amictu illustrari posse. Quid  felix itaque ac faustum salutareque sit, animo gaudiali rursum  sacris initiare deis magnis auctoribus."""
https://www.thelatinlibrary.com/apuleius/apuleius11.shtml,170,"Hactenus divini somnii suada maiestas, quod usus foret,  pronuntiavit. Nec deinceps postposito vel in supinam  procrastinationem reiecto negotio, statim sacerdoti meo relatis  quae videram, inanimae protinus castimoniae iugum subeo et lege  perpetua praescriptis illis decem diebus spontali sobrietate  multiplicatis instructum teletae comparo largitus, <omnibus> ex  studio pietatis magis quam mensura rerum <mearum> collatis. Nec  hercules laborum me sumptuumque quidquam tamen paenituit, quidni?  Liberali deum providentia iam stipendiis forensibus bellule fotum.  Denique post dies admodum pauculos deus deum magnorum potior et  potiorum summus et summorum maximus et maximorum regnator Osiris  non in alienam quampiam personam reformatus, sed coram suo illo  venerando me dignatus adfamine per quietem recipere visus est: quae  nunc, incunctanter gloriosa in foro redderem patrocinia, nec  extimescerem malevolorum disseminationes, quas studiorum meorum  laboriosa doctrina ibidem exciverat. Ac ne sacris suis gregi cetero  permixtus deservirem, in collegium me pastophorum suorum immo inter  ipsos decurionum quinquennales adlegit. Rursus denique quaqua raso  capillo collegii vetustissimi et sub illis Syllae temporibus  conditi munia, non obumbrato vel obtecto calvitio, sed quoquoversus  obvio, gaudens obibam."
https://www.thelatinlibrary.com/apuleius/apuleius6.shtml,124,"Interea Psyche variis iactabatur discursibus, dies noctesque mariti vestigationibus inquieta animi, tanto cupidior iratum licet si non uxoriis blanditiis lenire certe servilibus precibus propitiare. Et prospecto templo quodam in ardui montis vertice: ""Vnde autem"" inquit ""scio an istic meus degat dominus?"" Et ilico dirigit citatum gradum, quem defectum prorsus adsiduis laboribus spes incitabat et votum. Iamque naviter emensis celsioribus iugis pulvinaribus sese proximam intulit. Videt spicas frumentarias in acervo et alias flexiles in corona et spicas hordei videt. Erant et falces et operae messoriae mundus omnis, sed cuncta passim iacentia et incuria confusa et, ut solet aestu, laborantium manibus proiecta. Haec singula Psyche curiose dividit et discretim semota rite componit, rata scilicet nullius dei fana caerimoniasve neglegere se debere sed omnium benivolam misericordiam corrogare."
https://www.thelatinlibrary.com/apuleius/apuleius6.shtml,53,"Haec eam sollicite seduloque curantem Ceres alma deprehendit et longum exclamat protinus: ""Ain, Psyche miseranda? Totum per orbem Venus anxia disquisitione tuum vestigium furens animi requirit teque ad extremum supplicium expetit et totis numinis sui viribus ultionem flagitat: tu vero rerum mearum tutelam nunc geris et aliud quicquam cogitas nisi de tua salute?"""
https://www.thelatinlibrary.com/apuleius/apuleius6.shtml,104,"Tunc Psyche pedes eius advoluta et uberi fletu rigans deae vestigia humumque verrens crinibus suis multiiugis precibus editis veniam postulabat: ""Per ego te frugiferam tuam dexteram istam deprecor per laetificas messium caerimonias per tacita secreta cistarum et per famulorum tuorum draconum pinnata curricula et glebae Siculae sulcamina et currum rapacem et terram tenacem et inluminarum Proserpinae nuptiarum demeacula et luminosarum filiae inventionum remeacula et cetera quae silentio tegit Eleusinis Atticae sacrarium, miserandae Psyches animae supplicis tuae subsiste. Inter istam spicarum congeriem patere vel pauculos dies delitescam, quoad deae tantae saeviens ira spatio temporis mitigetur vel certe meae vires diutino labore fessae quietis intervallo leniantur."""
https://www.thelatinlibrary.com/apuleius/apuleius6.shtml,43,"Suscipit Ceres: ""Tuis quidem lacrimosis precibus et commoveor et opitulari cupio, sed cognatae meae, cum qua etiam foedus antiquum amicitiae colo, bonae praeterea feminae, malam gratiam subire nequeo. Decede itaque istis aedibus protinus et quod a me retenta custoditaque non fueris optimi consule."""
https://www.thelatinlibrary.com/apuleius/apuleius6.shtml,73,"Contra spem suam repulsa Psyche et afflicta duplici maestitia iter retrorsum porrigens inter subsitae convallis sublucidum lucum prospicit fanum sollerti fabrica structum, nec ullam vel dubiam spei melioris viam volens omittere sed adire cuiscumque dei veniam sacratis foribus proximat. Videt dona pretiosa et lacinias auro litteratas ramis arborum postibusque suffixas, quae cum gratia facti nomen deae cui fuerant dicata testabantur. Tunc genu nixa et manibus aram tepentem amplexa detersis ante lacrimis sic adprecatur:"
https://www.thelatinlibrary.com/apuleius/apuleius6.shtml,83,"""Magni Iovis germana et coniuga, sive tu Sami, quae sola partu vagituque et alimonia tua gloriatur, tenes vetusta delubra, sive celsae Carthaginis, quae te virginem vectura leonis caelo commeantem percolit, beatas sedes frequentas, seu prope ripas Inachi, qui te iam nuptam Tonantis et reginam deorum memorat, inclitis Argivorum praesides moenibus, quam cunctus oriens Zygiam veneratur et omnis occidens Lucinam appellat, sis mei extremis casibus Iuno Sospita meque in tantis exanclatis laboribus defessam imminentis periculi metu libera. Quod sciam, soles praegnatibus periclitantibus ultro subvenire."""
https://www.thelatinlibrary.com/apuleius/apuleius6.shtml,54,"Ad istum modum supplicanti statim sese Iuno cum totius sui numinis angusta dignitate praesentat et protinus: ""Quam vellem"" inquit ""per fidem nutum meum precibus tuis accommodare. Sed contra voluntatem Veneris nurus meae, quam filiae semper dilexi loco, praestare me pudor non sinit. Tunc etiam legibus quae servos alienos profugos invitis dominis vetant suscipi prohibeor."""
https://www.thelatinlibrary.com/apuleius/apuleius6.shtml,110,"Isto quoque fortunae naufragio Psyche perterrita nec indipisci iam maritum volatilem quiens, tota spe salutis deposita, sic ipsa suas cogitationes consuluit: ""Iam quae possunt alia meis aerumnis temptari vel adhiberi subsidia, cui nec dearum quidem quanquam volentium potuerunt prodesse suffragia? Quo rursum itaque tantis laqueis inclusa vestigium porrigam quibusque tectis vel etiam tenebris abscondita magnae Veneris inevitabiles oculos effugiam? Quin igitur masculum tandem sumis animum et cassae speculae renuntias fortiter et ultroneam te dominae tuae reddis et vel sera modestia saevientes impetus eius mitigas? Qui scias an etiam quem diu quaeritas illic in domo matris reperias?"" Sic ad dubium obsequium immo ad certum exitium praeparata principium futurae secum meditabatur obsecrationis."
https://www.thelatinlibrary.com/apuleius/apuleius6.shtml,103,"At Venus terrenis remediis inquisitionis abnuens caelum petit. Iubet instrui currum quem ei Vulcanus aurifex subtili fabrica studiose poliverat et ante thalami rudimentum nuptiale munus obtulerat limae tenuantis detrimento conspicuum et ipsius auri damno pretiosum. De multis quae circa cubiculum dominae stabulant procedunt quattuor candidae columbae et hilaris incessibus picta colla torquentes iugum gemmeum subeunt susceptaque domina laetae subvolant. Currum deae prosequentes gannitu constrepenti lasciviunt passeres et ceterae quae dulce cantitant aves melleis modulis suave resonantes adventum deae pronuntiant. Cedunt nubes et Caelum filiae panditur et summus aether cum gaudio suscipit deam, nec obvias aquilas vel accipitres rapaces pertimescit magnae Veneris canora familia."
https://www.thelatinlibrary.com/apuleius/apuleius6.shtml,111,"Tunc se protinus ad Iovis regias arces dirigit et petitu superbo Mercuri dei vocalis operae necessariam usuram postulat. Nec rennuit Iovis caerulum supercilium. Tunc ovans ilico, comitante etiam Mercurio, Venus caelo demeat eique sollicite serit verba: ""Frater Arcadi, scis nempe sororem tuam Venerem sine Mercuri praesentia nil unquam fecisse nec te praeterit utique quanto iam tempore delitescentem ancillam nequiverim reperire. Nil ergo superest quam tuo praeconio praemium investigationis publicitus edicere. Fac ergo mandatum matures meum et indicia qui possit agnosci manifeste designes, ne si quis occultationis illicitae crimen subierit, ignorantiae se possit excusatione defendere""; et simul dicens libellum ei porrigit ubi Psyches nomen continebatur et cetera. Quo facto protinus domum secessit."
https://www.thelatinlibrary.com/apuleius/apuleius6.shtml,54,"Nec Mercurius omisit obsequium. Nam per omnium ora populorum passim discurrens sic mandatae praedicationis munus exsequebatur: ""Sic quis a fuga retrahere vel occultam demonstrare poterit fugitivam regis filiam, Veneris ancillam, nomine Psychen, conveniat retro metas Murtias Mercurium praedicatorem, accepturus indicivae nomine ab ipsa Venere septem savia suavia et unum blandientis adpulsu linguae longe mellitum."""
https://www.thelatinlibrary.com/apuleius/apuleius6.shtml,84,"Ad hunc modum pronuntiante Mercurio tanti praemii cupido certatim omnium mortalium studium adrexerat. Quae res nunc vel maxime sustulit Psyches omnem cunctationem. Iamque fores ei dominae proximanti occurrit una de famulitione Veneris nomine Consuetudo statimque quantum maxime potuit exclamat: ""Tandem, ancilla nequissima, dominam habere te scire coepisti? An pro cetera morum, tuorum temeritate istud quoque nescire te fingis quantos labores circa tuas inquisitiones sustinuerimus? Sed bene, quod meas potissimum manus incidisti et inter Orci cancros iam ipso haesisti datura scilicet actutum tantae contumaciae poenas"","
https://www.thelatinlibrary.com/apuleius/apuleius6.shtml,170,"et audaciter in capillos eius inmissa manu trahebat eam nequaquam renitentem. Quam ubi primum inductam oblatamque sibi conspexit Venus, latissimum cachinnum extollit et qualem solent furenter irati, caputque quatiens et ascalpens aurem dexteram: ""Tandem"" inquit ""dignata es socrum tuam salutare? An potius maritum, qui tuo vulnere periclitatur, intervisere venisti? Sed esto secura, iam enim excipiam te ut bonam nurum condecet""; et: ""Vbi sunt"" inquit ""Sollicitudo atque Tristities ancillae meae?"" Quibus intro vocatis torquendam tradidit eam. At illae sequentes erile praeceptum Psychen misellam flagellis afflictam et ceteris tormentis excruciatam iterum dominae conspectui reddunt. Tunc rursus sublato risu Venus: ""Et ecce"" inquit ""nobis turgidi ventris sui lenocinio commovet miserationem, unde me praeclara subole aviam beatam scilicet faciat. Felix velo ego quae ipso aetatis meae flore vocabor avia et vilis ancillae filius nepos Veneris audiet. Quanquam inepta ego quae frustra filium dicam; impares enim nuptiae et praeterea in villa sine testibus et patre non consentiente factae legitimae non possunt videri ac per hoc spurius iste nascetur, si tamen partum omnino perferre te patiemur."""
https://www.thelatinlibrary.com/apuleius/apuleius6.shtml,164,"His editis involat eam vestemque plurifariam diloricat capilloque discisso et capite conquassato graviter affligit, et accepto frumento et hordeo et milio et papavere et cicere et lente et faba commixtisque acervatim confusisque in unum grumulum sic ad illam: ""Videris enim mihi tam deformis ancilla nullo alio sed tantum sedulo ministerio amatores tuos promereri: iam ergo et ipsa frugem tuam periclitabor. Discerne seminum istorum passivam congeriem singulisque granis rite dispositis atque seiugatis ante istam vesperam opus expeditum approbato mihi."" Sic assignato tantorum seminum cumulo ipsa cenae nuptiali concessit. Nec Psyche manus admolitur inconditae illi et inextricabili moli, sed immanitate praecepti consternata silens obstupescit. Tunc formicula illa parvula atque ruricola certa difficultatis tantae laborisque miserta contubernalis magni dei socrusque saevitiam exsecrata discurrens naviter convocat corrogatque cunctam formicarum accolarum classem: ""Miseremini terrae omniparentis agiles alumnae, miseremini et Amoris uxori puellae lepidae periclitanti prompta velocitate succurrite."" Ruunt aliae superque aliae sepedum populorum undae summoque studio singulae granatim totum digerunt acervum separatimque distributis dissitisque generibus e conspectu perniciter abeunt."
https://www.thelatinlibrary.com/apuleius/apuleius6.shtml,83,"Sed initio noctis e convivio nuptiali vino madens et fraglans balsama Venus remeat totumque revincta corpus rosis micantibus, visaque diligentia miri laboris: ""Non tuum,"" inquit ""nequissima, nec tuarum manuum istud opus, sed illius cui tuo immo et ipsius malo placuisti"", et frustro cibarii panis ei proiecto cubitum facessit. Interim Cupido solus interioris domus unici cubiculi custodia clausus coercebatur acriter, partim ne petulanti luxurie vulnus gravaret, partim ne cum sua cupita conveniret. Sic ergo distentis et sub uno tecto separatis amatoribus tetra nox exanclata."
https://www.thelatinlibrary.com/apuleius/apuleius6.shtml,47,"Sed Aurora commodum inequitante vocatae Psychae Venus infit talia: ""Videsne illud nemus, quod fluvio praeterluenti ripisque longis attenditur, cuius imi frutices vicinum fontem despiciunt? Oves ibi nitentis auri vero decore florentes incustodito pastu vagantur. Inde de coma pretiosi velleris floccum mihi confestim quoquo modo quaesitum afferas censeo."""
https://www.thelatinlibrary.com/apuleius/apuleius6.shtml,122,"Perrexit Psyche volenter non obsequium quidem illa functura sed requiem malorum praecipitio fluvialis rupis habitura. Sed inde de fluvio musicae suavis nutricula leni crepitu dulcis aurae divinitus inspirata sic vaticinatur harundo viridis: ""Psyche tantis aerumnis exercita, neque tua miserrima morte meas sanctas aquas polluas nec vero istud horae contra formidabiles oves feras aditum, quoad de solis fraglantia mutuatae calorem truci rabie solent efferri cornuque acuto et fronte saxea et non nunquam venenatis morsibus in exitium saevire mortalium; se dum meridies solis sedaverit vaporem et pecua spiritus fluvialis serenitate conquieverint, poteris sub illa procerissima platano, quae mecum simul unum fluentum bibit, latenter abscondere. Et cum primum mitigata furia laxaverint oves animum, percussis frondibus attigui nemoris lanosum aurum reperies, quod passim stirpibus conexis obhaerescit."""
https://www.thelatinlibrary.com/apuleius/apuleius6.shtml,120,"Sic harundo simplex et humana Psychen aegerrimam salutem suam docebat. Nec auscultatu paenitendo indiligenter instructa illa cessavit, sed observatis omnibus furatrina facili flaventis auri mollitie congestum gremium Veneri reportat. Nec tamen apud dominam saltem secundi laboris periculum secundum testimonium meruit, sed contortis superciliis subridens amarum sic inquit: ""Nec me praeterit huius quoque facti auctor adulterinus. Sed iam nunc ego sedulo periclitabor an oppido forti animo singularique prudentia sis praedita. Videsne insistentem celsissimae illi rupi montis ardui verticem, de quo fontis atri fuscae defluunt undae proxumaeque conceptaculo vallis inclusae Stygias inrigant paludes et rauca Cocyti fluenta nutriunt? Indidem mihi de summi fontis penita scaturrigine rorem rigentem hauritum ista confestim defer urnula."" Sic aiens crustallo dedolatum vasculum insuper ei graviora comminata tradidit."
https://www.thelatinlibrary.com/apuleius/apuleius6.shtml,133,"At illa studiose gradum celerans montis extremum petit cumulum certe vel illic inventura vitae pessimae finem. Sed cum primum praedicti iugi conterminos locos appulit, videt rei vastae letalem difficultatem. Namque saxum immani magnitudine procerum et inaccessa salebritate lubricum mediis e faucibus lapidis fontes horridos evomebat, qui statim proni foraminis lacunis editi perque proclive delapsi et angusti canalis exarato contecti tramite proxumam convallem latenter incidebant. Dextra laevaque cautibus cavatis proserpunt ecce longa colla porrecti saevi dracones inconivae vigiliae luminibus addictis et in perpetuam lucem pupulis excubantibus. Iamque et ipsae semet muniebant vocales aquae. Nam et ""Discede"" et ""Quid facis? Vide"" et ""Quid agis? Cave"" et ""Fuge"" et ""Peribis"" subinde clamant. Sic impossibilitate ipsa mutata in lapidem Psyche, quamvis praesenti corpore, sensibus tamen aberat et inextricabilis periculi mole prorsus obruta lacrumarum etiam extremo solacio carebat."
https://www.thelatinlibrary.com/apuleius/apuleius6.shtml,144,"Nec Providentiae bonae graves oculos innocentis animae latuit aerumna. Nam supremi Iovis regalis ales illa repente propansis utrimque pinnis affuit rapax aquila memorque veteris obsequii, quo ductu Cupidinis Iovi pocillatorem Phrygium sustulerat, opportunam ferens opem deique numen in uxoris laboribus percolens alti culminis diales vias deserit et ob os puellae praevolans incipit: ""At tu, simplex alioquin et expers rerum talium, sperasne te sanctissimi nec minus truculenti fontis vel unam stillam posse furari vel omnino contingere? Diis etiam ipsique Iovi formidabiles aquas istas Stygias vel fando comperisti, quodque vos deieratis per numina deorum deos per Stygis maiestatem solere? Sed cedo istam urnulam"", et protinus adrepta complexaque festinat libratisque pinnarum nutantium molibus inter genas saevientium dentium et trisulca vibramina draconum remigium dextra laevaque porrigens nolentes aquas et ut abiret innoxius praeminantes excipit, commentus ob iussum Veneris petere eique se praeministrare, quare paulo facilior adeundi fuit copia."
https://www.thelatinlibrary.com/apuleius/apuleius6.shtml,115,"Sic acceptam cum gaudio plenam urnulam Psyche Veneri citata rettulit. Nec tamen nutum deae saevientis vel tunc expiare potuit. Nam sic eam maiora atque peiora flagitia comminans appellat renidens exitiabile: ""Iam tu quidem magna videris quaedam mihi et alta prorsus malefica, quae talibus praeceptis meis obtemperasti naviter. Sed adhuc istud, mea pupula ministrare debebis. Sume istam pyxidem"", et dedit; ""protinus usque ad inferos et ipsius Orci ferales penates te derige. Tunc conferens pyxidem Proserpinae: ""Petit de te Venus"" dicito ""modicum de tua mittas ei formonsitate vel ad unam saltem dieculam sufficiens. Nam quod habuit, dum filium curat aegrotum, consumpsit atque contrivit omne"". Sed haud immaturius redito, quia me necesse est indidem delitam theatrum deorum frequentare."""
https://www.thelatinlibrary.com/apuleius/apuleius6.shtml,95,"Tunc Psyche vel maxime sensit ultimas fortunas suas et velamento reiecto ad promptum exitium sese compelli manifeste comperit. Quidni? quae suis pedibus ultro ad Tartarum manesque commeare cogeretur. Nec cunctata divitius pergit ad quampiam turrim praealtam, indidem sese datura praecipitem: sic enim rebatur ad inferos recte atque pulcherrime se posse descendere. Sed turris prorumpit in vocem subitam et: ""Quid te"" inquit ""praecipitio, misella, quaeris extinguere? Quidque iam novissimo periculo laborique isto temere succumbis? Nam si spiritus corpore tuo semel fuerit seiugatus, ibis quidem profecto ad imum Tartarum, sed inde nullo pacto redire poteris. Mihi ausculta."
https://www.thelatinlibrary.com/apuleius/apuleius6.shtml,15,Lacedaemo Achaiae nobilis civitas non longe sita est: huius conterminam deviis abditam locis quaere Taenarum.
https://www.thelatinlibrary.com/apuleius/apuleius6.shtml,179,"Inibi spiraculum Ditis et per portas hiantes monstratur iter invium, cui te limine transmeato simul commiseris iam canale directo perges ad ipsam Orci regiam. Sed non hactenus vacua debebis per illas tenebras incedere, sed offas polentae mulso concretas ambabus gestare manibus at in ipso ore duas ferre stipes. Iamque confecta bona parte mortiferae viae continaberis claudum asinum lignorum gerulum cum agasone simili, qui te rogabit decidentis sarcinae fusticulos aliquos porrigas ei, sed tu nulla voce deprompta tacita praeterito. Nec mora, cum ad flumen mortuum venies, cui praefectus Charon protenus expetens portorium sic ad ripam ulteriorem sutili cumba deducit commeantes. Ergo et inter mortuos avaritia vivit nec Charon ille Ditis exactor tantus deus quicquam gratuito facit: set moriens pauper viaticum debet quaerere, et aes si forte prae manu non fuerit, nemo eum exspirare patietur. Huic squalido seni dabis nauli nomine de stipibus quas feres alteram, sic tamen ut ipse sua manu de tuo sumat ore. Nec setius tibi pigrum fluentum transmeanti quidam supernatans senex mortuus putris adtollens manus orabit ut eum intra navigium trahas, nec tu tamen inclita adflectare pietate."
https://www.thelatinlibrary.com/apuleius/apuleius6.shtml,186,"Transito fluvio modicum te progressam textrices orabunt anus telam struentes manus paulisper accommodes, nec id tamen tibi contingere fas est. Nam haec omnia tibi et multa alia de Veneris insidiis orientur, ut vel unam de manibus omittas offulam. Nec putes futile istud polentacium damnum leve; altera enim perdita lux haec tibi prorsus denegabitur. Canis namque praegrandis teriugo et satis amplo capite praeditus immanis et formidabilis tonantibus oblatrans faucibus mortuos, quibus iam nil mali potest facere, frustra territando ante ipsum limen et atra atria Proserpinae semper excubans servat vacuam Ditis domum. Hunc offrenatum unius offulae praeda facile praeteribis ad ipsamque protinus Proserpinam introibis, quae te comiter excipiet ac benigne, ut et molliter assidere et prandium opipare suadeat sumere. Sed tu et humi reside et panem sordidum petitum esto, deinde nuntiato quid adveneris susceptoque quod offeretur rursus remeans canis saevitiam offula reliqua redime ac deinde avaro navitae data quam reservaveris stipe transitoque eius fluvio recalcans priora vestigia ad istum caelestium siderum redies chorum. Sed inter omnia hoc observandum praecipue tibi censeo, ne velis aperire vel inspicere illam quam feres pyxidem vel omnino divinae formonsitatis abditum curiosius temptare thensaurum."""
https://www.thelatinlibrary.com/apuleius/apuleius6.shtml,135,"Sic turris illa prospicua vaticinationis munus explicuit. Nec morata Psyche pergit Taenarum sumptisque rite stipibus illis et offulis infernum decurrit meatum transitoque per silentium asinario debili et amnica stipe vectori data neglecto supernatantis mortui desiderio et spretis textricum subdolis precibus et offulae cibo sopita canis horrenda rabie domum Proserpinae penetrat. Nec offerentis hospitae sedile delicatum vel cibum beatum amplexa sed ante pedes eius residens humilis cibario pane contenta Veneriam pertulit legationem. Statimque secreto repletam conclusamque pyxidem suscipit et offulae sequentis fraude caninis latratibus obseratis residuaque navitae reddita stipe longe vegetior ab inferis recurrit. Et repetita atque adorata candida ista luce, quanquam festinans obsequium terminare, mentem capitur temeraria curiositate et: ""Ecce"" inquit ""inepta ego divinae formonsitatis gerula, quae nec tantillum quidem indidem mihi delibo vel sic illi amatori meo formonso placitura"", et cum dicto reserat pyxidem."
https://www.thelatinlibrary.com/apuleius/apuleius6.shtml,43,"Nec quicquam ibi rerum nec formonsitas ulla, sed infernus somnus ac vere Stygius, qui statim coperculo relevatus invadit eam crassaque soporis nebula cunctis eius membris perfunditur et in ipso vestigio ipsaque semita conlapsam possidet. Et iacebat immobilis et nihil aliud quam dormiens cadaver."
https://www.thelatinlibrary.com/apuleius/apuleius6.shtml,85,"Sed Cupido iam cicatrice solida revalescens nec diutinam suae Psyches absentiam tolerans per altissimam cubiculi quo cohibebatur elapsus fenestram refectisque pinnis aliquanta quiete longe velocius provolans Psychen accurrit suam detersoque somno curiose et rursum in pristinam pyxidis sedem recondito Psychen innoxio punctulo sagittae suae suscitat et: ""Ecce"" inquit ""rursum perieras, misella, simili curiositate. Sed interim quidem tu provinciam quae tibi matris meae praecepto mandata est exsequere naviter, cetera egomet videro."" His dictis amator levis in pinnas se dedit, Psyche vero confestim Veneri munus reportat Proserpinae."
https://www.thelatinlibrary.com/apuleius/apuleius6.shtml,139,"Interea Cupido amore nimio peresus et aegra facie matris suae repentinam sobrietatem pertimescens ad armillum redit alisque pernicibus caeli penetrato vertice magno Iovi supplicat suamque causam probat. Tunc Iuppiter prehensa Cupidinis buccula manuque ad os suum relata consaviat atque sic ad illum: ""Licet tu,"" inquit ""domine fili, numquam mihi concessu deum decretum servaris honorem, sed istud pectus meum quo leges elementorum et vices siderum disponuntur convulneraris assiduis ictibus crebrisque terrenae libidinis foedaveris casibus contraque leges et ipsam Iuliam disciplinamque publicam turpibus adulteriis existimationem famamque meam laeseris in serpentes in ignes in feras in aves et gregalia pecua serenos vultus meos sordide reformando, at tamen modestiae mea memor quodque inter istas meas manus creveris cuncta perficiam, dum tamen scias aemulos tuos cavere, ac si qua nunc in terris puella praepollet pulcritudine, praesentis beneficii vicem per eam mihi repensare te debere."""
https://www.thelatinlibrary.com/apuleius/apuleius6.shtml,38,"Sic fatus iubet Mercurium deos omnes ad contionem protinus convocare, ac si qui coetu caelestium defuisset, in poenam decem milium nummum conventum iri pronuntiare. Quo metu statim completo caelesti theatro pro sede sublimi sedens procerus Iuppiter sic enuntiat:"
https://www.thelatinlibrary.com/apuleius/apuleius6.shtml,120,"""Dei conscripti Musarum albo, adolescentem istum quod manibus meis alumnatus sim profecto scitis omnes. Cuius primae iuventutis caloratos impetus freno quodam coercendos existimavi; sat est cotidianis eum fabulis ob adulteria cunctasque corruptelas infamatum. Tollenda est omnis occasio et luxuria puerilis nuptialibus pedicis alliganda. Puellam elegit et virginitate privavit: teneat, possideat, amplexus Psychen semper suis amoribus perfruatur."" Et ad Venerem conlata facie: ""Nec tu,"" inquit ""filia, quicquam contristere nec prosapiae tantae tuae statuque de matrimonio mortali metuas. Iam faxo nuptias non impares sed legitimas et iure civili congruas"", et ilico per Mercurium arripi Psychen et in caelum perduci iubet. Porrecto ambrosiae poculo: ""Sume,"" inquit ""Psyche, et immortalis esto, nec umquam digredietur a tuo nexu Cupido sed istae vobis erunt perpetuae nuptiae."""
https://www.thelatinlibrary.com/apuleius/apuleius6.shtml,106,"Nec mora, cum cena nuptialis affluens exhibetur. Accumbebat summum torum maritus Psychen gremio suo complexus. Sic et cum sua Iunone Iuppiter ac deinde per ordinem toti dei. Tunc poculum nectaris, quod vinum deorum est, Iovi quidem suus pocillator ille rusticus puer, ceteris vero Liber ministrabat, Vulcanus cenam coquebat; Horae rosis et ceteris floribus purpurabant omnia, Gratiae spargebant balsama, Musae quoque canora personabant. Tunc Apollo cantavit ad citharam, Venus suavi musicae superingressa formonsa saltavit, scaena sibi sic concinnata, ut Musae quidem chorum canerent, tibias inflaret Saturus, et Paniscus ad fistulam diceret. Sic rite Psyche convenit in manum Cupidinis et nascitur illis maturo partu filia, quam Voluptatem nominamus""."
https://www.thelatinlibrary.com/apuleius/apuleius6.shtml,130,"Sic captivae puellae delira et temulenta illa narrabat anicula; sed astans ego non procul dolebam mehercules quod pugillares et stilum non habebam qui tam bellam fabellam praenotarem. Ecce confecto nescio quo gravi proelio latrones adveniunt onusti, non nulli tamen immo promptiores vulneratis domi relictis et plagas recurantibus ipsi ad reliquas occultatas in quadam spelunca sarcinas, ut aiebant, proficisci gestiunt. Prandioque raptim tuburcinato me et equum vectores rerum illarum futuros fustibus exinde tundentes producunt in viam multisque clivis et anfractibus fatigatos prope ipsam vesperam perducunt ad quampiam speluncam, unde multis onustos rebus rursum ne breviculo quidem tempore refectos ociter reducunt. Tantaque trepidatione festinabat ut me plagis multis obtundentes propellentesque super lapidem propter viam positum deicerent, unde crebris aeque ingestis ictibus crure dextero et ungula sinistra me debilitatum aegre ad exurgendum compellunt."
https://www.thelatinlibrary.com/apuleius/apuleius6.shtml,52,"Et unus: ""Quo usque"" inquit ""ruptum istum asellum, nunc etiam claudum, frustra pascemus?"" Et alius: ""Quid quod et pessumo pede domum nostram accessit nec quicquam idonei lucri exinde cepimus sed vulnera et fortissimorum occisiones?"" Alius iterum: ""Certe ego, cum primum sarcinas istas quanquam invitus pertulerit, protinus eum vulturiis gratissimum pabulum futurum praecipitabo."""
https://www.thelatinlibrary.com/apuleius/apuleius6.shtml,180,"Dum secum mitissimi homines altercant de mea nece, iam et domum perveneramus. Nam timor ungulas mihi alas fecerat. Tunc quae ferebamus amoliti properiter nulla salutis nostrae cura ac ne meae quidem necis habita comitibus adscitis, qui vulnerati remanserant dudum, recurrunt reliqua ipsi laturi taedio, ut aiebant, nostrae tarditatis. Nec me tamen mediocris carpebat scrupulus contemplatione comminatae mihi mortis; et ipse mecum: ""Quid stas, Luci, vel quid iam novissimum exspectas? Mors et haec acerbissima decreto latronum tibi comparata est. Nec magno conatu res indiget; vides istas rupinas proximas et praeacutas in his prominentes silices, quae te penetrantes antequam decideris membratim dissipabunt. Nam et illa ipsa praeclara magia tua vultum laboresque tibi tantum asini, verum corium non asini crassum sed hirudinis tenue membranulum circumdedit. Quin igitur masculum tandem sumis animum tuaeque saluti, dum licet, consulis? Habes summam opportunitatem fugae, dum latrones absunt. An custodiam anus semimortuae formidabis, quam licet claudi pedis tui calce unica finire poteris? — Sed quo gentium capessetur fuga vel hospitium quis dabit? Haec quidem inepta et prorsus asinina cogitatio; quis enim viantium vectorem suum non libenter auferat secum?"""
https://www.thelatinlibrary.com/apuleius/apuleius6.shtml,146,"Et alacri statim nisu lorum quo fueram destinatus abrumpo meque quadripedi cursu proripio. Nec tamen astutulae anus milvinos oculos effugere potui. Nam ubi me conspexit absolutum, capta super sexum et aetatem audacia lorum prehendit ac me deducere ac revocare contendit. Nec tamen ego, memor exitiabilis propositi latronum, pietate ulla commoveor, sed incussis in eam posteriorum pedum calcibus protinus adplodo terrae. At illa quamvis humi prostrata loro tamen tenaciter inhaerebat, ut me procurrentem aliquantisper tractu sui sequeretur. Et occipit statim clamosis ululatibus auxilium validioris manus implorare. Sed frustra fletibus cassum tumultum commovebat, quippe cum nullus adforet qui suppetias ei ferre posset nisi sola illa virgo captiva, quae vocis excitu procurrens videt hercules memorandi spectaculi scaenam, non tauro sed asino dependentem Dircen aniculam, sumptaque constantia virili facinus audet pulcherrimum. Extorto etenim loro manibus eius me placidis gannitibus ab impetu revocatum naviter inscendit et sic ad cursum rursum incitat."
https://www.thelatinlibrary.com/apuleius/apuleius6.shtml,49,"Ego simul voluntariae fugae voto et liberandae virginis studio, sed et plagarum suasu quae me saepicule commonebant, equestri celeritate quadripedi cursu solum replaudens virgini delicatas voculas adhinnire temptabam. Sed et scabendi dorsi mei simulatione nonnumquam obliquata cervice pedes decoros puellae basiabam. Tunc illa spirans altius caelumque sollicito vultu petens:"
https://www.thelatinlibrary.com/apuleius/apuleius6.shtml,103,"""Vos"", inquit ""Superi, tamen meis supremis periculis opem facite, et tu, Fortuna durior, iam saevire desiste. Sat tibi miseris istis cruciatibus meis litatum est. Tuque, praesidium meae libertatis meaeque salutis, si me domum pervexeris incolumem parentibusque et formonso proco reddideris, quas tibi gratias perhibebo, quos honores habebo, quos cibos exhibebo! Iam primum iubam istam tuam probe pectinatam meis virginalibus monilibus adornabo, frontem vero crispatam prius decoriter discriminabo caudaeque setas incuria lavacri congestas et horridas prompta diligentia perpolibo bullisque te multis aureis inoculatum veluti stellis sidereis relucentem et gaudiis popularium pomparum ovantem, sinu serico progestans nucleos et edulia mitiora, te meum sospitatorem cotidie saginabo."
https://www.thelatinlibrary.com/apuleius/apuleius6.shtml,93,"Sed nec inter cibos delicatos et otium profundum vitaeque totius beatitudinem deerit tibi dignitas gloriosa. Nam memoriam praesentis fortunae meae divinaeque providentiae perpetua testatione signabo et depictam in tabula fugae praesentis imaginem meae domus atrio dedicabo. Visetur et in fabulis audietur doctorumque stilis rudis perpetuabitur historia ""Asino vectore virgo regia fugiens captivitatem"". Accedes antiquis et ipse miraculis, et iam credemus exemplo tuae veritatis et Phrixum arieti supernatasse et Arionem delphinum gubernasse et Europam tauro supercubasse. Quodsi vere Iupiter mugivit in bove, potest in asino meo latere aliqui vel vultus hominis vel facies deorum."""
https://www.thelatinlibrary.com/apuleius/apuleius6.shtml,104,"Dum haec identidem puella replicat votisque crebros intermiscet suspiratus, ad quoddam pervenimus trivium, unde me adrepto capistro dirigere dextrorsum magnopere gestiebat, quod ad parentes eius ea scilicet iretur via. Sed ego gnarus latrones illac ad reliquas commeasse praedas renitebar firmiter atque sic in animo meo tacitus expostulabam: ""Quid facis, infelix puella? Quid agis? Cur festinas ad Orcum? Quid meis pedibus facere contendis? Non enim te tantum verum etiam me perditum ibis."" Sic nos diversa tendentes et in causa finali de proprietate soli immo viae herciscundae contendentes rapinis suis onusti coram deprehendunt ipsi latrones et ad lunae splendorem iam inde longius cognitos risu maligno salutant."
https://www.thelatinlibrary.com/apuleius/apuleius6.shtml,70,"Et unus e numero sic appellat: ""Quorsum istam festinanti vestigio lucubratis viam nec noctis intempestae Manes Larvasque formidatis? An tu, probissima puella, parentes tuos intervisere properas? Sed nos et solitudini tuae praesidium praebebimus et compendiosum ad tuos iter monstrabimus."" Et verbum manu secutus prehenso loro retrorsum me circumtorquet nec baculi nodosi quod gerebat suetis ictibus temperat. Tunc ingratis ad promptum recurrens exitium reminiscor doloris ungulae et occipio nutanti capite claudicare."
https://www.thelatinlibrary.com/apuleius/apuleius6.shtml,27,"Sed: ""Ecce,"" inquit ille qui me retraxerat ""rursum titubas et vacillas, et putres isti tui pedes fugere possunt, ambulare nesciunt? At paulo ante pinnatam Pegasi vincebas celeritatem."""
https://www.thelatinlibrary.com/apuleius/apuleius6.shtml,51,"Dum sic mecum fustem quatiens benignus iocatur comes, iam domus eorum extremam loricam perveneramus. Et ecce de quodam ramo procerae cupressus induta laqueum anus illa pendebat. Quam quidem detractam protinus cum suo sibi funiculo devinctam dedere praecipitem puellaque statim distenta vinculis cenam, quam postuma diligentia praeparaverat infelix anicula, ferinis invadunt animis."
https://www.thelatinlibrary.com/apuleius/apuleius6.shtml,174,"Ac dum avida voracitate cuncta contruncant, iam incipiunt de nostra poena suaque vindicta secum considerare. Et utpote in coetu turbulento variae fuere sententiae, ut primus vivam cremari censeret puellam, secundus bestiis obici suaderet, tertius patibulo suffigi iuberet, quartus tormentis excarnificari praeciperet; certe calculo cunctorum utcumque mors ei fuerat destinata. Tunc unus, omnium sedato tumultu, placido sermone sic orsus est: ""Nec sectae collegii nec mansuetudini singulorum ac ne meae quidem modestiae congruit pati vos ultra modum delictique saevire terminum nec feras nec cruces nec ignes nec tormenta ac ne mortis quidem maturatae festinas tenebras accersere. Meis itaque consiliis auscultantes vitam puellae, sed quam meretur, largimini. Nec vos memoria deseruit utique quid iam dudum decreveritis de isto asino semper pigro quidem sed manducone summo nunc etiam mendaci fictae debilitatis et virginalis fugae sequestro ministroque. Hunc igitur iugulare crastino placeat totisque vacuefacto praecordiis per mediam alvum nudam virginem, quam praetulit nobis, insuere, ut sola facie praeminente ceterum corpus puellae nexu ferino coerceat, tunc super aliquod saxum scruposum insiciatum et fartilem asinum exponere et solis ardentis vaporibus tradere."
https://www.thelatinlibrary.com/apuleius/apuleius6.shtml,75,"Sic enim cuncta quae recte statuistis ambo sustinebunt, et mortem asinus quam pridem meruit, et illa morsus ferarum, cum vermes membra laniabunt, et ignis flagrantiam, cum sol nimiis caloribus inflammarit uterum, et patibuli cruciatum, cum canes et vultures intima protrahent viscera. Sed et ceteras eius aerumnas et tormenta numerate: mortuae bestiae ipsa vivens ventrem habitabit, tum faetore nimio nares aestuabit, et inediae diutinae letali fame tabescet, nec suis saltem liberis manibus mortem sibi fabricare poterit."""
https://www.thelatinlibrary.com/apuleius/apuleius6.shtml,25,Talibus dictis non pedibus sed totis animis latrones in eius vadunt sententiam. Quam meis tam magnis auribus accipiens quid aliud quam meum crastinum deflebam cadaver?
https://www.thelatinlibrary.com/apuleius/apuleius.florida.shtml,2,APVLEI FLORIDA
https://www.thelatinlibrary.com/apuleius/apuleius.florida.shtml,92,"I.Vt ferme religiosis viantium moris est, cum aliqui lucus aut aliqui locus sanctus in via oblatus est, votum postulare, pomum adponere, paulisper adsidere: ita mihi ingresso sanctissimam istam civitatem, quamquam oppido festinem, praefanda venia et habenda oratio et inhibenda properatio est. Neque enim iustius religiosam moram viatori obiecerit aut ara floribus redimita aut spelunca frondibus inumbrata aut quercus cornibus onerata aut fagus pellibus coronata, vel enim colliculus saepimine consecratus vel truncus dolamine effigiatus vel cespes libamine umigatus vel lapis  unguine delibutus. Parva haec quippe et quamquam paucis  percontantibus adorata, tamen ignorantibus transcursa."
https://www.thelatinlibrary.com/apuleius/apuleius.florida.shtml,262,"II.At non itidem maior meus Socrates, qui cum decorum adulescentem et diutule  tacentem conspicatus foret, ""ut te videam"", inquit, ""aliquid et loquere.""  Scilicet Socrates tacentem hominem non videbat; etenim arbitrabatur homines  non oculorum, sed mentis acie et animi obtutu considerandos. Nec ista re  cum Plautino milite congruebat, qui ita ait: Pluris est oculatus testis unus quam auriti decem. Immo enimvero hunc  versum ille ad examinandos homines converterat: Pluris est auritus testis unus quam oculati decem. Ceterum si magis  pollerent oculorum quam animi iudicia, profecto de sapientia foret aquilae  concedendum. Homines enim neque longule dissita neque proxume adsita  possumus cernere, verum omnes quodam modo caecutimus: ac si ad oculos et  obtutum istum terrenum redigas et hebetem, profecto verissime poeta  egregius dixit velut nebulam nobis ob oculos offusam nec cernere nos nisi  intra lapidis iactum valere. Aquila enimvero cum se nubium tenus altissime sublimavit evecta alis totum  istud spatium, qua pluitur et ninguitur, ultra quod cacumen nec fulmini nec  fulguri locus est, in ipso, ut ita dixerim, solo aetheris et fastigio  hiemis cum igitur eo sese aquila extulit, nutu clementi laevorsum vel  dextrorsum tanta mole corporis labitur, velificatas alas quo libuit advertens modico caudae gubernaculo, inde cuncta despiciens ibidem pinnarum  eminens indefessa remigia ac paulisper cunctabundo volatu paene eodem loco pendula, circumtuetur et quaerit, quorsus potissimum in praedam superne  sese ruat fulminis vicem; de caelo improvisa, simul campis pecua, simul  montibus feras, simul homines urbibus uno obtutu sub eodem impetu cernens,  unde rostro transfodiat, unde unguibus inuncet vel agnum incuriosum vel  leporem meticulosum vel quodcumque esui animatum vel laniatui fors obtulit . . ."
https://www.thelatinlibrary.com/apuleius/apuleius.florida.shtml,365,"III.Hyagnis fuit, ut fando accepimus, Marsyae tibicinis pater et magister;  rudibus adhuc musicae saeculis solus ante alios cantus canere, nondum  quidem tam flexanimo sono nec tam pluriformi modo nec tam multiforatili  tibia; quippe adhuc ars ista repertu novo commodum oriebatur. Nec quicquam  omnium est quod possit in primordio sui perfici, sed in omnibus ferme ante  est spei rudimentum quam rei experimentum. Prorsus igitur ante Hyagnin  nihil aliud plerique callebant quam Vergilianus upilio seu busequa, stridenti miserum stipula disperdere carmen. Quod si quis videbatur paulo largius in arte promovisse, ei quoque tamen  mos fuit una tibia velut una tuba personare. Primus Hyagnis in canendo  manus discapedinavit, primus duas tibias uno spiritu animavit, primus  laevis et dexteris foraminibus, acuto tinnitu et gravi bombo, concentum  musicum miscuit. Eo genitus Marsyas cum in artificio patrissaret tibicinii, Phryx cetera et  barbarus, vultu ferino, trux, hispidus, inlutibarbus, spinis et pilis  obsitus, fertur - pro nefas - cum Apolline certavisse, teter cum decoro,  agrestis cum erudito, belua cum deo. Musae cum Minerva dissimulamenti  gratia iudices adstitere, ad deridendam scilicet monstri illius barbariam  nec minus ad stoliditatem poeniendam. Sed Marsyas, quod stultitiae maximum  specimen, non intellegens se deridiculo haberi, priusquam tibias occiperet  inflare, prius de se et Apolline quaedam deliramenta barbare effutivit, laudans sese, quod erat et coma relicinus et barba squalidus et pectore  hirsutus et arte tibicen et fortuna egenus: contra Apollinem - ridiculum  dictu - adversis virtutibus culpabat, quod Apollo esset et coma intonsus et  genis gratus et corpore glabellus et arte multiscius et fortuna opulentus.  ""Iam primum"", inquit, ""crines eius praemulsis antiis et promulsis caproneis  anteventuli et propenduli, corpus totum gratissimum, membra nitida, lingua  fatidica, seu tute oratione seu versibus malis, utrubique facundia  aequipari. Quid quod et vestis textu tenuis, tactu mollis, purpura radians?  quid quod et lyra eius auro fulgurat, ebore candicat,gemmis variegat? quid  quod et doctissime et gratissime cantilat? ""Haec omnia"" inquit ""blandimenta  nequaquam virtuti decora, sed luxuriae accommodata"": contra corporis sui  qualitatem prae se maximam speciem ostentare. Risere Musae cum audirent hoc genus crimina sapienti exoptanda Apollini obiectata, et tibicinem illum  certamine superatum velut ursum bipedem corio exsecto nudis et laceris  visceribus reliquerunt. Ita Marsyas in poenam cecinit et cecidit. Enimvero  Apollinem tam humilis victoriae puditum est."
https://www.thelatinlibrary.com/apuleius/apuleius.florida.shtml,100,"IV.Tibicen quidam fuit Antigenidas, omnis voculae melleus modulator et idem  omnimodis peritus modificator, seu tu velles Aeolion simplex sive Iastium  varium seu Ludium querulum seu Phrygium religiosum seu Dorium bellicosum.  Is igitur cum esset in tibicinio adprime nobilis, nihil aeque se laborare  et animo angi et mente dicebat, quam quod monumentarii ceraulae tibicines  dicerentur. Sed ferret aequo animo hanc nominum communionem, si mimos  spectavisset: animadverteret illic paene simili purpura alios praesidere,  alios vapulare; itidem si munera nostra spectaret: nam illic quoque videret  hominem praesidere, hominem depugnare; togam quoque parari et voto et  funeri, item pallio cadavera operiri et philosophos amiciri."
https://www.thelatinlibrary.com/apuleius/apuleius.florida.shtml,39,"V.Bono enim studio in theatrum convenistis, ut qui sciatis non locum  auctoritatem orationi derogare, sed cum primis hoc spectandum esse, quid in  theatro deprehendas. Nam si mimus est, riseris, si funerepus, timueris, si  comoedia est, faveris, si philosophus, didiceris."
https://www.thelatinlibrary.com/apuleius/apuleius.florida.shtml,358,"VI.Indi, gens populosa cultoribus et finibus maxima, procul a nobis ad  orientem siti, prope oceani reflexus et solis exortus, primis sideribus, ultimis terris, super Aegyptios eruditos et Iudaeos superstitiosos et Nabathaeos mercatores et fluxos vestium Arsacidas et frugum pauperes  Ityraeos et odorum divites Arabas - eorum igitur Indorum non aeque miror  eboris strues et piperis messes et cinnami merces et ferri temperacula et  argenti metalla et auri fluenta, nec quod Ganges apud eos unus omnium  amnium maximus eois regnator aquis in flumina centum discurrit, centum valles illi oraque centum, oceanique fretis centeno iungitur amni, nec quod isdem Indis ibidem sitis ad nascentem diem tamen in corpore color  noctis est, nec quod apud illos immensi dracones cum immanibus elephantis  pari periculo in mutuam perniciem concertant: quippe lubrico volumine  indepti revinciunt, ut illis expedire gressum nequeuntibus vel omnino  abrumpere tenacissimorum serpentium squameas pedicas necesse sit ultionem a  ruina molis suae petere ac retentores suos toto corpore oblidere. Sunt apud illos et varia colentium genera - libentius ego de miraculis  hominum quam naturae disserverim -; est apud illos genus, qui nihil amplius  quam bubulcitare novere, ideoque adgnomen illis bubulcis inditum. Sunt et  mutandis mercibus callidi et obeundis proeliis strenui vel sagittis eminus  vel ensibus comminus. Est praeterea genus apud illos praestabile,  gymnosophistae vocantur. Hos ego maxime admiror, quod homines sunt periti  non propagandae vitis nec inoculandae arboris nec proscindendi soli; non  illi norunt arvum colere vel aurum colare vel equum domare vel taurum  subigere vel ovem vel capram tondere vel pascere. Quid igitur est? unum pro  his omnibus norunt: sapientiam percolunt tam magistri senes quam discipuli  iuniores. Nec quicquam aeque penes illos laudo, quam quod torporem animi et  otium oderunt. Igitur ubi mensa posita, priusquam edulia adponantur, omnes  adolescentes ex diversis locis et officiis ad dapem conveniunt; magistri  perrogant, quod factum a lucis ortu ad illud diei bonum fecerint. Hic alius  se commemorat inter duos arbitrum delectum, sanata simultate, reconciliata  gratia, purgata suspicione amicos ex infensis reddidisse; itidem alius sese  parentibus quaepiam imperantibus oboedisse, et alius aliquid meditatione  sua repperisse vel alterius demonstratione didicisse, . . . denique ceteri  commemorant. Qui nihil habet adferre cur prandeat, inpransus ad opus foras  extruditur."
https://www.thelatinlibrary.com/apuleius/apuleius.florida.shtml,343,"VII.Alexandro illi, longe omnium excellentissimo regi, cui ex rebus actis et  auctis cognomentum magno inditum est, ne vir unicam gloriam adeptus sine  laude umquam nominaretur - nam solus a condito aevo, quantum hominum  memoria exstat, inexsuperabili imperio orbis auctus fortuna sua maior fuit  successusque eius amplissimos et provocavit ut strenuus et aequiperavit ut  meritus et superavit ut melior, solusque sine aemulo clarus, adeo ut nemo  eius audeat virtutem vel sperare, fortunam vel optare -, eius igitur  Alexandri multa sublimia facinora et praeclara edita fatigaberis admirando  vel belli ausa vel domi provisa, quae omnia adgressus est meus Clemens,  eruditissimus et suavissimus poetarum, pulcherrimo carmine illustrare; sed  cum primis Alexandri illud praeclarum, quod imaginem suam, quo certior  posteris proderetur, noluit a multis artificibus vulgo contaminari, sed edixit universo orbi suo, ne quis effigiem regis temere adsimularet aere? colore, caelamine, quin saepe solus eam Polycletus aere duceret, solus  Apelles coloribus deliniaret, solus Pyrgoteles caelamine excuderet; praeter  hos tris multo nobilissimos in suis artificiis si quis uspiam reperiretur  alius sanctissimae imagini regis manus admolitus, haud secus in eum quam in sacrilegum vindicaturum. Eo igitur omnium metu factum, solus Alexander ut  ubique imaginum simillimus esset, utique omnibus statuis et tabulis et toreumatis idem vigor acerrimi bellatoris, idem ingenium maximi honoris,  eadem forma viridis iuventae, eadem gratia relicinae frontis cerneretur. Quod utinam pari exemplo philosophiae edictum valeret, ne qui imaginem eius  temere adsimularet, uti pauci boni artifices, idem probe eruditi omnifariam  sapientiae studium contemplarent, neu rudes, sordidi, imperiti pallio tenus  philosophos imitarentur et disciplinam regalem tam ad bene dicendum quam ad  bene vivendum repertam male dicendo et similiter vivendo contaminarent.  Quod utrumque scilicet perfacile est. Quae enim facilior res quam linguae  rabies et vilitas morum, altera ex aliorum contemptu, altera ex sui? Nam  viliter semet ipsum colere sui contemptus est, barbare alios insectari  audientium contumelia est. An non summam contumeliam vobis imponit, qui vos  arbitratur maledictis optimi cuiusque gaudere, qui vos existimat mala et  vitiosa verba non intellegere aut, si intellegatis, boni consulere? Quis ex rupiconibus, baiolis, tabernariis tam infans est, ut, si pallium accipere  velit, non disertius maledicat?"
https://www.thelatinlibrary.com/apuleius/apuleius.florida.shtml,56,"VIII.Hic enim plus sibi debet quam dignitati, quamquam nec haec illi  sit cum aliis promiscua; nam ex innumeris hominibus pauci  senatores, ex senatoribus pauci nobiles genere et ex iis pauci  consulares, ex consularibus pauci boni et adhuc ex bonis pauci  eruditi. Sed ut loquar de solo honore, non licet insignia eius  vestitu vel calceatu temere usurpare."
https://www.thelatinlibrary.com/apuleius/apuleius.florida.shtml,1051,"IX.Si quis forte in hoc pulcherrimo coetu ex illis invisoribus meis malignus  sedet, quoniam, ut in magna civitate, hoc quoque genus invenitur, qui  meliores obtrectare malint quam imitari et, quorum similitudinem desperent,  eorundem adfectent simultatem, scilicet uti, qui suo nomine obscuri sunt,  meo innotescant,- si qui igitur ex illis lividis splendidissimo huic  auditorio velut quaedam macula se immiscuit, velim paulisper suos oculos  per hunc incredibilem consessum circumferat contemplatusque frequentiam  tantam, quanta ante me in auditorio philosophi numquam visitata est,  reputet cum animo suo, quantum periculum conservandae existimationis hic  adeat qui contemni non consuevit, cum sit arduum et oppido difficile vel  modicae paucorum exspectationi satisfacere, praesertim mihi, cui et ante  parta existimatio et vestra de me benigna praesumptio nihil non quicquam  sinit neglegenter ac de summo pectore hiscere. Quis enim vestrum mihi unum  soloecismum ignoverit? quis vel unam syllabam barbare pronuntiatam  donaverit? quis incondita et vitiosa verba temere quasi delirantibus  oborientia permiserit blaterare? Quae tamen aliis facile et sane  meritissimo ignoscitis. Meum vero unumquodque dictum acriter examinatis,  sedulo pensiculatis, ad limam et lineam certam redigitis, cum torno et coturno vero comparatis: tantum habet vilitas excusationis, dignitas  difficultatis. Adgnosco igitur difficultatem meam, nec deprecor quin sic  existimetis. Nec tamen vos parva quaedam et prava similitudo falsos animi  habeat, quoniam quaedam, ut saepe dixi, palliata mendicabula obambulant.  Praeco proconsulis et ipse tribunal ascendit, et ipse togatus illic  videtur, et quidem perdiu stat aut ambulat aut plerumque contentissime  clamitat; enimvero proconsul ipse moderata voce rarenter et sedens loquitur  et plerumque de tabella legit; quippe praeconis vox garrula ministerium  est, proconsulis autem tabella sententia est, quae semel lecta neque augeri  littera una neque autem minui potest, sed utcumque recitata est, ita provinciae instrumento refertur. Patior et ipse in meis studiis aliquam pro  meo captu similitudinem; nam quodcumque ad vos protuli, exceptum ilico et  lectum est, nec revocare illud nec autem mutare nec emendare mihi inde  quicquam licet. Quo maior religio dicendi habenda est, et quidem non in uno  genere studiorum. Plura enim mea exstant in Camenis quam Hippiae in  opificiis opera. Quid istud sit, si animo attendatis, diligentius et  accuratius disputabo. Et Hippias e numero sophistarum est, artium multitudine prior omnibus,  eloquentia nulli secundus; aetas illi cum Socrate, patria Elis; genus  ignoratur, gloria vero magna, fortuna modica, sed ingenium nobile, memoria  excellens, studia varia, aemuli multi. Venit Hippias iste quondam certamine  Olympio Pisam, non minus cultu visendus quam elaboratu mirandus. Omnia  secum quae habebat, nihil eorum emerat, sed suis sibi manibus confecerat,  et indumenta, quibus indutus, et calciamenta, quibus erat inductus, et  gestamina, quibus erat conspicatus. Habebat indutui ad corpus tunicam  interulam tenuissimo textu, triplici licio, purpura duplici: ipse eam sibi  solus domi texuerat. Habebat cinctui balteum, quod genus pictura Babylonica  miris coloribus variegatum: nec in hac eum opera quisquam adiuverat.  Habebat amictui pallium candidum, quod superne circumiecerat: id quoque  pallium comperior ipsius laborem fuisse. Etiam pedum tegumenta crepidas  sibimet compegerat; etiam anulum in laeva aureum faberrimo signaculo quem  ostentabat, ipse eius anuli et orbiculum circulaverat et palam clauserat et  gemmam insculpserat. Nondum omnia eius commemoravi. Enim non pigebit me  commemorare quod illum non puditum est ostentare, qui magno in coetu  praedicavit, fabricatum semet sibi ampullam quoque oleariam, quam gestabat,  lenticulari forma, tereti ambitu, pressula rutunditate, iuxtaque honestam  strigileculam, recta fastigatione cymulae, flexa tubulatione ligulae, ut et  ipsa in manu capulo moraretur et sudor ex ea rivulo laberetur. Quis autem non laudabit hominem tam numerosa arte multiscium, totiugi  scientia magnificum, tot utensilium peritia daedalum? Quin et ipse Hippian  laudo, sed ingenii eius fecunditatem malo doctrinae quam supellectilis  multiformi instrumento aemulari, fateorque me sellularias quidem artes  minus callere, vestem de textrina emere, baxeas istas de sutrina  praestinare, enimvero anulum nec gestare, gemmam et aurum iuxta plumbum et  lapillos nulli aestimare, strigilem et ampullam ceteraque balnei utensilia  nundinis mercari. Prorsum enim non eo infitias nec radio nec subula nec  lima nec torno nec id genus ferramentis uti nosse, sed pro his praeoptare  me fateor uno chartario calamo me reficere poemata omnigenus apta virgae,  lyrae, socco, coturno, item satiras ac griphos, item historias varias rerum  nec non orationes laudatas disertis nec non dialogos laudatos philosophis, atque haec et alia eiusdem modi tam graece quam latine, gemino voto, pari  studio, simili stilo. Quae utinam possem equidem non singillatim ac discretim, sed cunctim et  coacervatim tibi, proconsul [ut] optime, offerre ac praedicabili testimonio  tuo ad omnem nostram Camenam frui! non hercule penuria laudis, quae mihi  dudum integra et florens per omnes antecessores tuos ad te reservata est,  sed quoniam nulli me probatiorem volo, quam quem ipse ante omnis merito  probo. Enim sic natura comprobatum est, ut eum quem laudes etiam ames,  porro quem ames etiam laudari te ab illo velis. Atque ego me dilectorem  tuum profiteor, nulla tibi privatim, sed omni publicitus gratia obstrictus.  Nihil quippe a te impetravi, quia nec postulavi. Sed philosophia me docuit  non tantum beneficium amare, sed etiam maleficium, magisque iudicio  impertire quam commodo inservire et quod in commune expediat malle quam  quod mihi. Igitur bonitatis tuae diligunt plerique fructum, ego studium.  Idque facere adortus sum, dum moderationem tuam in provincialium negotiis  contemplor, qua effectius te amare debeant experti propter beneficium,  expertes propter exemplum. Nam et beneficio multis commodasti et exemplo omnibus profuisti. Quis enim a te non amet discere quanam moderatione  obtineri queat tua ista gravitas iucunda, mitis austeritas, placida  constantia blandusque vigor? Neminem proconsulum, quod sciam, provincia  Africa magis reverita est, minus verita: nullo nisi tuo anno ad coercenda  peccata plus pudor quam timor valuit. Nemo te alius pari potestate saepius  profuit, rarius terruit, nemo similiorem virtute filium adduxit. Igitur  nemo Carthagini proconsulum diutius fuit. Nam etiam eo tempore, quo  provinciam circumibas, manente nobis Honorino, minus sensimus absentiam  tuam, quam te magis desideraremus: paterna in filio aequitas, senilis in  iuvene [auctoritas] prudentia, consularis in legato auctoritas, prorsus  omnis virtutes tuas ita effingit ac repraesentat, ut medius fidius  admirabilior esset in iuvene quam in te parta laus, nisi eam tu talem  dedisses. Qua utinam perpetuo liceret frui. Quid nobis cum istis  proconsulum vicibus, quid cum annis brevibus et festinantibus mensibus? O  celeres bonorum hominum dies, o praesidum optimorum citata curricula. Iam  te, Severiane, tota provincia desideramus. Enimvero Honorinum et honos suus  ad praeturam vocat et favor Caesarum ad consulatum format et amor noster  inpraesentiarum tenet, et spes Carthaginis in futurum spondet, uno solacio  freta exempli tui, quod qui legatus mittitur, proconsul ad nos cito  reversurus est."
https://www.thelatinlibrary.com/apuleius/apuleius.florida.shtml,89,"X.Sol qui candentem fervido curru atque equis flammam citatis fervido ardore explicas: itemque luminis eius Luna discipula nec non quinque ceterae  vagantium potestates: Iovis benefica, Veneris voluptifica, pernix  Mercuri, perniciosa Saturni, Martis ignita. Sunt et aliae mediae  deum potestates, quas licet sentire, non datur cernere, ut Amoris  ceterorumque id genus, quorum forma invisitata, vis cognita. Item  in terris, utcumque providentiae ratio poscebat, alibi montium  arduos vertices extulit, alibi camporum supinam planitiem  coaequavit, itemque ubique distinxit amnium fluores, pratorum  virores, item dedit volatus avibus, volutus serpentibus, cursus  feris, gressus hominibus."
https://www.thelatinlibrary.com/apuleius/apuleius.florida.shtml,63,"XI.Patitur enim, quod qui herediolum sterile et agrum scruposum,  meras rupinas et senticeta miseri colunt: quoniam nullus in  tesquis suis fructus est nec ullam illic aliam frugem vident, sed infelix lolium et steriles dominantur avenae, suis frugibus  indigentes aliena furatum eunt et vicinorum flores decerpunt,  scilicet ut eos flores carduis suis misceant; ad eundem modum qui  suae virtutis sterilis est . . ."
https://www.thelatinlibrary.com/apuleius/apuleius.florida.shtml,249,"XII.Psittacus avis Indiae avis est; instar illi minimo minus quam columbarum,  sed color non columbarum; non enim lacteus ille vel lividus vel utrumque,  subluteus aut sparsus est, sed color psittaco viridis et intimis plumulis  et extimis palmulis, nisi quod sola cervice distinguitur. Enimvero  cervicula eius circulo mineo velut aurea torqui pari fulgoris circumactu  cingitur et coronatur. Rostri prima duritia: cum in petram quampiam  concitus altissimo volatu praecipitat, rostro se velut ancora excipit. Sed  et capitis eadem duritia quae rostri. Cum sermonem nostrum cogitur  aemulari, ferrea clavicula caput tunditur, imperium magistri ut  persentiscat; haec discenti ferula est. Discit autem statim pullus usque ad duos aetatis suae annos, dum facile os,  uti conformetur, dum tenera lingua, uti convibretur: senex autem captus et  indocilis est et obliviosus. Verum ad disciplinam humani sermonis facilior  est psittacus glande qui vescitur et cuius in pedibus ut hominis quini  digituli numerantur. Non enim omnibus psittacis id insigne, sed illud  omnibus proprium, quod eis lingua latior quam ceteris avibus; eo facilius  verba hominis articulant patentiore plectro et palato. Id vero, quod  didicit, ita similiter nobis canit vel potius eloquitur, ut, vocem si  audias, hominem putes: nam corvum quidem si audias, +idem conate non  loqui[. Verum enimvero et corvus et psittacus nihil aliud quam quod  didicerunt pronuntiant. Si convicia docueris, conviciabitur diebus ac  noctibus perstrepens maledictis: hoc illi carmen est, hanc putat cantionem.  Vbi omnia quae didicit maledicta percensuit, denuo repetit eandem  cantilenam. Si carere convicio velis, lingua excidenda est aut quam primum  in silvas suas remittendus est."
https://www.thelatinlibrary.com/apuleius/apuleius.florida.shtml,75,"XIII.Non enim mihi philosophia id genus orationem largita est, ut natura  quibusdam avibus brevem et temporarium cantum commodavit, hirundinibus  matutinum, cicadis meridianum, noctuis serum, ululis vespertinum, bubonibus  nocturnum, gallis antelucanum; quippe haec animalia inter se vario tempore  et vario modo occinunt et occipiunt carmine, scilicet galli expergifico,  bubones gemulo, ululae querulo, noctuae intorto, cicadae obstrepero,  hirundines perarguto. Sed enim philosophi ratio et oratio tempore iugis est  et auditu venerabilis et intellectu utilis et modo omnicana."
https://www.thelatinlibrary.com/apuleius/apuleius.florida.shtml,156,"XIV.Haec atque hoc genus alia partim cum audiret a Diogene Crates, alia ipse  sibimet suggereret, denique in forum exsilit, rem familiarem abicit velut  onus stercoris magis labori quam usui, dein coetu facto maximum exclamat:  ""Crates"" inquit ""Cratetem manu mittit"": et exinde non modo solus, verum  nudus et liber omnium, quoad vixit, beate vixit. Adeoque eius cupiebatur,  ut virgo nobilis spretis iunioribus ac ditioribus procis, ultronea eum sibi  optaverit. Cumque interscapulum Crates retexisset, quod erat aucto gibbere,  peram cum baculo et pallium humi posuisset eamque supellectilem sibi esse  puellae profiteretur eamque formam, quam viderat: proinde sedulo  consuleret, ne post querela eam caperet; enimvero Hipparche condicionem  accipit. Iam dudum sibi provisum satis et satis consultum respondit, neque  ditiorem maritum neque formonsiorem uspiam gentium posse invenire; proinde  duceret quo liberet. Duxit Cynicus in porticum; ibidem, in loco celebri,  coram luce clarissima accubuit, coramque virginem imminuisset paratam pari  constantia, ni Zeno procinctu palliastri circumstantis coronae obtutum  magistri in secreto defendisset."
https://www.thelatinlibrary.com/apuleius/apuleius.florida.shtml,682,"XV.Samos Icario in mari modica insula est - exadversum Miletos - ad occidentem  eius sita nec ab ea multo pelagi dispescitur; utramius clementer navigantem  dies alter in portu sistit. Ager frumento piger, aratro inritus, fecundior  oliveto, nec vinitori nec holitori scalpitur. Ruratio omnis in sarculo ei surculo, quorum proventu magis fructuosa insula est quam frugifera. Ceterum  et incolis frequens et hospitibus celebrata. Oppidum habet, nequaquam pro  gloria, sed quod fuisse amplum semiruta moenium multifariam indicant. Enimvero fanum Iunonis antiquitus famigeratum; id fanum secundo litore, si  recte recordor viam, viginti haud amplius stadia oppido abest. Ibi donarium  deae perquam opulentum: plurima auri et argenti ratio in lancibus,  speculis, poculis et huiuscemodi utensilibus. Magna etiam vis aeris vario  effigiatu, veterrimo et spectabili opere; vel inde ante aram Bathylli  statua a Polycrate tyranno dicata, qua nihil videor effectius cognovisse;  quidam Pythagorae eam falso existimant. Adulescens est visenda  pulchritudine, crinibus a fronte parili separatu per malas remulsis, pone  autem coma prolixior interlucentem cervicem scapularum finibus obumbrat;  cervix suci plena, malae uberes, genae teretes, at medio mento lacullatur;  eique prorsus citharoedicus status: deam conspiciens, canenti similis,  tunicam picturis variegatam deorsus ad pedes deiectus ipsos, Graecanico  cingulo, chlamyde velat utrumque brachium ad usque articulos palmarum,  cetera decoris striis dependent; cithara balteo caelato apta strictim  sustinetur; manus eius tenerae, procerulae: laeva distantibus digitis  nervos molitur, dextra psallentis gestu pulsabulum citharae admovet, ceu  parata percutere, cum vox in cantico interquievit; quod interim canticum  videtur ore tereti semihiantibus in conatu labellis eliquare. Verum haec quidem statua esto cuiuspiam puberum, qui Polycrati tyranno  dilectus Anacreonteum amicitiae gratia cantilat. Ceterum multum abest  Pythagorae philosophi statuam esse; et natu Samius et pulchritudine adprime  insignis et psallendi musicaeque omnis multo doctissimus ac ferme id aevi,  quo Polycrates Samum potiebatur, sed haudquaquam philosophus tyranno  dilectus est. Quippe eo commodum dominari orso profugit ex insula clanculo  Pythagoras, patre Mnesarcho nuper amisso, quem comperio inter sellularios  artifices gemmis faberrime sculpendis laudem magis quam opem quaesisse. Sunt qui Pythagoran aiant eo temporis inter captivos Cambysae regis,  Aegyptum cum adveheretur, doctores habuisse Persarum magos ac praecipue  Zoroastren, omnis divini arcani antistitem, posteaque eum a quodam Gillo Crotoniensium principe reciperatum. Verum enimvero celebrior fama obtinet  sponte eum petisse Aegyptias disciplinas atque ibi a sacerdotibus  caerimoniarum incredundas potentias, numerorum admirandas vices, geometriae  sollertissimas formulas didicisse; nec his artibus animi expletum mox  Chaldaeos atque inde Brachmanos - hi sapientes viri sunt, Indiae gens est - eorum ergo Brachmanum gymnosophistas adisse. Chaldaei sideralem scientiam, numinum vagantium statos ambitus, utrorumque varios effectus in genituris  hominum ostendere nec non medendi remedia mortalibus latis pecuniis terra  caeloque et mari conquisita; Bracmani autem pleraque philosophiae eius  contulerunt, quae mentium documenta, quae corporum exercitamenta, quot  partes animi, quot vices vitae, quae diis manibus pro merito suo cuique  tormenta vel praemia. Quin etiam Pherecydes Syro ex insula oriundus, qui  primus versuum nexu repudiato conscribere ausus est passis verbis, soluto  locutu, libera oratione, eum quoque Pythagoras magistrum coluit et infandi  morbi putredine in serpentium scabiem solutum religiose humavit. Fertur et  penes Anaximandrum Milesium naturabilia commentatus nec non et Cretensem  Epimeniden inclitum fatiloquum et piatorem disciplinae gratia sectatus  itemque Leodamantem Creophyli discipulum, qui Creophylus memoratur poetae  Homeri hospes et aemulator canendi fuisse. Tot ille doctoribus eruditus, tot tamque multiiugis calicibus disciplinarum  toto orbe haustis, vir praesertim ingenio ingenti ac profecto super captum  hominis animi augustior, primus philosophiae nuncupator et conditor, nihil  prius discipulos suos docuit quam tacere, primaque apud eum meditatio  sapienti futuro linguam omnem coercere, verbaque, quae volantia poetae  appellant, ea verba detractis pinnis intra murum candentium dentium  premere. Prorsus, inquam, hoc erat primum sapientiae rudimentum, meditari  condiscere, loquitari dediscere. Non in totum aevum tamen vocem  desuescebant, nec omnes pari tempore elingues magistrum sectabantur, sed  gravioribus viris brevi spatio satis videbatur taciturnitas modificata,  loquaciores enimvero ferme in quinquennium velut exsilio vocis puniebantur.  Porro noster Plato, nihil ab hac secta vel paululum devius, pythagorissat  in plurimis; aeque et ipse ut in nomen eius a magistris meis adoptarer,  utrumque meditationibus academicis didici, et, cum dicto opus est, impigre  dicere, et, cum tacito opus est, libenter tacere. Qua moderatione videor ab  omnibus tuis antecessoribus haud minus oportuni silentii laudem quam  tempestivae vocis testimonium consecutus."
https://www.thelatinlibrary.com/apuleius/apuleius.florida.shtml,1383,"XVI.Priusquam vobis occipiam, principes Africae viri, gratias agere ob statuam, quam mihi praesenti honeste postulastis et absenti benigne decrevistis, prius volo causam vobis allegare, cur aliquam multos dies a conspectu auditorii afuerim contulerimque me ad Persianas aquas, gratissima prorsus et sanis natabula et aegris medicabula - quippe ita institui omne vitae meae tempus vobis probare, quibus me in perpetuum firmiter dedicavi: nihil tantum, nihil tantulum faciam, quin eius vos et gnaros et iudices habeam - quid igitur de repentino ab hoc splendidissimo conspectu vestro distulerim. Exemplum eius rei paulo secus simillimum memorabo, quam improvisa pericula hominibus subito oboriantur, de Philemone comico. De ingenio eius qui satis nostis, de interitu paucis cognoscite. An etiam de ingenio pauca vultis? Poeta fuit hic Philemon, mediae comoediae scriptor, fabulas cum Menandro in  scaenam dictavit certavitque cum eo, fortasse impar, certe aemulus. Namque  eum etiam vicit saepenumero - pudet dicere. Reperias tamen apud ipsum  multos sales, argumenta lepide inflexa, agnitus lucide explicatos, personas  rebus competentes, sententias vitae congruentes, ioca non infra soccum,  seria non usque ad coturnum. Rarae apud illum corruptelae, tuti errores,  concessi amores. Nec eo minus et leno periurus et amator fervidus et  servulus callidus et amica illudens et uxor inhibens et mater indulgens et  patruus obiurgator et sodalis opitulator et miles proeliator, sed et  parasiti edaces et parentes tenaces et meretrices procaces. Hisce laudibus  diu in arte comoedica, nobilis forte recitabat partem fabulae, quam recens.  fecerat, cumque iam in tertio actu, quod genus in comoedia fieri amat,  iucundiores adfectus moveret, imber repentino coortus, ita ut mihi ad vos  venit usus nuperrime, differri auditorii coetum et auditionis coeptum  coegit: relicum tamen, variis postulantibus, sine intermissione deincipiti  die perlecturum. Postridie igitur maximo studio ingens hominum frequentia  convenere; sese quisque exadversum quam proxime collocat; serus adveniens  amicis adnuit, locum sessui impertiant; extimus quisque excuneati  queruntur; farto toto theatro, ingens stipatio, occipiunt inter se queri;  qui non adfuerant percontari ante dicta, qui adfuerant recordari audita,  cunctisque iam prioribus gnaris sequentia exspectare. Interim dies ire,  neque Philemon ad condictum venire; quidam tarditatem poetae murmurari,  plures defendere. Sed ubi diutius aequo sedetur nec Philemon uspiam  comparet, missi ex promptioribus qui accierent, atque eum in suo sibi  lectulo mortuum offendunt. Commodum ille anima edita obriguerat, iacebatque  incumbens toro, similis cogitanti: adhuc manus volumini implexa, adhuc os  recto libro impressus, sed enim iam animae vacuus, libri oblitus et  auditorii securus. Stetere paulisper qui introierant, perculsi tam  inopinatae rei, tam formonsae mortis miraculo. Dein regressi ad populum  renuntiavere Philemonem poetam, qui exspectaretur qui in theatro fictum  argumentum finiret, iam domi veram fabulam consummasse; enimvero iam  dixisse rebus humanis valere et plaudere, suis vero familiaribus dolere et  plangere; hesternum illis imbrem lacrimas auspicasse; comoediam eius prius  ad funebrem facem quam ad nuptialem venisse; proin, quoniam poeta optimus  personam vitae deposuerit, recta de auditorio eius exsequias eundum,  legenda eius esse nunc ossa, mox carmina. Haec ego ita facta, ut commemoravi, olim didiceram, sed hodie sum e meo  periculo recordatus. Nam, ut meministis profecto, cum impedita esset imbri  recitatio, in propinquum diem vobis volentibus protuli, et quidem  Philemonis exemplo paenissime; quippe eodem die in palaestra adeo  vehementer talum inverti, ut minimum afuerim, quin articulum etiam a crure  defringerem. Tamen articulus loco concessit exque eo luxu adhuc fluxus est.  Et iam dum eum ingenti plaga reconcilio, iamiam sudoro adfatim corpore  diutule obrigui; inde acerbus dolor intestinorum coortus modico ante  sedatus est, quam me denique violentus exanimaret et Philemonis ritu  compelleret ante letum abire quam lectum, potius implere fata quam fanda,  consummare potius animam quam historiam. Cum primum igitur apud Persianas  aquas leni temperie nec minus utiquam blando fomento gressum reciperavi,  nondum quidem ad innitendum idonee, sed quantum ad vos festinanti satis  videbatur, veniebam redditum quod pepigeram, cum interim vos mihi beneficio  vestro non tantum clauditatem dempsistis, verum etiam pernicitatem  addidistis. An non properandum mihi erat, ut pro eo honore vobis multas gratias  dicerem, pro quo nullas preces dixeram? Non quin magnitudo Carthaginis  mereatur etiam a philosopho precem pro honore, sed ut integrum et  intemeratum esset vestrum beneficium, si nihil ex gratia eius petitio mea  defregisset, id est, ut usque quaque esset gratuitum. Neque enim aut levi  mercede emit qui precatur, aut parvum pretium accipit qui rogatur, adeo ut  omnia utensilia emere velis quam rogare. Id ego arbitror praecipue in  honore observandum; quem qui laboriose exoraverit, sibi debet unam gratiam,  quod impetrarit; qui vero sine molestia ambitus adeptus est, duplam gratiam  praebentibus debet, et quod non petierit et quod acceperit. Duplam igitur  vobis gratiam debeo, immo enimvero multiiugam, quam ubique equidem et  semper praedicabo. Sed nunc inpraesentiarum libro iusto ad hunc honorem  mihi nondum conscripto, ita ut soleo, publice protestabor. Certa est enim  ratio, qua debeat philosophus ob decretam sibi publice statuam gratias  agere, a qua paululum demutabit liber quem Strabonis Aemiliani  excellentissimus honor flagitat. Quem librum sperabo me commode posse  conscribere; satis eum hodie vobiscum probare. Est enim tantus in studiis,  ut praenobilior sit proprio ingenio quam patricio consulatu. Quibusnam  verbis tibi, Aemiliane Strabo, vir omnium, quot umquam fuerunt aut sunt aut  etiam erunt, inter optimos clarissime, inter clarissimos optime, inter  utrosque doctissime, quibus tandem verbis pro hoc tuo erga me animo gratias  habitum et commemoratum eam, qua digna ratione tam honorificam benignitatem  tuam celebrem, qua remuneratione dicendi gloriam tui facti aequiperem,  nondum hercle reperio. Sed quaeram sedulo et conitar, dum memor ipse mei,  dum spiritus hos regit artus. Nam nunc inpraesentiarum - neque enim  diffitebor -laetitia facundiae obstrepit et cogitatio voluptate impeditur; ac mens occupata delectatione mavult inpraesentiarum gaudere quam praedicare. Quid faciam? cupio gratus videri, sed prae gaudio nondum mihi vacat gratias agere. Nemo me, nemo ex illis tristioribus velit in isto vituperare, quod honorem meum non minus mereor quam intellego, quod clarissimi et eruditissimi viri tanto testimonio exsulto: quippe testimonium mihi perhibuit in curia Carthaginiensium non minus splendidissimum quam benignissimum vir consularis; cui etiam notum esse tantummodo summus honor est, is etiam laudator mihi apud principes Africae viros quodam modo astitit. Nam, ut comperior, nudius tertius libello misso, per quem postulabat locum celebrem statuae meae, cum primis commemoravit inter nos iura amicitiae a commilitio studiorum eisdem magistris honeste inchoata; tunc postea vota omnia mea secundum dignitatis suae gradus recognovit. Iam illud primum beneficium, quod condiscipulum se meminit. Ecce et hoc alterum beneficium, quod tantus diligi se ex pari praedicat. Quin etiam commemoravit et alibi gentium et civitatium honores mihi statuarum et alios decretos. Quid addi potest ad hoc praeconium viri consularis? Immo etiam docuit argumento suscepti sacerdotii summum mihi honorem Carthaginis adesse. Iam hoc praecipuum beneficium ac longe ante ceteros excellens, quod me vobis locupletissimus testis suo etiam suffragio commendat. Ad summam pollicitus est se mihi Carthagini de suo statuam positurum, vir, cui omnes provinciae quadriiuges et seiuges currus ubique gentium ponere gratulantur. Quid igitur superest ad honoris mei tribunal et columen, ad laudis meae cumulum? immo enimvero, quid superest? Aemilianus Strabo, vir consularis, brevi votis omnium futurus proconsul, sententiam de  honoribus meis in curia Carthaginiensium dixit, omnes eius auctoritatem  secuti sunt. Nonne videtur hoc vobis senatus consultum esse? Quid quod et  Carthaginienses omnes, qui in illa sanctissima curia aderant, tam libenter  decreverunt locum statuae, ut illos scires iccirco alteram statuam, quantum  spero, in sequentem curiam protulisse, ut salva veneratione, salva  reverentia consularis sui viderentur factum eius non aemulati, sed secuti, id est ut integro die beneficium ad me publicum perveniret. Ceterum  meminerant optimi magistratus et benivolentissimi principes mandatum sibi a  vobis quod volebant. Id egone scirem ac praedicare cessarem? ingratus  essem. Quin etiam universo ordini vestro pro amplissimis erga me meritis  quantas maximas possum gratias ago atque habeo, qui me in illa curia  honestissimis adclamationibus decoravere, in qua curia vel nominari  tantummodo summus honor est. Igitur, quod difficile factu erat quodque re vera arduum, non  existimabatur: gratum esse populo, placere ordini, probari magistratibus et  principibus, id - praefascine dixerim - iam quodam modo mihi obtigit. Quid  igitur superest ad statuae meae honorem, nisi aeris pretium et artificis  ministerium? quae mihi ne in mediocribus quidem civitatibus umquam defuere,  ne ut Carthagini desint, ubi splendidissimus ordo etiam de rebus maioribus  iudicare potius solet quam computare. Sed de hoc tum ego perfectius, cum  vos effectius. Quin etiam tibi, nobilitas senatorum, claritudo civium,  dignitas amicorum, mox ad dedicationem statuae meae libro etiam conscripto,  plenius gratias canam eique libro mandabo, uti per omnis provincias est  totoque abhinc orbe totoque abhinc tempore laudes benefacti tui ubique  gentium, semper annorum repraesentet."
https://www.thelatinlibrary.com/apuleius/apuleius.florida.shtml,548,"XVII.Viderint, quibus mos est oggerere se et otiosis praesidibus, ut impatientia  linguae commendationem ingenii quaerant et adfectata amicitiae vestrae  specie glorientur. Vtrumque eius a me, Scipio. Orfite, longe abest. Nam et  quantulumcumque ingenium meum iam pridem pro captu suo hominibus notius  est, quam ut indigeat novae commendationis, et gratiam tuam tuorumque  similium malo quam iacto, magisque sum tantae amicitiae cupitor quam  gloriator, quoniam cupere nemo nisi vere [putem] potest, potest autem  quivis falso gloriari. Ad hoc ita semper ab ineunte aevo bonas artes sedulo  colui, eamque existimationem morum ac studiorum cum in provincia nostra tum  etiam Romae penes amicos tuos quaesisse me tute ipse locupletissimus testis  es, ut non minus vobis amicitia mea capessenda sit quam mihi vestra  concupiscenda. Quippe non prompte veniam impertire rarenter adeundi  adsiduitatem eius requirentis est, summumque argumentum amoris frequentibus  delectari, cessantibus obirasci, perseverantem celebrare, desinentem  desiderare, quoniam necesse est gratam praesentiam eiusdem esse, cuius  angat absentia. Ceterum vox cohibita silentio perpeti non magis usui erit quam nares  gravedine oppletae, aures spurcitie obseratae, oculi albugine obducti. Quid  si manus manicis restringantur, quid si pedes pedicis coartentur, iam  rector nostri animus aut somno solvatur aut vino mergatur aut morbo  sepeliatur? Profecto ut gladius usu splendescit, situ robiginat, ita vox in  vagina silentii condita diutino torpore hebetatur. Desuetudo omnibus  pigritiam, pigritia veternum parit. Tragoedi adeo ni cottidie proclament,  claritudo arteriis obsolescit; igitur identidem boando purgant ravim.  Ceterum ipsius vocis hominis exercendi cassus labor supervacaneo studio  plurifariam superatur, si quidem voce hominis et tuba rudore torvior et  lyra concentu variatior et tibia questu delectabilior et fistula susurru  iucundior et bucina significatu longinquior. Mitto dicere multorum  animalium immeditatos sonores distinctis proprietatibus admirandos, ut est  taurorum gravis mugitus, luporum acutus ululatus, elephantorum tristis  barritus, equorum hilaris hinnitus nec non avium instigati clangores nec  non leonum indignati fremores ceteraeque id genus voces animalium truces ac  liquidae, quas infesta rabies vel propitia voluptas ciant. Pro quibus  homini vox divinitus data angustior quidem, sed maiorem habet utilitatem  mentibus quam auribus delectationem. Quo magis celebrari debet frequentius  usurpata, et quidem non nisi in auditorio, tanto viro praesidente, in hac  excellenti celebritate multorum eruditorum, multorum benignorum. Equidem et  si fidibus adprime callerem, non nisi confertos homines consectarer. In  solitudine cantilavit Orpheus in silvis, inter delphinas Arion, quippe, si fides fabulis, Orpheus exsilio desolatus, Arion navigio  praecipitatus, ille immanium bestiarum delenitor, hic misericordium  beluarum oblectator, ambo miserrimi cantores, quia non sponte ad laudem,  sed necessario ad salutem nitebantur. Eos ego impensius admirarer, si  hominibus potius quam bestiis placuissent. Avibus haec secretaria utiquam  magis congruerint, merulis et lusciniis et oloribus. Et merulae in remotis  tesquis cantilenam pueritiae fringultiunt, lusciniae in solitudine arcana  canticum adulescentiae garriunt, olores apud avios fluvios carmen senectae  meditantur. Enimvero qui pueris et adulescentibus et senibus utile carmen  prompturus est, in mediis milibus hominum canat, ita ut hoc meum de  virtutibus Orfiti carmen est, serum quidem fortasse, sed serium, nec minus  gratum quam utile Carthaginiensium pueris et iuvenibus et senibus, quos  indulgentia sua praecipuus omnium proconsul sublevavit temperatoque  desiderio et moderato remedio dedit pueris saturitatem, iuvenibus  hilaritatem, senibus securitatem. Metuo quidem, Scipio, quoniam laudes tuas  attigi, ne me inpraesentiarum refrenet vel tua generosa modestia vel mea  ingenua verecundia. Sed nequeo quin ex plurimis, quae in te meritissimo  admiramur, ex his plurimis quin vel paucissima attingam. Vos ea mecum,  cives ab eo servati, recognoscite."
https://www.thelatinlibrary.com/apuleius/apuleius.florida.shtml,1128,"XVIII.Tanta multitudo ad audiendum convenistis, ut potius gratulari Carthagini  debeam, quod tam multos eruditionis amicos habet, quam excusare, quod  philosophus non recusaverim dissertare. Nam et pro amplitudine civitatis  frequentia collecta et pro magnitudine frequentiae locus delectus est.  Praeterea in auditorio hoc genus spectari debet non pavimenti marmoratio  nec proscaenii contabulatio nec scaenae columnatio, sed nec culminum  eminentia nec lacunarium refulgentia nec sedilium circumferentia, nec quod  hic alias mimus halucinatur, comoedus sermocinatur, tragoedus vociferatur,  funerepus periclitatur, praestigiator furatur, histrio gesticulatur  ceterique omnes ludiones ostentant populo quod cuiusque artis est, sed  istis omnibus supersessis nihil amplius spectari debet quam convenientium  ratio et dicentis oratio. Quapropter, ut poetae solent hic ibidem varias civitates substituere, ut  ille tragicus, qui in theatro dici facit: Liber, qui augusta haec loca Cithaeronis colis, item ille comicus: perparvam partim postulat Plautus loci de vostris magnis atque amoenis moenibus, Athenas quo sine architectis conferat, non secus et mihi liceat nullam longinquam et transmarinam civitatem hic,  sed enim ipsius Carthaginis vel curiam vel bybliothecam substituere. Igitur  proinde habetote, si curia digna protulero, ut si in ipsa curia me  audiatis, si erudita fuerint, ut si in bybliotheca legantur. Quod utinam  mihi pro amplitudine auditorii prolixa oratio suppeteret ac non hic maxime  clauderet, ubi me facundissimum cuperem. Sed verum verbum est profecto, qui  aiunt nihil quicquam homini tam prosperum divinitus datum, quin ei tamen  admixtum sit aliquid difficultatis, ut etiam in amplissima quaque laetitia  subsit quaepiam vel parva querimonia, coniugatione quadam mellis et fellis:  ubi uber, ibi tuber. Id ego cum [in] alias, tum etiam nunc inpraesentiarum  usu experior. Nam quanto videor plura apud vos habere ad commendationem  suffragia, tanto sum ad dicendum nimia reverentia vestri cunctatior, et qui  penes extrarios saepenumero promptissime disceptavi, idem nunc penes meos  haesito ac - mirum dictu - ipsis illecebris deterreor et stimulis refrenor  et incitamentis cohibeor. An non multa mihi apud vos adhortamina suppetunt,  quod sum vobis nec lare alienus nec pueritia invisitatus nec magistris  peregrinus nec secta incognitus nec voce inauditus nec libris inlectus  improbatusve? Ita mihi et patria in concilio Africae, id est vestro, et  pueritia apud vos et magistri vos et secta, licet Athenis Atticis  confirmata, tamen hic inchoata est, et vox mea utraque lingua iam vestris  auribus ante proxumum sexennium probe cognita. quin et libri mei non alia  ubique laude carius censentur quam quod iudicio vestro comprobantur. Haec  tanta ac totiuga invitamenta communia non minus vos ad audiendum prolectant  quam me ad audendum retardant, faciliusque laudes vestras alibi gentium  quam apud vos praedicarim: ita apud suos cuique modestia obnoxia est, apud  extrarios autem veritas libera. Semper adeo et ubique vos quippe ut  parentis ac primos magistros meos celebro mercedemque vobis rependo, non  illam, quam Protagora sophista pepigit nec accepit, sed quam Thales sapiens  nec pepigit et accepit. Video quid postuletis: utramque narrabo. Protagora, qui sophista fuit longe multiscius et cum primis rhetoricae  repertoribus perfacundus, Democriti physici civis aequaevus - inde ei  suppeditata doctrina est -, eum Protagoran aiunt cum suo sibi discipulo  Evathlo mercedem nimis uberem condicione temeraria pepigisse, uti sibi tum  demum id argenti daret, si primo tirocinio agendi penes iudices vicisset.  Igitur Evathlus postquam cuncta illa exorabula iudicantium et decipula  adversantium et artificia dicentium versutus alioqui et ingeniatus ad  astutiam facile perdidicit, contentus scire quod concupierat, coepit nolle quod pepigerat, sed callide nectendis moris frustrari magistrum diutuleque  nec agere velle nec reddere, usque dum Protagoras eum ad iudices  provocavit, expositaque condicione, qua docendum receperat, anceps  argumentum ambifariam proposuit. ""Nam sive ego vicero"", inquit, ""solvere  mercedem debebis ut condemnatus, seu tu viceris, nihilo minus reddere  debebis ut pactus, quippe qui hanc causam primam penes iudices viceris.  Ita, si vincis, in condicionem incidisti; si vinceris, in damnationem.""  Quid quaeris? ratio conclusa iudicibus acriter et invincibiliter videbatur.  Enimvero Evathlus, utpote tanti veteratoris perfectissimus discipulus,  biceps illud argumentum retorsit. Nam ""si ita est"", inquit, ""neutro modo  quod petis debeo. Aut enim vinco et iudicio dimittor, aut vincor et pacto  absolvor, ex quo non debeo mercedem, si hanc primam causam fuero penes  iudices victus. Ita me omni modo liberat, si vincor, condicio, si vinco,  sententia."" Nonne vobis videntur haec sophistarum argumenta obversa invicem  vice spinarum, quas ventus convolverit, inter se cohaerere, paribus  utrimque aculeis, simili penetratione, mutuo vulnere? Atque ideo merces  Protagorae tam aspera, tam senticosa versutis et avaris relinquenda est:  cui scilicet multo tanta praestat illa altera merces, quam Thalen memorant  suasisse. Thales Milesius ex septem illis sapientiae memoratis viris facile  praecipuus - enim geometriae penes Graios primus repertor et naturae rerum  certissimus explorator et astrorum peritissimus contemplator -maximas res  parvis lineis repperit: temporum ambitus, ventorum flatus, stellarum  meatus, tonitruum sonora miracula, siderum obliqua curricula, solis annua  reverticula, itidem lunae vel nascentis incrementa vel senescentis  dispendia vel delinquentis obstiticula. Idem sane iam proclivi senectute  divinam rationem de sole commentus est, quam equidem non didici modo, verum  etiam experiundo comprobavi, quoties sol magnitudine sua circulum quem  permeat metiatur. Id a se recens inventum Thales memoratur edocuisse  Mandraytum Prienensem, qui nova et inopinata cognitione impendio delectatus  optare iussit quantam vellet mercedem sibi pro tanto documento rependi.  ""Satis"" inquit, ""mihi fuerit mercedis"", Thales sapiens, ""si id quod a me  didicisti, cum proferre ad quospiam coeperis, tibi non adsciveris, sed  eius inventi me potius quam alium repertorem praedicaris."" Pulchra merces  prorsum ac tali viro digna et perpetua; nam et in hodiernum ac dein semper  Thali ea merces persolvetur ab omnibus nobis, qui eius caelestia studia  vere cognovimus. Hanc ego vobis, mercedem, Carthaginienses, ubique gentium dependo pro  disciplinis, quas in pueritia sum apud vos adeptus. Vbique enim me vestrae  civitatis alumnum fero, ubique vos omnimodis laudibus celebro, vestras  disciplinas studiosius percolo, vestras opes gloriosius praedico, vestros  etiam deos religiosius veneror. Nunc quoque igitur principium mihi apud  vestras auris auspicatissimum ab Aesculapio deo capiam, qui arcem nostrae  Carthaginis indubitabili numine propitius respicit. Eius dei hymnum Graeco  et Latino carmine vobis etiam canam [iam] illi a me dedicatum. Sum enim non  ignotus illi sacricola nec recens cultor nec ingratus antistes, ac iam et  prorsa et vorsa facundia veneratus sum, ita ut etiam nunc hymnum eius  utraque lingua canam, cui dialogum similiter Graecum et Latinum praetexui,  in quo sermocinabuntur Sabidius Severus et Iulius Persius, viri et inter se  mutuo et vobis et utilitatibus publicis merito amicissimi, doctrina et  eloquentia et benivolentia paribus, incertum modestia quietiores an  industria promptiores an honoribus clariores. Quibus cum sit summa  concordia, tamen haec sola aemulatio et in hoc unum certamen est, uter  eorum magis Carthaginem diligat, atque summis medullitus viribus contendunt  ambo, vincitur neuter. Eorum ego sermonem ratus et vobis auditu gratissimum  et mihi compositu congruentem et deo dedicatu religiosum, in principio  libri facio quendam ex his, qui mihi Athenis condidicerunt, percontari a  Persio Graece quae ego pridie in templo Aesculapi disserverim, paulatimque  illis Severum adiungo, cui interim Romanae linguae partes dedi. Nam et  Persius, quamvis et ipse optime possit, tamen hodie vobis atticissabit."
https://www.thelatinlibrary.com/apuleius/apuleius.florida.shtml,217,"XIX.Asclepiades ille, inter praecipuos medicorum, si unum Hippocratem excipias,  ceteris princeps, primus etiam vino repperit aegris opitulari, sed dando  scilicet in tempore: cuius rei observationem probe callebat, ut qui  diligentissime animadverteret venarum pulsus inconditos vel praevaros. Is  igitur cum forte in civitatem sese reciperet et rure suo suburbano rediret,  aspexit in pomoeriis civitatis funus ingens locatum plurimos homines  ingenti multitudine, qui exsequias venerant, circumstare, omnis  tristissimos et obsoletissimos vestitu. Propius accessit, utine cognosceret  more ingenii quisnam esset, quoniam percontanti nemo responderat, an vero  ut ipse aliquid in illo ex arte reprehenderet. Certe quidem iacenti homini  ac prope deposito fatum attulit. Iam miseri illius membra omnia aromatis  perspersa, iam os ipsius unguine odoro delibutum, iam eum pollinctum, iam  paene paratum contemplatus enim, diligentissime quibusdam signis  animadversis, etiam atque etiam pertrectavit corpus hominis et invenit in illo vitam latentem. Confestim exclamavit vivere hominem: procul igitur  faces abigerent, procul ignes amolirentur, rogum demolirentur, cenam  feralem a tumulo ad mensam referrent. Murmur interea exortum; partim medico  credendum dicere, partim etiam irridere medicinam. Postremo propinquis  etiam hominibus invitis, quodne iam ipsi hereditatem habebant, an quod  adhuc illi fidem non habebant, aegre tamen ac difficulter Asclepiades  impetravit brevem mortuo dilationem atque ita vispillonum manibus extortum  velut ab inferis postliminio domum rettulit confestimque spiritum  recreavit, confestim animam in corporis latibulis delitiscentem quibusdam  medicamentis provocavit."
https://www.thelatinlibrary.com/apuleius/apuleius.florida.shtml,188,"XX.Sapientis viri super mensam celebre dictum est: ""Prima"", inquit, ""creterra  ad sitim pertinet, secunda ad hilaritatem, tertia ad voluptatem, quarta ad  insaniam."" Verum enimvero Musarum creterra versa vice quanto crebrior  quantoque meracior, tanto propior ad animi sanitatem. Prima creterra  litteratoris rudimento eximit, secunda grammatici doctrina instruit, tertia  rhetoris eloquentia armat. Hactenus a plerisque potatur. Ego et alias  creterras Athenis bibi: poeticae commentam, geometriae limpidam, musicae  dulcem, dialecticae austerulam, iam vero universae philosophiae  inexplebilem scilicet et nectaream. Canit enim Empedocles carmina, Plato  dialogos, Socrates hymnos, Epicharmus modos, Xenophon historias, Crates  satiras: Apuleius vester haec omnia novemque Musas pari studio colit,  maiore scilicet voluntate quam facultate, eoque propensius fortasse  laudandus est, quod omnibus bonis in rebus conatus in laude, effectus in  casu est, ita ut contra in maleficiis etiam cogitata scelera, non perfecta  adhuc vindicantur, cruenta mente, pura manu. Ergo sicut ad poenam sufficit  meditari punienda, sic et ad laudem satis est conari praedicanda. Quae  autem maior laus aut certior, quam Carthagini benedicere, ubi tota civitas  eruditissimi estis, penes quos omnem disciplinam pueri discunt, iuvenes  ostentant, senes docent? Carthago provinciae nostrae magistra venerabilis?  Carthago Africae Musa caelestis, Carthago Camena togatorum."
https://www.thelatinlibrary.com/apuleius/apuleius.florida.shtml,162,"XXI.Habet interdum et necessaria festinatio honestas moras, saepe uti malis  interpellatam voluntatem: quippe et illis, quibus curriculo confecta via  opus est, adeo uti praeoptent pendere equo quam carpento sedere, propter  molestias sarcinarum et pondera vehiculorum et moras orbium et salebras  orbitarum - adde et lapidum globos et caudicum toros et camporum rivos et  collium clivos -; hisce igitur moramentis omnibus qui volunt devitare ac  vectorem sibimet equum deligunt diutinae fortitudinis, vivacis  pernicitatis, id est et ferre validum et ire rapidum, qui campos collesque gradu perlabitur uno, ut ait Lucilius; tamen cum eo equo per viam concito pervolant, si quem  interea conspicantur ex principalibus viris nobilem hominem, bene  consultum, bene cognitum, quamquam oppido festinent, tamen honoris eius  gratia cohibent cursum, relevant gradum, retardant equum et ilico in pedes  desiliunt, fruticem, quem verberando equo gestant, eam virgam in laevam  manum transferunt, itaque expedita dextra adeunt ac salutant et, si diutule  ille quippiam percontetur, ambulant diutule et fabulantur, denique  quantumvis morae in officio libenter insumunt."
https://www.thelatinlibrary.com/apuleius/apuleius.florida.shtml,158,"XXII.Crates ille Diogenis sectator, qui ut lar familiaris apud homines aetatis  suae Athenis cultus est - nulla domus umquam clausa erat nec erat patris  familias tam absconditum secretum, quin eo tempestive Crates interveniret,  litium omnium et iurgiorum inter propinquos disceptator atque arbiter; quod  Herculem olim poetae memorant monstra illa immania hominum ac ferarum  virtute subegisse orbemque terrae purgasse, similiter adversum iracundiam  et invidiam atque avaritiam atque libidinem ceteraque animi humani monstra  et flagitia philosophus iste Hercules fuit: eas omnes pestes mentibus  exegit, familias purgavit, malitiam perdomuit, seminudus et ipse et clava  insignis, etiam Thebis oriundus, unde Herculem fuisse memoria exstat -;  igitur, priusquam plane Crates factus, inter proceres Thebanos numeratus  est, lectum genus, frequens famulitium, domus amplo ornata vestibulo, ipse  bene vestitus, bene praediatus. Post ubi intellegit nullum sibi in re  familiari praesidium legatum, quo fretus aetatem agat, omnia fluxa  infirmaque esse, quicquid sub caelo divitiarum est, eas omnis ad bene  vivendum nihil quicquam esse . . ."
https://www.thelatinlibrary.com/apuleius/apuleius.florida.shtml,148,"XXIII.Sicuti navem bonam, fabre factam, bene intrinsecus compactam, extrinsecus  eleganter depictam, mobili clavo, firmis rudentibus, procero malo, insigni  carchesio, splendentibus velis, postremo omnibus armamentis idoneis ad usum  et honestis ad contemplationem, eam navem si aut gubernator non agat aut  tempestas agat, ut facile cum illis egregiis instrumentis aut profunda  hauserint aut scopuli comminuerint! Sed et medici cum intraverint ad  aegrum, uti visant, nemo eorum, quod tabulina perpulchra in aedibus cernant  et lacunaria auro oblita et gregatim pueros ac iuvenes eximia forma in  cubiculo circa lectum stantis, aegrum iubet, uti sit animo bono; sed, ubi  iuxtim consedit, manum hominis prehendit, eam pertrectat, venarum pulsum et  momenta captat: si quid illic turbatum atque inconditum offendit, illi  renuntiat male morbo haberi. Dives ille cibo interdicitur; ea die in sua  sibi copiosa domo panem non accipit, cum interea totum eius servitium  hilares sunt atque epulantur, nec in ea re quicquam efficit condicione."
https://www.thelatinlibrary.com/apuleius/apuleius.deosocratis.shtml,4,APVLEI DE DEO SOCRATIS
https://www.thelatinlibrary.com/apuleius/apuleius.deosocratis.shtml,181,"I.Plato omnem naturam rerum, quod eius ad animalia praecipua  pertineat, trifariam divisit censuitque esse summos deos. Summum,  medium et infimum fac  intellegas non modo loci disclusione verum etiam naturae dignitate, quae  et ipsa neque uno neque gemino modo sed pluribus cernitur. Ordiri tamen  manifestius fuit a loci dispositione. Nam proinde ut maiestas postulabat,  diis inmortalibus caelum dicavit, quos quidem deos caelites partim visu usurpamus, alios intellectu vestigamus. Ac visu quidem cernimus ...vos, o clarissima mundi lumina, labentem caelo quae ducitis annum; nec modo ista praecipua: diei opificem lunamque, solis aemulam, noctis  decus, seu corniculata seu dividua seu  protumida seu plena sit, varia ignium face, quando longius facessat a sole,  tanto largius conlustrata, pari incremento itineris et luminis, mensem suis  auctibus ac dehinc paribus dispendiis aestimans; sive illa proprio sed  perpeti candore pollens, ut Chaldaei arbitrantur, parte luminis  conpos,  parte altera cassa fulgoris, pro circumversione oris discoloris multiiuga speciem sui variat, seu tota proprii candoris expers, alienae lucis  indigua, denso corpore sed levi ceu quodam speculo radios solis obstipi vel  adversi usurpat et, ut verbis utar Lucreti, notham iactat de corpore lucem;"
https://www.thelatinlibrary.com/apuleius/apuleius.deosocratis.shtml,216,"II.utracumque harum vera sententia est nam hoc postea videro, tamen neque de luna neque de sole quisquam Graecus aut barbarus facile  cunctaverit deos esse, nec modo istos, ut dixi, verum etiam quinque  stellas, quae vulgo vagae ab inperitis nuncupantur, quae tamen indeflexo  et certo et stato cursu meatus longe ordinatissimos divinis vicibus aeterno  efficiunt. Varia quippe curriculi sui specie, sed una semper et aequabili  pernicitate, tunc progressus, tunc vero regressus mirabili vicissitudine  adsimulant pro situ et flexu et instituto circulorum, quos probe callet  qui signorum ortus et obitus conperit. In eodem visibilium deorum numero  cetera quoque sidera, qui cum Platone sentis, locato: Arcturum pluviasque Hyadas geminosque Triones aliosque itidem radiantis deos, quibus caeli chorum comptum et coronatum  suda tempestate visimus, pictis noctibus severa gratia, torvo decore,  suspicientes in hoc perfectissimo mundi, ut ait Ennius, clipeo miris  fulguribus variata caelamina. Est aliud deorum genus, quod natura visibus nostris denegavit, nec non  tamen intellectu eos rimabundi contemplamur, acie mentis acrius  contemplantes. Quorum in numero sunt illi duodecim (numero) situ nominum in  duo versus ab Ennio coartati: Iuno, Vesta, Minerva, Ceres, Diana, Venus, Mars, Mercurius, Iovis,  Neptunus, Vulcanus, Apollo ceterique id genus, quorum nomina quidem sunt nostris auribus iam diu  cognita, potentiae vero animis coniectatae per varias utilitates in vita  agenda animadversas in iis rebus, quibus eorum singuli curant."
https://www.thelatinlibrary.com/apuleius/apuleius.deosocratis.shtml,274,"III.Ceterum profana philosophiae turba inperitorum, vana sanctitudinis, priva verae rationis, inops religionis, inpos veritatis, scrupulosissimo  culto, insolentissimo spretu deos neglegit, pars in superstitione, pars in  contemptu timida vel tumida. Hoc namque cunctos deos in sublimi aetheris  vertice locatos, ab humana contagione procul discretos plurimi sed non rite  venerantur, omnes sed inscie metuunt, pauci sed impie diffitentur. Quos deos  Plato existimat naturas incorporalis, animalis, neque fine ullo neque exordio, sed prorsus ac retro aeviternas, a corporis contagione suapte netura remotas,  ingenio ad summam beatitudinem perfecto, nullius extrarii boni participatione  sed ex sese bonas et ad omnia conpetentia sibi promptu facili, simplici,  libero, absoluto. Quorum parentem, qui omnium rerum dominator atque auctor  est, solutum ab omnibus nexibus patiendi aliquid gerendive, nulla vice ad  alicuius rei munia obstrictum, cur ergo nunc dicere exordiar, cum Plato caelesti facundia praeditus, aequiperabilia diis inmortalibus disserens,  frequentissime praedicet hunc solum maiestatis incredibili quadam nimietate  et ineffabili non posse penuria sermonis humani quavis oratione vel modice  conprehendi, vix sapientibus viris, cum se vigore animi, quantum licuit, a  corpore removerunt, intellectum huius dei, id quoque interdum, velut in  artissimis tenebris rapidissimo coruscamine lumen candidum intermicare? Missum igitur hunc locum faciam, in quo non mihi (quidem) tantum, sed ne  Platoni quidem meo quiverunt ulla verba pro amplitudine rei suppetere, [f]ac iam rebus mediocritatem meam [in] longe superantibus receptui canam tandemque orationem de caelo in terram devocabo. In qua praecipuum animal  homines sumus, quamquam plerique se incuria verae disciplinae ita omnibus  erroribus ac piacularibus depravaverint, sceleribus inbuerint et prope  exesa mansuetudine generis sui inmane efferarint, ut possit videri nullum  animal in terris homine postremius. Sed nunc non de errorum disputatione,  sed de naturae distributione disserimus."
https://www.thelatinlibrary.com/apuleius/apuleius.deosocratis.shtml,218,"IV.Igitur homines ratione gaudentes, oratione pollentes, inmortalibus animis, moribundis membris, levibus et anxiis mentibus, brutis et obnoxiis  corporibus, dissimilis moribus, similibus erroribus, pervicaci audacia, pertinaci spe, casso labore, fortuna caduca, singillatim mortales, cunctim  tamen universo genere perpetui, vicissim sufficienda prole mutabiles,  volucri tempore, tarda sapientia, cita morte, querula vita, terras incolunt. Habetis interim bina animalia: deos ab hominibus plurimum differentis loci  sublimitate, vitae perpetuitate, naturae perfectione, nullo inter se  propinquo communicatu, cum et habitacula summa ab infimis tanta intercapedo  fastigii dispescat et vivacitas illic aeterna et indefecta sit, hic caduca  et subsiciva, et ingenia illa ad beatitudinem sublimata sint, haec ad  miserias infimata. Quid igitur? Nullone conexu natura se vinxit, sed in  divinam et humanam partem partitam se et interruptam ac veluti debilem  passa est? Nam, ut idem Plato ait, nullus deus miscetur hominibus, sed hoc  praecipuum eorum sublimitatis specimen est, quod nulla adtrectatione nostra  contaminantur. Pars eorum tantummodo obtutu hebeti visuntur, ut sidera, de  quorum adhuc et magnitudine et coloribus homines ambigunt, ceteri autem  solo intellectu neque prompto noscuntur. Quod quidem mirari super diis  inmortalibus nequaquam congruerit, cum alioquin et inter homines, qui  fortunae munere opulenti elatus et usque ad regni nutabilem suggestum et  pendulum tribunal evectus est, raro aditu sit, longe remotis arbitris in  quibusdam dignitatis suae penetralibus degens. Parit enim conversatio  contemptum, raritas conciliat admirationem."
https://www.thelatinlibrary.com/apuleius/apuleius.deosocratis.shtml,247,"V.Quid igitur, orator, obiecerit aliqui, post istam caelestem quidem sed paene inhumanam tuam sententiam faciam, si omnino homines a diis inmortalibus  procul repelluntur atque ita in haec terrae tartara relegantur, ut omnis sit illis adversus caelestes deos communio denegata nec quisquam eos e caelitum numero velut pastor vel equiso vel busequa ceu balantium vel hinnientium vel  mugientium greges intervisat, qui ferocibus moderetur, morbidis medeatur,  egenis opituletur? Nullus, inquis, deus humanis rebus intervenit: cui igitur  preces allegabo? Cui votum nuncupabo? Cui victimam caedam? Quem miseris  auxiliatorem, quem fautorem bonis, quem adversatorem malis in omni vita ciebo? Quem denique, quod frequentissimum est, iuri iurando arbitrum adhibebo? An ut Vergilianus Ascanius per caput hoc iuro, per quod pater ante solebat? At enim, o Iule, pater tuus hoc iure iurando uti poterat inter Troianos stirpe cognatos  et fortasse an inter Graecos proelio cognitos; at enim inter Rutulos recens cognitos si nemo huic capiti crediderit, quis pro te deus fidem dicet? An ut (se) ferocissimo Mezentio dextra et telum? Quippe haec sola advenerat, quibus propugnabat: dextra mihi deus et telum, quod missile libro. Apage sis tam cruentos deos, dextram caedibus fessam telumque sanguine robiginosum: utrumque idoneum non est, propter quod adiures, neve per ista  iuretur, cum sit summi deorum hic honor proprius. Nam et ius iurandum Iovis  iurandum dicitur, ut ait Ennius. Quid igitur censes? Iurabo per Iovem  lapidem Romano vetustissimo ritu? Atque si Platonis vera sententia est,  numquam se deum se deum cum homine communicare, facilius me audierit lapis  quam Iuppiter."
https://www.thelatinlibrary.com/apuleius/apuleius.deosocratis.shtml,165,"VI.Non usque adeo responderit enim Plato pro sententia sua mea voce non usque adeo, inquit, seiunctos et alienatos a nobis deos praedico, ut ne  vota quidem nostra ad illos arbitrer pervenire. Neque enim illos a cura  rerum humanarum, sed contrectatione sola removi. Ceterum sunt quaedam  divinae mediae potestates inter summum aethera et infimas terras in isto  intersitae aeris spatio, per quas et desideria nostra et merita ad eos  commeant. Hos Graeci nomine daemonas nuncupant, inter terricolas  caelicolasque vectores hinc petitiones inde suppetias ceu quidam utri[u]sque interpretes et salutigeri. Per hos eosdem, ut Plato in Symposio autumat,  cuncta denuntiata et magorum varia miracula omnesque praesagiorum species  reguntur. Eorum quippe de numero praediti curant singuli [eorum], proinde ut est cuique tributa provincia, vel somniis conformandis vel extis  fissiculandis vel praepetibus gubernandis vel ostinibus erudiendis vel  vatibus inspirandis vel fulminibus iaculandis vel nubibus coruscandis  ceterisque adeo, per quae futura dinoscimus. Quae cuncta caelestium  voluntate et numine et auctoritate, sed daemonum obsequio et opera et  ministerio fieri arbitrandum est."
https://www.thelatinlibrary.com/apuleius/apuleius.deosocratis.shtml,144,"VII.Horum enim munus atque opera atque cura est, ut Hannibali somnia orbitatem oculi commin[ar]entur, flaminio extispicia periculum cladis praedicant, Attio Navio auguria miraculum cotis addicant; item ut nonnullis  regni futuri signa praecurrant, ut Tarquinius Priscus aquila obumbretur ad  apice, Servius Tullius flamma conluminetur a capite; postremo cuncta  hariolorum praesagia, Tuscorum piacula, fulguratorum bidentalia, carmina  Sibyllarum. Quae omnia, ut dixi, mediae quaepiam potestates inter homines ac  deos obeunt. Neque enim pro maiestate deum caelestium fuerit, ut eorum quisquam vel Hannibali somnium fingat vel Flaminio hostiam conruget vel Attio Navioavem velificet vel Sibyllae fatiloquia versificet vel Tarquinio velit apicem rapere sed reddere, Servio vero inflammare verticem nec exurere. Non  est operae diis superis ad haec descendere: mediorum divorum ista sortitio  est, qui in aeris plagis terrae conterminis nec minus confinibus caelo perinde versantur, ut in quaque parte naturae propria animalia, in aethere volventia,  in terra gradientia."
https://www.thelatinlibrary.com/apuleius/apuleius.deosocratis.shtml,228,"VIII.Nam cum quattuor sint elementa notissima, veluti quadrifariam natura magnis partibus disterminata, sintque propria animalia terrarum, aquarum,  flammarum, Siquidem Aristoteles auctor est in Fornacibus flagrantibus  quaedam (propria) animalia, pennulis apta volitare totumque aevum suum in igne deversari, cum eo exoriri cumque eo extingui, praeterea cum totiuga sidera, ut iam prius dictum est, sursum in aethere, id est in ipso liquidissimo ignis ardore, conpareant, cum hoc solum quartum elementum aeris, quod tanto spatio intersitum est, cassum ab omnibus, desertum a cultoribus suis natura pateretur, quin in eo quoque aeria animalia gignerentur, ut in igni flammida,  in unda fluxa, in terra glebulenta? Nam quidem qui aves aeri attribuet,  falsum sententiae meritissimo dixeris, quippe (quae aves) nulla earum ultra  Olympi verticem sublimatur. Qui cum excellentissimus omnium perhibeatur, tamen altitudinem perpendiculo si metiare, ut geometrae autumant, decem stadia  altitudo fastigii non aequiperat, cum sit aeris agmen inmensum usque ad  citiman lunae helicem, quae porro aetheris sursum versus exordium est. Quid  igitur tanta vis aeris, quae ab humillimis lunae anfractibus usque ad  summum Olympi verticem interiacet? Quid tandem? Vacabitne animalibus suis  atque erit ista naturae pars mortua ac debilis? Immo enim si sedulo advertas, ipsae quoque aves (per) terrestre animal, non aerium rectius perhibeantur.  Enim semper illis victus ommis in terra, ibidem pabulum, ibidem cubile, tantum quod aera proximum terrae volitando transuerberant. Ceterum cum illis  fessa sunt remigia pinnarum, terra ceu portus est."
https://www.thelatinlibrary.com/apuleius/apuleius.deosocratis.shtml,119,"IX.Quod si manifestum flagitat ratio debere propria animalia etiam in aere intellegi, superest ut, quae tandem et cuiusmodi ea sint, disseramus. Igitur  terrena nequaquam devergant enim pondere sed nec flammida, ne sursum  versus calore rapiantur. Temperanda est ergo nobis pro loci medietate media  natura, ut ex regionis ingenio si etiam cultoribus eius ingenium. Cedo  igitur mente formemus et gignamus animo id genus corporum texta, quae  neque tam bruta quam terrea neque tam levia quam aetheria, sed quodam modo utrimque seiugata vel enim utrimque commixta sint, sive amolita seu  modificata utrisque rei participatione: sed facilius ex utroque quam ex  neutro intellegentur. Habeant igitur haec daemonum corpora et modicum  ponderis, ne ad superna inscendant, et aliquid levitatis, ne ad inferna  praecipitentur."
https://www.thelatinlibrary.com/apuleius/apuleius.deosocratis.shtml,157,"X.Quod ne vobis videar poetico ritu incredibilia confingere, dabo primum exemplum huius libratae medietatis: neque enim procul ab hac corporis  subtilitate nubes concretas videmus; quae si usque adeo leves forent ut ea  quae omnino carent pondere, numquam infra iuga, ut saepenumero  animadvertimus, gravatae caput editi montis ceu quibusdam curvis  torquibus coronarent. Porro si suapte natura spissae tam graves forent ut  nulla illas vegetioris levitatis admixtio subleverat, profecto non secus  quam plumbi robus et lapis suopte nisu caducae terris inliderentur. Nunc  enimvero pendulae et mobiles huc atque illuc vice navium in aeris pelago  ventis gubernantur, paululum inmutantes proximitate et longinquitate. Quippe si aliquo umore fecundae sunt, veluti ad fetum edendum deorsus degrassantur. Atque ideo umectiores humilius meant aliquo[nis] agmine, tractu segniore(s), sudis vero sublimior cursus est, cum lanarum velleribus similes aguntur, cano  agmine, volatu pernicione. Nonne audis, quid super tonitru Lucretius  facundissime disserat? principio tonitru quatiuntur caerula caeli propterea  quia concurrunt sublime volantes aetheriae nubes contra pugnantibus ventis."
https://www.thelatinlibrary.com/apuleius/apuleius.deosocratis.shtml,173,"XI.Quod si nubes sublime volitant, quibus omnis et exortus est terrenus et retro defluxus in terras, quid tandem censes daemonum corpora, quae sunt concretio multo tanta subtilior? Non enim ex hac faeculenta nubecula et  umida caligine conglobata, sicuti nubium genus est, sed ex illo purissimo  aeris liquido et sereno elemento coalita eoque nemini hominum temere  visibilia, nisi divinitus speciem sui offerant, quod nulla in illis terrena  soliditas locum luminis occuparit, quae nostris oculis possit obsistere,  qua soliditate necessario offensa acies inmoretur, sed fila corporum  possident rara et splendida et tenuia usque adeo ut radios omnis nostri tuoris et raritate transmittant et splendore reverberent et subtilitate  frustrentur. Hinc est illa Homerica Minerva, quae mediis coetibus  Graium cohibendo Achilli intervenit. Versum Graecum, si paulisper opperiamini, Latine enuntiabo, atque adeo hic sit inpraesentiarum: Minerva igitur, ut  dixi, Achilli moderando iussu Iunonis advenit: soli perspicua est, aliorum  nemo tuetur. Hinc et illa Vergiliana Iuturna, quae mediis milibus auxiliabunda fratri conversatur miscetque viris neque cernitur ulli, prorsus quod Plautinus  miles super clipeo suo gloriatur, praestringens oculorum aciem hostibus."
https://www.thelatinlibrary.com/apuleius/apuleius.deosocratis.shtml,195,"XII.Ac ne ceteros longius persequar, ex hoc ferme daemonum numero poetae solent haudquaquam procul a veritate osores et amatores quorundam hominum  deos fingere: hos prosperare et evehere, illos contra adversari et  adfligere; igitur et misereri et indignari et angi et laetari omnemque humani animi faciem pati, simili motu cordis et salo mentis ad omnes  cogitationum aestus fluctuare, quae omnes turbelae tempestatesque procul  a deorum caelestium tranquillitate, exulant. Cuncti enim caelites semper  eodem statu mentis aeterna aequabilitate potiuntur, qui numquam illis nec  ad dolorem versus nec ad voluptatem finibus suis pellitur nec quoquam a sua perpetua secta ad quempiam subitum habitum demovetur nec alterius vi  nam nihil est deo potentius neque suapte natura nam nihil est deo  perfectius. Porro autem qui potest videri perfectus fuisse, qui a priore  statu ad alium rectiorem statum migrat, cum praesertim nemo sponte capessat nova, nisi quem paenituit priorum? Non potest enim subsequi illa mutata  ratio sine praecedentium infirmatione. Quapropter debet deus nullam  perpeti vel odii vel amoris temporalem perfunctionem et idcirco nec  indignatione nec misericordia contingi, nullo angore contrahi, nulla  alacritate gestire, sed ab omnibus animi passionibus liber nec dolere  umquam nec aliquando laetari nec aliquid repentinum velle vel nolle."
https://www.thelatinlibrary.com/apuleius/apuleius.deosocratis.shtml,127,"XIII.Sed et haec cuncta et id genus cetera daemonum mediocritati rite congruunt. Sunt enim inter nos ac deos ut loco regionis ita ingenio mentis  intersiti, habentes communem cum superis inmortalitatem, cum inferis  passionem. Nam proinde ut nos pati possunt omnia animorum placamenta vel  incitamenta, ut et ira incitentur et misericordia flectantur et donis invitentur et precibus leniantur et contumeliis exasperentur et honoribus mulceantur aliisque omnibus ad similem nobis modum varient. Quippe, ut fine conprehendam, daemones sunt genere animalia, ingenio rationabilia,  animo passiva, corpore aeria, tempore aeterna. Ex his quinque, quae  commemoravi, tria a principio eadem quae nobis sunt, quartum proprium,  postremum commune cum diis inmortalibus habent, sed differunt ab his passione. Quae propterea passiva non absurde, ut arbitror, nominavi, quod sunt iisdem,  quibus nos, turbationibus mentis obnoxii."
https://www.thelatinlibrary.com/apuleius/apuleius.deosocratis.shtml,425,"XIV.Vnde etiam religionum diversis observationibus et sacrorum variis suppliciis fides inpertienda est, esse nonnullos ex hoc divorum numero, qui  nocturnis vel diurnis, promptis vel occultis, laetioribus vel tristioribus  hostiis vel caerimoniis vel ritibus gaudeant, uti Aegyptia numina ferme  plangoribus, Graeca plerumque choreis, barbara autem strepitu cymbalistarum  et tympanistarum et choraularum. Itidem pro regionibus et cetera in  sacris differunt longe varietate: pomparum agmina, mysteriorum silentia, sacerdotum officia, sacrificantium obsequia; item deorum effigiae et exuviae, templorum religiones et regiones, hostiarum cruores et colores.  Quae omnia pro cuisque more loci sollemnia et rata sunt, ut plerumque  somniis et vaticinationibus et oraculis conperimus saepenumero indignata  numina, si quid in sacris socordia vel superbia neglegatur. Cuius generis  mihi exempla adfatim suppetunt, sed adeo celebrata et frequentata sunt ut  nemo ea commemorare adortus sit, quin multo plura omiserit quam  recensuerit. Idcirco supersedebo inpraesentiarum in his rebus orationem occupare, quae  si non apud omnis certam fidem, at certe penes cunctos notitiam promiscuam  possident. Id potius praestiterit Latine dissertare, varias species  daemonum philosophis perhiberi, quo liquidius et plenius de praesagio  Socratis deque eius amico numine cognoscatis.  XV  Nam quodam significatu et animus humanus etiam nunc in corpore situs daemon nuncupatur: ...dine hunc ardorem mentibus addunt, Euryale, an sua cuique deus fit dira cupido? Igitur et bona cupido animi bonus deus est. Vnde nonnulli arbitrantur, ut iam prius dictum est, eudaemonas dici beatos, quorum daemon bonus id est  animus virtute perfectus est. Eum nostra lingua, ut ego interpretor, haud  sciam an bono, certe quidem meo periculo poteris Genium vocare, quod is deus, qui est animus sui cuique, quamquam sit inmortalis, tamen quodam modo cum homine gignitur, ut eae preces, quibus Genium et genua precantur,  coniunctionem nostram nexumque videantur mihi obtestari, corpus atque  animum duobus nominibus conprehendentes, quorum communio et copulatio  sumus. Est et secundo significatus species daemonum animus humanus emeritis stipendiis vitae corpore suo abiurans. Hunc vetere Latina lingua reperio Lemurem dictitatum. Ex hisce ergo Lemuribus qui posterorum suorum  curam sortitus placato et quieto numine domum possidet, Lar dicitur  familiaris; qui vero ob adversa vitae merita nullis (bonis) sedibus incerta  vagatione ceu quodam exilio punitur, inane terriculamentum bonis hominibus,  ceterum malis noxium, id genus plerique Larvas perhibent. Cum vero incertum  est, quae cuique eorum sortitio evenerit, utrum Lar sit an Larva, nomine Manem deum nuncupant: scilicet et honoris gratia dei vocabulum additum est; quippe tantum eos deos appellant, qui ex eodem numero iuste ac prudenter curriculo vitae gubernato pro numine postea ab hominibus praediti fanis et  caerimoniis vulgo advertuntur, ut in Boeotia Amphiaraus, in Africa Mopsus, in Aegypto Osiris, alius alibi gentium, Aesculapius ubique."
https://www.thelatinlibrary.com/apuleius/apuleius.deosocratis.shtml,251,"XVI.Verum haec omnis distributio eorum daemonum fuit, qui quondam in corpore humano fuere. Sunt autem non posteriore numero, praestantiore longe  dignitate, superius aliud, augustius genus daemonum, qui semper a corporis  conpedibus et nexibus liberi certis potestatibus curant. Quorum e numero  Somnus atque Amor diversam inter se vim possident, Amor vigilandi, Somnus  soporandi. Ex hac igitur sublimiore daemonum copia Plato autumat (singulis)  hominibus in vita agenda testes et custodes singulis additos, qui nemini  conspicui semper adsint arbitri omnium non modo actorum verum etiam  cogitatorum. At ubi vita edita remeandum est, eundem illum, qui nobis  praeditus fuit, raptare ilico et trahere veluti custodiam suam ad iudicium  atque illic in causa dicunda adsistere, si qua commentiatur, redarguere, si  qua vera dicat, adseverare, prorsus illius testimonio ferri sententiam. Proinde vos omnes, qui hanc Platonis divinam sententiam me interprete  auscultatis, ita animos vestros ad quaecumque agenda vel meditanda formate,  ut sciatis nihil homini prae istis custodibus nec intra animum nec foris  esse secreti, quin omnia curiose ille participet; omnia visitet, omnia  intellegat, in ipsis penitissimis mentibus vice conscientiae deversetur. Hic, quem dico, privus custos, singularis praefectus, domesticus speculator,  proprius curator, intimus cognitor, adsiduus observator, individuus arbiter,  inseparabilis testis, malorum inprobator, bonorum probator, si rite  animadvertatur, sedulo cognoscatur, religiose colatur, ita ut a Socrate  iustitia et innocentia cultus est, in rebus incertis prospector, dubiis  praemonitor, periculosis tutator, egenis opitulator, qui tibi queat tum  insomniis, tum signis, tum etiam fortasse coram, cum usus postulat, mala  averruncare, bona prosperare, humilia sublimare, nutantia fulcire, obscura  clarare, secunda regere, adversa corrigere."
https://www.thelatinlibrary.com/apuleius/apuleius.deosocratis.shtml,153,"XVII.Igitur mirum, si Socrates, vir adprime perfectus et Apollinis quoque testimonio sapiens, hunc deum suum cognovit et coluit, ac propterea eius  custos prope dicam Lar contubernio familiaris cuncta et arcenda arcuit  et praecavenda praecavit et praemonenda praemonuit, sicubi tamen interfectis sapientiae officiis non consilio sed praesagio indigebat, ut ubi  dubitatione clauderet, ibi divinatione consisteret? Multa sunt enim, multa  de quibus etiam sapientes viri ad hariolos et oracula cursitent. An non apud Homerum, ut quodam ingenti speculo, clarius cernis haec duo  distributa, seorsus divinationis, seorsus sapientiae officia? Nam cum duo  columina totius exercitus dissident, Agamemnon regno pollens et Achilles  bello potens, desideraturque vir facundia laudatus et peritia memoratus,  qui Atridae superbiam sedet, Pelidae ferociam conpescat atque eos  auctoritate advertat, exemplis moneat, oratione permulceat, quis igitur  tali in tempore me ad dicendum exhortus est? Nempe Pylius orator, eloquio comis, experimentis catus, senecta venerabilis, cui omnes sciebant corpus  annis habere, animum prudentia vigere, verba dulcedine adfluere."
https://www.thelatinlibrary.com/apuleius/apuleius.deosocratis.shtml,163,"XVIII.Itidem cum rebus crepis et adflictis speculatores deligendi sunt, qui nocte intempesta castra hostium penetrent, nonne Vlixes cum Diomede  deliguntur veluti consilium et auxilium, mens et manus, animus et gladius?  Enimvero cum ab Aulide desidibus et obsessis ac taedio abnuentibus difficultas  belli et facultas itineris et tranquillitas maris et clementia ventorum per fibrarum notas et alitum vias et serpentium escas exploranda est, tacent  nemque mutuo duo illa sapientiae Graiae summa cacumina, Ithacensis et Pylius. Calchas autem longe praestabilis hariolari simul alites et altaria et arborem  contemplatus est, actutum sua divinatione et tempestates flexit et classem deduxit et decennium praedixit; non secus et in Troiano exercitu cum  divinatione res indigent, tacet ille sapiens senatus nec audet aliquid  pronuntiare vel Hicetaon vel Lampo vel Clytius, sed omnes silentio auscultant aut ingrata auguria Heleni aut incredita vaticinia Cassandrae. Ad eundem modum Socrates quoque, sicubi locorum aliena sapientiae officiis  consultatio ingruerat, ibi vi daemonis praesagiri egebat. Verum eius monitis sedulo oboediebat eoque erat deo suo longe acceptior."
https://www.thelatinlibrary.com/apuleius/apuleius.deosocratis.shtml,159,"XIX.Quod autem incepta Socratis quaepiam daemon ille ferme prohibitum ibat, numquam adhortatum, quodam modo ratio praedicta est. Enim Socrates,  utpote vir adprime perfectus, ex sese ad omnia congruentia sibi officia  promptus, nullo adhortatore umquam indigebat, at vero prohibitore nonnumquam, si quibus forte conatibus eius periculum suberat, ut monitus  praecaveret, omitteret coepta inpraesentiarum, quae tutius vel postea  capesseret vel alia via adoriretur. In huiuscemodi rebus (dixit) vocem quampiam divinitus exortam dicebat audire ita enim apud Platonem, ne  quisquam arbitretur omina eum vulgo loquentium captitasse. Quippe etiam  semotis arbitris uno cum Phaedro extra pomerium sub quodam arboris opaco  umbraculo signum illud adnuntium sensit, ne prius transcendet Ilissi amnis  modicum fluentum, quam increpitu(m) indignatum Amorem recinendo placasset. Cum praeterea, si omina observitaret, aliquando eorum nonnulla etiam  hortamenta haberet, ut videmus plerisque usu evenire, qui nimia ominum superstitione non suopte corde sed alterius verbo reguntur ac per  angiporta reptantes consilia ex alienis vocibus conligunt et, ut ita  dixerim, non animo sed auribus cogitant."
https://www.thelatinlibrary.com/apuleius/apuleius.deosocratis.shtml,234,"XX.Verum enimvero, ut ista sunt, certe quidem ominum harioli vocem audiunt  saepenumero auribus suis usurpatam,  de qua nihil cunctentur (de qua sciunt) ex ore humano profectam. At enim Socrates non vocem sibi sed ""vocem quampiam"" dixit oblatam, quo additamento  profecto intellegas non usitatam vocem nec humanam significari. Quae si  foret, frustra ""quaepiam"", quin potius aut ""vox"" aut certe ""cuiuspiam vox"" diceretur, ut ait illa Terentiana meretrix: audire vocem visa sum modo militis. Quid vero vocem quampiam dicat audisse, aut nescit unde ea exorta sit,  aut in ipsa aliquid addubitat, aut eam quiddam insolitum et arcanum  demonstrat habuisse, ita ut Socrates eam, quam sibi (ac) divinitus editam  tempestive accidere dicebat. Quod equidem arbitror non modo auribus eum  verum etiam oculis signa daemonis sui usurpasse. Nam frequentius non  (prae)vocem sed signum divinum sibi oblatum prae se ferebat. Id signum  potest et ipsius daemonis species fuisse, quam solus Socrates cerneret,  ita ut Homericus Achilles Minervam. Credo plerosque vestrum hoc, quod  commodum dixi, cunctantius credere et inpendio mirari formam daemonis  Socrati visitatam. At enim (secundum) Pythagoricos contra mirari oppido solitos, si quis se negaret umquam vidisse daemonem, satis, ut reor,  idoneus auctor est Aristoteles. Quod si cuivis potest evenire facultas  contemplandi divinam effigiem, cur non adprime potuerit Socrati optingere,  quem cuivis amplissimo numini sapientiae dignitas coaequarat? Nihil est enim  deo similius et gratius quam vir animo perfecte bonus, qui hominibus ceteris antecellit, quam ipse a diis immortalibus distat."
https://www.thelatinlibrary.com/apuleius/apuleius.deosocratis.shtml,186,"XXI.Quia potius non quoque Socratis exemplo et commemoratione erigimur ac nos secundo studio philosophiae [pari similitudini numinum caventes  permittimus? De quo quidem nescio qua ratione detrahimur. Et nihil aeque  miror quam, cum omnes et cupiant optime vivere et sciant non alia re quam  animo vivi nec fieri posse quin, ut optime vivas, animus colendus sit,  tamen animum suum non colant. At si quis velit acriter cernere, oculi  curandi sunt, quibus cernitur; si velis perniciter currere, pedes curandi  sunt, quibus curritur; itidem si pugillare valde velis, brachia vegetanda  sunt, quibus pugillatur. Similiter in omnibus ceteris membris sua cuique  cura pro studio est. Quod cum omnes facile perspiciant, nequeo satis mecum  reputare et proinde, ut res est, admirari cur non etiam animum suum ratione  excolant. Quae quidem ratio vivendi omnibus aeque necessaria est, non ratio  pingendi nec ratio psallendi, quas quivis bonus vir sine ulla animi  vituperatione, sine turpitudine, sine rubore contempserit. Nescio ut Ismenias tibiis canere, sed non pudet me tibicinem non esse; nescio ut Apelles  coloribus pingere, sed non pudet me non esse significem; itidem in ceteris artibus, ne omnis persequar, licet tibi nescire nec pudeat."
https://www.thelatinlibrary.com/apuleius/apuleius.deosocratis.shtml,193,"XXII.Enimvero dic, sodes: ""nescio bene vivere, ut Socrates, ut Plato, ut Pythagoras vixerunt, nec pudet me nescire bene vivere""; numquam hoc dicere  audebis. Sed cumprimis mirandum est, quod ea, quae minime videri volunt  nescire, discere tamen neglegunt et eiusdem artis disciplinam simul et  ignorantiam detrectant. Igitur cotidiana eorum aera dispungas: invenias in  rationibus multa prodige profusa et in semet nihil, in sui dico daemonis  cultum, qui cultus non aliud quam philosophiae sacramentum est. Plane  quidem villas opipare exstruunt et domos ditissime exornant et familias numerosissime conparant. Sed in istis omnibus tanta adfluentia rerum nihil  est praeterquam ipse dominus pudendum; nec iniuria: cumulata enim habent, quae sedulo percolunt, ipsi autem horridi, indocti incultique circumeunt.  Igitur illa spectes, in quae patrimonia sua profuderunt: amoenissima et exstructissima et ornatissima deprehendas, villas aemulas urbium conditas, domus vice templorum exornatas, familias numerosissimas et calamistratas,  opiparam supellectilem, omnia adfluentia, omnia opulentia, omnia ornata  praeter ipsum dominum, qui solus Tantali vice in suis divitiis inops,  egens, pauper non quidem fluentum illud fugitivum captat et fallacis undae  sitit, sed verae beatitudinis, id est secundae vitae et prudentiae  fortunatissimae, esurit et sitit. Quippe non intellegit aeque divites  spectari debere ut equos mercamur."
https://www.thelatinlibrary.com/apuleius/apuleius.deosocratis.shtml,263,"XXIII.Neque enim in emendis equis phaleras consideramus et baltei polimina inspicimus et ornatissimae cervicis divitias contemplamur, si ex auro et argento et gemmis monilia variegata dependent, si plena artis ornamenta capiti et collo circumiacent, si frena caelata, si ephippia fucata, si cingula aurata sunt. Sed istis omnibus exuviis amolitis equum ipsum nudum et solum corpus eius et animum contemplamur, ut sit et ad speciem honestus et ad cursuram vegetus et ad vecturam validus: iam primum in corpore si sit argutum caput, brevis alvus obesaque terga luxuriatque toris animosum pectus honesti; praeterea si duplex agitur per lumbos spina: volo enim non modo perniciter verum etiam molliter pervehat. Similiter igitur et in hominibus contemplandis noli illa aliena aestimare,  sed ipsum hominem penitus considera, ipsum ut meum Socratem pauperem  specta. Aliena autem voco, quae parentes pepererunt et quae fortuna largita  est. Quorum nihil laudibus Socratis mei admisceo, nullam generositatem,  nullam prosapiam, nullos longos natales, nullas invidiosas divitias. Haec enim cuncta, ut dico, aliena sunt. Sat Parthaonio gloriae est, qui talis fuit, ut eius nepotem non puderet. Igitur omnia similiter aliena numeres  licebit; ""generosus est"": parentes laudas. ""Dives est"": non credo fortunae.  Nec magis ista adnumero: ""validus est"": aegritudine fatigabitur. ""Pernix  est"": stabit in senectute. ""Formosus est"": exspecta paulisper et non erit. ""At enim bonis artibus doctus et adprime est eruditus et, quantum licet  homini, sapiens et boni consultus"": tandem aliquando ipsum virum laudas. Hoc  enim nec a patre hereditarium est nec a casu pendulum nec a suffragio  anniculum nec a corpore caducum nec ab aetate mutabile. Haec omnia meus  Socrates habuit et ideo cetera habere contempsit."
https://www.thelatinlibrary.com/apuleius/apuleius.deosocratis.shtml,161,"XXIV.Quin igitur et tu ad studium sapientiae accingeris vel properas saltem, ut nihil alienum in laudibus tuis audias, sed ut, qui te volet  nobilitare, aeque laudet, ut Accius Vlixen laudavit in Philocteta suo, in  eius tragoediae principio: inclite, parva prodite patria, nomine celebri claroque potens pectore, Achivis classibus auctor, gravis Dardaniis gentibus ultor, Laertiade? Novissime patrem memorat. Ceterum omnes laudes eius viri audisti: nihil inde nec Laertes sibi nec Anticlia nec Arcisius vindicat: [nec] tota, ut vides, laudis huius propria Vlixi possessio est. Nec aliud te in eodem  Vlixe Homerus docet, qui semper ei comitem voluit esse prudentiam, quam  poetico ritu Minervam nuncupavit. Igitur hac eadem comite omnia horrenda  subiit, omnia adversa superavit. Quippe ea adiutrice Cyclopis specus  introiit, sed egressus est; Solis boves vidit, sed abstinuit; ad inferos  demeavit et ascendit; eadem sapientia comite Scyllam praeternavigavit nec  ereptus est; Charybdi consaeptus est nec retentus est; Circae poculum bibit nec mutatus est; ad Lotophagos accessit nec remansit; Sirenas audiit nec  accessit."
https://www.thelatinlibrary.com/apuleius/apuleius7.shtml,40,"[] Vt primum tenebris abiectis dies inalbebat et candidum solis curriculum cuncta conlustrabat, quidam de numero latronum supervenit; sic enim mutuae salutationis officiorum indicabat. Is in primo speluncae aditu residens et ex anhelitu recepto spiritu tale collegio suo nuntium fecit:"
https://www.thelatinlibrary.com/apuleius/apuleius7.shtml,116,"""Quod ad domum Milonis Hypatini quam proxime diripuimus pertinet, discussa sollicitudine iam possumus esse securi. Postquam vos enim fortissimis viribus cunctus ablatis castra nostra remeastis, immixtus ego turbelis popularium dolentique atque indignanti similis arbitrabar super investigatione facti cuius modi consilium caperetur et an et quatenus latrones placeret inquiri, renuntiaturus vobis, uti mandaveratis, omnia. nec argumentis dubiis, sed rationibus probabilibus congruo cunctae multitudinis consensu nescio qui Lucios auctor manifestus facinoris postulabatur, qui proximis diebus fictis commendaticiis litteris Miloni sese virum commentitus bonum artius conciliaverat, ut etiam hospitio susceptus inter familiaris intimos haberetur, plusculisque ibidem diebus demoratus falsis amoribus ancillae Milonis animum inrepens ianuae claustra sedulo exploraverat et ipsa membra in quis omne patrimonium condi solebat curiose perspexerat."
https://www.thelatinlibrary.com/apuleius/apuleius7.shtml,95,"[] Nec exiguum scelerati monstrabatur indicium, quippe cum eadem nocte sub ipso flagitii momento idem profugisset nec exinde usquam compareret; nam et praesidium fugae, quo velocius frustratis insecutoribus procul ac procul abderet sese, eidem facile suppeditasse; equum nemque illum suum candidum vectorem futurum duxisse secum. Plane servum eius ibidem in hospitio repertum scelerum consiliorumque erilium futurum indicem per magistratus in publicam custodiam receptum et altera die tormentis vexatum pluribus ac paene ad ultimam mortem excarnificatum nil quicquam rerum talium esse confessum, missos tamen in patriam Luci illis multos numero qui reum poenas daturum sceleris inquirerent."""
https://www.thelatinlibrary.com/apuleius/apuleius7.shtml,86,"Haec eo narrante veteris fortunae et illius beati Lucii praesentisque aerumnae et infelicis asini facta comparatone medullitus ingemeat subibatque me non de nihilo veteris priscaeque doctrinae viros finxisse ac pronuntiasse caenam et prorsus exoculatam esse Fortunam, quae semper suas opes ad malos et indignos conferat nec unquam iudicio quemquam mortalium eligat, immo vero cum si potissimum deversetur quos procul, si videret, fugere deberet, quodque cunctis est extremius, varias opiniones, immo contrarias nobis attribuat, ut et malus boni viri fama glorietur et innocentissimus contra noxiorum more plectatur."
https://www.thelatinlibrary.com/apuleius/apuleius7.shtml,128,"[] Ego denique, quem saevissimus eius impetus in bestiam et extremae sortis quadripedem deduxerat cuiusque casus etiam quoivis iniquissimo dolendus atque miserandus merito videretur, crimine latrocinii in hospitem mihi carissimum postulabar. Quod crimen non modo latrocinium verum etiam parricidium quisque rectius nominarit. Nec mihi tamen licebat causam meam defendere vel unico verbo saltem denegare. Denique ne mala conscientia tam scelesto crimini praesens viderer silentio consentire, hoc tantum impatientia productus volui dicere: ""Non feci."" Et verbum quidem praecedens semel ac saepius inmodice clamitavi, sequens vero nullo pacto disserere potui, sed in prima remansi voce et identidem boavi ""Non non"", quanquam minia rutunditate pendulas vibrassem labias. Sed quid ego pluribus de Fortunae scaevitate conqueror, [quam]quam nec istud puduit me cum meo famulo meoque vectore illo equo factum conservum atque coniugem?"
https://www.thelatinlibrary.com/apuleius/apuleius7.shtml,175,"[] Talibus cogitationibus fluctuantem subit me cura illa potior, qua statuo latronum manibus virginis decretam me victimam recordabar, ventremque crebro suspiciens meum iam misellam puellam parturibam. Sed ille, qui commodum falsam de me notoriam pertulerat, expromptis mille aureum quos insutu laciniae contexerat quosque variis viatoribus detractos, ut aiebat, pro sua frugalitate communi conferebat arcae, infit etiam de salute commilitonum sollicite sciscitari. Cognitoque quosdam, immo vero fortissimus quemque variis quidem sed impigris casibus oppetisse, suadet tantisper pacatis itineribus omniumque proeliorum servatis indutiis inquisitioni commilitonum potius insisteretur et tirocinio novae iuventutis ad pristinae manus numerum Martiae cohortis facies integraretur: nam et invitos terrore compelli et volentes praemio provocari posse nec paucos humili servilique vitae renuntiantes et instar tyrannicae potestatis sectam suam conferre malle. Se quoque iam dudum pro sua parte quendam convenisse hominem et statu procerum et aetate iuvenem et corpore vastum et manu strenuum, eique suasisse ac denique persuasisse, ut manus hebetatas diutina pigritia tandem referret ad frugem meliorem bonoque secundae, dum posset, frueretur valetudinis, nec manus validam erogandae stipi porrigeret sed hauriendo potuit exerceret auro."
https://www.thelatinlibrary.com/apuleius/apuleius7.shtml,71,"[] Talibus dictis universi omnes adsensi et illum, qui iam comprobatus videretur, adscisci et alios ad supplendum numerum vestigari statuunt. Tunc profectus et paululum commoratus ille perducit immanem quendam iuvenem, uti fuerat pollicitus, nescio an ulli praesentium comparandum — nam praeter ceteram corporis molem toto vertice cunctos antepollebat et ei commodum lanugo malis inserpebat — sed plane centunculis disparibus et male consarcinatis semiamictum, inter quos pectus et venter crustata crassitie relucitabant."
https://www.thelatinlibrary.com/apuleius/apuleius7.shtml,85,"Sic introgressus: ""Havete,"" inquit ""fortissimo deo Marti clientes mihique iam fidi commilitones, et virum magnanimae vivacitatis volentem volentes accipite, libentius vulnera corpore excipientem quam aurum manu suscipientem ipsaque morte, quam formidant alii, meliorem. Nec me putetis egenum vel abiectum neve de pannulis istis virtute meas aestimetis. Nam praefui validissimae manui totamque prorsus devastavi Macedoniam. Ego sum praedo famosus Haemus ille Therone cuius totae provinciae nomen horrescunt, patre Therone aeque latrone inclito prognatus, humano sanguine nutritus interque ipsos manipulos factionis educatur heres et aemulus virtutis paternae."
https://www.thelatinlibrary.com/apuleius/apuleius7.shtml,140,"[] Sed omnem pristinam sociorum fortium multitudinem magnesque illas opes exiguo temporis amisi spatio. Nam procuratorem principis ducenaria perfunctum, dehinc fortuna tristiore decessum, praetereuntem Iove irato fueram adgressus — sed rei noscendae carpo ordinem. Fuit quidam multis officiis in aula Caesaris clarus atque conspicuus, ipsi etiam probe spectatus. Hunc insimulatum quorundam astu proiecit extorrem saeviens invidia. Sed uxor eius Plotina quaedam, rarae fidei atque singularis pudicitiae femina, quae decimo partun stipendio viri familiam fundaverat, spretis atque contemptis urbicae luxuriae deliciis, fugientis comes et infortunii socia, tonso capillo in masculinam faciem reformato habitu pretiosissimis monilium et auro monetali zonis refertis incincta inter ipsas custodientium milium manus et gladios nudos intrepida cunctorum periculorum particeps et pro mariti salute pervigilem curam sustinens aerumnas adsiduas ingenio masculo sustinebat. Iamque plurimis itineris difficultatibus marisque terroribus exanclatis Zacynthum petebat, quam sors et fatalis decreverat temporariam sedem."
https://www.thelatinlibrary.com/apuleius/apuleius7.shtml,73,"[] Sed cum primum litus Actiacum, quo tunc Macedonia delapsi grassabamur, appulisset — nocte promota tabernulam quandam litori navique proximam vitatis maris fluctibus incubabant — invadimus et diripimus omnia. Nec tamen periculo levi temptati discessimus. Simul namque primum sonum ianuae matrona percepit, procurrens in cubiculum clamoribus inquietis cuncta miscuit milites suosque famulos nominatim, sed et omnem viciniam suppetiatum convocans, nisi quod pavore cunctorum, qui sibi quisque metuentes delitiscebant, effectum est ut impune discederemus."
https://www.thelatinlibrary.com/apuleius/apuleius7.shtml,67,Sed protinus sanctissima — vera enim dicenda sunt — et unicae fidei femina bonis artibus gratiosa precibus ad Caesaris numen porrectis et marito reditum celerem et adgressurae plenam vindictam impetravit. Denique noluit esse Caesar Haemi latronis collegium et confestim interivit: tantum potest nutus etiam magni principis. Tota denique factione militarium vexillationum indagatu confecta atque concita ipse me furatus aegre solus mediis Orci faucibus ad hunc evasi modum:
https://www.thelatinlibrary.com/apuleius/apuleius7.shtml,55,"[] sumpta veste muliebri florida, in sinus flaccidos abundante, mitellaque textili contecto capite, calceis feminis albis illis et tenuibus inductus et in sequiorem sexum incertatus atque absconditus, asello spicas ordeacias gerenti residens per medias acies infesti militis transabivi. Nam mulierem putantes asinariam concedebant liberos abitus, quippe cum mihi etiam tunc depiles genae levi pueritia splendicarent."
https://www.thelatinlibrary.com/apuleius/apuleius7.shtml,68,"Nec ab illa tamen paterna gloria vel mea virtute descivi, quanquam semitrepidus iuxta mucrones Martios constitutus, sed habitus alieni fallacia tectum villas seu castella solus adgrediens viaticulum mihi conrasi et diloricatis statis pannulis in medium duo milia profudit aureorum et: ""En"" inquit ""istam sportulam, immo vero dotem collegio vestro libens meque vobis ducem fidissimum, si tamen non recusarit, offero brevi temporis spatio lapideam istam domum vestram facturus auream."""
https://www.thelatinlibrary.com/apuleius/apuleius7.shtml,224,"[] Nec mora nec cunctatio, sed calculis omnibus ducatum latrones unanimes ei deferunt vestemque lautiusculam proferunt, sumeret abiecto centunculo divite. Sic reformatus singulos exosculatus et in summo pulvinari locatus cena poculisque magnis inauguratur. Tunc sermonibus mutuis de virginis fuga deque mea vectura et utrique destinata monstruosa morte cognoscit et ubi locorum esset illa percontatus deductusque, visa ea, ut erat vinculis onusta, contorta et vituperanti nare discessit et: ""Non sum quidem tam brutus vel certe temerarius"" inquit "" ut scitum vestrum inhibeam, sed malae conscientiae reatum intra me sustinebo si quod bonum mihi videtur dissimulavero. Sed prius fiduciam vestri causa sollicito mihi tribuite, cum praesertim vobis, si sententia haec mea displicuerit, liceat rursus ad asinum redire. Nam ego arbitror latrones, quique eorum recte sapiunt, nihil anteferre lucro suo debere ac ne ipsam quidem saepe et ultis damnosam ultionem. Ergo igitur, si perdiderit in asino virginem, nihil amplius quam sine ullo compendio indignationem vestram exercueritis. Quin ego censeo deducendam eam ad quampiam civitatem ibique venundandam. Nec enim levi pretio distrahi poterit talis aetatula. Nam et ipse quosdam lenones pridem cognitos habeo, quorum poterit unus magnis equidem talentis, ut arbitror, puellam istam praestinare condigne natalibus suis fornicem processuram nec in similem fugam discursuram, non nihil etiam, cum lupanari servierit, vindictae vobis depensuram. Hanc et animo quidem meo sententiam conducibilem protuli; sed vos vestrorum estis consiliorum rerumque domini."""
https://www.thelatinlibrary.com/apuleius/apuleius7.shtml,87,"[] Sic ille latronum fisci advocatus nostram causam pertulerat, virginis et asini sospitator egregius. Sed in diutina deliberatione ceteri cruciantes mora consilii mea praecordia, immo miserum spiritum elidentes, tandem novicii latronis accendunt sententiae et protinus vinculis exsolvunt virginem. Quae quidem simul viderat illum iuvenem fornicisque et lenonis audierat mentionem, coepit risu laetissimo gestire, ut mihi merito subiret vituperatio totius sexus, cum videre puellam proci iuvenis amore nuptiarumque castarum desiderio simulato lupanaris spurci sordidique subito delectari nomine. Et tunc quidem totarum mulierum secta moresque de asini pendebant iudicio."
https://www.thelatinlibrary.com/apuleius/apuleius7.shtml,63,"Sed ille iuvenis sermone reperito: ""Quin igitur"" inquit ""supplicatum Marti Comiti pergimus et puellam simul vendituri et socios indagaturi? Sed, ut video, nullum uspiam pecus sacrificatui ac ne vinum quidem potatui adfatim vel sufficiens habemus. Decem mihi itaque legate comites, qui contentus proximum castellum petam, inde vobis epulas saliares comparaturus."" Sic eo profecto ceteri copiosum instruunt ignem aramque cespite virenti Marti deo faciunt."
https://www.thelatinlibrary.com/apuleius/apuleius7.shtml,160,"[] Nec multo post adveniunt illi vinarios utres ferentes et gregatim pecua comminantes, unde praelectum grandem hircum annosum et horricomem Marti Secutori Comitique victimant. Et ilico prandium fabricatur opipare. Tunc hospes ille: ""Non modo"" inquit ""exspoliationum praedarumque, verum etiam voluptatum vestrarum ducem me strenuum sentire debetis"" et adgressus insigni facilitate naviter cuncta praeministrat. Verrit, sternit, coquit, tucceta concinnat, adponit scitule, sed praecipue poculis celebris grandibusque singulos ingurgitat. Interdum tamen simulatione promendi quae poscebat usus ad puellam commeabat adsidue, partisque subreptas clanculo et praegustatas a se potiones offerebat hilaris. At illa sumebat adpetenter et non numquam basiare volenti promptis saviolis adlubescebat. Quae res oppido mihi displicebat. ""Hem oblita es nuptiarum tuique mutui cupitoris, puella virgo, et illi nescio cui recenti marito, quem tibi parentes iunxerunt, hunc advenam cruentumque percussorem praeponis? Nec te conscientia stimulat, sed adfectione calcata inter lanceas et gladios istos scortari tibi libet? Non rursum recurres ad asinum et rursum exitium mihi parabis? Re vera ludis de alieno corio."""
https://www.thelatinlibrary.com/apuleius/apuleius7.shtml,122,"[] Dum ista sycophanta ego mecum maxima cum indignatione disputo, de verbis erum quibusdam dubiis sed non obscuris prudenti asino cognosco non Haemum illum praedonem famosum sed Tlepolemum sponsum puellae ipsius. Nam procedente sermone paulo iam clarius contempta mea praesentia quasi vere mortui: ""Bono animo es,"" inquit ""Charite dulcissima; nam totis istos hostes tuos statim captivos habebis"", et instantia validiore vinum iam inmixtum, sed modico tepefactum vapore sauciis illis et crapula vinolentiaque madidis ipse abstemius non cessat inpingere. Et hercules suspicionem mihi fecit quasi soporiferum quoddam venenum cantharis immisceret illis. Cuncti denique, sed prorsus omnes vino sepulti iacebant, omnes pariter mortui. Tunc nullo negotio artissimis vinculis impeditis ac pro arbitrio suo constrictis illis, imposita dorso meo puella, dirigit gressum ad suam patriam."
https://www.thelatinlibrary.com/apuleius/apuleius7.shtml,129,"[] Quam simul accessimus, tota civitas ad votivum conspectum effunditur. Procurrunt parentes, affines, clientes, alumni, famuli laeti faciem, gaudio delibuti. Pompam cerneres omnis sexus et omnis aetatis novumque et hercules memorandum spectamen, virginem asino triumphantem. Denique ipse etiam hilarior pro virili parte, ne praesenti negotio ut alienus discreparem, porrectius auribus proflatisque naribus rudivi fortiter, immo tonanti clamore personui. Et illam thalamo receptam commode parentes sui fovebant, me vero cum ingenti iumentorum civiumque multitudine confestim retro Tlepolemus agebat non invitum. Nam et alias curiosus et tunc latronum captivitatis spectator optabam fieri. Quos fidem colligatos adhuc vino magis quam vinculis deprehendimus. Totis ergo prolatis erutisque rebus et nobis auro argentoque et ceteris onustis ipsos partim constrictos, uti fuerant, provolutosque in proximas rupinas praecipites dedere, alios vero suis sibi gladiis obtruncatos reliquere."
https://www.thelatinlibrary.com/apuleius/apuleius7.shtml,19,"Tali vindicta laeti et gaudentes civitatem revenimus. Et illas quidem divitas publicae custodelae commisere, Tlepolemo puellam repetitam lege tradidere."
https://www.thelatinlibrary.com/apuleius/apuleius7.shtml,50,"[] Exin me suum sospitatorem nuncupatum matrona prolixe curitabat ipsoque nuptiarum die praesepium meum ordeo passim repleri iubet faenumque camelo Bactrinae sufficiens apponi. Sed quas ego condignas Photidi diras devotiones imprecarer, quae me formavit non canem, sed asinum, quippe cum viderem largissimae cenae reliquiis rapinisque canes omnes inescatos atque distentos."
https://www.thelatinlibrary.com/apuleius/apuleius7.shtml,73,"Post noctem et rudimenta Veneris recens nupta gratias summas apud suos parentes ac maritum mihi meminisse non destitit, quoad summos illi promitterent honorem habituri mihi. Convocatis denique gravioribus amicis consilium datur, quo potissimum pacto digne remunerarer. Placuerant uni domi me conclusum et otiosum hordeo lecto fabaque et vicia saginari; sed optinuit alius, qui meae libertati prospexerat, suadens ut rurestribus potius campis in greges equinos lasciviens discurrerem daturum dominis equarum inscensu generoso multas alumnas."
https://www.thelatinlibrary.com/apuleius/apuleius7.shtml,57,"[] Ergo igitur evocato statim armentario equisone magna cum praefatione deducendus adsignor. Et sane gaudens laetusque praecurrebam et ceteris oneribus iam nunc renuntiaturus nanctaque libertate veris initio pratis herbantibus rosas utique reperturus aliquas. Subibat me tamen illa etiam sequens cogitatio, quod tantis actis gratiis honoribusque plurimis asino meo tribuit humana facie recepta multo tanta pluribus beneficiis honestarer."
https://www.thelatinlibrary.com/apuleius/apuleius7.shtml,99,"Sed ubi me procul a civitate gregarius ille perduxerat, nullae deliciae ac ne ulla quidem libertas excipit. Nam protinus uxor eius, avara equidem nequissimae illa mulier, molae machinariae subiugum me dedit frondosoque baculo subinde castigans panem sibi suisque de meo parabat corio. Nec tantum sui cibi gratia me fatigare contenta, vicinorum etiam frumenta mercennariis discursibus meis conterebat, nec mihi misero statuta saltem cibaria pro tantis praestabantur laboribus. Namque hordeum meum frictum et sub eadem mola meis quassatum ambagibus colonis proximis venditabat, mihi vero per diem laboriosae machinae adtendo sub ipsa vespera furfures apponebat incretos ac sordidos multosque lapide salebrosos."
https://www.thelatinlibrary.com/apuleius/apuleius7.shtml,159,"[] Talibus aerumnis edomitum novis Fortuna saeva tradidit cruciatibus, scilicet ut, quod aiunt, domi forisque foribus factis adoriae plenae egregius mandati dominici serus auscultator aliquando permisit. At ego tandem liber asinus laetus et tripudians graduque molli gestiens equas opportunissimas iam mihi concubinas futuras deligebam. Sed haec etiam spes hilarior in capitale processit exitium. Mares enim ob amissuram veterem pasti satianter ac diu saginati, terribiles [alios] alioquin et utique quovis asino fortiores, de me metuentes sibi et adulterio degeneri praecaventes nec hospitalis Iovis servato foedere rivalem summo furentes persecuntur odio. Hic elatis in altum vastis pectoribus arduus capite et sublimis vertice primoribus in me pugillatur ungulis, ille terga pulposis torulis obsera convertens postremis velitatur calcibus, alius hinnitu maligno comminatus remulsis auribus dentiumque candentium renudatis asceis totum me commorsicat. Sic apud historiam de rege Thracio legeram, qui miseros hospites ferinis equis suis lacerandos devorandosque porrigebat; adeo ille praepotens tyrannus sic parcus hordei fuit ut edacium iumentorum famem corporum humanorum largitione sedaret."
https://www.thelatinlibrary.com/apuleius/apuleius7.shtml,149,"[] At eundem modum distractus et ipse variis equorum incursibus rursum molares illos circuitus requirebam. Verum Fortuna meis cruciatibus insatiabilis aliam mihi denuo pestem instruxit. Delegor enim ligno monte devehundo, perque mihi praefectus imponitur omnium unus ille quidem puer deterrimus. Nec me montis excelsi tantum arduum fatigabat iugum, nec saxeas tantum sudes incursando contribam ungulas, verum fustium quoque crebris ictibus prolixe dedolabar, ut usque plagarum mihi medullaris insideret dolor; coxaeque dexterae semper ictus incutiens et unum feriendo locum dissipato corio et ulceris latissimi facto foramine, immo fovea vel etiam fenestra nullus tamen desinebat identidem vulnus sanguine delibutum obtundere. Lignorum vero tanto me premebat pondere, ut fascium molem elephanto, non asino paratam putares. Ille vero etiam quotiens in alterum latus praeponderans declinarat sarcina, cum deberet potius gravantis ruinae fustes demere et levata paulisper pressura sanare me vel certe in alterum translatis peraequare, contra lapidibus additis insuper sic iniquitati ponderis medebatur."
https://www.thelatinlibrary.com/apuleius/apuleius7.shtml,98,"[] Nec tamen post tantas meas clades inmodico sarcinae pondere contentus, cum fluvium transcenderemus, qui forte praeter viam defluebat, peronibus suis ab aquae madore consulens ipse quoque insuper lumbos meos insiliens residebat, exiguum scilicet et illud tantae molis superpondium. Ac si quo casu limo caenoso ripae supercilia lubricante oneris inpatientia prolapsus deruissem, cum deberet egregius agaso manum porrigere, capistro suspendere, cauda sublevare, certe partem tanti oneris, quoad resurgerem saltem, detrahere, nullum quidem defesso mihi ferebat auxilium, sed occipiens a capite, immo vero et ipsis auribus totum me complicabat [cidit] fusti grandissimo, donec fomenti vice ipsae me plagae suscitarent."
https://www.thelatinlibrary.com/apuleius/apuleius7.shtml,32,"Idem mihi talem etiam excogitavit perniciem. Spinas acerrumas et punctu venerato viriosas in fascem tortili nodo constrictas caudae meae pensilem deligavit cruciatum, ut incessu meo commotae incitataeque funestis aculeis infeste me convulnerarent."
https://www.thelatinlibrary.com/apuleius/apuleius7.shtml,137,"[] Ergo igitur ancipiti malo laboratam. Nam cum me cursu proripueram fugiens acerbissimos incursus, vehementiore nisu spinarum feriebar: si dolori parcens paululum restitissem, plagis compellebar ad cursum. Nec quicquam videbatur aliud excogitare puer ille nequissimus quam ut me quoquo modo perditum iret, idque iurans etiam non numquam comminabatur. En plane fuit, quod eius detestabilem malitiam ad peiores conatus stimularet; nam quadam die nimia eius insolentia expugnata patientia mea calces in eum validas extuleram. Denique tale facinus in me comminiscitur. Stuppae sarcina me satis onustum probeque funiculis constrictum producit in viam deque proxima villula spirantem carbunculum furatus oneris in ipso meditullio reponit. Iamque fomento tenui calescens et enutritus ignis surgebat in flammas et totum me funestus ardor invaserat, nec ullum pestis extremae suffugium nec salutis aliquod apparet solacium, et ustrina talis moras non sustinet et meliora consilia praevertitur."
https://www.thelatinlibrary.com/apuleius/apuleius7.shtml,120,"[] Sed in rebus scaevis adfulsit Fortunae nutus hilarior nescio an futuris periculis me reservans, certe praesente statutaque morte liberans. Nam forte pluviae pridianae recens conceptaculum aquae lutulentae proximum conspicatus ibi memet inprovido saltu totum abicio flammaque prorsus extincta tandem et pondere levatus et exitio liberatus evado. Sed ille deterrimus ac temerarius puer hoc quoque suum nequissimum factum in me retortis gregariisque omnibus adfirmavit me sponte vicinorum foculos transeuntem titubanti gradu prolapsum ignem ultroneum accersisse mihi, et arridens addidit: ""Quo usque ergo frustra pascemus inigninum istum?"" Nec multis interiectis diebus longe peioribus me dolis petivit. Ligno enim quod gerebam in proximam casulam vendito vacuum me ducens iam se nequitiae meae proclamans imparem miserrimumque istud magisterium rennuens querelas huius modi concinnat:"
https://www.thelatinlibrary.com/apuleius/apuleius7.shtml,150,"[] Videtis istum pigrum tardissimumque et nimis asinum? Me post cetera flagitia nunc novis periculis etiam angit. Vt quemque enim viatorem prospexerit, sive illa scitura mulier seu virgo nubilis seu tener puellus est, ilico disturbato gestamine, non numquam etiam ipsis stramentis abiectis, furens incurrit et homines amator talis appetit et humi prostrati illis inhians illicitas atque incognitas temptat libidines et ferinas voluptates, aversaque Venere invitat ad nuptias. Nam imaginem etiam savii mentiendo ore improbo compulsat ac morsicat. Quae res nobis non mediocris lites atque iurgia, immo forsitan et crimina pariet. Nunc etiam visa quadam honesta iuvene, ligno quod devehebat abiecto dispersoque, in eam furiosos direxit impetus et festivus hic amasio humo sordida prostratam mulierem ibidem omnium gestiebat inscendere. Quod nisi ploratu questuque femineo conclamatum viatorum praesidium accurrisset ac de mediis ungulis ipsius esset erepta liberataque, misera illa compavita atque dirupta ipsa quidem cruciabilem cladem sustinuisset, nobis vero poenale reliquisset exitium."""
https://www.thelatinlibrary.com/apuleius/apuleius7.shtml,73,"[] Talibus mendaciis admiscendo sermones alios, qui meum verecundum silentium vehementius premerent, animos pastorum in meam perniciem atrociter suscitavit. Denique unus ex illis: ""Quin igitur publicum istum maritum"" inquit ""immo communem omnium adulterum illis suis monstruosis nuptiis condignam victimamus hostiam? et ?Heus tu, puer,"" ait ""obtruncato protinus eo intestina quidem canibus nostris iacta, ceteram vero carnem omnem operariorum cenae reserva. Nam corium adfirmavit cineris inspersum dominis referemus eiusque mortem de lupo facile mentiemur."""
https://www.thelatinlibrary.com/apuleius/apuleius7.shtml,29,"Sublata cunctatione accusator ille meus noxius, ipse etiam pastoralis exsecutor sententiae, laetus et meis insultans malis calcisque illius admonitus, quam inefficacem fuisse mehercules doleo, protinus gladium cotis adtritu parabat."
https://www.thelatinlibrary.com/apuleius/apuleius7.shtml,121,"[] Sed quidam de coetu illo rusticorum: ""Nefas? ait ""tam bellum asinum sic enecare et propter luxuriem lasciviamque amatoriam criminatum opera servitioque tam necessario carere, cum alioquin exsectis genitalibus possit neque in venerem nullo modo surgere vosque omni metu periculi liberare, insuper etiam longe crassior atque corpulentior effici. Multos ego scio non modo asinos inertes, verum etiam ferocissimo equos nimio libidinis laborantes atque ob id truces vesanoque adhibita tali detestatione mansuetos ac mites exinde factos et oneri ferundo non inhabiles et cetero ministerio patiente. Denique nisi vobis suadeo nolentibus, possum spatio modico interiecto, quo mercatum obire statui, petitis e domo ferramentis huic curare praeparatis ad vos actutum redire trucemque amatorem istum atque insuavem dissitis femoribus emasculare et quovis vervece mitiorem efficere."""
https://www.thelatinlibrary.com/apuleius/apuleius7.shtml,133,"[] Tali sententia mediis Orci manibus extractus set extremae poenae reservatus maerebam et in novissima parte corporis totum me periturum deflebam. Inedita denique vel praecipiti ruina memet ipse quaerebam extinguere moriturus quidem nihilo minus sed moriturus integer. Dumque in ista necis meae decunctor electione, matutino me rursum puer ille peremptor meus contra montis suetum ducit vestigium, Iamque me de cuiusdam viam supergressus ipse securi lignum, quod deveheret, recidebat. Et ecce de proximo specu vastum attollens caput funesta proserpit ursa. Quam simul conspexi, pavidus et repentina facies conterritus totum corporis pondus in postremos poplites recello arduaque cervice sublimiter elevata lorum quo tenebar rumpo meque protinus pernici fugae committo perque prona non tantum pedibus verum etiam toto proiecto corpore propere devolutus immitto me campis subpatentibus, ex summo studio fugiens immanem ursam ursaque peiorem illum puerum."
https://www.thelatinlibrary.com/apuleius/apuleius7.shtml,43,[] Tunc quidam viator solitarium vagumque me respiciens invadit et properiter inscensum baculo quod gerebat obverberans per obliquam ignaramque me dicebat viam. Nec invitus ego cursui me commodabam relinquens atrocissimam virilitatis lanienam. Ceterum plagis non magnopere commovebar quippe consuetus ex forma concidi fustibus.
https://www.thelatinlibrary.com/apuleius/apuleius7.shtml,50,"Sed illa Fortuna meis casibus pervicax tam opportunum latibulum miseria celeritate praeversa novas instruxit insidias. Pastores enim mei perditam sibi requirentes vacculam variasque regiones peragrantes occurrunt nobis fortuito statimque me cognitum capistro prehensum attrahere gestiunt. Sed audacia valida resistens ille fidem hominum deumque testabatur: ""Quid me raptatis violenter? Quid invaditis?"""
https://www.thelatinlibrary.com/apuleius/apuleius7.shtml,73,"""Ain, te nos tractamus inciviliter, qui nostrum asinum furatus abducis? Quin potius effaris ubi puerum eiusdem agasonem, necatum scilicet, occultaris?"" Et illico detractus ad terram pugnisque pulsatus et calcibus contusus infit deierans nullum semet vidisse ductorem, sed plane continatum solutum et solitarium ob indicivae praemium occupasse, domino tamen suo restituturum. ""Atque unitam ipse asinum"", inquit ""quem numquam profecto vidissem, vocem quiret humanam dare meaeque testimonium innocentiae perhibere posset: profecto vos huius iniuriae pigeret."""
https://www.thelatinlibrary.com/apuleius/apuleius7.shtml,22,Sic adseverans nihil quicquam promovebat. Nam collo constrictum reductum eum pastores molesti contra montis illius silvosa nemora unde lignum puer solebat egerere.
https://www.thelatinlibrary.com/apuleius/apuleius7.shtml,83,"[] Nec uspiam ruris reperitur ille, sed plane corpus eius membratim laceratum multisque dispersum locis conspicitur. Quam rem procul dubio sentiebam ego illius ursae dentibus esse perfectam, et hercules dicerem quod sciebam, si loquendi copia suppeditaret. sed, quod solum poteram, tacitus licet serae vindictae gratulabar. Et cadaver quidem disiectis partibus tandem totum repertum aegreque concinnatum ibidem terrae dedere, meum vero Bellerophontem abactorem indubitatum cruentumque percussorem criminantes, ad casas interim suas vinctum perducunt, quoad renascenti die sequenti deductus ad magistratus, ut aiebant, poenas redderetur."
https://www.thelatinlibrary.com/apuleius/apuleius7.shtml,52,"Interim dum puerum illum parentes sui plangoribus fletibusque querebantur, et adveniens ecce rusticus nequaquam promissum suum frustratus destinatam sectionem meam flagitat. ""Non est"" in his inquit unus ""indidem praesens iactura nostra, sed plane crastino libet non tantum naturam verum etiam caput quoque ipsum pessimo isto asino demere. Nec tibi ministerium deerit istorum."""
https://www.thelatinlibrary.com/apuleius/apuleius7.shtml,219,"[] Sic effectum est ut in alterum diem clades differetur mea. At ego gratias agebam bono puero quod saltem mortuus unam carnificinae meae dieculam donasset. nec tamen tantillum saltem gratulationi meae quietive spatium datum; nam mater pueri, mortem deplorans acerbam filii, fleta et lacrimosa fuscaque veste contecta, ambabus manibus trahens cinerosam canitiem, heiulans et exinde proclamans stabulum inrumpit meum tunsisque ac diverberatis vehementer uberibus incipit: ""Et nunc iste securus incumbens praesepio voracitati suae deseruit et insatiabilem profundumque ventrem semper esitando distendit nec aerumnae meae miseretur vel detestabilem casum defuncti magistri recordatur, sed scilicet senectam infirmitatemque meam contemnit ac despicit et impune se laturum tantum scelus credit. At utcumque se praesumit innocentem; est enim congruens pessimis conatibus contra noxiam conscientiam sperare securitatem. Nam pro deum fidem, quadrupes nequissime, licet precariam vocis usuram sumeret, cui tandem vel ineptissimo persuadere possis atrocitatem istam culpa (tua) carere, cum propugnare pedibus et arcere morsibus misello puero potueris? An ipsum quidem saepius incursare calcibus potuisti, morituram vero defendere alacritate simili nequisti? Certe dorso receptum auferres protinus et infesti latronis cruentis manibus eriperes, postremum deserto derelictoque illo conservo magistro comite pastore non solus aufugeres. An ignoras eos etiam qui morituris auxilium salutare denegarint, quod contra bonos mores id ipsum fecerint, solere puniri? Sed non diutius meis cladibus laetaberis, homicidia. Senties efficiam, misero dolori naturales vires adesse"";"
https://www.thelatinlibrary.com/apuleius/apuleius7.shtml,98,"[] et cum dicto subsertis manibus exsoluit suam sibi fasceam pedesque meos singillatim inligans indidem constringit artissime, scilicet ne quod vindictae meae superesset praesidium, et pertica qua stabuli fores offirmari solebant adrepta non prius me desiit obtundere quam victis fessisque viribus suopte pondere degravatus manibus eius fustis esset elapsus. Tunc de brachiorum suorum cita fatigatione conquesta procurrit ad focum ardentemque titionem gerens mediis inguinibus obtrudit usque, donec solo quod restabat nisus praesidio liquida fimo strictim egesta faciem atque oculos eius confoedassem. Qua caecitate atque faetore tandem fugata est a mea pernicie: ceterum titione delirantis Althaeae Meleager asinus interisset."
https://www.thelatinlibrary.com/apuleius/apuleius4.shtml,140,"Diem ferme circa medium, cum iam flagrantia solis caleretur, in pago quodam apud notos ac familiares latronibus senes devertimus. Sic enim primus aditus et sermo prolixus et oscula mutua quamvis asino sentire praestabant. Nam et rebus eos quibusdam dorso meo depromptis munerabantur et secretis gannitibus quod essent latrocinio partae videbantur indicare. Iamque nos omni sarcina levatos in pratum proximum passim libero pastui tradidere. Nec me cum asino vel equo meo conpascuus coetus attinere potuit adhuc insolitum alioquin prandere faenum, sed plane pone stabulum prospectum hortulum iam fame perditus fidenter invado, et quamvis crudis holeribus adfatim tamen ventrem sagino, deosque comprecatus omnes cuncta prospectabam loca, sicubi forte conterminis in hortulis candens reperirem rosarium. Nam et ipsa solitudo iam mihi bonam fiduciam tribuebat, si devius et frutectis absconditus sumpto remedio de iumenti quadripedis incurvo gradu rursum erectus in hominem inspectante nullo resurgerem."
https://www.thelatinlibrary.com/apuleius/apuleius4.shtml,152,"Ergo igitur cum in isto cogitationis salo fluctuarem aliquanto longius frondosi nemoris convallem umbrosam, cuius inter varias herbulas et laetissima virecta fungentium rosarum mineus color renidebat. Iamque apud mea usquequaque ferina praecordia Veneris et Gratiarum lucum illum arbitrabar, cuius inter opaca secreta floris genialis regius nitor relucebat. Tunc invocato hilaro atque prospero Eventu cursu me concito proripio, ut hercule ipse sentirem non asinum me verum etiam equum currulem nimio velocitatis effectum. Sed agilis atque praeclarus ille conatus fortunae meae scaevitatem anteire non potuit. Iam enim loco proximus non illas rosas teneras et amoenas, madidas divini roris et nectaris, quas rubi felices beatae spinae generant, ac ne convallem quidem usquam nisi tantum ripae fluvialis marginem densis arboribus septam video. Hae arbores in lauri faciem prolixe foliatae pariunt in odor) modum floris [inodori] porrectos caliculos modice punicantes, quos equidem flagrantis minime rurestri vocabulo vulgus indoctum rosas laureas appellant quarumque cuncto pecori cibus letalis est."
https://www.thelatinlibrary.com/apuleius/apuleius4.shtml,221,"Talibus fatis implicitus etiam ipsam salutem recusans sponte illud venenum rosarium sumere gestiebam. Sed dum cunctanter accedo decerpere, iuvenis quidam, ut mihi videbatur, hortulanus, cuius omni prorsus holera vastaveram, tanto damno cognito cum grandi baculo furens decurrit adreptumque me totum plagis obtundit adusque vitae ipsius periculum, nisi tandem sapienter alioquin ipse mihi tulissem auxilium. Nam lumbis elevatis in altum, pedum posteriorum calcibus iactatis in eum crebriter, iam mulcato graviter atque iacente contra proclive montis attigui fuga me liberavi. Sed ilico mulier quaepiam, uxor eius scilicet, simul eum prostratum et semianimem ex edito despexit, ululabili cum plangore ad eum statim prosilit, ut sui videlicet miseratione mihi praesens crearet exitium. Cuncti enim pagani fletibus eius exciti statim conclamant canes atque ad me laniandum rabie perciti ferrent impetum passim cohortatur. Tunc igitur procul dubio iam morti proximus, cum viderem canes et modo magnos et numero multos et ursis ac leonibus ad compugnandum idoneos in me convocatos exasperari, e re nata capto consilio fugam desino ac me retrorsus celeri gradu rursum in stabulum quo deverteramus recipio. At illi canibus iam aegre cohibitis adreptum me loro quam valido ad ansulam quandam destinatum rursum caedendo confecissent profecto, nisi dolore plagarum alvus artata crudisque illis oleribus abundans et lubrico fluxu saucia fimo fistulatim excusso quosdam extremi liquoris aspergine alios putore nidoris faetidi a meis iam quassis scapulis abegisset."
https://www.thelatinlibrary.com/apuleius/apuleius4.shtml,119,"Nec mora, cum iam in meridiem prono iubare rursum nos ac praecipue me longe gravius onustum producunt illi latrones stabulo. Iamque confecta bona parte itineris et viae spatio defectus et sarcinae pondere depressus ictibusque fustium fatigatus atque etiam ungulis extritis iam claudus et titubans rivulum quendam serpentis leniter aquae propter insistens subtilem occasionem feliciter nactus cogitabam totum memet flexis scite cruribus pronum abicere, certus atque obstinatus nullis verberibus ad ingrediundum exsurgere, immo etiam paratus non fusti tantum (percussus) sed machaera perfossus occumbere. Rebar enim iam me prorsus exanimatum ac debilem mereri causariam missionem, certe latrones partim inpatientia morae partim studio festinatae fugae dorsi mei sarcinam duobus ceteris iumentis distributuros meque in altioris vindictae vicem lupis et vulturiis praedam relicturos."
https://www.thelatinlibrary.com/apuleius/apuleius4.shtml,154,"Sed tam bellum consilium meum praevertit sors deterrima. Namque ille alius asinus divinato et antecapto meo cogitatu statim se mentita lassitudine cum rebus totis offudit, iacensque in modum mortui non fustibus non stimulis ac ne cauda et auribus cruribusque undique versum elevatis temptavit exurgere, quoad tandem postumae spei fatigati secumque conlocuti, ne tam diu mortuo immo vero lapideo asino servientes fugam morarentur, sarcinis eius mihi equoque distributis destricto gladio poplites eius totos amputant, ac paululum a via retractum per altissimum praeceps in vallem proximam etiam nunc spirantem praecipitant. Tunc ego miseri commilitonis fortunam cogitans statui iam dolis abiectis et fraudibus asinum me bonae frugi dominis exhibere. Nam et secum eos animadverteram conloquentes quod in proximo nobis esset habenda mansio et totius viae finis quieta eorumque esset sedes illa et habitatio. Clementi denique transmisso clivulo pervenimus ad locum destinatum, ubi rebus totis exsolutis atque intus conditis iam pondere liberatus lassitudinem vice lavacri pulvereis volutatibus digerebam."
https://www.thelatinlibrary.com/apuleius/apuleius4.shtml,155,"Res ac tempus ipsum locorum speluncaeque quam illi latrones inhabitabant descriptionem exponere flagitat. Nam et meum simul periclitabor ingenium, et faxo vos quoque an mente etiam sensuque fuerim asinus sedulo sentiatis. Mons horridus silvestribusque frondibus umbrosus et in primis altus fuit. Huius per obliqua devexa, qua saxis asperrimis et ob id inaccessis cingitur, convalles lacunosae cavaeque nimium spinetis aggeratae et quaquaversus repositae naturalem tutelam praebentes ambiebant. De summo vertice fons affluens bullis ingentibus scaturribat perque prona delapsus evomebat undas argenteas iamque rivulis pluribus dispersus ac valles illas agminibus stagnantibus inrigans in mondum stipati maris vel ignavi fluminis cuncta cohibebat. Insurgit speluncae, qua margines montanae desinunt, turris ardua; caulae firmae solidis cratibus, ovili stabulationi commodae, porrectis undique lateribus ante fores exigui tramitis vice structis parietis attenduntur. Ea tu bono certe meo periculo latronum dixeris atria. Nec iuxta quicquam quam parva casula cannulis temere contecta, qua speculatores e numero latronum, ut postea comperi, sorte ducti noctibus excubabant."
https://www.thelatinlibrary.com/apuleius/apuleius4.shtml,78,"Ibi cum singuli derepsissent stipatis artubus, nobis ante ipsas fores loro valido destinatis anum quandam curvatam gravi senio, cui soli salus atque tutela tot numero iuvenum commissa videbatur, sic infesti compellant: ""Etiamne tu, busti cadaver extremum et vitae dedecus primum et Orci fastidium solum, sic nobis otiosa domi residens lusitabis nec nostris tam magnis tamque periculosis laboribus solacium de tam sera refectione tribues? Quae diebus ac noctibus nil quicquam rei quam merum saevienti ventri tuo soles aviditer ingurgitare."""
https://www.thelatinlibrary.com/apuleius/apuleius4.shtml,63,"Tremens ad haec et stridenti vocula pavida sic anus: ""At vobis, fortissimi fidelissimeque mei sospitatores iuvenes, adfatim cuncta suavi sapore percocta pulmenta praesto sunt, panis numerosus vinum probe calicibus ecfricatis affluenter immissum et ex more calida tumultuario lavacro vestro praeparata."" In fine sermonis huius statim sese devestiunt nudatique et flammae largissimae vapore recreati calidaque perfusi et oleo peruncti mensas dapibus largiter instructas accumbunt."
https://www.thelatinlibrary.com/apuleius/apuleius4.shtml,175,"Commodum cubuerant et ecce quidam longe plures numero iuvenes adveniunt alii, quos incunctanter adaeque latrones arbitrarere. Nam et ipsi praedas aureorum argentariorumque nummorum ac vasculorum vestisque sericae et intextae filis aureis invehebant. Hi simili lavacro refoti inter toros sociorum sese reponunt, tunc sorte ducti ministerium faciunt. Estur ac potatur incondite, pulmentis acervatim, panibus aggeratim, poculis agminatim ingestis. Clamore ludunt, strepitu cantilant, conviciis iocantur, ac iam cetera semiferis Lapithis [tebcinibus] Centaurisque semihominibus similia. Tunc inter eos unus, qui robore ceteros antistabat: ""Nos quidem,"" inquit ""qui Milonis Hypatini domum fortiter expugnavimus, praeter tantam fortunae copiam, quam nostra virtute nacti sumus, et incolumi numero castra nostra petivimus et, si quid ad rem facit, octo pedibus auctiores remeavimus. At vos, qui Boeotias urbes adpetistis, ipso duce vestro fortissimo Lamacho deminuti debilem numerum reduxistis, cuius salutem merito sarcinis istis quas advexistis omnibus antetulerim. Sed illum quidem utcumque nimia virtus sua peremit; inter inclitos reges ac duces proeliorum tanti viri memoria celebrabitur. Enim vos bonae frugi latrones inter furta parva atque servilia timidule per balneas et aniles cellulas reptantes scrutariam facitis."""
https://www.thelatinlibrary.com/apuleius/apuleius4.shtml,133,"Suscipit unus ex illo posteriore numero: ""Tune solus ignoras longe faciliores ad expugnandum domus esse maiores? Quippe quod, licet numerosa familia latis deversetur aedibus, tamen quisque magis suae saluti quam domini consulat opibus. Frugi autem et solitarii homines fortunam parvam vel certe satis amplam dissimulanter obtectam protegunt acrius et sanguinis sui periculo muniunt. Res ipsa denique fidem sermoni meo dabit. Vix enim Thebas heptapylos accessimus: quod est huic disciplinae primarium studium, [sed dum] sedulo fortunas inquirebamus popularium; nec nos denique latuit Chryseros quidam nummularius copiosae pecuniae dominus, qui metu officiorum ac munerum publicorum magnis artibus magnam dissimulabat opulentiam. Denique solus ac solitarius parva sed satis munita domuncula contentus, pannosus alioquin ac sordidus, aureos folles incubabat. Ergo placuit ad hunc primum ferremus aditum, ut contempta pugna manus unicae nullo negotio cunctis opibus otione potiremur."
https://www.thelatinlibrary.com/apuleius/apuleius4.shtml,123,"Nec mora, cum noctis initio foribus eius praestolamur, quas neque sublevare neque dimovere ac ne perfringere quidem nobis videbatur, ne valvarum sonus cunctam viciniam nostro suscitaret exitio. Tunc itaque sublimis ille vexillarius noster Lamachus spectatae virtutis suae fiducia, qua clavis immittendae foramen patebat, sensim inmissa manu claustrum evellere gestiebat. Sed dudum scilicet omnium bipedum nequissimus Chryseros vigilans et singula rerum sentiens lenem gradum et obnixum silentium tolerans paulatim adrepit, grandique clavo manum ducis nostri repente nisu fortissimo ad ostii tabulam officit et exitiabili nexu patibulatum relinquens gurgustioli sui tectum ascendit, atque inde contentissima voce clamitans rogansque vicinos et unum quemque proprio nomine ciens et salutis communis admonens diffamat incendio repentino domum suam possideri. Sic unus quisque proximi periculi confinio territus suppetiatum decurrunt anxii."
https://www.thelatinlibrary.com/apuleius/apuleius4.shtml,162,"Tunc nos in ancipiti periculo constituti vel opprimendi nostri vel deserendi socii remedium e re nata validum eo volente comminiscimus. Antesignani nostri partem, qua manus umerum subit, ictu per articulum medium temperato prorsus abscidimus, atque ibi brachio relicto, multis laciniis offulto vulnere ne stillae sanguinis vestigium proderent, ceterum Lamachum raptim reportamus. Ac dum trepidi religionis urguemur gravi tumultu et instantis periculi metu terremur ad fugam nec vel sequi propere vel remanere tuto potest vir sublimis animi virtutisque praecipuus, multis nos adfantibus multique precibus querens adhortatur per dexteram Martis per fidem sacramenti bonum commilitonem cruciatu simul et captivitate liberaremus. Cur enim manui, quae rapere et iugulare sola posset, fortem latronem supervivere? Sat se beatum qui manu socia volens occumberet. Cumque nulli nostrum spontale parricidium suadens persuadere posset, manu reliqua sumptum gladium suum diuque deosculatum per medium pectus ictu fortissimo transadigit. Tunc nos magnanimi ducis vigore venerato corpus reliquum veste lintea diligenter convolutum mari celandum commisimus. Et nunc iacet noster Lamachus elemento toto sepultus."
https://www.thelatinlibrary.com/apuleius/apuleius4.shtml,212,"Et ille quidem dignum virtutibus suis vitae terminum posuit. Enim vero Alcimus sollertibus coeptis eo saevum Fortunae nutum non potuit adducere. Qui cum dormientis anus perfracto tuguriolo conscendisset cubiculum superius iamque protinus oblisis faucibus interstinguere eam debuisset, prius maluit rerum singula per latiorem fenestram forinsecus nobis scilicet rapienda dispergere. Cumque iam cuncta rerum naviter emolitus nec toro quidem aniculae quiescentis parcere vellet eaque lectulo suo devoluta vestem stragulam subductam scilicet iactare similiter destinaret, genibus eius profusa sic nequissima illa deprecatur: ""Quid, oro, fili, paupertinas pannosasque resculas miserrimae anus donas vicinis divitibus, quorum haec fenestra domum prospicit?"" Quo sermone callido deceptus astu et vera quae dicta sunt credens Alcimus, verens scilicet ne et ea quae prius miserat quaeque postea missurus foret non sociis suis sed in alienos lares iam certus erroris abiceret, suspendit se fenestra sagaciter perspecturus omnia, praesertim domus attiguae, quam dixerat illa, fortunas arbitraturus. Quod eum strenue quidem set satis inprovide conantem senile illud facinus quamquam invalido repentino tamen et inopinato pulsu nutantem ac pendulum et in prospectu alioquin attonitum praeceps inegit. Qui praeter altitudinem miniam super quendam etiam vastissimum lapidem propter iacentem decidens perfracta diffisaque crate costarum rivos sanguinis vomens imitus narratisque nobis quae gesta sunt non diu cruciatus vitam evasit. Quem prioris exemplo sepulturae traditum bonum secutorem Lamacho dedimus."
https://www.thelatinlibrary.com/apuleius/apuleius4.shtml,140,"Tunc orbitatis duplici plaga petiti iamque Thebanis conatibus abnuentes Plataeas proximan conscendimus civitatem. Ibi famam celebrem super quodam Demochare munus edituro gladiatorium deprehendimus. Nam vir et genere primarius et opibus plurimus et liberalitate praecipuus digno fortunae suae splendore publicas voluptates instruebat. Quis tantus ingenii, quis facundiae, qui singulas species apparatus multiiugi verbis idoneis posset explicare? Gladiatores isti famosae manus, venatores illi probatae pernicitatis, alibi noxii perdita securitate suis epulis bestiarum saginas instruentes; confixilis machinae sublicae, turres structae tabularum nexibus ad instar circumforaneae domus, florida pictura decora futurae venationis receptacula. Qui praeterea numerus, quae facies ferarum! Nam praecipuo studio foris etiam advexerat generosa illa damnatorum capitum funera. Sed praeter ceteram speciosi muneris supellectilem totis utcumque patrimonii viribus immanis ursae comparabat numerum copiosum. Nam praeter domesticis venationibus captas, praeter largis emptionibus partas, amicorum etiam donationibus variis certatim oblatas tutela sumptuosa sollicite nutriebat."
https://www.thelatinlibrary.com/apuleius/apuleius4.shtml,175,"Nec ille tam clarus tamque splendidus publicae voluptatis apparatus Invidiae noxios effugit oculos. Nam diutina captivitate fatigatae simul et aestiva flagrantia maceratae, pigra etiam sessione languidae, repentina correptae pestilentia paene ad nullum redivere numerum. Passim per plateas plurimas cerneres iacere semivivorum corporum ferina naufragia. Tunc vulgus ignobile, quos inculta pauperies sine dilectu ciborum tenuato ventri cogit sordentia supplementa et dapes gratuitas conquirere, passim iacentes epulas accurrunt. Tunc e re nata suptile consilium ego et iste Eubulus tale comminiscimur. Vnam, quae ceteris sarcina corporis praevalebat, quasi cibo parandam portamus ad nostrum receptaculum, eiusque probe nudatum carnibus corium servatis sollerter totis unguibus, ipso etiam bestiae capite adusque confinium cervicis solido relicto, tergus omne rasura studiosa tenuamus et minuto cinere perspersum soli siccandum tradimus. Ac dum caelestis vaporis flammis examurgatur, nos interdum pulpis eius valenter sanguinantes sic instanti militiae disponimus sacramentum, ut unus e numero nostro, non qui corporis adeo sed animi robore ceteris antistaret, atque si in primis voluntarius, pelle illa contectus ursae subiret effigiem domumque Democharis inlatus per opportuna noctis silentia nobis ianuae faciles praestaret aditus."
https://www.thelatinlibrary.com/apuleius/apuleius4.shtml,97,"Nec paucos fortissimi collegii sollers species ad munus obeundum adrexerat. Quorum prae ceteris Thrasyleon factionis optione delectus ancipitis machinae subivit aleam, iamque habili corio et mollitie tractabili vultu sereno sese recondit. Tunc tenui sarcimine summas, oras eius adaequamus et iuncturae rimam, licet gracilem, setae circumfluentis densitate saepimus. Ad ipsum confinium gulae, qua cervix bestiae fuerat exsecta, Thrasyleonis caput subire cogimus, parvisque respiratui et obtutui circa nares et oculos datis foraminibus fortissimum socium nostrum prorsus bestiam factum inmittimus caveae modico praestinatae pretio, quam constanti vigore festinus inrepsit ipse. Ad hunc modum prioribus inchoatis sic ad reliqua fallaciae pergimus."
https://www.thelatinlibrary.com/apuleius/apuleius4.shtml,130,"Sciscitati nomen cuiusdam Nicanoris, qui genere Thracio proditur ius amicitiae summum cum illo Demochare colebat, litteras adfingimus, ut venationis suae primitias bonus amicus videretur ornando muneri dedicasse. Iamque provecta vespera abusi praesidio tenebrarum Thrasyleonis caveam Demochari cum litteris illis adulterinis offerimus; qui miratus bestiae magnitudinem suique contubernalis opportuna liberalitate laetatus iubet nobis protinus gaudii sui ut ipse habebat gerulis decem aureos [ut ipse habebat] e suis loculis adnumerari. Tunc, ut novitas consuevit ad repentinas visiones animos hominum pellicere, multi numero mirabundi bestiam confluebant, quorum satis callenter curiosos aspectus Thrasyleon noster impetu minaci frequenter inhibebat; consonaque civium voce satis felix ac beatus Demochares ille saepe celebratus, quod post tantam cladem ferarum novo proventu quoquo modo fortunae resisteret, iubet novalibus suis confestim bestiam [iret iubet] summa cum diligentia reportari. Sed suscipiens ego:"
https://www.thelatinlibrary.com/apuleius/apuleius4.shtml,115,"""Caveas,"" inquam ""domine, fraglantia solis et itineris spatio fatigatam coetui multarum et, ut audio, non recte valentium committere ferarum. Quin potius domus tuae patulum ac perflabilem locum immo et lacu aliquoi conterminum refrigerantemque prospicis? An ignoras hoc genus bestiae lucos consitos et specus roridos et fontes amoenos semper incubare?"" Talibus monitis Demochares perterritus numerumque perditarum secum recenses non difficulter adsensus ut ex arbitrio nostro caveam locaremus facile permisit. ""Sed et nos"" inquam ""ipsi parati sumus hic ibidem pro cavea ista excubare noctes, ut aestus et vexationis incommodo bestiae fatigatae et cibum tempestivum et potum solitum accuratius offeramus."" ""Nihil indigemus labore isto vestro,"" respondit ille ""iam paene tota familia per diutinam consuetudinem nutriendis ursis exercitata est."""
https://www.thelatinlibrary.com/apuleius/apuleius4.shtml,207,"Post haec valefacto discessimus et portam civitatis egressi monumentum quoddam conspicamur procul a via remoto et abdito loco positum. Ibi capulos carie et vetustate semitectos, quis inhabitabant puluerei et iam cinerosi mortui, passim ad futurae praedae receptacula reseramus, et ex disciplina sectae servato noctis inlunio tempore, quo somnus obvius impetu primo corda mortalium validius invadit ac premit, cohortem nostram gladiis armatam ante ipsas fores Democharis velut expilationis vadimonium sistimus. Nec setius Thrasyleon examussim capto noctis latrocinali momento prorepit cavea statimque custodes, qui propter sopiti quiescebant, omnes ad unum mox etiam ianitorem ipsum gladio conficit, clavique subtracta fores ianuae repandit nobisque prompte convolantibus et domus alveo receptis demonstrat horreum, ubi vespera sagaciter argentum copiosum recondi viderat. Quo protinus perfracto confertae manus violentia, iubeo singulos commilitonum asportare quantum quisque poterat auri vel agenti et in illis aedibus fidelissimorum mortuorum occultare propere rursumque concito gradu recurrentis sarcinas iterare; quod enim ex usu foret omnium, me solum resistentem pro domus limine cuncta rerum exploraturum sollicite, dum redirent. Nam et facies ursae mediis aedibus discurrentis ad proterrendos, siqui de familia forte evigilassent, videbatur opportuna. Quis enim, quamvis fortis et intrepidus, immani forma tantae bestiae noctu praesertim visitata non se ad fugam statim concitaret, non obdito cellae pessulo pavens et trepidus sese cohiberet?"
https://www.thelatinlibrary.com/apuleius/apuleius4.shtml,97,"His omnibus salubri consilio recte dispositis occurrit scaevus eventus. Namque dum reduces socios nostros suspensus opperior, quidam servulus strepitu scilicet vel certe divinitus inquietus proserpit leniter visaque bestia, quae libere discurrens totis aedibus commeabat, premens obnixum silentium vestigium suum replicat et utcumque cunctis in domo visa pronuntiat. Nec mora, cum numerosae familiae frequentia domus tota completur. Taedis lucernis cereis sebaciis et ceteris nocturni luminis instrumentis clarescunt tenebrae. Nec inermis quisquam de tanta copia processit, sed singuli fustibus lanceis destrictis denique gladiis armati muniunt aditus. Nec secum canes etiam venaticos auritos illos et horricomes ad comprimendam bestiam cohortantur."
https://www.thelatinlibrary.com/apuleius/apuleius4.shtml,145,"Tunc ego sensim gliscente adhuc illo tumultu retrogradi fuga domo facesso, sed plane Thrasyleonem mire canibus repugnantem latens pone ianuam ipse prospicio. Quamquam enim vitae metas ultimas obiret, non tamen sui nostrique vel pristinae virtutis oblitus iam faucibus ipsis hiantis Cerberi reluctabat. Scaenam denique quam sponte sumpserat cum anima retinens, nunc fugiens, nunc resistens variis corporis sui schemis ac motibus tandem domo prolapsus est. Nec tamen, quamvis publica potitus libertate, salutem fuga quaerere potuit. Quippe cuncti canes de proximo angiportu satis feri satisque copiosi venaticis illis, qui commodum domo similiter insequentes processerant, se commiscent agminatim. Miserum funestumque spectamen aspexi, Thrasyleonem nostrum catervis canum saevientium cinctum atque obsessum multisque numero morsibus laniatum. Denique tanti doloris impatiens populi circumfluentis turbelis immisceor et, in quo solo poteram celatum auxilium bono ferre commilitoni, sic indaginis principes dehortabar: ""O grande"" inquam ""et extremum flagitium, magnam et vere pretiosam perdimus bestiam."""
https://www.thelatinlibrary.com/apuleius/apuleius4.shtml,190,"Nec tamen nostri sermonis artes infelicissimo profuerunt iuveni; quippe quidam procurrens e domo procerus et validus incunctanter lanceam mediis iniecit ursae praecordiis nec secus alius et ecce plurimi, iam timore discusso, certatim gladios etiam de proximo congerunt. Enimuero Thrasyleon egregium decus nostrae factionis tandem immortalitate digno illo spiritu expugnato magis quam patientia neque clamore ac ne ululatu quidem fidem sacramenti prodidit, sed iam morsibus laceratus ferroque laniatus obnixo mugitu et ferino fremitu praesentem casum generoso vigore tolerans gloriam sibi reservavit, vitam fato reddidit. Tanto tamen terrore tantaque formidine coetum illum turbaverat, ut usque diluculum immo et in multum diem nemo quisquam fuerit ausus quamvis iacentem bestiam vel digito contigere, nisi tandem pigre ac timide quidam lanius paulo fidentior utero bestiae resecto ursae magnificum despoliavit latronem. Sic etiam Thrasyleon nobis perivit, sed a gloria non peribit. Confestim itaque constrictis sarcinis illis, quas nobis servaverant fideles mortui, Plataeae terminos concito gradu deserentes istud apud nostros animos identidem reputabamus merito nullam fidem in vita nostra reperiri, quod ad manis iam et mortuos odio perfidiae nostrae demigrarit. Sic onere vecturae simul et asperitate viae toti fatigati tribus comitum desideratis istas quas videtis praedas adveximus."""
https://www.thelatinlibrary.com/apuleius/apuleius4.shtml,142,"Post istum sermonis terminum poculis aureis memoriae defunctorum commilitonum vino mero libant, dehinc canticis quibusdam Marti deo blanditi paululum conquiescunt. Enim nobis anus illa recens ordeum adfatim et sine ulla mensura largita est, ut equus quidem meus tanta copia solus potitus saliares se cenas cenare crederet. Ego vero, numquam alias hordeum crudum sed tunsum minutatim et diutina coquitatione iurulentum semper solitus esse, [rim] rimatus angulum, quo panes reliquiae totius multitudinis congestae fuerant, fauces diutina fame saucias et araneantes valenter exerceo. Et ecce nocte promota latrones expergiti castra commovent instructique varie, partim gladiis armati, partim in Lemures reformati, concito se gradu proripiunt. Nec me tamen instanter fortiter manducantem vel somnus imminens impedire potuit. Et quamquam prius, cum essem Lucius, unico vel secundo pane contentus mensa decederem, tunc ventri tam profundo serviens iam ferme tertium qualum rumigabam. Huic me operi attonitum clara lux oppressit."
https://www.thelatinlibrary.com/apuleius/apuleius4.shtml,119,"Tandem itaque asinali verecundia ductus, aegerrime tamen digrediens rivulo proximo sitim lenio. Nec mora, cum latrones ultra modum anxii atque solliciti remeant, nullam quidem prorsus sarcinam vel omnino licet vilem laciniam ferentes, sed tantum gladiis totis totis manibus immo factionis suae cunctis viribus munitam unicam virginem filo liberalem et, ut matronatus eius indicabat, summatem regionis, puellam mehercules et asino tali concupiscendam, maerentem et crines cum veste sua lacerantem advehebant. Eam simul intra speluncam ducunt verbisque quae dolebat minora facientes sic adloquuntur: ""Tu quidem salutis et pudicitiae secura brevem patientiam nostro compendio tribue, quos ad istam sectam paupertatis necessitas adegit. Parentes autem tui de tanto suarum divitiarum cumulo, quamquam satis cupidi, tamen sine mora parabunt scilicet idoneam sui sanguinis redemptionem."""
https://www.thelatinlibrary.com/apuleius/apuleius4.shtml,126,"His et his similibus blateratis necquicquam dolor sedatur puellae. Quidni? quae inter genua sua deposito capite sine modo flebat. At illi intro vocatae anui praecipiunt adsidens eam blando quantum posset solaretur alloquio, seque ad sectae sueta conferunt. Nec tamen puella quivit ullis aniculae sermonibus ab inceptis fletibus avocari, sed altius eiulans sese et assiduis singultibus illa quatiens mihi etiam lacrimas excussit. Ac sic: ""A ego"" inquit ""misera tali domo tanta familia tam caris vernulis tam sanctis parentibus desolata et infelicis rapinae praeda et mancipium effecta inque isto saxeo carcere et carnificinae laniena serviliter clausa et omnibus deliciis, quis innata atque innutrita sum, privata sub incerta salutis spe et carnificinae laniena inter tot ac tales latrones et horrendum gladiatorum populum vel fletum desinere vel omnino vivere potero?"
https://www.thelatinlibrary.com/apuleius/apuleius4.shtml,18,Lamentata sic et animi dolore et faucium tendore et corporis lassitudine iam fatigata marcentes oculos demisit ad soporem.
https://www.thelatinlibrary.com/apuleius/apuleius4.shtml,63,"At commodum coniverat nec diu, cum repente lymphatico ritu somno recussa longe longeque vehementius adflictare sese et pectus etiam palmis infestis tundere et faciem illam luculentam verberare incipit et aniculae, quamquam instantissime causas novi et instaurati maeroris requirenti, sic adsuspirans altius infit: ""Em nunc certe nunc maxime funditus perii, nunc spei salutiferae renuntiavi. Laqueus aut gladius aut certe praecipitium procul dubio capessendum est."
https://www.thelatinlibrary.com/apuleius/apuleius4.shtml,49,"Ad haec anus iratior dicere eam saeviore iam vultu iubebat quid, malum, fleret vel quid repente postliminio pressae quietis lamentationes licentiosas refricaret. ""Nimirum"" inquit ""tanto compendio tuae redemptionis defraudare iuvenes meos destinas? Quod si pergis ulterius, iam faxo lacrimis istis, quas parvi pendere latrones consuerunt, insuper habitis viva exurare."""
https://www.thelatinlibrary.com/apuleius/apuleius4.shtml,197,"Tali puella sermone deterrita manusque eius exosculata: ""Parce,"" inquit ""mi parens, et durissimo casui meo pietatis humanae memor subsiste paululum. Nec enim, ut reor, aevo longiore maturae tibi in ista sancta canitie miseratio prorsus exarvit. Specta denique scaenam meae calamitatis. Speciosus adulescens inter suos principalis, quem filium publicum omnis sibi civitas cooptavit, meus alioquin consobrinus, tantulo triennio maior in aetate, qui mecum primis ab annis nutritus et adultus individuo contubernio domusculae immo vero cubiculi torique sanctae caritatis adfectione mutua mihi pigneratus votisque nuptialibus pacto iugali pridem destinatus, consensu parentum tabulis etiam maritus nuncupatus, ad nuptias officio frequenti cognatorum et adfinium stipatus templis et aedibus publicis victimas immolabat; domus tota lauris obsita taedis lucida constrepebat hymenaeum; tunc me gremio suo mater infelix tolerans mundo nuptiali decenter ornabat mellitisque saviis crebiter ingestis iam spem futuram liberorum votis anxiis propagabat, cum irruptionis subitae gladiatorum fit impetus ad belli faciem saeviens, nudis et infestis mucronibus coruscans: non caedi non rapinae manus adferunt, sed denso conglobatoque cuneo cubiculum nostrum invadunt protinus. Nec ullo de familiaribus nostris repugnante ac ne tantillum quidem resistente misera formidine exanimem, saevo pavore trepidam, de medio matris gremio rapuere. Sic ad instar Attidis vel Protesilai dispectae disturbataeque nuptiae."
https://www.thelatinlibrary.com/apuleius/apuleius4.shtml,91,"Sed ecce saevissimo somnio mihi nunc etiam redintegratur immo vero cumulatur infortunium meum; nam visa sum mihi de domo de thalamo de cubiculo de toro denique ipso violenter extracta per solitudines avias infortunatissimi mariti nomen invocare, eumque, ut primum meis amplexibus viduatus est, adhuc ungentis madidum coronis floridum consequi vestigio me pedibus fugientem alienis. Vtque clamore percito formonsae raptum uxoris conquerens populi testatur auxilium, quidam de latronibus importunae persecutionis indignatione permotus saxo grandi pro pedibus adrepto misellum iuvenem maritum meum percussum interemit. Talis aspectus atrocitate perterrita somno funesto pavens excussa sum."""
https://www.thelatinlibrary.com/apuleius/apuleius4.shtml,76,"Tunc fletibus eius adsuspirans anus sic incipit: ""Bono animo esto, mi erilis, nec vanis somniorum figmentis terreare. Nam praeter quod diurnae quietis imagines falsae perhibentur, tunc etiam nocturnae visiones contrarios eventus nonnumquam pronuntiant. Denique flere et vapulare et nonnumquam iugulari lucrosum prosperumque proventum nuntiant, contra ridere et mellitis dulciolis ventrem saginare vel in voluptatem veneriam convenire tristitie animi languore corporis damnisque ceteris vexatum iri praedicabunt. Sed ego te narrationibus lepidis anilibusque fabulis protinus avocabo"", et incipit:"
https://www.thelatinlibrary.com/apuleius/apuleius4.shtml,131,"Erant in quadam civitate rex et regina. Hi tres numero filias forma conspicuas habuere, sed maiores quidem natu, quamvis gratissima specie, idonee tamen celebrari posse laudibus humanis credebantur, at vero puellae iunioris tam praecipua tam praeclara pulchritudo nec exprimi ac ne sufficienter quidem laudari sermonis humani penuria poterat. Multi denique civium et advenae copiosi, quos eximii spectaculi rumor studiosa celebritate congregabat, inaccessae formositatis admiratione stupidi et admoventes oribus suis dexteram primore digito in erectum pollicem residente ut ipsam prorsus deam Venerem religiosis <venerabantur> adorationibus. Iamque proximas civitates et attiguas regiones fama pervaserat deam quam caerulum profundum pelagi peperit et ros spumantium fluctuum educavit iam numinis sui passim tributa venia in mediis conversari populi coetibus, vel certe rursum novo caelestium stillarum germine non maria sed terras Venerem aliam virginali flore praeditam pullulasse."
https://www.thelatinlibrary.com/apuleius/apuleius4.shtml,95,"Sic immensum procedit in dies opinio, sic insulas iam proxumas et terrae plusculum provinciasque plurimas fama porrecta pervagatur. Iam multi mortalium longis itineribus atque altissimis maris meatibus ad saeculi specimen gloriosum confluebant. Paphon nemo Cnidon nemo ac ne ipsa quidem Cythera ad conspectum deae Veneris navigabant; sacra differuntur, templa deformantur, pulvinaria proteruntur, caerimoniae negleguntur; incoronata simulacra et arae viduae frigido cinere foedatae. Puellae supplicatur et in humanis vultibus deae tantae numina placantur, et in matutino progressu virginis, victimis et epulis Veneris absentis nomen propitiatur, iamque per plateas commeantem populi frequentes floribus sertis et solutis adprecantur."
https://www.thelatinlibrary.com/apuleius/apuleius4.shtml,24,"Haec honorum caelestium ad puellae mortalis cultum inmodica translatio verae Veneris vehementer incendit animos, et impatiens indignationis capite quassanti fremens altius sic secum disserit:"
https://www.thelatinlibrary.com/apuleius/apuleius4.shtml,79,"""En rerum naturae prisca parens, en elementorum origo initialis, en orbis totius alma Venus, quae cum mortali puella partiario maiestatis honore tractor et nomen meum caelo conditum terrenis sordibus profanatur! Nimirum communi nominis piamento vicariae venerationis incertum sustinebo et imaginem meam circumferet puella moritura. Frustra me pastor ille cuius iustitiam fidemque magnus comprobavit Iuppiter ob eximiam speciem tantis praetulit deabus. Sed non adeo gaudens ista, quaecumque est, meos honores usurpaverit: iam faxo eam huius etiam ipsius inlicitae formonsitatis paeniteat."""
https://www.thelatinlibrary.com/apuleius/apuleius4.shtml,64,"Et vocat confestim puerum suum pinnatum illum et satis temerarium, qui malis suis moribus contempta disciplina publica flammis et sagittis armatus per alienas domos nocte discurrens et omnium matrimonia corrumpens impune committit tanta flagitia et nihil prorsus boni facit. Hunc, quamquam genuina licentia procacem, verbis quoque insuper stimulat et perducit ad illam civitatem et Psychen — hoc enim nomine puella nuncupabatur — coram ostendit,"
https://www.thelatinlibrary.com/apuleius/apuleius4.shtml,79,"et tota illa perlata de formonsitatis aemulatione fabula gemens ac fremens indignatione: ""Per ego te"" inquit ""maternae caritatis foedere deprecor per tuae sagittae dulcia vulnera per flammae istius mellitas uredines vindictam tuae parenti sed plenam tribue et in pulchritudinem contumacem severiter vindica idque unum et pro omnibus unicum volens effice: virgo ista amore fraglantissimo teneatur hominis extremi, quem et dignitatis et patrimonii simul et incolumitatis ipsius Fortuna damnavit, tamque infimi ut per totum orbem non inveniat miseriae suae comparem."""
https://www.thelatinlibrary.com/apuleius/apuleius4.shtml,98,"Sic effata et osculis hiantibus filium diu ac pressule saviata proximas oras reflui litoris petit, plantisque roseis vibrantium fluctuum summo rore calcato ecce iam profundi maris sudo resedit vertice, et ipsum quod incipit velle, set statim, quasi pridem praeceperit, non moratur marinum obsequium: adsunt Nerei filiae chorum canentes et Portunus caerulis barbis hispidus et gravis piscoso sinu Salacia et auriga parvulus delphinis Palaemon; iam passim maria persultantes Tritonum catervae hic concha sonaci leniter bucinat, ille serico tegmine flagrantiae solis obsistit inimici, alius sub oculis dominae speculum progerit, curru biiuges alii subnatant. Talis ad Oceanum pergentem Venerem comitatus exercitus."
https://www.thelatinlibrary.com/apuleius/apuleius4.shtml,128,"Interea Psyche cum sua sibi perspicua pulchritudine nullum decoris sui fructum percipit. Spectatur ab omnibus, laudatur ad omnibus, nec quisquam, non rex non regius nec de plebe saltem cupiens eius nuptiarum petitor accedit. Mirantur quidem divinam speciem, sed ut simulacrum fabre politum mirantur omnes. Olim duae maiores sorores, quarum temperatam formositatem nulli diffamarant populi, procis regibus desponsae iam beatas nuptias adeptae, sed Psyche virgo vidua domi residens deflet desertam suam solitudinem aegra corporis animi saucia, et quamvis gentibus totis complacitam odit in se suam formositatem. Sic infortunatissimae filiae miserrimus pater suspectatis caelestibus odiis et irae superum metuens dei Milesii vetustissimum percontatur oraculum, et a tanto numine precibus et victimis ingratae virgini petit nuptias et maritum. Sed Apollo, quamquam Graecus et Ionicus, propter Milesiae conditorem sic Latina sorte respondit:"
https://www.thelatinlibrary.com/apuleius/apuleius4.shtml,40,"""Montis in excelsi scopulo, rex siste puellamornatam mundo funerei thalami.Nec speres generum mortali stirpe creatum,sed saevum atque ferum vipereumque malum,quod pinnis volitans super aethera cuncta fatigatflammaque et ferro singula debilitat,quod tremit ipse Iovis quo numina terrificantur,fluminaque horrescunt et Stygiae tenebrae."""
https://www.thelatinlibrary.com/apuleius/apuleius4.shtml,82,"Rex olim beatus affatus sanctae vaticinationis accepto pigens tristisque retro domum pergit suaeque coniugi praecepta soris enodat infaustae. Maeretur, fletur, lamentatur diebus plusculis. Sed dirae sortis iam urget taeter effectus. Iam feralium nuptiarum miserrimae virgini choragium struitur, iam taede lumen atrae fuliginis cinere marcescit, et sonus tibiae zygiae mutatur in querulum Ludii modum cantusque laetus hymenaei lugubri finitur ululatu et puella nuptura deterget lacrimas ipso suo flammeo. Sic adfectae domus triste fatum cuncta etiam civitas congemebat luctuque publico confestim congruens edicitur iustitium."
https://www.thelatinlibrary.com/apuleius/apuleius4.shtml,172,"Sed monitis caelestibus parendi necessitas misellam Psychen ad destinatam poenam efflagitabat. Perfectis igitur feralis thalami cum summo maerore sollemnibus toto prosequente populo vivum producitur funus, et lacrimosa Psyche comitatur non nuptias sed exsequias suas. Ac dum maesti parentes et tanto malo perciti nefarium facinus perficere cunctatur, ipsa illa filia talibus eos adhortatur vocibus: ""Quid infelicem senectam fletu diutino cruciatis? Quid spiritum vestrum, qui magis meus est, crebris eiulatibus fatigatis? Quid lacrimis inefficacibus ora mihi veneranda foedatis? Quid laceratis in vestris oculis mea lumina? Quid canities scinditis? Quid pectora, quid ubera sancta tunditis? Haec erunt vobis egregiae formonsitatis meae praeclara praemia. Invidiae nefariae letali plaga percussi sero sentitis. Cum gentes et populi celebrarent nos divinis honoribus, cum novam me Venerem ore consono nuncuparent, tunc dolere, tunc flere, tunc me iam quasi peremptam lugere debuistis. Iam sentio iam video solo me nomine Veneris perisse. Ducite me et cui sors addixit scopulo sistite. Festino felices istas nuptias obire, festino generosum illum maritum meum videre. Quid differo quid detrecto venientem, qui totius orbis exitio natus est?"""
https://www.thelatinlibrary.com/apuleius/apuleius4.shtml,97,"Sic profata virgo conticuit ingressuque iam valido pompae populi prosequentis sese miscuit. Itur ad constitutum scopulom montis ardui, cuius in summo cacumine statutam puellam cuncti deserunt, taedasque nuptiales, quibus praeluxerant, ibidem lacrimis suis extinctas relinquentes deiectis capitibus domuitionem parant. Et miseri quidem parentes eius tanta clade defessi, clausae domus abstrusi tenebris, perpetuae nocti sese dedidere. Psychen autem paventem ac trepidam et in ipso scopuli vertice deflentem mitis aura molliter spirantis Zephyri vibratis hinc inde laciniis et reflato sinu sensim levatam suo tranquillo spiritu vehens paulatim per devexa rupis excelsae vallis subditae florentis cespitis gremio leniter delapsam reclinat."
https://www.thelatinlibrary.com/apuleius/apuleius8.shtml,44,"Noctis gallicinio venit quidam iuvenis e proxima civitate, ut quidem mihi videbatur, unus ex famulis Charites, puellae illius, quae mecum aput latrones pares aerumnas exanclaverat. Is de eius exitio et domus totius infortunio mira ac nefanda, ignem propter adsidens, inter conservorum frequentiam sic annuntiabat:"
https://www.thelatinlibrary.com/apuleius/apuleius8.shtml,86,"Equisones opilionesque, etiam busequae, fuit Charite nobis, fuit misella et quidem casu gravissimo, nec vero incomitata Manis adivit. Sed ut cuncta noritis, referam vobis a capite quae gesta sunt quaeque possint merito doctiore, quibus stilos fortuna subministrat, in historiae speciem chartis involvere. Erat in proxima civitate iuvenis natalibus praenobilis quo clarus et pecuniae fuit satis locuples, sed luxuriae popinalis scortisque et diurnis potationibus exercitatus atque ob id factionibus latronum male sociatus nec non etiam manus infectus humano cruore, Thrasyllus nomine. Idque sic erat et fama dicebat."
https://www.thelatinlibrary.com/apuleius/apuleius8.shtml,154,"Hic, cum primum Charite nubendo maturuisset, inter praecipuos procos summo studio petitionis eius munus obierat et quanquam ceteris omnibus id genus viris antistaret eximiisque muneribus parentum invitaret iudicium, morum tamen improbatus repulsae contumelia fuerat aspersus. Ac dum erilis puella in boni Tlepolemi manum venerat, firmiter deorsus delapsum nutriens amorem et denegati thalami permiscens indignationem, cruento facinori quaerebat accessum. Nactus denique praesentiae suae tempestivam occasionem, sceleri, quod diu cogitarat, accingitur. Ac die quo praedonum infestis mucronibus puella fuerat astu virtutibusque sponsi sui liberata, turbae gratulantium exultans insigniter permiscuit sese salutique praesenti ac futurae suboli novorum maritorum gaudibundus ad honorem splendidae prosapiae inter praecipuos hospites domum nostram receptus, occultato consilio sceleris, amici fidelissimi personam mentiebatur. Iamque sermonibus assiduis et conversatione frequenti nonnumquam etiam cena proculoque communi carior cariorque factus in profundam ruinam cupidinis sese paulatim nescius praecipitaverat. Quidni, cum flamma saevi amoris parva quidem primo vapore delectet, sed fomentis consuetudinis exaestuans inmodicis ardoribus totos amburat homines?"
https://www.thelatinlibrary.com/apuleius/apuleius8.shtml,83,"Diu denique deliberaverat secum Thrasyllus quod nec clandestinis colloquiis opportunum reperiret locum et adulterinae Veneris magis magisque praeclusos aditus [copia custodientium] cerneret novaeque atque gliscentis affectionis firmissimum vinculum non posse dissociari perspiceret, et puellae, si vellet, quanquam velle non posset, [copia custodientum] furatrinae coniugalis incommodaret rudimentum; et tamen ad hoc ipsum quod non potest contentiosa pernicie, quasi posset, impellitur. Quod nunc arduum factu putatur, amore per dies roborato facile videtur effectu. Spectate denique, sed, oro, sollicitis animis intendite, quorsum furiosae libidinis proruperit impetus."
https://www.thelatinlibrary.com/apuleius/apuleius8.shtml,137,"Die quadam venatum Tlepolemus assumpto Thrasyllo petebat indagaturus feras, quod tamen in capreis feritatis est; nec enim Charite maritum suum quaerere patiebatur bestias armatas dente vel cornu. Iamque apud frondosum tumulum ramorumque densis tegminibus umbrosum prospectu vestigatorum obseptis capreis canes venationis indagini generosae, mandato cubili residentes invaderent bestias, immittuntur statimque sollertis disciplinae memores partitae totos praecingunt aditus tacitaque prius servata mussitatione, signo sibi repentino reddito, latratibus fervidis dissonisque miscent omnia. Nec ulla caprea nec pavens dammula nec prae ceteris feris mitior cerva, sed aper immanis atque invisitatus exsurgit toris callosae cutis obesus, pilis inhorrentibus corio squalidus, setis insurgentibus spinae hispidus, dentibus attritu sonaci spumeus, oculis aspectu minaci flammeus, impetu saevo frementis oris totus fulmineus. Et primum quidem canum procaciores, quae comminus contulerant vestigium, genis hac illac iactatis consectas interficit, dein calcata retiola, qua primos impetus reduxerat, transabiit."
https://www.thelatinlibrary.com/apuleius/apuleius8.shtml,209,"Et nos quidem cuncti pavore deterriti et alioquin innoxiis venationibus consueti, tunc etiam inermes atque inmuniti tegumentis frondis vel arboribus latenter abscondimus, Thrasyllus vero nactus fraudium opportunum decipulum sic Tlepolemum captiose compellat: ""Quid stupore confusi vel etiam cassa formidine similes humilitati servorum istorum vel in modum pavoris feminei deiecti tam opimam praedam mediis manibus amittimus? Quin equos inscendimus? Quin ocius indipiscimur? En cape venabulum et ego sumo lanceam."" Nec tantillum morati protinus insiliunt equos ex summo studio bestiam insequentes. Nec tamen illa genuini vigoris oblita retorquet impetum et incendio feritatis ardescens dentium compulsu quem primum insiliat cunctabunda rimatur. Sed prior Tlepolemus iaculum quod gerebat insuper dorsum bestiae contorsit. At Thrasyllus ferae quidem pepercit, set equi quo vehebatur Tlepolemus postremos poplites lancea feriens amputat. Quadrupes reccidens, qua sanguis effluxerat, toto tergo supinatus invitus dominum suum devolvit ad terram. Nec diu, sed eum furens aper invadit iacentem ac primo lacinias eius, mox ipsum resurgentem multo dente laniavit. Nec coepti nefarii bonum piguit amicum vel suae saevitiae litatum saltem tanto periculo cernens potuit expleri, sed percito atque plagoso ac frustra vulnera contegenti suumque auxilium miseriter roganti per femus dexterum dimisit lanceam tanto ille quidem fidentius quanto crederet ferri vulnera similia futura prosectu dentium. Nec non tamen ipsam quoque bestiam facili manu transadigit."
https://www.thelatinlibrary.com/apuleius/apuleius8.shtml,62,"Ad hunc modum definito iuvene exciti latibulo suo quisque familia maesta concurrimus. At ille quanquam perfecti voto prostrato inimico laetus ageret, vultu tamen gaudium tegit et frontem adseverat et dolorem simulat et cadaver, quod ipse fecerat, avide circumplexus omnia quidem lugentium officia sollerter adfinxit, sed solae lacrimae procedere noluerunt. Sic ad nostri similitudinem, qui vere lamentabamur, conformatus manus suae culpam bestiae dabat."
https://www.thelatinlibrary.com/apuleius/apuleius8.shtml,99,"Necdum satis scelere transacto fama dilabitur et cursus primos ad domum Tlepolemi detorquet et aures infelicis nuptae percutit. Quae quidem simul percepit tale nuntium quale non audiet aliud, amens et vecordia percita cursuque bacchata furibundo per plateas populosas et arva rurestria fertur insana voce casum mariti quiritans. Confluunt civium maestae catervae, secuntur obvii dolore sociato, civitas cuncta vacuatur studio visionis. Et ecce mariti cadaver accurrit labantique spiritu totam se super corpus effudit ac paenissime ibidem, quam devoverat, ei reddidit animam. Sed aegre manibus erepta suorum invita remansit in vita, funus vero toto feralem pompam prosequente populo deducitur ad sepulturam."
https://www.thelatinlibrary.com/apuleius/apuleius8.shtml,75,"Sed Thrasyllus nimium nimius clamare, plangere et quas in primo maerore lacrimas non habebat iam scilicet crescente gaudio reddere et multis caritatis nominibus Veritatem ipsam fallere. Illum amicum, coaetaneum, contubernalem, fratrem denique addito nomine lugubri ciere, nec non interdum manus Charites a pulsandis uberibus amovere, luctum sedare, heiulatum cohercere, verbis palpantibus stimulum doloris obtundere, variis exemplis multivagi casus solacia nectere, cunctis tamen mentitae pietatis officiis studium contrectandae mulieris adhibere odiosumque amorem suum perperam delectando nutrire."
https://www.thelatinlibrary.com/apuleius/apuleius8.shtml,134,"Sed officiis inferialibus statim exactis puella protinus festinat ad maritum suum demeare cunctasque prosus pertemptat vias, certe illam lenem otiosamque nec telis ullis indigentem sed placidae quieti consimilem: inedia denique misera et incuria squalida, tenebris imis abscondita, iam cum luce transegerat. Sed Thrasyllus instantia pervicaci partim per semet ipsum, partim per ceteros familiares ac necessarios, ipso denique puellare parentes extorquet tandem iam lurore et inluvie paene conlapsa membra lavacro, cibo denique confoveret. At illa, parentum suorum alioquin reverens, invita quidem, verum religiosae necessitati subcumbens, vultu non quidem hilaro, verum paulo sereniore obiens, ut iubebatur, viventium munia, prorsus in pectore, immo vero penitus in medullis luctu a maerore carpebat animum; diesque totos totasque noctes insumebat luctuoso desiderio, et imaginem defuncti, quas ad habitum dei Liberi formaverat, adfixo servito divinis percolens honoribus ipso se solacio cruciabat."
https://www.thelatinlibrary.com/apuleius/apuleius8.shtml,114,"Sed Thrasyllus, praeceps alioquin et de ipso nomine temerarium, priusquam dolorem lacrimae satiarent et percitae mentis resideret furor et in sese nimietatis senio lassesceret luctus, adhuc flentem maritum, adhuc vestes lacerantem, adhuc capillos distrahentem non dubitavit de nuptiis convenire et imprudentiae labe tacita pectoris sui secreta fraudesque ineffabiles detegere. Sed Charite vocem nefandam et horruit et detestata est et velut gravi tonitru procellaque sideris vel etiam ipso diali fulmine percussa corruit corpus et obnubilavit animam. Sed intervallo revalescente paulatim spiritu, ferinos mugitus iterans et iam scaenam pessimi Thrasylli perspiciens, ad limam consili desiderium petitoris distulit. Tunc inter moras umbra illa misere trucidati Tlepolemi sanie cruentam et pallore deformem attollens faciem quietem pudicam interpellat uxoris:"
https://www.thelatinlibrary.com/apuleius/apuleius8.shtml,82,"""Mi coniux, quod tibi prorsus ab alio dici iam licebit: etsi in pectore tuo non permanet nostri memoria vel acerbae mortis meae casus foedus caritatis intercidit. — quovis alio felicius maritare, modo ne in Thrasylli manum sacrilegam conveniam neve sermonem conferas nec mensam accumbas nec toro adquiescas. Fuge mei percussoris cruentam dexteram. Noli parricidio nuptias auspicari. Vulnera illa, quorum sanguinem tuae lacrimae perluerunt, non sunt tota dentium vulnera: lancea mali Thrasylli me tibi fecit alienum"" et addidit cetera omnemque scaenam sceleris inluminavit."
https://www.thelatinlibrary.com/apuleius/apuleius8.shtml,80,"At illa, ut primum maesta quieverat, toro faciem impressa, etiamnunc dormiens,lacrimis emanantibus genas cohumidat et velut quodam tormento inquieta quiete excussa luctu redintegrato prolixum heiulat discissaque interula decora brachia saevientibus palmulis converberat. Nec tamen cum quoquam participatis nocturnis imaginibus, sed indicio facinoris prorsus dissimulato, et nequissimum percussorem punire et aerumnabili vitate sese subtrahere tacita decernit, Ecce rursus inprovidae voluptatis detestabilis petitor aures obseratas de nuptiis obtundens aderat. Sed illa clementer aspernata sermonem Thrasylli astuque miro personata instanter garrienti summisseque deprecanti:"
https://www.thelatinlibrary.com/apuleius/apuleius8.shtml,75,"""Adhuc"" inquit ""tui fratris meique carissimi mariti facies pulchra illa in meius deversatur oculis, adhuc odor cinnameus ambrosei corporis per nares meas percurrit, adhuc formonsus Tlepolemus in meo vivit pectore. Boni ergo et optimi consules, si luctui legitimo miserrimae feminae necessarium concesserit tempus, quoad residuis mensibus spatium reliquum compleatur anni, quae res cum meum pudorem, tum etiam tuum salutare commodum respicit, ne forte inmaturitate nuptiarum indignatione iusta manes acerbos mariti ad exitium salutis tuae suscitemus."""
https://www.thelatinlibrary.com/apuleius/apuleius8.shtml,47,"Nec isto sermone Thrasyllus sobriefactum vel saltem tempestiva pollicitatione recreatus identidem pergit lingua satianti susurros improbos inurgere, quoad simulanter revicta Charite suscipit: ""Istud equidem certe magnopere deprecanti concedas necesse est mihi, Thrasylle, ut interdum taciti clandestinos coitus obeamus nec quisquam persentiscat familiarium, quoad reliquos dies metiatur annus."""
https://www.thelatinlibrary.com/apuleius/apuleius8.shtml,67,"Promissioni fallaciosae mulieris oppressus subcubuit Thrasyllus et prolixe consentit de furtivo concubitu noctemque et opertas exoptat ultro tenebras uno potiundi studio postponens omnia. ""Sed heus tu,"" inquit Charite, quam prope vestre contectus omnique comite viduatus prima vigilia tacitus fores meas accedas unoque sibilo contentus nutricem istam meam opperiare, quae claustris adhaerens excubabit adventui tuo. Nec setius patefactis aedibus acceptum te nullo lumine conscio ad meum perducet cubiculum."""
https://www.thelatinlibrary.com/apuleius/apuleius8.shtml,94,"Placuit Thrasyllo scaena feralium nuptiarum. Nec sequius aliquid suspicatus sed exspectatione turbidus de diei tantum spatio et vesperae mora querebatur. Sed ubi sol tandem nocti decessit, ex imperio Charites adest ornatus et nutricis captiosa vigilia deceptus inrepit cubiculum pronus spei. Tunc anus de iussu dominae blandiens ei furtim depromptis calcibus et oenophoro, quod inmixtum vino soporiferum gerebat venenum, crebris potionibus avide ac secure haurientem mentita dominae tarditatem, quasi parentem adsideret aegrotum, facile sepelivit ad somnum. Iamque eo ad omnes iniurias exposito ac supinato introvocata Charite masculis animis impetumque duro fremens invadit ac supersistit sicarium."
https://www.thelatinlibrary.com/apuleius/apuleius8.shtml,191,"""En"" inquit ""fidus coniugis mei comes, en venator egregius, en carus maritus. Haec est illa dextera quae meum sanguinem fudit, hoc pectus quod fraudulentas ambages in meum concinnavit exitium, oculi isti quibus male placui, qui quodam modo tamen iam futuras tenebras auspicantes venientes poenas antecedunt. Quiesce securus, beate somniare. Non ego gladio, non ferro petam; absit ut simili mortis genere cum marito meo coaequeris: vivo tibi morientur oculi nec quicquam videbis nisi dormiens. Faxo feliciorem necem inimici tui quam vitam tuam sentias. Lucem certe non tenebis, nuptias non frueris, nec mortis quiete recreaberis nec vitae voluptate laetaberis, sed incertum simulacrum errabis inter Orcum et solem, et diu quaeres dexteram quae tuas expugnavit pupulas, quodque est in aerumna miserrimum, nescies de quo queraris. At ego sepulchrum mei Tlepolemi tuo luminum cruore libato et sanctis manibus eius istis oculis parentabo. Sed quid mora temporis dignum cruciatum lucraris et meos forsitan tibi pestiferos imaginaris amplexus? Relictis somnulentis tenebris ad aliam poenalem evigila caliginem. Attolle vacuam faciem, vindictam recognosce, infortunium intellege, aerumnas computa. Sic pudicae mulieri tui placuerunt oculi, sic faces nuptiales tuos illuminarunt thalamos. Vltrices habebis pronubas et orbitatem comitem et perpetuae conscientiae stimulum."""
https://www.thelatinlibrary.com/apuleius/apuleius8.shtml,118,"Ad hunc modum vaticinata mulier acu crinali capite deprompta Thrasylli convulnerat tota lumina eumque prorsus exosculatum relinquens, dum dolore nescio crapulam cum somno discutit, arrepto nudo gladio, quo se Tlepolemus solebat incingere, per mediam civitatem cursu furioso proripit se procul dubio nescio quod scelus gestiens et recta monimentum mariti contendit. At nos et omnis populus, nudatis totis aedibus, studiose consequimur hortati mutuo ferrum vesanis extorquere manibus. Sed Charite capulum Tlepolemi propter assistens gladioque fulgenti singulos abigens, ubi fletus uberes et lamentationes varias cunctorum intuetur, ""Abicite"" inquit ""importunas lacrimas, abicite luctum meis virtutibus alienum. Vindicavi in mei mariti cruentum peremptorem, punita sum funestum mearum [mearum] nuptiarum praedonem. Iam tempus est ut isto gladio deorsus ad meum Tlepolemum viam quaeram."""
https://www.thelatinlibrary.com/apuleius/apuleius8.shtml,49,"Et enarratis ordine singulis quae sibi per somnium nuntiaverat maritus quoque astu Thrasyllum inductum petisset, ferro sub papillam dexteram transadacto corruit et in suo sibi pervolutata sanguine postremo balbuttiens incerto sermone proflavit animam virilem. Tunc propere familiares miserae Charites accuratissime corpus ablutum unita sepultura ibidem marito perpetuam coniugem reddidere."
https://www.thelatinlibrary.com/apuleius/apuleius8.shtml,45,"Thrasyllus vero cognitis omnibus, nequiens idoneum exitum praesenti (cladi nisi nova) clade reddere certusque tanto facinori nec gladium sufficere, sponte delatus ibidem ad sepulchrum ""Vltronea vobis, infesti Manes, en adest victima"" saepe clamitans, valvis super sese diligenter obseratis inedia statuit elidere sua sententia damnatum spiritum."""
https://www.thelatinlibrary.com/apuleius/apuleius8.shtml,88,"Haec ille longos trahens suspiritus et nonnumquam inlacrimans graviter adfectis rusticis adnuntiabat. Tunc illi mutati dominii novitatem metuentes et infortunium domus erilis altius miserantes fugere conparant. Sed equorum magister, qui me curandum magna ille quidem commendatione susceperat, quidquid in casula pretiosum conditumque servabat meo atque aliorum iumentorum dorso repositum asportans sedes pristinas deserit. Gerebamus infantulos et mulieres, gerebamus pullos, passeres, aedos, catellos, et quidquid infirmo gradu fugam morabatur, nostris quoque pedibus ambulabat. Nec me pondus sarcinae, quanquam enormis, urguebat, quippe gaudiali fuga detestabilem illum exsectorem virilitatis meae relinquentem."
https://www.thelatinlibrary.com/apuleius/apuleius8.shtml,141,"Silvosi montis asperum permensi iugum rursusque reposita camporum spatia pervecti, iam vespera semitam tenebrante, pervenimus ad quoddam castellum frequens et opulens, unde nos incolae nocturna immo vero matutina etiam prohibebant egressione: lupos enim numerosos grandes et vastis corporibus sarcinosos ac nimia ferocitate saevientes passim rapinis adsuetos infestare cunctam illam regionem iamque ipsas vias obsidere et in modum latronum praetereuntes adgredi, immo etiam vaesana fame rabidos finitimas expugnare villas, exitiumque inertissimarum pecudum ipsis iam humanis capitibus imminere. Denique ob iter illud qua nobis erat commeadum iacere semesa hominum corpora suisque visceribus nudatis ossibus cuncta candere ac per hoc nos quoque summa cautione viam aggredi debere, idque vel in primis observitare ut luce clara et die iam provecto et sole florido vitantes undique latentes insidias, cum et ipso lumine dirarum bestiarum repigratur impetus, non laciniatim disperso, sed cuneatim spirato commeatu difficultates illa transabiremus."
https://www.thelatinlibrary.com/apuleius/apuleius8.shtml,190,"Sed nequissimi fugitivi ductores illi nostri caecae festinationis temeritate ac metu incertae insecutionis spreta salubri monitione nec exspectata luce proxuma circa tertiam ferme vigiliam noctis onustos nos ad viam propellunt. Tunc ego metu praedicti periculi, quantum pote, iam turbae medius et inter conferta iumenta latenter absconditus clunibus meis ab adgressionibus ferinis consulebam iamque me cursu celeri ceteros equos antecellentem mirabantur omnes. Sed illa pernicitas non erat alacritatis meae, sed formidinis indicium; denique meum ipse reputabam Pegasum inclutum illum metu magis volaticum ac per hoc merito pinnatum proditum, dum in altum at adusque caelum sussilit ac resultat, formidans scilicet igniferae morsum Chimaerae. Nam et illi pastores qui nos agebant in speciem proelii manus obarmaverant: hic lanceam, ille venabulum, alius gerebat spicula, fustem alius, sed et saxa, quae salebrosa semita largiter subministrabat; erant qui sudes praeacutas attollerent; plerique tamen ardentibus facibus proterrebant feras. Nec quicquam praeter unicam tubam deerat quin acies esset proeliaris. Sed necquicquam frustra timorem illum satis inanem perfuncti longe peiores inhaesimus laqueos. Nam lupi, forsitan confertae iuventutis strepitu vel certe nimia luce flammarum deterriti vel etiam aliorsum grassantes, nulli contra nos aditum tulerunt ac ne procul saltem ulli comparverant."
https://www.thelatinlibrary.com/apuleius/apuleius8.shtml,100,"Villae vero, quam tunc forte praeteribamus, coloni multitudinem nostram latrones rati, satis agentes rerum suarum eximieque trepidi, canes rabidos et immanes et quibusuis lupis et ursis saeviores, quos ad tutelae praesidia curiose fuerant alumnati, iubilationibus solitis et cuiusce modi vocibus nobis inhortantur, qui praeter genuinam ferocitatem tumultum suorum exasperati contra nos ruunt et undique laterum circumfusi passim insiliunt ac sine ullo dilectu iumenta simul et homines lacerant diuque grassati plerosque prosternunt. Cerneres non tam hercules memorandum quam miserandum etiam spectaculum: canes copiosos ardentibus animis alios fugientes arripere, alios stantibus inhaerere, quosdam iacentes inscendere, et per omnem nostrum commeatum morsibus ambulare."
https://www.thelatinlibrary.com/apuleius/apuleius8.shtml,59,"Ecce tanto periculo malum maius insequitur. De summis enim tectis ac de proxumo colle rusticani illi saxa super nos raptim devolvunt, ut discernere prorsus nequiremus qua potissimum caveremus clade, comminus canum an eminus lapidum. Quorum quidem unus caput mulieris, quae meum dorsum residebat repente percussit. Quo dolore commota statim fletu cum clamore sublato maritum suum pastorem illum suppetiatum ciet."
https://www.thelatinlibrary.com/apuleius/apuleius8.shtml,87,"At ille deum fidem clamitans et cruorem uxoris abstergens altius quiritabat: ""Quid miseros homines et laboriosos viatores tam crudelibus animis invaditis atque obteritis? Quas praedas inhiatis? Quae damna vindicatis? At non speluncas ferarum vel cautes incolitis barbarorum, ut humano sanguine profuso gaudeatis."" Vix haec dicta et statim lapidum congestus cessavit imber et infestorum canum revocata conquievit procella. Vnus illinc denique de summo cupressus cacumine: ""At nos"" inquit ""non vestrorum spoliorum cupidine latrocinamur, sed hanc ipsam cladem de vestris protelamus manibus. Iam denique pace tranquilla securi potestis incedere."""
https://www.thelatinlibrary.com/apuleius/apuleius8.shtml,86,"Sic ille, sed nos plurifariam vulnerati reliquam viam capessimus alius lapidis, alius morsus vulnera referentes, universi tamen saucii. Aliquanto denique viae permenso spatio pervenimus ad nemus quoddam proceris arboribus consitum et pratentibus virectis amoenum, ubi placuit illis ductoribus nostris refectui paululum conquiescere corporaque sua diverse laniata sedulo recurare. Ergo passim prostrati solo primum fatigatos animos recuperare ac dehinc vulneribus medelas varias adhibere festinant, hic cruorem praeterfluentis aquae rore deluere, ille spongeis inacidatis tumores comprimere, alius fasciolis hiantes vincire plagas. Ad istum modum saluti suae quisque consulebat."
https://www.thelatinlibrary.com/apuleius/apuleius8.shtml,117,"Interea quidam senex de summo colle prospectat, quem circum capellae pascentes opilionem esse profecto clamabant. Eum rogavit unus e nostris, haberetne venui lactem vel adhuc liquidum vel in caseum recentem inchoatum. At ille diu capite quassanti: ""Vos autem"" inquit ""de cibo vel poculo vel omnino ulla refectione nunc cogitatis? an nulli scitis quo loco consederitis?"", et cum dicto conductis oviculis conversus longe recessit. Quae vox eius et fuga pastoribus nostris non mediocrem pavorem incussit. Ac dum perterriti de loci qualitate sciscitari gestiunt nec est qui doceat, senex alius, magnum ille quidem, gravatus annis, totus in baculum pronus et lassum trahens vestigium ubertim lacrimans per viam proximat visisque nobis cum fletu maximo singulorum iuvenum genua contingens sic adorabat:"
https://www.thelatinlibrary.com/apuleius/apuleius8.shtml,99,"""Per Fortunas vestrosque Genios, sic ad meae senectutis spatia validi laetique veniatis, decepto seni subsistite meumque parvulum ab inferis ereptum canis meis reddite. Nepos namque meus et itineris huius suavis comes, dum forte passerem incantantem sepiculae consectatur arripere, delapsus in proximam foveam, quae fruticibus imis subpatet, in extremo iam vitae consistit periculo, quippe cum de fletu ac voce ipsius avum sibi saepicule clamitantis vivere illum quidem sentiam, sed per corporis, ut videtis, mei defectam valetudinem opitulari nequeam. At vobis aetatis et robori beneficio facile est subpetiari miserrimo seni puerumque illum novissimum successionis meae atque unicam stirpem sospitem mihi facere."""
https://www.thelatinlibrary.com/apuleius/apuleius8.shtml,151,"Sic deprecantis suamque canitiem distrahentis totos quidem miseruit. Sed unus prae ceteris et animo fortior et aetate iuvenior et corpore validior, quique solus praeter alios incolumis proelium superius evaserat, exsurgit alacer et percontatus quonam loci puer ille decidisset monstrantem digito non longe frutices horridos senem illum inpigre comitatur. Ac dum pabulo nostro suaque cura refecti sarcinulis quisque sumptis suis viam capessunt, clamore primum nominatim cientes illum iuvenem frequenter inclamant, mox mora diutina commoti mittunt e suis arcessitorem unum, qui requisitum comitem tempestivae viae commonefactum reduceret. At ille modicum commoratum refert sese: buxanti pallore trepidus mira super conservo suo renuntiat: conspicatum se quippe supinato illi et iam ex maxima parte consumpto immanem draconem mandentem insistere nec ullum usquam miserrimum senem comparere illum. Qua re cognita et cum pastoris sermone conlata, qui saevum prorsus hunc illum nec alium locorum inquilinum praeminabatur, pestilenti deserta regione velociori se fuga proripiunt nosque pellunt crebris tundentes fustibus."
https://www.thelatinlibrary.com/apuleius/apuleius8.shtml,19,Celerrime denique longo itinere confecto pagum quendam accedimus ibique totam perquiescimus noctem. Ibi coeptum facinus oppido memorabile narrare cupio.
https://www.thelatinlibrary.com/apuleius/apuleius8.shtml,162,"Servus quidam, cui cunctam familiae tutelam dominus permiserat, suus quique possessionem maximam illam, in quam deverteramus, vilicabat, habens ex eodem famulitio conservam coniugam, liberae cuiusdam extrariaeque mulieris flagrabat cupidine. Quo dolore paelicatus uxor eius instricta cunctas mariti rationes et quicquid horreo reconditum continebatur admoto combussit igne. Nec tali damno tori sui contumeliam vindicasse contenta, iam contra sua saeviens viscera laqueum sibi nectit, infantulumque, quem de eodem marito iam dudum susceperat, eodem funiculo nectit seque per altissimum puteum adpendicem parvulum trahens praecipitat. Quam mortem dominus eorum aegerrime sustinens adreptum servulum, qui causam tanti sceleris luxurie sua praestiterat, nudum ac totum melle perlitum firmiter alligavit arbori ficulneae, cuius in ipso carioso stipite inhabitantium formicarum nidificia bulliebant et ultro citro commeabant multiiuga scaturrigine. Quae simul dulcem ac mellitum corporis nidorem persentiscunt, parvis quidem sed numerosis et continuis morsiunculis penitus inhaerentes, per longi temporis cruciatum ita, carnibus atque ipsis visceribus adesis, homine consumpto membra nudarunt, ut ossa tantum viduata pulpis nitore nimio candentia funestae cohaererent arbori."
https://www.thelatinlibrary.com/apuleius/apuleius8.shtml,171,"Hac quoque detestabili deserta mansione, paganos in summo luctu relinquentes, rursum pergimus dieque tota campestres emensi vias civitatem quandam populosam et nobilem iam fessi pervenimus. Inibi larem sedesque perpetuas pastores illi statuere decernunt, quod et longe quaesituris firmae latebrae viderentur et annonae copiosae beata celebritas invitabat. Triduo denique iumentorum refectis corporibus, quo vendibiliores videremur, ad mercatum producimur magnaque voce praeconis pretia singulis nuntiantis equi atque alii asini opulentis emptoribus praestinantur; at me relictum solum ac subsicivum cum fastidio plerique praeteribant. Iamque taedio contrectationis eorum, qui de dentibus meis aetatem computabant, manum cuiusdam faetore sordentem, qui gingivas identidem meas putidis scalpebat digitis, mordicus adreptam plenissime conterrui. Quae res circumstantium ab emptione mea utpote ferocissimi deterruit animos. Tunc praeco dirruptis faucibus et rauca voce saucius in meas fortunas ridiculos construebat iocos: ""Quem ad finem cantherium istum venui frustra subiciemus et vetulum et extritis ungulis debilem et dolore deformem et in hebeti pigritia ferocem nec quicquam amplius quam ruderarium cribrum? Atque adeo vel donemus eum cuipiam, si qui tamen faenum suum perdere non gravatur."""
https://www.thelatinlibrary.com/apuleius/apuleius8.shtml,159,"Ad istum modum praeco ille cachinnos circumstantibus commovebat. Sed illa Fortuna mea saevissima, quam per tot regiones iam fugiens effugere vel praecedentibus malis placare non potui, rursum in me caecos detorsit oculos et emptorem aptissimum duris meis casibus mire repertum obiecit. Scitote qualem: cinaedum, calvum quidem sed cincinnis semicanis et pendulis capillatum, unum de triviali popularium faece, qui per plateas et oppida cymbalis et crotalis personantes deamque Syriam circumferentes mendicare compellunt. Is nimio praestinandi studio praeconem rogat cuiatis essem; at ille Cappadocum me et satis forticulum denuntiat. Rursum requirit annos aetatis meae; sed praeco lasciviens: ""Mathematicus quidem, qui stellas eius disposuit, quintum ei numeravit annum, sed ipse scilicet melius istud de suis novit professionibus. Quanquam enim prudens crimen Corneliae legis incurram, si civem Romanum pro servo tibi vendidero, quin emis bonum et frugi mancipium, quod te et foris et domi poterit iuvare?"" Sed exinde odiosus emptor aliud de alio non desinit quaerere, denique de mansuetudine etiam mea percontatur anxie."
https://www.thelatinlibrary.com/apuleius/apuleius8.shtml,46,"At praeco: ""Vervecem"" inquit ""non asinum vides, ad usus omnes quietum, non mordacem nec calcitronem quidem, sed prorsus ut in asini corio modestum hominem inhabitare credas. Quae res cognitu non ardua. Nam si faciem tuam mediis eius feminibus immiseris, facile periclitaberis quam grandem tibi demonstret patientiam."""
https://www.thelatinlibrary.com/apuleius/apuleius8.shtml,81,"Sic praeco lurchonem tractabat dicacule, sed ille cognito cavillatu similis indignanti: ""At te"" inquit ""cadaver surdum et mutum delirumque praeconem omnipotens et omniparens dea Syria et sanctus Sabazius et Bellona et mater Idaea cum (suo Attide et cum) suo Adone Venus domina caecum reddant, qui scurrilibus iam dudum contra me velitaris iocis. An me putas, inepte, iumento fero posse deam committere, ut turbatum repente divinum deiciat simulacrum egoque miseria cogar crinibus solutis discurrere et deae meae humi iacenti aliquem medicum quaerere?"""
https://www.thelatinlibrary.com/apuleius/apuleius8.shtml,50,"Accepto tali sermone cogitabam subito velut lymphaticus exsilire, ut me ferocitate cernens exasperatum emptionem desineret. Sed praevenit cogitatum meum emptor anxius pretio depenso statim, quod quidem gaudens dominus scilicet taedio mei facile suscepit, septemdecim denarium, et illico me stomida spartea deligatum tradidit Philebo: hoc enim nomine censebatur iam meus dominus."
https://www.thelatinlibrary.com/apuleius/apuleius8.shtml,96,"At ille susceptum novicium famulum trahebat ad domum statimque illinc de primo limine proclamat: ""Puellae, servum vobis pulchellum en ecce mercata perduxi."" Sed illae puellae chorum erat cinaedorum, quae statim exsultantes in gaudium fracta et rauca et effeminata voce clamores absonos intollunt, rati scilicet vere quempiam hominem servulum ministerio suo paratum. Sed postquam non cervam pro virgine sed asinum pro homine succidaneum videre, nare detorta magistrum suum varie cavillantur: non enim servum, sed maritum illum scilicet sibi perduxisse. Et ""heus,"" aiunt ""cave ne solus exedas tam bellum scilicet pullulum, sed nobis quoque tuis palumbulis nonnumquam inpertias."""
https://www.thelatinlibrary.com/apuleius/apuleius8.shtml,73,"Haec et huius modi mutuo blaterantes praesepio me proximum deligant. Erat quidam iuvenis satis corpulentus, choraula doctissimus, conlaticia stipe de mensa paratus, qui foris quidem circumgestantibus deam cornu canens adambulabat, domi vero promiscuis operis partiarius agebat concubinus. Hic me simul domi conspexit, libenter adpositis largiter cibariis gaudens adloquitur: ""Venisti tamen miserrimi laboris vicarius. Sed diu vivas et dominis placeas et meis defectis iam lateribus consulas."" Haec audiens iam meas futuras novas cogitabam aerumnas."
https://www.thelatinlibrary.com/apuleius/apuleius8.shtml,151,"Die sequenti variis coloribus indusiati et deformiter quisque formati facie caenoso pigmento delita et oculis obunctis graphice prodeunt, mitellis et crocotis et carbasinis et bombycinis iniecti, quidam tunicas albas, in modum lanciolarum quoquoversum fluente purpura depictas, cingulo subligati, pedes luteis induti calceis; deamque serico contectam amiculo mihi gerendam imponunt bracchiisque suis umero tenus renudatis, adtollentes immanes gladios ac secures, evantes exsiliunt incitante tibiae cantu lymphaticum tripudium. Nec paucis pererratis casulis ad quandam villam possessoris beati perveniunt et ab ingressu primo statim absonis ululatibus constrepentes fanatice provolant diuque capite demisso cervices lubricis intorquentes motibus crinesque pendulos in circulum rotantes et nonnumquam morsibus suos incursantes musculos ad postremum ancipiti ferro, quod gerebant, sua quisque brachia dissicant. Inter haec unus ex illis bacchatur effusius ac de imis praecordiis anhelitus crebros referens velut numinis divino spiritu repletus simulabat sauciam vecordiam, prorsus quasi deum praesentia soleant homines non sui fieri meliores, sed debiles effici vel aegroti."
https://www.thelatinlibrary.com/apuleius/apuleius8.shtml,168,"Specta denique, quale caelesti providentia meritum reportaverit. Infit vaticinatione clamosa conficto mendacio semet ipsum incessere atque criminari, quasi contra fas sanctae religionis dissignasset aliquid, et insuper iustas poenas noxii facinoris ipse de se suis manibus exposcere. Arrepto denique flagro, quod semiviris illis proprium gestamen est, contortis taenis lanosi velleris prolixe fimbriatum et multiiugis talis ovium tesseratum, indidem sese multinodis commulcat ictibus mire contra plagarum dolores praesumptione munitus. Cerneres prosectu gladiorum ictuque flagrorum solum spurcitia sanguinis effeminati madescere. Quae res incutiebat mihi non parvam sollicitudinem videnti tot vulneribus largiter profusum cruorem, ne quo casu deae peregrinae stomachus, ut quorundam hominum lactem, sic illa sanguinem concupisceret asininum. Sed ubi tandem fatigati vel certe suo laniatus satiati pausam carnificinae dedere, stipes aereas immo vero et argenteas multis certatim offerentibus sinu recepere patulo nec non et siliginis aliquid, et nonnullis hordeum deae gerulo donantibus, avidis animis conradentes omnia et in sacculos huic quaestui de industria praeparatos farcientes dorso meo congerunt, ut duplici scilicet sarcinae pondere gravatus et horreum simul et templum incederem."
https://www.thelatinlibrary.com/apuleius/apuleius8.shtml,168,"Ad istum modum palantes omnem illam depraedabantur regionem. Sed in quodam castello copia laetati largioris quaesticuli gaudiales instruunt dapes. A quodam colono fictae vaticinationis mendacio pinguissimum deposcunt arietem, qui deam Syriam esurientem suo satiaret sacrificio, probeque disposita cenula balneas obeunt, ac dehinc lauti quendam fortissimum rusticanum industria laterum atque imis ventris bene praeparatum comitem cenae secum adducunt paucisque admodum praegustatis olusculis ante ipsam mensam spurcissima illa propudia ad inlicitae libidinis extrema flagitia infandis uriginibus efferantur, passimque circumfusi nudatum supinatumque iuvenem exsecrandis oribus flagitabant. Nec diu tale facinus mei oculis tolerantibus ""Porro Quirites"" proclamare gestivi, sed viduatum ceteris syllabis ac litteris processit ""O"" tantum sane clarum ac validum et asino proprium, sed inopportuno plane tempore. Namque de pago proximo complures iuvenes abactum sibi noctu perquirentes asellum nimioque studio cuncta devorsoria scrutantes, intus aedium audito ruditu meo, praedam absconditam latibulis aedium rati, coram rem invasuri suam improvisi conferto gradu se penetrant palamque illos exsecrandas foeditates obeuntes deprehendunt; iamiamque vicinos undique percientes turpissimam scaenam patefaciunt, insuper ridicule sacerdotum purissimam laudantes castimoniam."
https://www.thelatinlibrary.com/apuleius/apuleius8.shtml,160,"Hac infamia consternati, quae per ora populi facile dilapsa merito invisos ac detestabiles eos cunctis effecerat, noctem ferme circa mediam collectis omnibus furtim castello facessunt bonaque itineris parte ante iubaris exortum transacta iam die claro solitudines avias nancti, nulla secum prius conlocuti, accingunt se meo funeri deaque vehiculo meo sublata et humi reposita cunctis stramentis me renudatum ac de quadam quercu destinatum flagro illo pecuinis ossibus catenato verberantes paene ad extremam confecerant mortem; fuit unus, qui poplites meos enervare secure sua comminaretur, quod de pudore illo candido scilicet suo tam deformiter triumphassem: sed ceteri non meae salutis, sed simulacri iacentis contemplatione in vita me retinendum censuere. Rursum itaque me refertum sarcinis planis gladiis minantes perveniunt ad quandam nobilem civitatem, Inibi vir principalis, et alias religiosus et eximie deum reverens, tinnitu cymbalorum et sonu tympanorum cantusque Phrygii mulcentibus modulis excitus procurrit obviam deamque votivo suscipiens hospitio nos omnis intra conseptum domus amplissimae constituit numenque summa veneratione atque hostiis opimis placare contendit."
https://www.thelatinlibrary.com/apuleius/apuleius8.shtml,158,"Hic ego me potissimum capitis periclitatum memini. Nam quidam colonus partem venationis immanis cervi pinguissimum femus domino illi suo numeri miserat, quod incuriose pone culinae fores non altiuscule suspensum canis adaeque venaticus latenter invaserat, laetusque praeda propere custodientes oculos evaserat. Quo damno cognito suaque reprehensa neglegentia cocus diu lamentatus lacrimis inefficacibus iamiamque domino cenam flagitante maerens et utcumque metuens altius, filio parvulo suo consalutato adreptoque funiculo, mortem sibi nexu laquei comparabat. Nec tamen latuit fidam uxorem eius casus extremus mariti, sed funestum nodum violenter invadens manibus ambabus: ""Adeone"" inquit ""praesenti malo perterritus mente excidisti tua nec fortuitum istud remedium, quod deum providentia subministrat, intueris? Nam si quid in ultimo fortunae turbine resipiscis, expergite me ausculta et advenam insitum asinum remoto quodam loco deductum iugula femusque eius ad similitudinem perditi detractum et accuratius in protrimentis sapidissime percoctum adpone domino cervini vicem."" Nequissimo verberoni sua placuit salus de mea morte et multum conservae laudata sagacitate destinatae iam lanienae cultros acuebat."
https://www.thelatinlibrary.com/apuleius/apuleius.dog2.shtml,6,APVLEI DE DOGMATE PLATONIS LIBER SECUNDUS
https://www.thelatinlibrary.com/apuleius/apuleius.dog2.shtml,150,"I.Moralis philosophiae caput est, Faustine fili, ut scias quibus ad beatam vitam perveniri rationibus possit. Verum ut beatitudinem bonorum fine ante alia contingere putes, ostendam quae de hoc Plato senserit. Bonorum igitur alia eximia ac prima per se ducebat esse, per praeceptionem cetera bona fieri existimabat. Prima bona esse deum summum mentemque illam, quam νοũν idem vocat; secundum ea quae ex priorum fonte profluerent esse animi virtutes: prudentiam, iustitiam, pudicitiam, fortitudinem; sed his omnibus praestare prudentiam; secundam numero ac potestate continentiam posuit; has iustitiam sequi; fortitudinem quartam esse. Differentiam hanc bonorum esse constituit: partim divina per se et prima simplicia duci bona; alia hominum nec eadem omnium existimari. Divina quapropter esse atque simplicia virtutes animi, humana autem bona eaque quorundam esse[nt], quae cum corporis commodis congruunt, et illa quae nominamus externa, quae sapientibus et cum ratione ac modo viventibus sunt sane bona, stolidis et eorum usum ignorantibus esse oportet mala."
https://www.thelatinlibrary.com/apuleius/apuleius.dog2.shtml,136,"II.Bonum primum est verum et divinum illud, optimum et amabile et concupiscendum, cuius pulchritudinem rationabiles adpetunt mentes natura duce instinctae ad[em] eius ardorem. Et quod non omnes id adipisci queunt neque primi boni adipiscendi facultatem possunt habere, ad id feruntur quod hominum est, quod secundum nec commune multis est nec omnibus similiter bonum. Namque adpetitus et agendi aliquid cupido aut ver[b]o bono incitatur aut eo quod videatur bonum. Unde natura duce cognatio quaedam est cum bonis ei animae portioni[s], quae cum ratione consentit. Accidens autem bonum est et putatur, quod corpori rebusque venientibus extrinsecus copulatur. Et illum quidem, qui natura inbutus est ad sequendum bonum, non modo sibimet intimatum putat, sed omnibus etiam hominibus; nec pari aut simili modo, verum (etiam) ... unumquemque acceptum esse, dehinc proximis et mox ceteris, qui familiari usu vel notitia iunguntur."
https://www.thelatinlibrary.com/apuleius/apuleius.dog2.shtml,205,"III.Hominem ab stirpe ipsa neque absolute malum nec bonum nasci, sed ad utrumque proclive ingenium eius esse; habere semina quidem quaedam utrarumque rerum cum nascendi origine copulata, quae educationis disciplina in partem alteram debeant emicare; doctoresque puerorum nihil antiquius curare oportet quam ut amatores virtutum velint esse, moribus, institutis eos ad id prorsus inbuere, et regere et regi discant magistra iustitia. Quare praeter cetera induci ad hoc eos oportere, ut sciant quae sequenda fugiendaque sint, esse honesta et turpia, plena illa voluptatis ac laudis, haec [tenus] dedecoris ac turpitudinis; honesta eadem, quae sunt bona, confidenter optare non oportere. Tria genera ingeniorum ab eo sunt comprehensa, quorum praestans et egregium appellat unum, alterum deterrimum pessimumque, tertium ex utroque modice temperatum medium nuncupavit: mediocritatis huius vult esse participes puerum docilem et virum progredientem ad modestiam eundemque commodum ac venustum. Eiusmodi quippe medietatis inter virtutes et vitia intercedere dicebat tertium quiddam, ex quo alia laudanda, alia culpanda essent. Inter scientiam et inscientiam validam alteram opinionem, alteram falsam pervicaciae vanitate iactatam, inter pudicitiam libidinosamque vitam abstinentiam et intemperantiam posuit, fortitudini ac timori medios pudorem et ignaviam fecit. Horum quippe, quos mediocres vult videri, neque sinceras esse virtutes nec vitia tamen mera et intemperata, sed hinc atque inde permixta esse."
https://www.thelatinlibrary.com/apuleius/apuleius.dog2.shtml,168,"IV.Malitiam vero deterrimi et omnibus vitiis inbuti hominis ducebat esse; quod accidere censebat, cum optima et rationabilis portio et quae etiam imperitare ceteris debet, servit aliis, illae vero vitiorum ducatrices, iracundia et libido, ratione sub iugum missa dominantur. Eandem malitiam de diversis, abundantia inopiaque, constare; nec solum eam inaequalitatis vitio claudicare arbitratur, sed etiam incumbere dissimilitudine; neque enim posse[t] cum bonitate congruere, quae a semetipsa tot modis discrepet et non solum disparilitatem, sed etiam inconcinnitatem prae se gerat. Tres quapropter partes animae tribus dicit vitiis urgueri: prudentiam indocilitas inpugnat, quae non abolitionem infert scientiae, sed contraria est disciplinae discendi huius duas ab eo species accipimus, inperitiam et fatuitatem, quarum inperitia sapientiae, fatuitas prudentiae inveniuntur inimicae, iracundiam audacia; in eius comitatum secuntur indignatio et incommobilitas aorgesian sic interim dixerim, quae non extinguit incitamenta irarum, sed ea stupore defigit immobili. Cupiditatibus luxuriam, id est adpetitus adplicat voluptatum et desideriorum ad fruendum potiendumque haustus inexplebiles. Ex hac manat avaritia atque lascivia, quarum altera liberalitatem coercet, altera inmoderatius fundendo patrimonia prodigit facultates."
https://www.thelatinlibrary.com/apuleius/apuleius.dog2.shtml,144,"V.Sed virtutem Plato habitum esse dicit mentis optime et nobiliter figuratum, quae concordem sibi, quietem, constantem etiam eum facit, cui fuerit fideliter intimata, non verbis modo sed factis etiam secum et cum ceteris congruentem: haec vero proclivius, si ratio in regni sui solio constituta adpetitus e(s)t iracundias semper [in] domitas et in frenis habet ipsaeque ita oboediunt, ut tranquillo ministerio fugantur. Unimodam vero esse virtutem, quod bonum suapte natura[e] adminiculo non indiget, perfectum autem quod sit solitudine debet esse contentum. Nec solum aequalitas verum etiam similitudo cum virtutis ingenio coniungitur: ita enim secum ex parte omni congruit, ut ex se apta sit sibique respondeat. Hinc et medietates easdemque virtutes ac summitates vocat, non solum quod careant redundantia et egestate, sed quod in meditullio quodam vitiorum sitae sint; fortitudo quippe circumsistitur hinc audacia, inde timiditate; audacia quidem confidentiae fit abundantia, metus vero vitio deficientis audaciae."
https://www.thelatinlibrary.com/apuleius/apuleius.dog2.shtml,185,"VI.Virtutum perfectae quaedam, inperfectae sunt aliae; et inperfectae illae, quae in omnibus beneficio solo naturae proveniunt vel quae solis disciplinis traduntur et magistra ratione discuntur; eas igitur, quae ex omnibus constent, dicemus esse perfectas. Inperfectas virtutes semet comitari negat; eas vero, quae perfectae sint, individuas sibi et inter se conexas esse ideo maxime arbitratur, quod ei, cui sit egregium ingenium, si accedat industria, usus etiam et disciplina, quam dux rerum ratio fundaverit, nihil relinquetur, quod non virtus administret. Virtutes omnes cum animae partibus dividit et illam virtutem, quae ratione sit nixa et est spectatrix diiudicatrixque omnium rerum, prudentiam dicit atque sapientiam; quarum sapientiam disciplinam vult videri divinarum humanarumque rerum, prudentiam vero scientiam esse intellegendorum bonorum et malorum, eorum etiam, quae media dicuntur. In ea vero parte quae iracundior habeatur fortitudinis sedes esse et vires animae nervosque ad ea inplenda, quae nobis severius agenda legum inponuntur imperio. Tertia pars mentis est cupidinum et desideriorum, cui necessario abstinentia comes est, quam vult esse servatricem convenientiae eorum, quae natura recta pravaque sunt in homine. A displicentia(m) ad mediocritatem libido flectitur actusque voluptarios ratione huius dicit ac modestia coerceri."
https://www.thelatinlibrary.com/apuleius/apuleius.dog2.shtml,209,"VII.Per has tres animae partes quartam virtutem, iustitiam, aequaliter dividentem se scientiamque causam esse dicit, ut unaquaeque portio(re) ratione ac modo ad fungendum munus oboediat. Hanc ille heros modo iustitiam nominat, nunc universae virtutis nuncupatione conplectitur et item fidelitatis vocabulo nuncupat; sed cum ei a quo possidetur est utilis, benivolentia est, at cum foras spectat et est fida speculatrix utilitatis alienae, iustitia nominatur. Est et illa iustitia, quae quartum in vulgata divisione virtutum locum possidet, quae cum religiositate, id est hosioteti, copulatur; quarum religiositas deum honori ac suppliciis divinae rei mancipata est, illa vero hominum societatis et concordiae remedium atque medicina est. Duabus autem aequalibus de causis utilitatem hominum iustitia regit, quarum est prima numerorum observantia et divisionum aequalitas et eorum quae pacta sunt symbole, ad haec ponderum mensurarumque custodia et communicatio opum publicarum; secunda finalis est et veniens ex aequitate partitio, ut singulis in agros dominatus congruens deferatur ac servetur, (bonus) opimis optatior, minor non bonis; ad hoc bonus quisque natura et industria in honoribus et officiis praeferatur, pessimi cives luce careant dignitatis. Sed ille iustus in defetendo honore ac servando modus est ei qui est suffragator bonorum et malorum subiugator, ut semper in civitate emineant, quae sunt omnibus profutura, iaceant et subiecta sint cum suis auctoribus vitia."
https://www.thelatinlibrary.com/apuleius/apuleius.dog2.shtml,155,"VIII.Quod facilius obtinebitur, si duobus exemplis instruamur: unius divini ac tranquilli ac beati, alterius inreligiosi et inhumani ac merito intestabilis, ut pessimo quidem alienus et aversus a recta vivendi ratione, pro facultate sua divino illi et caelesti bonus similior esse velit. Hinc rhetoricae duae sunt apud eum partes, quarum una est disciplina contemplatrix bonorum, iusti tenax, apta et conveniens cum secta eius qui politicus vult videri; alia vero adulandi scientia est, captatrix verisimilium, usus nulla ratione collectus sic enim alogon trithen elocuti sumus, quae persuasum velit quod docere non valeat. Hanc dynamin tou peithein aneu tou didaskein definivit Plato, quam civilitatis articuli umbram, id est imaginem, nominavit. Civilitatem, qua politiken vocat, ita vult a nobis intellegi, ut eam esse ex virtutum numero sentiamus. Nec solum agentem atque in ipsis administrationibus rerum spectari, sed ab ea universa discerni; nec solum providentiam prodesse civilibus rebus, sed omnem sensum eius atque propositum fortunatum et beatum statum facere civitatis."
https://www.thelatinlibrary.com/apuleius/apuleius.dog2.shtml,247,"IX.Haec eadem utilitati animae procurat duobus modis; altera namque legalis est, iuridicialis altera. Sed prior consimilis est exercitationi, per quam pulchritudo animae et robur adquiritur, sicut exercitatione valitudo corpis gratiaque retinetur; iuridicialis illa medicinae par(s) est, nam morbis animae medetur sicut illa corporis. Has disciplinas vocat plurimumque earum curationem commoditatis adferre profitetur. Harum imitatrices esse coquinam et unguentariam et artem sophisticam professionemque iuris blandas et adsentationum inlecebris turpes profitentibus, inutiles cunctis. Quarum sophisticam coquinae coniungit; nam ut illa medicinae professione interdum opinionem inprudentium captat, quasi ea quae agit cum morborum medela conveniant, sic sophisticen imitata iuridicialem statum dat opinionem stultis, quasi iustitiae studeat, quam iniquitati favere constat. Unguentariam vero professio[nes] iuris imita[n]tur; nam sicut illa dum remedio vult esse, per quod species corporibus ac valitudo serventur, non modo utilitatem corporum minuit, sed robur etiam viresque frangit et verum colorem ad desidiam sanguinis mutat, sic haec (in) scientiam imitata iuris simulat quidem virtutem se animis augere, cenervat autem, quod in illis nativae fuerit industriae. Virtutes eas doceri et studeri posse arbitrabatur, quae ad rationabilem animum pertinent, id est sapientiam et prudentiam; et illas, quae vitiosis partibus pro remedio resistunt, id est fortitudinem et continentiam, rationabiles quidem esse, sed superiores virtutes pro disciplinis haberi, ceteras, si perfectae sunt, virtutes appellat; si semiperfectae sunt, non illas quidem disciplinas vocandas esse censet, sed nec in totum existimat disciplinis alienas. Iustitiam vero, quod trinis animae regionibus sparsa sit, artem vivendi ac disciplinam putat, et nunc docilem esse, nunc usu et experiendo provenire."
https://www.thelatinlibrary.com/apuleius/apuleius.dog2.shtml,158,"X.Bonorum autem quaedam sui gratia adserit adpetenda, ut beatitudinem, ut bonum gaudium; alia non sui, ut medicinam; alia et sui et alterius, ut providentiam ceterasque virtutes, quas et sui causa expetimus ut praestantes per se et honestas et alterius, id est beatitudinis, qui virtutum exoptatissimus fructus est. Hoc pacto etiam mala quaedam sui causa fugitanda sunt, alia ceterorum, pleraque et sui et aliorum, ut stultitia et eiusmodi vitia, quae et sui causa vitanda sunt et eorum quae accidere ex his possunt, id est miseriae atque infelicitatis. Eorum, quae adpetenda sunt, quaedam absolute bona dicimus, quae semper atque omnibus, cum adsunt, inchunt commoda, ut virtutes, quarum beatitas fructus est, alia quibusdam nec cunctis vel perpetuo bona, ut vires, valitudo, divitiae et quaecumque corporis et fortunae sunt. Pari pacto et eorum quae declinanda sunt, quaedam omnibus ac semper videri mala, quando nocent atque obsunt, ut sunt vitia et infortunia, quaedam aliis nec ea semper nocere, ut aegritudinem, egestatem et cetera."
https://www.thelatinlibrary.com/apuleius/apuleius.dog2.shtml,179,"XI.Sed virtutem liberam et in nobis sitam et nobis voluntate adpetendam; peccata vero esse non minus libera et in nobis sita, non tamen ea suscipi voluntate. Namque ille virtutis spectator cum eam penitus intellexerit bonam esse et benignitate praestare, ad eam adfectabit profecto et sectandam existimabit sui causa; (a)ut item ille, qui senserit vitia non solum turpitudinem existimationi invehere, sed nocere alio pacto fraudique esse, qui potest sponte se ad eorum consortium iungere? Sed si ad eiusmodi mala pergit ac sibi usuram eorum utilem credit, deceptus errore et imagine boni sollicitatus quidem, insciens vero ad mala praecipitatur; discrepes quippe a communi sententia, si non quidem ignores quid pauperiem ac divitias intersit et, cum hec in proclivi sita sint nec pauperies honestatem vel turpitudinem divitiae adlaturae sint, si egestatem rerum victui necessariarum copiis praeferas ineptire videaris; et adhuc illud absurdius, si quis sanitatem corporis spernat eligens morbos; sed illud postremae dementiae est, cum, qui virtutis pulchritudinem oculis animae viderit utilitatemque eius usu et ratione perspexerit, non ignarus quantum dedecoris atque incommodi adipiscatur ex participatione vitiorum, tamen addictum se velit vitiis."
https://www.thelatinlibrary.com/apuleius/apuleius.dog2.shtml,225,"XII.Corporis sanitatem, vires, indolentiam ceteraque eius bona extraria, item divitias et cetera quae fortunae commoda ducimus, ea non simpliciter bona nuncupanda sunt. Nam si quis ea possidens usu se abdicet, ea illi inutilia erunt; si quis autem eorum usum converterit ad malas artes, ea illi etiam noxia videbuntur. Vitiis subiectus erit qui ea possidet, haberi haec etiam oberit. Unde colligitur simpliciter bona haec dici non oportere, ut ea etiam quae sunt . . ., morbos atque pauperiem ceteraque . . . existimari oportet. Nam qui tenuis est, si modificetur in sumptibus, nullam noxam ex eo sentiet et qui recte pauperie sua utitur non solum nihil capiet incommodi, verum ad tollenda cetera melior atque praestantior fiet. Si igitur nec habere pauperiem neque eam ratione regere contrarium est, paupertas per se malum non est. Voluptatem vero neque bonum esse absolute neque simpliciter malum, sed eam, quae sit honesta nec pedendis rebus sed gloriosis actibus veniat, non esse fugiendam, illam vero, quam aspernetur natura ipsa turpi delectatione quaesitam, vitari oportere censebat. Sollicitudinem et laborem, si naturabiles essent et ab ipsa virtute descenderent et essent pro aliqua praeclara administratione susceptae, adpetibiles ducebat esse; sed si adversum naturam turpissimarum rerum causa gignerentur, malas intestabilesque esse. Non sola tristia et voluptates accidere animis et venire corporibus, sed esse medium quendam statum, qualis est cum abest tristitia nec tamen laetitiam adesse sentimus."
https://www.thelatinlibrary.com/apuleius/apuleius.dog2.shtml,192,"XIII.Ex his quae in nobis sunt, primum bonum atque laudabile est virtus, bonum studenti. Ideo honestum appellari oportet; solum quippe quoad honestum est bonum ducimus, ut e(s)t malum turpe; ac merito quod turpe est bonum non potest esse. Amicitiam ait sociam eamque consensu consistere reciprocamque esse ac delectationis vicem reddere, quando aequaliter redamat. Hoc amicitiae commodum provenit, cum amicus eum quem diligit partiter ac se cupit prosperis rebus potiri. Aequalitas ista non aliter provenit nisi similitudo utroque parili caritate conveniat. Nam ut pares paribus inresolubili nexu iunguntur, ita discrepantes et inter se disiuncti sunt nec aliorum amici. Inimicitiarum autem vitia gignuntur ex malivolentia, per dissimilitudinem morum et distantiam vitae et sectas atque ingenia contraria. Alia etiam amicitiae genera dicit esse, quarum pars voluptatis gignitur causa, pars necessitatis. Necessitudinum et liberorum amor naturae congruus est, ille alius abhorrens ab humanitatis clementia, qui vulgo amor dicitur, est adpetitus ardens, cuius instinctu per libidinem capti amatores corporum in eo quod viderint totum hominem putant. Eiusmodi calamitates animarum amicitias idem appellari vetat, quod nec mutuae sint nec reciprocari queant, ut ament atque redamentur, nec constantia illis adsit et diuturnitas desit amoresque eiusmodi satietate ac paenitentia terminentur."
https://www.thelatinlibrary.com/apuleius/apuleius.dog2.shtml,162,"XIV.Plato tres amores hoc genere dinumerat, quod sit unus divinus cum incorrupta mente et virtutis ratione conveniens, non paenitendus; alter degeneris animi et corruptissimae voluptatis; tertius ex utroque permixtus, mediocris ingenii et cupidinis modicae. Animas vero fusciores inpelli cupidine corporum unumque illis propositum esse, ut eorum usura potiantur atque eiusmodi voluptate et delectatione ardorem suum mulceant; illas vero quae facetae et urbanae sint animas bonorum de amare et studere illis factumque velle, uti quam plurimum potiantur binis artibus et meliores praestantioresque reddantur. Medias ex utroque constare nec delectationibus corporum prorsus carere et lepidis animarum ingeniis capi posse. Ut ille igitur amor taeterrimus et inhumanissimus atque turpis non ex rerum natura, sed aegritudine corporali morboque colligitur, sic ille divinus, deorum munere beneficioque concessus, adspirante caelesti cupidine in animos hominum credatur venire. Est amoris tertia species, quam diximus mediam, divini atque terreni proximitate collectus nexuque et consortio parili copulatus, et ut rationi propinquus est divinus ille, ita terrenus ille cupidini iunctus est et voluptati."
https://www.thelatinlibrary.com/apuleius/apuleius.dog2.shtml,131,"XV.Culpabilium autem virorum quattuor formae sunt, quarum prima honori p(o)etarum est, sequens abstemiorum, tertia popularis, tyrannicae dominationis est ultima. Evenit quapropter primum illud mentibus vitium, cum vigor rationis elanguerit superiorque et robustior fuerit animae portio in qua ira dominatur. at quae oligarchia dicitur, ea sic nascitur, cum, propter pessimum pastum eius partis animae quae ex cupiditatibus constat, non solo rationabilitatis et irascentiae loca possidentur, sed etiam eorum quae non necessaria sunt cupidine. Hunc talem Plato lucri cupidinem atque accipitrem pecuniae nominavit. Qualitas popularis existit, cum indulgentia cupidines roboratae non solum iustis desideriis exardescunt, sed sibi etiam quasi obviae atque occursantes et illam consiliariam et illam alteram iratiorem animam condicionibus suis presserint. Tyrannidis genus ex luxuriosa et plena libidinis vita, quae ex infinitis et diversis et inlicitis voluptatibus conflata mente tota dominatur."
https://www.thelatinlibrary.com/apuleius/apuleius.dog2.shtml,230,"XVI.Qui sit autem pessimus, eum non solum turpem et damnosum et contemptorem deorum et inhumanam atque insociabilem vitam ait vivere, sed nec cum proximis secumque congruere atque ideo non a ceteris modo, verum etiam a se discrepare nec aliis tantum, sed sibi etiam inimicum esse et idcirco hunc talem neque bonis nec omnino cuiquam nec sibi quidem amicum esse. Sed eum pessimum videri quem nulla malignitatis superlatio possit excedere; hunc talem numquam in agendis rebus expedire se posse, non solum propter inscientiam, sed quod ipse etiam sibimet sit ignotus et quod malitia perfecta seditionem mentibus pariat, inpediens incepta eius atque meditata consilia nec permittens quicquam eorum quae volet. Pessimo quapropter deterrimoque non ea tantum vitia quae contra naturam sunt pariunt exsecrabilitatem, ut est invidentia, ut est de alienis incommodis gaudium, sed etiam quae natura non respuit, voluptatem dico atque aegritudinem, desiderium, amorem, misericordiam, metum, pudorem, iracundiam. Idcirco autem hoc evenit, quod inmoderatum ingenium, in quaecumque proruerit, modum non habet atque ideo semper ei aut deest aliquid aut redundat. Hinc eiusmodi homini est amor omni tenore corruptus, quod non solum effrenatis cupiditatibus et inexplebili[s] siti haurire avet omnia genera voluptatis, sed quod ipso etiam formae iudicio inrationabili errore distrahitur, ignorans veram pulchritudinem et corporis effetam et eneruem et fluxam cutem deamans, nec saltem coloratos sole aut exercitatione solidatos, sed opacos umbra vel desidia molles et cura nimia emedullatos artus magni facit."
https://www.thelatinlibrary.com/apuleius/apuleius.dog2.shtml,169,"XVII.Non sponte grassari malitiam multis modis constat; namque iniuriam inordinatam passionem et aegritudinem mentis esse ait. Unde ad delinquendum arbitratur homines non sponte ferri. Quis enim tantum mali voluntate susciperet, ut in optima mentis suae parte scelus et flagitium sciens veheret? Cum igitur possessio mali ab inprudentibus capitur, usum eius et actiones oportet ab ignorantibus sustineri idcircoque peius est nocere quam noceri, quod enim his rebus nocetur quae sunt viliores, corporis et externis, qua vel inminui possunt vel fraudibus interire, inlaesis potioribus, quae ad ipsam attinent animam. Sed nocere longe peius esse ex eo intellegi potest, quod animi<s> bonis eo vitio pernicies infertur plusque sibi obest qui alium cupit perditum quam illi nocet, adversum quem talia machinatur. Et cum nocere alteri malorum omnium maximum sit, multo fit gravius, si qui nocet habeat inpune, graviusque est et acerbius omni supplicio, si noxio inpunitas deferatur nec hominum interim animadversione plectatur, sicut gravis est acerbissimorum morborum carere medicina, medentes fallere nec uri aut secari eas partes, quarum dolore incolumitati residuarum partium consulatur."
https://www.thelatinlibrary.com/apuleius/apuleius.dog2.shtml,163,"XVIII.Quare, ut optumi medici conclamatis desperatisque corporibus non adhibent medentes manus, ne nihil profutura curatio doloribus spatia promulget, ita eos quorum animae vitiis inbutae sunt nec curari queunt medicina sapientiae, e[o]mori praesta[n]t. Namque eum cui non ex natura nec ex industria recte vivendi studium conciliari potest, vita existimat Plato esse pellendum vel, si cupido vitae eum teneat, oportere sapientibus tradi, quorum arte quadam ad rectiora flectatur. Et est sane melius talem regi nec ipsum regendi habere alios potestatem nec dominari, sed servire servitium, inpotem ipsum aliorum addici potestati parendi potius quam iubendi officia sorditum. Virum pessimum non solum deteriorem, sed miseriorem etiam dicebat esse, quod distrahatur semper seditione vitiorum et desideriorum aestibus differatur; qui quanto pluri<m>um cupitior sit, tanto egentior sibimet et propterea aliis videri potest. Sperata quippe atque exoptata vix pauca et cum maxima aerumna proveniunt iisque flagrantiores cupidines furoresque succedunt nec futuris modo angitur malis, verum etiam praeteritis transactisque torquetur. Quos omnes morte sola ab eiusmodi malis educi posse manifestum est."
https://www.thelatinlibrary.com/apuleius/apuleius.dog2.shtml,112,"XIX.Sed adprime bonos et sine mediocritate deterrimos paucos admodum rarioresque et, ut ipse ait, numerabiles esse; eos autem, qui nec plane optimi nec oppido deterrimi sint, sed quasi medie morati, plures esse. Sed neque superiores obtinere recta omnia neque culpabiles in omnibus labi. Horum vitia nec gravata nec intempestiva sunt aut nimium criminosa, quorum substantia est ex redundantia vel defectu, quibus et adprobationis integritas et modus est et qui inter laudem vituperationemque mediam viam vadunt. Iisque rerum capessendarum eiusmodi studia excitantur, ut nunc boni atque honesti eos rationes invitent, nunc inhonesta lucra et turpes inliciant voluptates.Talibus viris nec amicitiarum fides perseverat et amores non semper inprobi nec honesti tamen eorum animos incurrunt."
https://www.thelatinlibrary.com/apuleius/apuleius.dog2.shtml,256,"XX.Perfecte sapientem esse non posse dicit Plato, nisi ceteris ingenio praestet, artibus et prudentiae partibus absolutus atque iis iam tum a pueris inbutus, factis congruentibus et dictis adsuetus, purgata et efficata animi voluptate, eiectis ex animo hinc ... abstinentia atque patientia omnibusque doctrinis ex rerum scientia eloquentiae venientibus. Eum qui per haec profectus fidenti et securo gradu virtutis via graderetur, adeptum solidam vivendi rationem, repente fieri perfectum; hunc repente praeteriti futurique aevi ultimas partes adtingere et esse quodammodo intemporalem. Tum post hoc, vitiis exclusis incertisque etiam missis, omnia quae ad beatam vitam f(u)erunt non ex aliis pendere nec ab aliis deferri sibi posse, sed in sua manu esse sapiens recte putat. Quare nec in secundis rebus effertur nec contrahitur in adversis, cum se ornamentis suis ita instructum sciat, ut ab his nulla vi segregetur. Hunc talem non solum inferre, sed ne referre quidem oportet iniuriam. Non enim eam contumeliam putat, quam inprobus faciat, set (eam non putat, quam) patientia firmiter toleret, quando quidem naturae lege in animo eius sculptum sit quod nihil horum possit nocere sapienti, quae opinantur ceteri mala esse. Equidem sapientem illum conscientia sua fretum, securum et confidentem in omni vita dicit futurum, quod et omnia accidentia reputet ad meliores rationes trahens et quod nihilo morose vel difficulter excipiat sibique persuadeat pertinere res suas ad inmortales deos. Iam ille diem mortis suae propitius nec invitus exspectat, quod de animae inmortalitate confidat; nam vinculis liberata corporeis, sapientis anima remigrat ad deos et pro merito vitae purius castiusque transactae hoc ipso usu deorum se condicioni conciliat."
https://www.thelatinlibrary.com/apuleius/apuleius.dog2.shtml,152,"XXI.Eundem sapientem optimum nominat ac bonus ac prudentem recte arbitratur, cuius sane consilia cum factis rectissimis congruunt et cui principia profecta sunt a iusti ratione. Ad hoc sapientem et fortissimum dicit esse, ut qui vigore mentis ad omnia perpetienda sit paratus. Inde est quod fortitudinem nervos animi ipsasque cervices ait, ut ignaviam animae dicit inbecillitati esse finitimam. Divitem hunc solum quidem recte putat, quippe cum thensauris omnibus pretiosiorem solus videatur possidere virtutem. Opes etiam quia solus sapiens potest in usibus necessariis regere, videri ditissimus debet. Nam ceteri quamvis sint opibus adfluentes, tamen quod vel usum earum nesciant vel deducant eas ad pessimas partes inopes videtur. Egestatem namque non abstinentia pecuniae, sed (p)raesentia, inmoderatum cupidinum gignit. Philosophum oportet, si nihil indigens erit et omnium contumax et superior iis quae homines acerba toleratu arbitrantur, nihil secus agere quam ut semper studeat animam corporis consortio separare, et ideo existimandam philosophiam esse mortis adfectum consuetudinemque moriendi."
https://www.thelatinlibrary.com/apuleius/apuleius.dog2.shtml,280,"XXII.Bonos omnes oportet inter se amicos esse, etsi sunt minus noti, et potestate ipsa, qua mores eorum sectaeque conveniunt, amici sunt habendi; paria quippe a similibus non abhorrent. Unde inter solos bonos fidem amicitiae esse constat. Sapientia amatorem boni adulescentem facit, sed eum qui probitate ingenii sit ad artes bonas promptior. Nec deformitas corporis talem abigere poterit adpetitum; nam cum ipsa anima conplacita est, homo totus adamatur; cum corpus expetitur, pars eius deterior est cordi. Iure igitur putandum est eum qui sit gnarus bonorum cupitorem quoque eiusmodi rerum esse; is enim solus boni<s> desideriis accenditur, qui bonum illud oculis animi videt; hunc esse sapientem. Stultus vero quoniam est ignarus, osor quoque nec amicus virtutum sit necesse est. Nec frustra hic talis amator est turpium voluptatum. Sapiens nullo modo merae voluptatis quidem alicuius gratia veniet ad agendum, nisi praesto fuerint honesta emolumenta virtutis. Hunc eundem cum eiusmodi voluntate oportet vitam vivere honestam et admirabilem plenamque laudis et gloriae neque harum modo rerum causa ceteris omnibus praeferri, verum etiam iucunditate et securitate solum et semper frui. Nec angetur carissimis orbatus adfectibus, vel quod ex se omnia sunt apta quae ad beatitudinem pergunt, vel quod decreto et lege rectae rationis interdicitur eiusmodi adflictatio et quod, si de tali se causa discruciet, illam aegritudinem vel propter eum qui est emortuus suscipiat, quasi in peiore sit parte, aut sua gratia, quod tali necessitudine doleat se privatum esse: sed neque obiti causa lamentationes suscipi oportet, si sciamus illum neque aliquid mali passum ac, si bonae fuerit voluntatis, etiam melioribus adgregatum, neque sui gratia, ut qui in se reponit omnia nec cuiusquam absentia virtutis esse indigens potest, cuius perpetuam possessionem sibi vindicat. Igitur sapiens non erit tristis."
https://www.thelatinlibrary.com/apuleius/apuleius.dog2.shtml,303,"XXIII.Sapientiae finis est, ut ad dei meritum sapiens provehatur hancque futuram eius operam, ut aemulatione vitae ad deorum actus accedat. Verum hoc ei poterit provenire, si virum perfecte iustum, pium, prudentem se praebeat. Unde non solum in perspectandi cognitione, verum etiam agendi opera sequi eum convenit, quae diis atque hominibus sint probata, quippe cum summus deorum cuncta haec non solum cogitationum ratione consideret, sed prima, media, ultima obeat conpertaque intime providae ordinationis universitate et constantia regat. Verum enimvero illum omnibus beatum videri, cui[us] et bona suppetunt et, quemadmodum carere vitiis debeat, callet. Una quidem beatitudo est, cum ingenii nostra praesentia tutamur quae perficimus; alia, cum ad perfectionem vitae nihil deest atque ipsa sumus contemplatione contenti. Utrarumque autem felicitatum origo ex virtute manat. Et ad ornamentum quidem genialis locis (est virtutis) nullis extrinsecus eorum quae bona ducimus adminiculis indigemus. Ad usum autem vitae communis corporis cura et eorum quae extrinsecus veniunt praesidiis opus est; ita tamen ut haec eadem fiant virtute meliora eiusque suffragio beatitudinis commodis copulentur, sine qua haec in bonis minime sunt habenda. Nec frustra est quod sola virtus fortunatissimos potest facere, cum absque ha(e)c ex aliis prosperis non possit felicitas inveniri. Sapientem quippe pedisequum et imitatorem dei dicimus et sequi arbitramur deum; id est enim hepou theoi. Non solum oportet, dum vitam colit, digna dis gerere nec agere ea quae eorum maiestati displiceant, verum et tunc cum corpus relinquit, quod non faciet invito deo; nam etsi in eius manu est mortis facultas, quamvis sciat se terrenis relictis consecuturum esse meliora, non accerset sibi tamen eam, nisi necessario perpetiendum esse istud lex divina decreverit. Mortem eius etsi ante actae vitae ornamenta cohonestant, honestiorem tamen et rumoris secundi oportet esse. Cum securus de posteritatis suae vita ad inmortalitatem animam permittit ire, eam, quod pie vixerit, praecipit fortunatorum habituram loca, deorum choreis semideumque permixtam."
https://www.thelatinlibrary.com/apuleius/apuleius.dog2.shtml,280,"XXIV.De cuitatum vero constitutione et de observatione regendarum rerum publicarum ita censet Plato. Iam principio civitatis formam definit ad hunc modum: civitatem esse convictum inter se hominum plurimorum, in quibus sint regentes alii, ceteri inferiores, coniuncti inter se concordia et invicem sibi opem atque auxilium deferentes, isdem legibus, rectis tamen, officia sua temperantes; unamque civitatem isdem moenibus illam futuram, ut eadem velle atque eadem nolle incolarum mentes adsueverint. Quare suadendum est fundatoribus rerum publicarum, ut usque ad id locorum plebes suas augeant, dum rectori omnes noti esse possunt nec sibimet incogniti; sic enim fiet ut omnes una mente sint invicemque sibi factum velint. Magnam sane civitatem non habitantium multitudine eorumque magis virtutibus niti oportet; vires enim non corporis nec pecuniae collectas dominatione multorum existimandas putat cum vecordia inpotentiaque, sed cum decreto communi virtutibus omnibus ornati viri incolae et omnes fundati legibus obsecuntur. Ceteras vero, quae non ad hunc modum forent constitutae, non arbitrabatur sanas civitates, sed taetras et morbis tumentes. Res publicas eas demum fundatas ratione dicebat esse, quae ordinatae ad instar animarum forent, ut pars optima, quae prudentia sapientiaque praecellit, imperitet multitudini et, ut illa totius habet curam corporis, ita prudentiae dilectus tueatur universae commoda civitatis. Fortitudo etiam, pars virtutis secunda, ut vi sua adpetentiam castigat et reprimit, ita in civitate vigilet. Excubitorum loco quidem militet iuventus pro utilitate cunctorum, sed inquietos et indomitos ac propterea pessimos cives refrenet, contineat ac, si necesse sit, frangat potioris ex consilii disciplina. Illam vero desideriorum tertiam partem plebi et agricolis partem ducit, quam existimat moderatis utilitatibus sustinendam. At enim rem publicam negat posse consistere, nisi is qui imperitat habeat sapientiae studium, aut is ad imperandum deligatur quem esse inter omnes sapientissimum constat."
https://www.thelatinlibrary.com/apuleius/apuleius.dog2.shtml,230,"XXV.Moribus et huiuscemodi cunctos cives inbuendos esse dicit, ut iis inquorum tutelam et Fidem res publica illa creditur auri atque argenti habendi cupido nulla sit, ne specie communi privatas opes adpetant, nec eiusmodi hospitia succedant, ut ceteris non reclusa sit ianua; cibos victumque ita sibi curent, ut acceptam mercedem ab his, quos protegunt, communibus epulis insumant. Matrimonia quoque non privatim maritanda esse, sed fieri communia despondente ipsa eiusmodi nuptias publice civitate[s], sapientibus magistratibus sorte quadam ei negotio praeditis idque praecipue curantibus, ne dispares sui vel inter se dissimiles copulentur. Hic adnectitur utilis necessariaque confusio, ut permixta nutrimenta puerorum ignotorum adhuc agnitionis parentibus adferant difficultatem, ut, dum suos liberos nesciunt, omnes quos viderint aetatis eius suos credant et veluti communium liberorum omnes omnium sint parentes. Ad hoc ipsorum conubiorum quaeritur tempestiva coniunctio, cuius futuram stabilem fidem credit, si cum harmonia musicae dierum consonent numeri. Et qui de nuptiis talibus erunt orti studiis congruentibus inbuentur et optimis disciplinis communi praeceptorum magisterio docebuntur, non virile secus modo, verum etiam feminarum, quas vult Plato omnibus [p]artibus quae propriae virorum putantur coniungendas esse, bellicis et gymnicis et musicis; quippe utriusque cum natura una sit, eandem esse virtutem. Eiusmodi civitatem nullis extrinsecus latis legibus indigere; regi eam quippe prudentia et eiusmodi institutis ac moribus, quibus fundata ceteras leges non requirat. Et hanc quidem et figmentum aliquod veritatis exempli causa per se compositam vult esse rem publicam."
https://www.thelatinlibrary.com/apuleius/apuleius.dog2.shtml,254,"XXVI.Est et alia optima quidem et satis iusta quidem et ipsa specie et dicis causa civitas fabricata, non ut superior sine evidentia, sed iam cum aliqua substantia. In hac non suo nomine de statu et de commodis civitatis requirens originis eius principia et fundamenta disponit, sed eo tendit quemadmodum civilis gubernator, eiusmodi locum conventusque multitudinum nactus, iuxta naturam praesentium rerum et convenarum debeat fecere civitatem plenam bonarum legum et morum bonorum. In hac equidem easdem puerorum nutricationes, easdem vult esse artium disciplinas; sed in conubiis et partibus et patrimoniis ac domibus desciscit a prioris observatione rei publicae, matrimonia privata et singularia faciens; procorumque ipsorum, etsi in contrahendo matrimonio consulere ex voluntate sua debeant, universae tamen civitatis principibus ut communis commodi causam decernit spectandam esse. Quare et dites inferiores nuptias non recusent et locupletium consortium inopes consequantur; et, si vires opum congruunt, ingenia tamen diversa miscenda esse, ut iracundo tranquilla iungatur et sedato homini incitatior mulier adplicetur, ut talibus observationum remediis et profectibus suboles natura discrepante confecta morum proventu meliore coalescat et ita conpositarum domorum opibus civitas ageatur; puerperia ipsa morum dissimili seminio concepta cum utriusque instar similitudinis traxerint, neque illis vigorem in rebus gerendis neque tamen spectandis consilium defuturum. Instituendos vero eos esse, non utcumque parentes nec ita sexus esse stratus censuerit civitatis. Domus vero et possessionen habeant privatas, ut queunt singuli, quae quidem nec inmensum augeri per avaritiam nec prodigi per luxuriam aut deseri per neglegentiam sinit. Legesque huic civitati promulgari iubet et legum moderatorem, cum aliquid tale concipiet, ad contemplandas virtutes hortatur."
https://www.thelatinlibrary.com/apuleius/apuleius.dog2.shtml,161,"XXVII.Inperitandi autem modum eum esse utilem censet qui ex tribus fuerit temperatus. Nec enim vel optimatium vel etiam popularis imperii solos et meros status utiles arbitratur nec inpunitas rectorum culpas relinquit, sed magis censet his debere constare rationem, qui sint potestate potiores. Et alii publicarum rerum status definiti ab eo putantur nitentes ad bonos mores et super ea re publica, quam vult emendatione constare, rectori mandat non prius residuas conpleat aut vitiosas leges correctas velit quam mores perniciosos et disciplinas corrumpentes commoda civitatis ad meliora converterit. A quibus si consilio et suadela depravata multitudo deflecti non poterit, abducenda est tamen ab incepto vi et ingratis. In actuosa vero civitate describit quemadmodum simul omnis hominum multitudo bonitate et iustitia conducta habeatur. Hi tales conplectentur proximos, honores custodient, intemperantiam arcebunt, iniuriam refrenabunt, pudicitiae ornamentisque ceteris vitae honores maximos deferentes. Nec temere multitudo convertetur ad eiusmodi rerum publicarum status, nisi qui optimis legibus et egregiis institutis fuerint educati, moderati erga ceteros, inter se congruentes."
https://www.thelatinlibrary.com/apuleius/apuleius.dog2.shtml,149,"XXVIII.Quattuor culpabilium civium genera esse: unum eorum qui sunt Honore praecipui, alterum paucorum penes quos rerum est potestas, tertium omnium, ultimum dominationis tyrannicae. Et primum quidem confit, cum prudentiores viri per magistratus seditiosos civitate pelluntur deferturque ad illos potestas qui sint manu tantummodo strevi, nec [h]ii qui blandiore consilio agere res possint adipiscuntur imperii facultatem, sed qui turbidi violentique sunt. Paucorum vero status obtinentur, cum inopes criminosi multi simul paucorum divitum inpotentiae subiacentes dederint se atque permiserint omnemque regendi potestatem non mores boni sed opulentia fuerit consecuta. Popularis factio roboratur, cum inops multitudo viribus obtinuerit adversus divitum facultates lexque (e) iussu populi fuerit promulgata, ut ex aequo liceat omnibus honores capessere. Ad haec tyrannis illa, singulare dominationis caput, tunc oritur, cum [h]is qui leges contumacia sua ruperit simili legum coniuratione adoptatus imperium invaserit, constituens deinceps uti omnis civium multitudo, desideriis eius et cupiditatibus parens, obsequium suum tali fine moderetur."
https://www.thelatinlibrary.com/apuleius/apuleius10.shtml,113,"Die sequenti meus quidem dominus hortulanus quid egerit nescio, me tamen miles ille, qui propter eximiam impotentiam pulcherrime vapularat, ab illo praesepio nullo equidem contradicente dictum abducit atque a suo contubernio — hoc enim mihi videbatur  sarcinis propriis onustum et prorsum exornatum armatumque militariter producit ad viam. Nam et galeam nitore praedicantem et scutum gerebam longius relucens, sed etiam lanceam longissimo hastili conspicuam, quae scilicet non disciplinae tunc quidem causa, sed propter sarcinarum cumulo ad instar exercitus sedulo composuerat. Confecta campestri nec adeo difficili via quandam civitatulam pervenimus nec in stabulo, sed in domo cuiusdam decurionis devertimus. Statimque me commendato cuidam servulo ipse ad praepositum suum, qui mille armatorum ducatum sustinebat, sollicite proficiscitur."
https://www.thelatinlibrary.com/apuleius/apuleius10.shtml,100,"Post dies plusculos ibidem dissignatum scelestum ac nefarium facinus memini, sed ut vos etiam legatis, ad librum profero. Dominus aedium habebat iuvenem filium prope litteratum atque ob id consequenter pietate modestia praecipuum, quem tibi quoque provenisse cuperes vel talem. Huius matre multo ante defuncta rursum matrimonium sibi reparaverat ductaque alia filium procreaverat alium, qui adaeque iam duodecimum annum aetatis supergressus erat. Sed noverca forma magis quam mortibus in domo mariti praepollens, seu naturaliter impudica seu fato ad extremum impulsa flagitium, oculos ad privignum adiecit. Iam ergo, lector optime, scito te tragoediam, non fabulam legere et a socco ad coturnum ascendere."
https://www.thelatinlibrary.com/apuleius/apuleius10.shtml,122,"Sed mulier illa, quamdiu primis elementis Cupido parvulus nutriebatur, imbecillis adhuc eius viribus facile ruborem tenuem deprimens silentio resistebat. At ubi completis igne vaesano totis praecordiis inmodice bacchatus Amor exaestuabat, saevienti deo iam succubuit, et languore simulato vulnus animi mentitur [in] corporis valetudinem. Iam cetera salutis vultusque detrimenta et aegris et amantibus examussim convenire nemo qui nesciat: pallor deformis, marcentes oculi, lassa genua, quies turbida et suspiritus cruciatus tarditate vehementior. Crederes et illam fluctuare tantum vaporibus febrium, nisi quod et flebat. Heus medicorum ignarae mentes, quid venae pulsus, quid coloris intemperantia, quid fatigatus anhelitus et utrimquesecus iactatae crebiter laterum mutuae vicissitudines? Dii boni, quam facilis licet non artifici medico cuivis tamen docto Veneriae cupidinis comprehensio, cum videas aliquem sine corporis calore flagrantem!"
https://www.thelatinlibrary.com/apuleius/apuleius10.shtml,114,"Ergo igitur impatientia furoris altius agitata diutinum rupit silentium at ad se vocari praecipit filium — quod nomen in eo, si posset, ne ruboris admoneretur, libenter eraderet. Nec adulescens aegrae parentis moratus imperium, senili tristitie striatam gerens frontem, cubiculum petit, uxori patris matrique fratris utcumque debitum sistens obsequium. Sed illa cruciabili silentio diutissime fatigata et ut in quodam vado dubitationis haerens omne verbum, quod praesenti sermoni putabat aptissimum, rursum improbans nutante etiam nunc pudore, unde potissimum caperet exordium, decunctatur. At iuvenis nihil etiam tunc sequius suspicatus summisso vultu rogat ultro praesentis causas aegritudinis. Tunc illa nacta solitudinis damnosam occasionem prorumpit in audaciam et ubertim adlacrimans laciniamque contegens faciem voce trepida sic eum breviter adfatur:"
https://www.thelatinlibrary.com/apuleius/apuleius10.shtml,75,"""Causa omnis et origo praesentis doloris set etiam medela ipsa et salus unica mihi tute ipse es. Isti enim tui oculi per meos oculos ad intima delapsi praecordia meis medullis acerrimum commovent incendium. Ergo miserere tua causa pereuntis nec te religio patris omnino deterreat, cui morituram prorsus servabis uxorem. Illius enim recognoscens imaginem in tua facie merito te diligo. Habes solitudinis plenam fiduciam, habes capax necessarii facinoris otium. Nam quod nemo novit, paene non fit."""
https://www.thelatinlibrary.com/apuleius/apuleius10.shtml,180,"Repentino malo perturbatus adulescens, quanquam tale facinus protinus exhorruisset, non tamen negationis intempestiva severitate putavit exasperandum, sed cautae promissionis dilatione leniendum. Ergo prolixe pollicetur et bonum caperet animum refectionique se ac saluti redderet impendio suadet, donec patris aliqua profectione liberum voluptati concederetur spatium, statimque se refert a noxio conspectu novercae. Et tam magnam domus cladem ratus indigere consilio pleniore ad quendam compertae gravitatis educatorem senem protinus refert. Nec quicquam diutina deliberatione tam salubre visum quam fuga celeri procellam fortunae saevientis evadere. Sed impatiens vel exiguae dilationis mulier ficta qualibet causa confestim marito miris persuadet artibus ad longissime dissitas festinare villulas. Quo facto maturae spei vesania praeceps promissae libidinis flagitat vadimonium. Sed iuvenis, modo istud modo aliud causae faciens, exsecrabilem frustratur eius conspectum, quoad illa, nuntiorum varietate pollicitationem sibi denegatam manifesto perspiciens, mobilitate lubrica nefarium amorem ad longe deterius transtulisset odium. Et adsumpto statim nequissimo et ad omne facinus emancipato quodam dotali servulo perfidiae suae consilia communicat; nec quicquam melius videtur quam vita miserum privare iuvenem. Ergo missus continuo furcifer venenum praesentarium comparat idque vino diligenter dilutum insontis privigni praeparat exitio."
https://www.thelatinlibrary.com/apuleius/apuleius10.shtml,211,"Ac dum de oblationis opportunitate secum noxii deliberant homines, forte fortuna puer ille iunior, proprius pessimae feminae filius, post matutinum laborem studiorum domum se recipiens, prandio iam capto sitiens repertum vini poculum, in quo venenum latebat inclusum, nescius fraudis occultae continuo perduxit haustu. Atque ubi fratri suo paratam mortem ebibit, examinis terrae procumbit, ilicoque repentina pueri pernicie paedagogus commotus ululabili clamore matrem totamque ciet familiam. Iamque cognito casu noxiae potionis varie quisque praesentium auctorem insimulabant extremi facinoris. Sed dira illa femina et malitiae novercalis exemplar unicum non acerba filii morte, non parricidii conscientia, infortunio domus, non luctu mariti vel aerumna funeris commota cladem familiae in vindictae compendium traxit, missoque protinus cursore, qui vianti marito domus expugnationem nuntiaret, ac mox eodem ocius ab itinere regresso personata nimia temeritate insimulat privigni veneno filium suum interceptum. Et hoc quidem non adeo mentiebatur, quod iam destinatam iuveni mortem praevenisset puer, sed fratrem iuniorem fingebat ideo privigni scelere peremptum, quod eius probrosae libidini, qua se comprimere temptaverat, noluisset succumbere. Nec tam immanibus contenta mendacis addebat sibi quoque ob detectum flagitium eundem illum gladium comminari. Tunc infelix duplici filiorum morte percussum magnis aerumnarum procellis aestuat. Nam et iuniorem incoram sui funerari videbat et alterum ob incestum parricidiumque capitis scilicet nimium mentitis lamentationibus ad extremum subolis impellebatur odium."
https://www.thelatinlibrary.com/apuleius/apuleius10.shtml,152,"Vixdum pompae funebres et sepultura filii fuerant explicatae, et statim ab ipso eius rogo senex infelix, ora sua recentibus adhuc rigans lacrimis trahensque cinere sordentem canitiem, foro se festinus immittit. Atque ibi tum fletu tum precibus genua etiam decurionum contingens nescius fraudium pessimae mulieris in exitium reliqui filii plenis operabatur affectibus: illum incestum paterno thalamo, illum parricidam fraterno exitio et in comminata novercae caede sicarium. Tanta denique miseratione tantaque indignatione curiam sed et plebem maerens inflammaverat, ut remoto iudicandi taedio et accusationis manifestis probationibus et responsionis meditatis ambagibus cuncti conclamarint lapidibus obrutum publicum malum publice vindicari. Magistratus interim metu periculi proprii, ne de parvis indignationis elementis ad exitium disciplinae civitatisque seditio procederet, partim decuriones deprecari, partim populares compescere, ut rite et more maiorum iudicio reddito et utrimquesecus allegationibus examinatis civiliter sententia promeretur, nec ad instar barbaricae feritatis vel tyrannicae impotentiae damnaretur aliquis inauditus et in pace placida tam dirum saeculo proderetur exemplum."
https://www.thelatinlibrary.com/apuleius/apuleius10.shtml,47,"Placuit salubre consilium et ilico iussus praeco pronuntiat, patres in curiam convenirent. Quibus protinus dignitatis iure consueta loca residentibus rursum praeconis vocatu primus accusator incendit. Tunc demum clamatus inducitur etiam reus, et exemplo legis Atticae Martiique iudicii causae patronis denuntiat praeco neque principia dicere neque miserationem commovere."
https://www.thelatinlibrary.com/apuleius/apuleius10.shtml,43,"Haec ad istum modum gesta compluribus mutuo sermocinantibus cognovi. Quibus autem verbis accusator urserit, quibus rebus diluerit reus ac prorsus orationes altercationesque neque ipse absens apud praesepium scire neque ad vos, quae ignoravi, possim enuntiare, sed quae plane comperi, ad istas litteras proferam."
https://www.thelatinlibrary.com/apuleius/apuleius10.shtml,108,"Simul enim finita est dicentium contentio, veritatem criminum fidemque probationibus certis instructi nec suspicionibus tantam coniecturam permitti placuit, atque illum potissimum servum, qui solus haec ita gesta esse scire diceretur, sisti modis omnibus oportere. Nec tantillum cruciarius ille vel fortuna tam magni indicii vel confertae conspectu curiae vel certe noxia conscientia sua deterrimus, quae ipse finxerat, quasi vera adseverare atque adserere incipit: quod se vocasset indignatus fastidio novercae iuvenis, quod, ulciscens iniuriam, filiis eius mandaverit necem, quod promisisset grande silentii praemium, quod recusanti mortem sit comminatus, quod venenum sua manu temperatum dantum fratri reddiderit, quod ac criminis probationem reservatum poculum neclexisse (se) suspicatus sua postremum manu porrexit puero."
https://www.thelatinlibrary.com/apuleius/apuleius10.shtml,15,Haec eximie nimis ad veritatis imaginem verberone illo simulata cum trepidatione proferente finitum est indicium.
https://www.thelatinlibrary.com/apuleius/apuleius10.shtml,123,"Nec quisquam decurionum tam aequus remanserat iuveni, quin eum evidenter noxae compertum insui culleo pronuntiaret. Cum iam sententiae pares, cunctorum stilis ad unum sermonem congruentibus, ex more perpetuo in urnam aeream deberent coici, quo semel conditis calculis, iam cum rei fortuna transacto, nihil postea commutari licebat, sed mancipabatur potestas capitis in manum carnificis, unus e curia senior prae ceteris compertae fidi atque auctoritatis praecipuae medicus orificium urnae manu contegens, ne quis mitteret calculum tenere, haec ad ordinem pertulit: ""Quod aetatis sum, vobis adprobatum me vixisse gaudeo, nec patiar falsis criminibus petito reo manifestum homicidium perpetrari nec vos, qui vire iurando adstrictis, inductos servuli mendacio peierare. Ipse non possum calcata numinum religione conscientiam meam fallens perperam pronuntiare. Ergo, ut res est, de me cognoscite."
https://www.thelatinlibrary.com/apuleius/apuleius10.shtml,79,"Furcifer iste, venenum praesentarium comparare sollicitus centumque aureos solidos offerens pretium, me non olim convenerat, quod aegroto cuidam dicebat necessarium, qui morbi inextricabilis veterno vehementer implicitus vitate se cruciatui subtrahere gestiret. At ego, perspiciens malum istum verberonem blaterantem atque inconcinne causificantem certusque aliquod moliri flagitium, dedi quidem potionem, dedi; sed futurae quaestioni praecavens non statim pretium, quod offerebatur, accepi, aureorum nequam vel adulter reperiatur, in hoc ipso sacculo conditos eos anulo tuo praenota, donec altera die nummulario praesente comprobentur""."
https://www.thelatinlibrary.com/apuleius/apuleius10.shtml,42,"Sic inductus signavit pecuniam, quam exinde, ut iste repraesentatus est iudicio, iussi de meis aliquem curriculo taberna promptam adferre et en ecce perlatam coram exhibeo. Videat et suum sigillum recognoscat. Nam quem ad modum eius veneri frater insimulari potest, quod iste comparaverit?"""
https://www.thelatinlibrary.com/apuleius/apuleius10.shtml,120,"Ingens exinde verberonem corripit trepidatio et in vicem humani coloris succedit pallor infernus perque universa membra frigidus sudor emanabat: tunc pedes incertis alternationibus commovere, modo hanc, modo illam capitis partem scalpere et ore semiclauso balbuttiens nescio quas afannas effutire, ut eum nemo prorsus a culpa vacuum merito crederet; sed revalescente rursus astutia constantissime negare et accersere mendacii non desinit medicum. Qui praeter iudicii religionem cum fidem suam coram lacerari videret, multiplicato studio verberonem illum contendit redarguere, donec iussu magistratuum ministeria publica contrectatis nequissimi servi manibus anulum ferreum deprehensum cum signo sacculi conferunt, quae comparatio praecedentem roboravit suspicionem. Nec rota vel eculeus more Graecorum tormentis eius apparata iam deerant, sed offirmatus mira praesumptione nullis verberibus ac ne ipso quidem succumbit igni."
https://www.thelatinlibrary.com/apuleius/apuleius10.shtml,158,"Tunc medicus: ""Non patiar"" inquit ""hercules, non patiar vel contra fas de innocente isto iuvene supplicium vos sumere vel hunc ludificato nostro iudicio poenam noxii facinoris evadere. Dabo enim rei praesenti evidens argumentum. Nam cum venenum peremptorium comparare pessimus iste gestiret nec meae sectae crederem convenire causas ulli praebere mortis nec exitio sed saluti hominum medicinam quaesitam esse didicissem, verens ne, si daturum me negassem, intempestiva repulsa viam sceleri subministrarem et ab alio quopiam exitiabilem mercatus hic potionem vel postremum gladio vel quovis telo nefas inchoatum perficeret, dedi venenum, sed somniferum, mandragoram illum gravedinis compertae famosum et morti simillimi soporis efficacem. Nec mirum desperatissimum istum latronem certum extremae poenae, quae more maiorum in eum competit, cruciatus istos ut leviores facile tolerare. Sed si vere puer meis temperatam manibus sumpsit potionem, vivit et quiescit et dormit et protinus marcido sopore discusso remeabit ad diem lucidam. Quod [sive peremtus est] si morte praeventus est, quaeratis licet causas mortis eius alias."""
https://www.thelatinlibrary.com/apuleius/apuleius10.shtml,140,"Ad istum modum seniore adorante placuit, et itur confestim magna cum festinatione ad illud sepulchrum quo corpus pueri depositum iacebat. Nemo de curia, de optimatibus nemo ac ne de ipso quidem populo quisquam, qui non illuc curiose confluxerit. Ecce pater, suis ipse manibus coperculo capuli remoto, commodum discusso mortifero sopore surgentem postliminio mortis deprehendit filium eumque complexum artissime, verbis impar praesenti gaudio, producit ad populum. Atque ut erat adhuc feralibus amiculis instrictus atque obditus deportatur ad iudicium puer. Iamque liquido servi nequissimi atque mulieris nequioris patefactis sceleribus procedit in medium nuda veritas et novercae quidem perpetuum indicitur exsilium, servus vero patibulo suffigitur et omnium consensu bono medico sinuntur aurei, opportuni somni pretium. Et illius quidem senis famosa atque fabulosa fortuna providentiae divinae condignum accepit exitum, qui momento modico immo puncto exiguo post orbitatis periculum adulescentium duorum pater repente factus est."
https://www.thelatinlibrary.com/apuleius/apuleius10.shtml,174,"At ego tunc temporis talibus fatorum fluctibus volutabar. Miles ille, qui me nullo vendente comparaverat et sine pretio suum fecerat, tribuni sui praecepto debitum sustinens obsequium, litteras ad magnum scriptas principem Romam versus perlaturus, vicinis me quibusdam duobus servis fratribus undecim denariis vendidit. Hic erat dives admodum dominus. At illorum alter pistor dulciarius, qui panes et mellita concinnabat edulia, alter cocus, qui sapidissimis intrimentis sucuum pulmenta condita vapore mollibat. Vnico illi contubernio communem vitam sustinebant meque ad vasa illa compluria gestanda praestinarant, quae domini religiones plusculas pererrantis variis usibus erant necessaria. Adsciscor itaque inter duos illos fratres tertius contubernalis, haud ullo tempore tam benivolam fortunam expertus. Nam vespera post opiparas cenas eramque splendidissimo apparatus multas numero partes in cellulam suam mei solebant reportare domini: ille porcorum, pullorum, piscium et cuiusce modi pulmentorum largissima reliquias, hic panes, crustula, lucunculos, hamos, lacertulos et plura scitamenta mellita. Qui cum se refecturi clausa cellula balneas petissent, oblatis ego divinitus dapibus adfatim saginabar. Nec enim tam stultus eram tamque vere asinus, ut dulcissimi illis relictis cibis cenarem asperrimum faenum."
https://www.thelatinlibrary.com/apuleius/apuleius10.shtml,89,"Et diu quidem pulcherrime mihi furatrinae procedebat artificium, quippe adhuc timide et satis parce subripienti de tam multis pauciora nec illis fraudes ullas in asino suspicantibus. At ubi fiducia latenti pleniore capta partes opimas quasque devorabam et iucundiora eligens abligurribam dulcia, suspicio non exilis fratrum pupugit animos, et quanquam de me nihil etiam tum tale crederent, tamen cotidiani damni studiose vestigabant reum. Illi vero postremo etiam mutuo sese rapinae turpissimae criminabantur, iamque curam diligentiorem at acriorem custodelam et dinumerationem adhibebant partium. Tandem denique rupta verecundia sic alter alterum compellat:"
https://www.thelatinlibrary.com/apuleius/apuleius10.shtml,54,"""At istud iam neque aequum ac ne humanum quidem cotidie te partes electiores surripere atque iis divenditis peculium latenter augere, de reliquis aequam vindicare divisionem, Si tibi denique societas ista displicet, possumus omnia quidem cetera fratres manere, ab isto tamen nexu communionis discidere. Nam videro in immensum damni procedentem querelam nutrire nobis immanem discordiam."""
https://www.thelatinlibrary.com/apuleius/apuleius10.shtml,45,"Subicit alvis: ""Laudo istam tuam mehercules et ipse constantiam, quod cotidie furatis clanculo partibus praevenisti querimoniam, quam diutissime sustinens tacitus ingemescebam, ne viderer rapinae sordidae meum fratrem arguere. Sed bene, quod utrimquesecus sermone prolato iacturae remedium quaeritur, ne silentio procedens simultas Eteocleas nobis contentiones pariat."""
https://www.thelatinlibrary.com/apuleius/apuleius10.shtml,162,"His et similibus altercati conviciis deierantur utrique nullam se prorsus fraudem, nullam denique subreptionem factitasse, sed plane debere cunctis artibus communis dispendii latronem inquiri; nam neque asinum, qui solus interesset, talibus cibis adfici posse, et tamen cotidie partis electiles comparere nusquam, nec utique cellulam suam tam immanes involare muscas, ut olim Harpyiae fuere, quae diripiebant Phineias dapes. Interea liberalibus cenis inescatus et humanis adfatim cibis saginatus corpus obesa pinguitie compleveram, corium arvina suculenta molliveram, pilum liberali nitore nutriverat. Sed iste corporis mei decor pudori peperit grande dedecus. Insolita namque tergoris vastitate commoti, faenum prorsus intactum cotidie remanere cernentes, iam totis ad me dirigunt animos. Et hora consueta velut balneas petituri clausis ex more foribus per quandam modicam cavernam rimantur me passim expositis epulis inhaerentem. Nec ulla cura iam damni sui habita mirati monstruosas asini delicias risu maximo dirumpuntur vocatoque uno et altero ac dein pluribus conservis gulam. Tantum denique ac tam liberatis cachinnus cunctos invaserat, ut ad aures quoque praetereuntis perveniret domini."
https://www.thelatinlibrary.com/apuleius/apuleius10.shtml,143,"Sciscitatus denique, quid bonum rideret familia, cognito quod res erat, ipse quoque per idem prospiciens forarem delectatur eximie; ac dehinc risu ipse quoque latissimo adusque intestinorum dolorem redactum, iam patefacto cubiculo proxime consistens coram arbitratur. Nam et ego tandem ex aliqua parte mollius mihi renidentis fortunae contemplatum faciem, gaudio praesentium fiduciam mihi subministrante, nec tantillum commotus securus esitabam, quoad novitate spectaculi laetus dominus aedium duci me iussit, immo vero suis etiam ipse manibus ad triclinium perduxit mensaque posita omne genus edulium solidorum et inlibata fercula iussit adponi. At ergo quanquam iam bellule suffarcinatus, gratiosum commendatioremque me tamen ei fare cupiens esurienter exhibitas escas adpetebam. Nam et quid potissimum abhorreret asino excogitantes scrupulose ad explorandam mansuetudinem id offerebant mihi, carnes lasere infectas, altilia pipere inspersa, pisces exotico iure perfusos. Interim convivium summo risu personabat. Quidam denique praesentes scurrula: ""Date? inquit ""sodali huic quippiam meri."""
https://www.thelatinlibrary.com/apuleius/apuleius10.shtml,45,"Quod dictum dominus secutus: ""Non adeo"" respondit ""absurde iocatus es, furcifer; valde enim fleri potest, ut contubernalis noster poculum quoque mulsi libenter adpetat."" Et ""heus"", ait "" puer, lautum diligenter ecce illum aureum cantharum mulso contempera et offer parasito meo; simul, quod ei praebiberim, commoneto."""
https://www.thelatinlibrary.com/apuleius/apuleius10.shtml,37,"Ingens exin oborta est epulonum exspectatio. Nec ulla tamen ego ratione conterritus, otiose ac satis genialiter contorta in modum linguae postrema labia grandissimum illum calicem uno haustum perduxi. Et clamor exsurgit consola voce cunctorum salute me prosequentium."
https://www.thelatinlibrary.com/apuleius/apuleius10.shtml,152,"Magno denique delibutus gaudio dominus, vocatis servis suis, emptoribus meis, iubet quadruplum restitui pretium meque cuidam acceptissimo liberto suo et satis peculiato magnam praefatus diligentiam tradidit. Qui me satis humane satisque comiter nutriebat et, quo se patrono commendationem faceret, studiosissime voluptates eius per meas argutias instruebat. Et primum me quidem mensam accumbere suffixo cubito, dein adluctari et etiam saltares sublatis primoribus pedibus perdocuit, quodque esset adprime mirabile, verbis nutum commodare, ut quod nollem relato, quod vellem deiecto capite monstrarem, sitiensque pocillatore respecto, ciliis alterna conivens, bibere flagitarem. Atque haec omnia perfacile oboediebam, quae nullo etiam monstrante scilicet facerem. Sed verebar ne, si forte sine magistro humano ritu ederem pleraque, rati saevum praesagium portendere, velet monstrum ostentumque me obtruncatum vulturiis opimum pabulum redderent. Iamque rumor publice crebruerat, quo conspectum atque famigerabilem meis miris artibus affeceram dominum: hic est, qui sodalem conivamque possidet asinum luctantem, asinum saltantem, asinum voces humanas intellegentem, sensum nutibus exprimentem."
https://www.thelatinlibrary.com/apuleius/apuleius10.shtml,161,"Sed prius est ut vobis, quod initio facere debueram, vel nunc saltem referam, vis iste vel unde fuerit: Thiasus  hoc enim nomine meus nuncupabatur dominus — oriundus patria Corintho, quod caput est totius Achaiae provinciae, ut eius prosapia atque dignitas postulabat, gradatim permensis honoribus quinquennali magistratui fuerat destinatus, et ut splendori capessendorum responderet fascium, munus gladiatorum triduani spectaculi pollicitus latius munificentiam suam porrigebat. Denique gloriae publicae studio tunc Thessaliam etiam accesserat nobilissimas feras et famosos inde gladiatores comparaturus, iamque ex arbitrio dispositis coemptisque omnibus domuitionem parabat. Spretis luculentis illis suis vehiculis ac posthabitis decoris raedarum carpentis, quae partim contecta partim revelata frustra novissimis trahebantur consequiis, equis etiam Thessalicis et aliis iumentis Gallicanis, quibus generosa suboles perhibet pretiosa dignitatem, me phaleris aureis et fucatis ephippis et purpureis tapetis et frenis argenteis et pictilibus balteis et tintinnabulis perargutis exornatum ipse residens amantissime nonnumquam commisit adfatur sermonibus atque inter alia pleraque summe se delectari profitebatur, quod haberet in me simul et convivam et vectorem."
https://www.thelatinlibrary.com/apuleius/apuleius10.shtml,67,"At ubi partim terrestri partim maritimo itinere confecto Corinthum accessimus, magnae civium turbae confluebant, ut mihi videbatur, non tantum Thiasi studentes honori quam mei conspectus cupientes. Nam tanta etiam ibidem de me fama pervaserat, ut non mediocri questui praeposito illo meo fuerim. Qui cum multos videret nimio favore lusus meos spectare gestientes, obserata fore atque singulis eorum sorsus admissis, stipes acceptans non parvas summulas diurnas corradere consuerat."
https://www.thelatinlibrary.com/apuleius/apuleius10.shtml,68,"Fuit in illo conventiculo matrona quaedam pollens et opulens. Quae more ceterorum visum meum mercata ac dehinc multiformibus ludicris delectata per admirationem adsiduam paulatim in admirabilem mei cupidinem incidit; nec ullam vaesanae libidini medelam capiens ad instar asinariae Pasiphaae complexus meos ardenter exspectabat, grandi denique praemio cum altore depecta est noctis unius concubitum; at ille nequaquam <anxius, ecquid> posset de me suave provenire, lucro suo tantum contentus, adnuit."
https://www.thelatinlibrary.com/apuleius/apuleius10.shtml,86,"Iam demique cenati a triclinio domini decesseramus et iam dudum praestolantem cubiculo meo matronam offendimus. Dii boni, qualis ille quamque praeclarus apparatus! Quattuor eunuchi confestim pulvillis compluribus ventose tumentibus pluma delicata terrestrem nobis cubitum praestruunt, sed et strangula veste auro ac murice Tyrio depicta probe consternunt ac desuper brevibus admodum, sed satis copiosis pulvillis aliis nimis modicis, quis maxillas et cervices delicatae mulieres suffulcire consuerunt, superstruunt. Nec dominae voluptates diutina sua praesentia morati, clavis foribus facessunt. At intus cerei praeclara micantes luce nocturnas nobis tenebras inalbabant."
https://www.thelatinlibrary.com/apuleius/apuleius10.shtml,124,"Tunc ipsa cuncto prorsus spoliata tegmine, taenia quoque, qua decoras devinxerat papillas, lumen propter adsistens, de stagneo vasculo multo sese perungit oleo balsamino meque indidem largissime perfricat, sed multo tanta impensius (cura) etiam nares perfundit meas. Tunc exosculata pressule, non qualia in lupanari solent basiola vel meretricum poscinummia vel adventorum negantinummia, sed pura atque sincera instruit et blandissimos adfatus: ""Amo"" et ""Cupio"" et ""Te solum diligo"" et ""Sine te iam vivere nequeo"" et cetera, quis mulieres et alios inducunt et suas testantur adfectationes, capistroque me prehensum more, quo didiceram, reclinat facile, quippe cum nil novi nihilque difficile facturus mihi viderer, praesertim post tantum temporis tam formosae mulieris cupiens amplexus obiturus; nam et vino pulcherrimo atque copioso memet madefeceram et ungento flagrantissimo prolubium libidinis suscitaram."
https://www.thelatinlibrary.com/apuleius/apuleius10.shtml,168,"Sed angebar plane non exili metu reputans, quem ad modum tantis tamque magis cruribus possem delicatam matronam inscendere vel tam lucida tamque tenera et lacte ac melle confecta membra duris ungulis complecti labiasque modicas ambroseo rore purpurantes tam amplo ore tamque enormi et saxeis dentibus deformi saviari, novissime quo pacto, quanquam ex unguiculis perpruriscens, mulier tam vastum genitale suscipet: heu me, qui dirrupta nobili femina bestiis obiectus munus instructurus sim mei domini! Molles interdum voculas et adsidua savia et dulces gannitus commorsicantibus oculis iterabat illa, et in summa: ""Teneo te"" inquit ""teneo, meum palumbulum, meum passerem"" et cum dicto vanas fuisse cogitationes meas ineptumque monstrat metus. Artissime namque complexa totum me prorsus, sed totum recepit. Illa vero quotiens ei parcens nates recellebam, accedens totiens nisu rabido et spinam prehendens meam adplicitiore nexu inhaerebat, ut hercules etiam deesse mihi aliquid ad supplendam eius libidinem crederem, nec Minotauri matrem frustra delectatam putarem adultero mugiente. Iamque operosa et pervigili nocte transacta, vitata lucis conscientia facessit mulier condicto pari noctis futurae pretio."
https://www.thelatinlibrary.com/apuleius/apuleius10.shtml,65,"Nec gravate magister meus voluptates ex eius arbitrio largiebatur partim mercedes amplissimas acceptando, raptim novum spectaculum domino praeparando. Incunctanter ei denique libidinis nostrae totam detegit scaenam. At ille liberto magnifice munerato destinat me spectaculo publico. Et quoniam neque egregia illa uxor mea propter dignitatem neque prorsus ulla alis inveniri potuerat grandi praemio, quae mecum incoram publicans pudicitiam populi caveam frequentaret. Eius poenae talem cognoveram fabulam."
https://www.thelatinlibrary.com/apuleius/apuleius10.shtml,145,"Maritum habuit, cuius pater peregre proficiscens mandavit uxoris suae, matri eiusdem iuvenis — quod enim sarcina praegnationis oneratam eam relinquebat — ut, si sexus sequioris edidisset fetum, protinus quo esset editum necaretur. At illa, per absentiam mariti nata puella, insita matribus pietate praeventa descivit ab obsequio mariti eamque prodidit vicinis alumnandam, regressoque iam marito natam necatamque nuntiavit. Sed ubi flos aetatis nuptialem virgini diem flagitabat nec ignaro marito dotare filiam pro natalibus quibat, quod solum potuit, filio suo tacitum secreto aperuit. Nam et oppido verebatur ne quos casu, caloris iuvenalis impetu lapsus, nescius nesciam sororem incurreret. Sed pietatis spectatae iuvenis et matris obsequium et sororis officium religiose dispensat et arcanis domus venerabilis silentii custodiae traditis, plebeiam facie tenus praetendes humanitatem, sic necessarium sanguinis sui munus adgreditur ut desolatam domus suae tutela receptaret ac mox artissimo multumque sibi dilecto contubernali, largius de proprio dotem, liberalissime traderet."
https://www.thelatinlibrary.com/apuleius/apuleius10.shtml,57,"Sed haec bene atque optime plenaque cum sanctimonia disposita feralem Fortunae nutum latere non potuerunt, cuius instinctu domum iuvenis protinus se direxit saeva Rivalitas. Et illico haec eadem uxor eius, quae nunc bestiis propter haec ipsa fuerat addicta, coepit puellam velut aemulam tori succubamque primo suspicari, dehinc detestari, dehinc crudelissimis laqueis mortis insidiari, Tali denique comminiscitur facinus."
https://www.thelatinlibrary.com/apuleius/apuleius10.shtml,131,"Anulo mariti surrepto rus profecta mittit quendam servulum sibi quidem fidelem, sed de ipsa Fide pessime merentem, qui puellae nuntiaret quod eam iuvenis profectus ad villulam vocarent ad sese, addito ut sola et sine ullo comite quam maturissime perveniret. Et ne qua forte nasceretur veniendi cunctatio, tradit anulum marito subtractum, qui monstratus fidem verbis adstipularetur. At illa mandatu fratris obsequens — hoc enim nomen sola sciebat — respecto etiam signo eius, quod offerebatur, naviter, ut praeceptum fuerat, incomitata festinabat. Sed ubi fraudis extremae lapsa decipulo laqueos insidiarum accessit, tunc illa uxor egregia sororem mariti libidinosae furiae stimulis efferata primum quidem nudam flagris ultime verberat, dehinc quod res erat, clamantem quodque frustra paelicatus indignatione bulliret fratrisque nomen saepius iterantem velut mentitam atque cuncta fingentem titione candenti inter media femina detruso crudelissimae necavit."
https://www.thelatinlibrary.com/apuleius/apuleius10.shtml,135,"Tunc acerbae mortis exciti nuntiis frater et maritus accurrunt variisque lamentationibus defletam puellam tradunt sepulturae. Nec iuvenis sororis suae mortem tam miseram et qua minime par erat inlatam aequo quivit animo, sed medullitus dolore commotus acerrimaeque bilis noxio furore perfusus exin flagrantissimi febribus ardebat, ut ipsi quoque iam medela videretur esse necessaria. Sed uxor, quam iam pridem nomen uxoris cum fide perdiderat, medicum convenit quendam notae perfidiae, qui iam multarum palmarum spectatus proeliis magna dexterae suae tropaea numerabat, eique protinus quinquaginta promittit sestertia, ut ille quidem momentarium venenum venderet, ipsa autem emeret mortem mariti sui. Quo compecto simulatur necessaria praecordiis leniendis bilive subtrahendae illa praenobilis potio, quam sacram doctiores nominant, sed in eius vicem subditur alia Proserpinae sacra Saluti. Iamque praesente familia et nonnullis amicis et adfinibus aegroto medicus poculum probe temperatum manu sua porrigebat."
https://www.thelatinlibrary.com/apuleius/apuleius10.shtml,68,"Sed audax illa mulier, ut simul et conscium sceleris amoliretur et quam desponderat pecuniam lucraretur, coram detento calice: ""Non prius"", inquit ""medicorum optime, non prius carissimo mihi marito trades istam potionem quam de ea bonam partem hauseris ipse. Vnde enim scio an noxium in eam lateat venenum? Quae res utique te tam prudentem tamque doctum virum nequaquam offendet, si religiosa uxor circa salutem mariti sollicita necessariam adfero pietatem."""
https://www.thelatinlibrary.com/apuleius/apuleius10.shtml,138,"Qua mira desperatione truculentae feminae repente perturbatus medicus excussusque toto consilio et ob angustiam temporis spatio cogitandi privatus, antequam trepidatione aliqua vel cunctatione ipsa daret malae conscientiae suspicionem, indidem de potione gustavit ampliter. Quam quidem secutus adulescens etiam, sumpto calice, quod offerebatur hausit. Ad istum modum praesenti transacto negotio medicus quam celerrime domum remeabat, salutifera potione pestem praecedentis veneni festinans extinguere. Nec eum obstinatione sacrilega, qua semel coeperat, truculenta mulier ungue latius a se discere passa est — ""priusquam"" inquit ""digesta potione medicinae proventus appareat"" — sed aegre precibus et ostentationibus eius multum ac diu fatigata tandem abire concessit. Interdum perniciem caenam totis visceribus furentem medullae penitus adtraxerant, multum denique saucius et gravedine somnulenta iam demersus domum pervadit aegerrime. Vixque enarratis cunctis ad uxorem mandato saltem promissam mercedem mortis geminatae deposceret, sic elisum violenter spectatissimus medicus effundit spiritum."
https://www.thelatinlibrary.com/apuleius/apuleius10.shtml,110,"Nec ille tamen iuvenis diutius vitam tenuerat, sed inter fictas mentitasque lacrimas uxoris pari casu mortis fuerat extinctus. Iamque eo sepulto, paucis interiectis diebus, quis feralia mortuis litantur obsequia, uxor medici pretium geminae mortis petens aderat. Sed mulier usquequaque sui similis, fidei supprimens faciem, praetendes imaginem, blandicule respondit et omnia prolixe adcumulateque pollicetur et statutum praemium sine mora se reddituram constituit, modo pauxillum de ea potione largiri sibi vellet ad incepti negotii persecutionem. Quid pluribus? Laqueis fraudium pessimarum uxor inducta medici facile consentit et, quo se gratiorem locupleti feminae faceret, properiter domo petitam totam prorsus veneri pyxidem mulieri tradidit. Quae grandem scelerum nancta materiam longe lateque cruentas suas manus porrigit."
https://www.thelatinlibrary.com/apuleius/apuleius10.shtml,185,"Habebat filiam parvulam de marito, quem nuper necaverat. Huic infantulae quod leges necessariam patris successionem deferrent, sustinebat aegerrime inhiansque toto filiae patrimonio inminebat et capiti. Ergo certa defunctorum liberorum matres sceleratas hereditates excipere, talem parentem praebuit, pro tempore et uxorem medici simul et suam filiam venero eodem percutit. Sed parvulae quidem tenuem spiritum et delicata ac tenera praecordia conficit protinus viris infestum, at uxor medici, dum noxiis ambagibus pulmones eius pererrat tempestas detestabilis potionis, primum suspicata, quod res erat, mox urgente spiritu iam certo certior contendit ad ipsam praesidis domum magnoque fidem eius protestata clamore et populi concitato tumultu, utpote tam immania detectura flagitia, efficit, statim sibi simul et domus et aures praesidis patefierent. Iamque ab ipso exordio crudelissimae mulieris cunctis atrocitatibus diligenter expositis, repente mentis nubilo turbine correpta semihiantes adhuc compressit labias et, attritu dentium longo stridore reddito, ante ipso praedis pedes examinis corruit. Nec ille vir, alioquin exercitus, tam multiforme facinus excetrae venenatae dilatione languida passus marcescere confestim cubiculariis mulieris adtractis vi tormentorum veritatem eruit atque illam, minus quidem quam merebatur, sed quod dignus cruciatus alius excogitari non poterat, certe bestiis obiciendam pronuntiavit."
https://www.thelatinlibrary.com/apuleius/apuleius10.shtml,80,"Talis mulieris publicitus matrimonium confarreaturus ingentique angore oppido suspensus exspectabam diem muneris, saepius quidem mortem mihimet volens consciscere, priusquam scelerosae mulieris contagio macularer vel infamia publici spectaculi depudescerem. Sed privatus humana manu, privatus digitis, ungula rutunda atque mutila gladium stringere nequaquam poteram. Plane tenui specula solabar clades ultimas, quod ver in ipso ortu iam gemmulis floridis cuncta depingeret et iam purpureo nitore praeta vestiret et commodum dirrupto spineo tegmine spirantes cinnameos odores promicarent rosae, quae me priori meo Lucio redderent."
https://www.thelatinlibrary.com/apuleius/apuleius10.shtml,101,"Dies ecce numeri destinatus aderat. Ad conseptum caveae prosequente populo pompatico favore deducor. Ad dum ludicris scaenicorum choreis primitiae spectaculi dedicantur, tantisper ante portam constitutus pabulum laetissimi graminis, quod in ipso germinabat aditu, libens adfectabam, subinde curiosos oculos patente porta spectaculi prospectu gratissimo reficiens. Nam puelli puellaeque virenti florentes aetatula, forma conspicui veste nitidi, incessu gestuosi, Graecanicam saltaturi pyrricam dispositis ordinationibus decoros ambitus inerrabant nunc in orbem rotatum flexuosi, nunc in obliquam seriem conexi et in quadratum patorem cuneati et in catervae discidium separati. Ad ubi discursus reciproci multinodas ambages tubae terminalis cantus explicuit, aulaeo subductu et complicitis siparis scaena disponitur."
https://www.thelatinlibrary.com/apuleius/apuleius10.shtml,106,"Erat mons ligneus, ad instar incliti montis illius, quem vates Homerus Idaeum cecinit, sublimi instructus fabrica, consitus virectis et vivis arboribus, summo cacumine, de manibus fabri fonti manante, fluvialis aquas eliquans. Capellae pauculae tondebant herbulas et in modum Paridis, Phrygii pastoris, barbaricis amiculis umeris defluentibus, pulchre indusiatus simulabat magisterium. Adest luculentus puer nudus, nisi quod ephebica chlamida sinistrum tegebat umerum, flavis crinibus usquequaque conspicuus, et inter conas eius aureae pinnulae colligatione simili sociatae prominebant; quem [caduceum] et virgula Mercurium indicabat, Is saltatorie procurrens malumque bracteis inauratum dextra gerens (adulescentis), qui Paris videbatur, porrigit, qui mandaret Iuppiter nutu significans, et protinus gradum scitule referens et conspectu facessit."
https://www.thelatinlibrary.com/apuleius/apuleius10.shtml,45,"Insequitur puella vultu honesta in deae Iunonis speciem similis: nam et caput stringebat diadema candida, ferebat et sceptrum. Inrupit alia, quam putares Minervam, caput contecta fulgenti galea — et oleaginea corona tegebatur ipsa galea — clypeum attollens et hastam quatiens et qualis illa, cum pugnat."
https://www.thelatinlibrary.com/apuleius/apuleius10.shtml,198,"Super has introcessit alia, visendo decore praepollens, gratia coloris ambrosei designans Venerem, qualis fuit Venus, cum fuit virgo, nudo et intecto corpore perfectam formositatem professa, nisi quod tenui pallio bombycino inumbrabat spectabilem pubem. Quam quidem laciniam curiosulus ventus satis amanter nunc lasciviens reflabat, ut dimota pateret flos aetatulae, nunc luxurians aspirabat, ut adhaerens pressule membrorum voluptatem graphice liniaret. Ipse autem color deae diversus in speciem, corpus candidum, quod caleo demeat, amictus caerulus, quod mari remeat. Iam singulas virgines, quae deae putabantur, (sui tutabantur) comites, Iunonem quidem Castor et Pollux, quorum capita cassides ovatae stellarum apicibus insignes contegebant, sed et isti Castores erant scaenici pueri. Haec puella varios modulos Iastia concinente tibia procedens quieta et inadfectata gesticulatione nutibus honesti pastori pollicetur, si sibi praemium decoris addixisset, sese regnum totius Asiae tributuram. At illam quam cultus armorum Minervam fecerat duo pueri muniebant, proeliaris deae comites armigeri, Terror et Metus, nudis insultantes gladiis. At pone tergum tibice Dorium canebat bellicosum et permiscens bombis gravibus tinnitus acutos in modum tubae saltationis agilis vigorem suscitabat. Haec inquieto capite et oculis in aspectum minacibus citato et intorto genere gesticulationis alacer demonstrabat Paridi, si sibi formae victoriam tradidisset, fortem tropaeisque bellorum inclitum suis adminiculis futurum."
https://www.thelatinlibrary.com/apuleius/apuleius10.shtml,170,"Venus ecce cum magno favore caveae in ipso meditullio scaenae, circumfuso populo laetissimorum, dulce subridens constitit amoene: illos teretes et lacteos puellos diceres tu Cupidines veros de caelo vel mari commodum involasse; nam et pinnulis et sagittulis et habitu cetero formae praeclare congruebant et velut nuptialis apulas obiturae dominae coruscis praelucebant facibus. Et influunt innuptarum puellarum decorae subole, hinc Gratiae gratissimae, inde Horae pulcherrimae, quae iaculis foris serti et soluti deam suam propitiantes scitissimum construxerant chorum, dominae voluptatum veris coma blandientes. Iam tibiae multiforabiles cantus Lydios dulciter consonant. Quibus spectatorum pectora suae mulcentibus, longe suavior Venus placide commoveri cunctantique lente vestigio et leniter fluctuante spinula et sensim adnutante capite coepit incedere mollique tibiarum sono delicatis respondere gestibus et nunc mite coniventibus nunc acre comminantibus gestire pupulis et nonnumquam saltare solis oculis. haec ut primum ante iudicis conspectum facta est, nisu brachiorum polliceri videbatur, si fuisset deabus ceteris antelata, daturam se nuptam Paridi forma praecipuam suique consimilem. Tunc animo volenti Phrygius iuvenis malum, quod tenebat, aureum velut victoriae calculum puellae tradidit."
https://www.thelatinlibrary.com/apuleius/apuleius10.shtml,166,"Quid ergo miramini, vilissima capita, immo forensia pecora, immo vero togati vulturii, si totis nunc iudices sententias suas pretio nundinantur, cum rerum exordio inter deos et homines agitatum indicium corruperit gratia et originalem sententiam magni Iovis consiliis electus iudex rusticanus et opilio lucro libidinis vendiderit cum totis etiam suae stirpis exitio? Sic hercules et aliud sequensque iudicium inter inclito Achivorum duces celebratum, [vel] eum falsis insimulationibus eruditione doctrinaque praepollens Palamedes proditionis damnatur, virtute Martia praepotenti praefertur Vlixes modicus Aiaci maximo. Quale autem et illud iudicium apud legiferos Athenienses catos illos et omnis scientiae magistros? Nonne divinae prudentiae senex, quem sapientia praetulit cunctis mortalibus deus Delphicus, fraude et invidia nequissimae factionis circumventus velut corruptor adulescentiae, quam frenis cohercebat, herbae pestilentis suco noxio peremptus est relinquens civibus ignominiae perpetuae maculam, cum nunc etiam egregii philosophi sectam eius sanctissimam praeoptent et summo beatitudinis studio iurent in ipsius nomen? Sed nequis indignationis meae reprehendat impetum secum sic reputans: ""Ecce nunc patiemur philosophantem nobis asinum?"", rursus, unde decessi, revertar ad fabulam."
https://www.thelatinlibrary.com/apuleius/apuleius10.shtml,78,"Postquam finitum est illud Paridis iudicium, Iuno quidem cum Minerva tristes et iratis similes e scaena redeunt, indignationem repulsae gestibus professae, Venus vero gaudens et hilaris laetitiam suam saltando toto cum choro professa est. Tunc de summo montis cacumine per quandam latentem fistulam in excelsum prorumpit vino crocus diluta sparsique deflens pascentis circa capellas odoro perpluit imbre, donec in meliorem maculatae speciem canitiem propriam luteo colore mutarent. Iamque tota suae fraglante cavea montem illum ligneum terrae vorago decepit."
https://www.thelatinlibrary.com/apuleius/apuleius10.shtml,109,"Ecce quidam miles per mediam plateam dirigit cursum petiturus iam populo postulante illam de puplico carcere mulierem, quam dixi propter multiforme scelus bestis esse damnatam meisque praeclaris nuptiis destinatam. Et iam torus genialis scilicet noster futurus accuratissime disternebatur lectus Indica testudine perlucidus, plumea congerie tumidis, veste serica floribus. At ego praeter pudorem obeundi publice concubitus, praeter contagium scelerae pollutaeque feminae, metu iam mortis maxime cruciabar sic ipse mecum reputans, quod in amplexus Venerio scilicet nobis cohaerentibus, quaecumque ad exitium mulieris bestia fuisset immissa, non adeo vel prudentia sollers vel artificio docta vel absistentia frugi posset provenire, ut adiacentem lateri meo laceraret mulierem, mihi vero quasi indemnato et innoxio parceret."
https://www.thelatinlibrary.com/apuleius/apuleius10.shtml,117,"Ergo igitur non de pudore iam, sed de salute ipsa sollicitus, dum magister meus lectulos probe coaptando districtus inseruit et tota familia partim ministerio venationis occupata partim voluptario spectaculo adtonita meis cogitationibus liberum tribuebatur arbitrium, nec magnoque quisquam custodiendum tam mansuetum putabat asinum, paulatim furtivum pedem proferens portam, quae proxima est, potitus iam cursu memet celerrimo proripio Cenchreas pervado, quod oppidum audit quidem nobilissimae coloniae Corinthiensium, adluitur autem Aegaeo et Saronico mari. Inibi portus etiam tutissimum navium receptaculum magno frequentatur populo. Vitatis ergo turbulis et electo secreto litore prope ipsa fluctuum aspergines in quodam mollissimo harenae gremio lassum corpus porrectus refovero. Nam et ultimam diei metam curriculum solis deflexerat et vespertinae me quieti traditum dulcis somnus oppresserat."
https://www.thelatinlibrary.com/apuleius/apuleius9.shtml,118,"Sic ille nequissimus carnifex contra me manus impias obarmabat. At ego praecipitante consilium periculi tanti praesentia nec exspectata diutina cogitatione lanienam imminentem fuga vitare statui, protinusque vinculo, quo fueram deligatus, abrupto curso me proripio totis pedibus, ad tutelam salutis crebris calcibus velitatus, ilicoque me raptim transcursa proxima porticu triclinio, in quo dominus aedium sacrificales epulas cum sacerdotibus deae cenitabat, incunctanter immitto, nec pauca rerum adparatus cibarii mensas etiam et ignes impetu meo collido atque disturbo. Qua rerum deformi strage paterfamilias commotus ut importunum atque lascivum me cuidam famulo curiose traditum certo aliquo loco clausum (iussit) cohiberi, ne rursum convivium placidum simili petulantia dissiparem. Hoc astutulo commento scitule munitus et mediis lanii manibus ereptus custodela salutaris mihi gaudebam carceris."
https://www.thelatinlibrary.com/apuleius/apuleius9.shtml,41,"Sed nimirum nihil Fortuna rennuente licet homini natu dexterum provenire nec consilio prudenti vel remedio sagaci divinae providentiae fatalis dispositio subuerti vel reformari potest. Mihi denique id ipsum commentum, quod momentariam salutem reperisse videbatur, periculum grande immo praesens exitium conflavit aliud."
https://www.thelatinlibrary.com/apuleius/apuleius9.shtml,85,"Nam quidam subito puer mobili ac trepida facile percitus, ut familiares inter se susurrabant, inrumpit tricliniumn suoque annuntia domino de proximo angiportu canem rabidam paulo ante per posticam impetu miro sese direxisse ardentisque prorsus furore venaticos canes invasisse ac dehinc proximum petisse pari saevitia nec postremum saltem ipsis hominibus pepercisse; nam Myrtilum mulionem et Hephaestionem cocum et Hypnophilum cubicularium et Apollonium medicum, immo vero et plures alios ex familia abigere temptantes variis morsibus quemque lacerasse, certe venenatis morsibus contacta non nulla iumenta efferari simili rabie."
https://www.thelatinlibrary.com/apuleius/apuleius9.shtml,102,"Quae res omnium statim percussit animos, ratique me etiam eadem peste infectum ferocire arreptis cuiusce modi telis mutuoque ut exitium commune protelarent cohortati, ipsi potius eodem vaesaniae morbo laborantes, persecuntur. Nec dubio me lanceis illis vel venabulis immo vero et bipennibus, quae facile famuli subministraverant, membratim compilassent, ni respecto subiti periculi turbine cubiculum, in quo mei domini devertebant, protinus inrupissem. Tunc clausis obseratisque super me foribus obsidebant locum, quoad sine ullo congressionis suae periculo pestilentiae laetatis pervicaci rabie possessus ac peresus absumerer. Quo facto tandem libertatem nanctus, solitariae fortunae munus amplexus, super constratum lectum abiectus, post multum equidem temporis somnum humanum quievi."
https://www.thelatinlibrary.com/apuleius/apuleius9.shtml,129,"Iamque clara die mollitie cubilis refota lassitudine vegetus exsurgo atque illos qui meae tutelae pervigiles excubias agitaverant ausculto de meis sic altercare fortunis: ""Adhucine miserum istum asinum iugi furore iactari credimus?"" ""Immo vero iam virus increscente saevitia prorsum extinctum. Sic opinionis variae terminum ad exploratione conferunt ac de rima quadam prospiciunt sanum me atque sobrium otiose consistere. Iamque utro foribus patefactis plenius, an iam sim mansuetus, periclitantur. Sed unus ex his, de caelo scilicet missus mihi sospitator, argumentum explorandae sanitatis meae commonstrat ceteris, ut aquae recentis completam pelvem offerent potui meo, ac si intrepidus et more solito sumens aquis adlibescentem, sanum me atque omni morbo scirent expeditum: contra vero si visum contactumque laticis vitarem ac perhorrescerem, pro conperto noxiam rabiem pertinaciter durare; hoc enim libris pristinis proditum observari solere."
https://www.thelatinlibrary.com/apuleius/apuleius9.shtml,63,"Isto placito vas immane confestim atque perlucidae de proximo petitae fonte, cunctantes adhoc, offerunt mihi: at ego sine ulla mora progressum etiam obvio gradu satis sitienter pronus et totum caput immergens salutares vere equidem illas aquas hauriebam. Iamque et plausus manum et aurium flexus et ductum capistri et quiduis aliud periclitantium placide patiebar, quoad contra vesanam eorum praesumptionem modestiam meam liquido cunctis adprobarem."
https://www.thelatinlibrary.com/apuleius/apuleius9.shtml,58,"Ad istum modum vitato duplici periculo, die sequenti rursum divinis exuviis onustus cum crotalis et cymbalis circumforaneum mendicabulum producor ad viam. Nec paucis casulis atque castellis oberratis devertimus ad quempiam pagum urbis opulentae quondam, ut memorabant incolae, inter semiruta vestigia conditum et hospitio proxumi stabuli recepti cognoscimus lepidam de adulterio cuiusdam pauperis fabulam, quam vos etiam cognoscatis volo."
https://www.thelatinlibrary.com/apuleius/apuleius9.shtml,161,"Is gracili pauperie laborans fabriles operas praebendo parvis illis mercedibus vitam tenebat. Erat ei tamen uxorcula etiam satis quidem tenuis et ipsa, verum tamen postrema lascivia famigerabilis. Sed die quadam, dum matutino ille ad opus susceptum proficiscitur, statim latenter inrepit eius hospitium temerarius adulter. Ac dum Veneris conluctationibus securius operantur, maritus ignarus rerum ac nihil etiam tum tale suspicans inprovisus hospitium repetit. Iam clausis et obseratis foribus uxoris laudata continentia ianuam pulsat, sibilo etiam praesentiam suam denuntiante. Tunc mulier callida et ad huius modi flagitia perastutula tenacissimis amplexibus expeditum hominem dolio, quod erat in angulo semiobrutum, sed alias vacuum, dissimulanter abscondit, et patefactis aedibus adhuc introeuntem maritum aspero sermone accipit: ""Sinice vacuus et otiosus insinuatis manibus ambulabis mihi nec obito consueto labore vitae nostrae prospicies et aliquid cibatui parabis? At ego misera pernox et perdia lanificio nervos meos contorqueo, ut intra cellulam nostram saltem lucerna luceat. Quanto me felicior Daphne vicina, quae mero et prandio matutino saucia cum suis adulteris volutatur!"""
https://www.thelatinlibrary.com/apuleius/apuleius9.shtml,71,"Sic confutatus maritus: ""Et quid istic est?"" ait ""Nam licet forensi negotio officinator noster attentus ferias nobis fecerit, tamen hodiernae cenulae nostrae propexi. Vide sis ut dolium, quod semper vacuum, frustra locum detinet tantum et re vera praeter impedimentum conversationis nostrae nihil praestat amplius. Istud ego sex denariis cuidam venditavi, et adest ut dato pretio secum rem suam ferat. Quin itaque praecingeris mihique manum tantisper accommodas, ut exobrutum protinus tradatur emptori.?"
https://www.thelatinlibrary.com/apuleius/apuleius9.shtml,33,"E re nata fallaciosa mulier temerarium tollens cachinnum: ""Magnum"" inquit ""istum virum ac strenuum negotiatorem nacta sum, qui rem, quam ego mulier et intra hospitium contenta iam dudum septem denariis vendidi, minoris distraxit."""
https://www.thelatinlibrary.com/apuleius/apuleius9.shtml,24,"Additamento pretii laetus maritus: ""Et quis est ille"" ait ""qui tanto praestinavit?"" At illa: ""Olim, inepte,"" inquit ""descendit in dolium sedulo soliditatem eius probaturus."""
https://www.thelatinlibrary.com/apuleius/apuleius9.shtml,150,"Nec ille sermoni mulieris defuit, sed exurgens alacriter: ""Vis"" inquit ""verum scire, mater familias? Hoc tibi dolium nimis vetustum est et multifariam rimis hiantibus quassum"" ad maritumque eius dissimulanter conversus: ""Quin tu, quicumque es, homuncio, lucernam"" ait ""actutum mihi expedis, ut erasis intrinsecus sordibus diligenter aptumne usui possim dinoscere, nisi nos putas aes de malo habere?"" Nec quicquam moratus ac suspicatus acer et egregius ille maritus accensa lucerna: ""Discere,"" inquit ""frater, et otiosus adsiste, donec probe percuratum istud tibi repraesentem""; et cum dicto nudatus ipse delato numine scabiem vetustam cariosae testae occipit exsculpere. At vero adulter bellissimus ille pusio inclinatam dolio pronam uxorem fabri superincurvatus secure dedolabat. Ast illa capite in dolium demisso maritum suum astu meretricio tractabat ludicre; hoc et illud et aliud et rursus aliud purgandum demonstrat digito suo, donec utroque opere perfecto accepit septem denariis calamitosus faber collo suo gerens dolium coactus est ad hospitium adulteri perferre."
https://www.thelatinlibrary.com/apuleius/apuleius9.shtml,39,Pauculis ibi diebus commorati et munificentia publica saginati vaticinationisque crebris mercedibus suffarcinati purissimi illi sacerdotes novum quaestus genus sic sibi comminiscuntur. Sorte unica pro casibus pluribus enotata consulentes de rebus variis plurimos ah hunc modum cavillatum. Sors haec erat:
https://www.thelatinlibrary.com/apuleius/apuleius9.shtml,10,"""ideo coniuncti terram proscindunt boves,ut in futurum laeta germinent sata."""
https://www.thelatinlibrary.com/apuleius/apuleius9.shtml,91,"Tum si qui matrimonium forte coaptantes interrogarent, rem ipsa responderi aiebant: iungendos conubio et satis liberum procreandis, si possessionem praestinaturus quaereret, merito boves [ut] et iugum et arva sementis florentia pronuntiari; si qui de profectione sollicitus divinum caperet auspicium, iunctos iam paratosque quadripedum cunctorum mansuetissimos et lucrum promitti de glebae germine; si proelium capessiturus vel latronum factionem persecuturus utiles necne processus sciscitaretur, addictam victoriam forti praesagio contendebat, quippe cervices hostium iugo subactum iri et praedam de rapinis uberrimam fructuosaque captum iri. Ad istum modum divinationis astu captioso conraserat non parvas pecunias."
https://www.thelatinlibrary.com/apuleius/apuleius9.shtml,127,"Sed adsiduis interrogationibus argumenti satietate iam defecti rursum ad viam prodeunt via tota, quam nocte confeceramus, longe peiorem, quidni? lacunosis incilibus voraginosam, partim stagnanti palude fluidam et alibi subluvie caenosa lubricam. Crebris denique offensaculis et assiduis lapsibus iam contusis cruribus meis vix tandem ad campestrem semitas fessus evadere potui. Et ecce nobis repente de tergo manipulus armati supercurrit equitis aegreque cohibita equorum curruli rabie Philebum ceterosque comites eius involant avidi colloque constricto et sacrilegos impurosque compellantes interdum pugnis obverberant nec non manicis etiam cunctos coartant et identidem urgenti sermone comprimunt, promerent potius aureum cantharum, promerent auctoramentum illud sui sceleris, quod simulatione sollemnium, quae in operto factitaverant, ab ipsis pulvinaribus matris deum clanculo furati, prosus quasi possent tanti facinoris evadere supplicium tacita profectione, adhuc luce dubia pomerium pervaserint."
https://www.thelatinlibrary.com/apuleius/apuleius9.shtml,69,"Nec defuit qui manu super dorsum meum iniecta in ipso deae, quam gerebam, gremio scrutatus reperiret atque incoram omnium aureum depromeret cantharum. nec isto saltem tam nefario scelere impuratissima illa capita confutari terrerive potuere, sed mendoso risu cavillantes: ""En"" inquiunt ""indignae rei scaevitatem! Quam plerumque insontes periclitantur homines! Propter unicum caliculum, quem deum mater sorori suae deae Syriae hospitale munus optulit, ut noxius religionis antistites ad discrimen vocari capitis."""
https://www.thelatinlibrary.com/apuleius/apuleius9.shtml,71,"Haec et alias similis afannas frustra blaterantis eos retrorsus abducunt pagani statimque vinctos in Tullianum conpingunt cantharoque et ipso simulacro quod gerebam apud fani donarium redditis ac consecratis altera die productum me rursum voce praeconis venui subiciunt, septemque nummis carius quam prius me comparaverat Philebus quidam pistor de proximo castello praestinavit, protinusque frumento etiam coempto adfatim onustum per inter arduum scrupis et cuiusce modi stirpibus infestum ad pistrinum quod exercebat perducit."
https://www.thelatinlibrary.com/apuleius/apuleius9.shtml,193,"Ibi complurium iumentorum multivii circuitus intorquebant molas ambage varia nec die tantum verum perperi etiam nocte prorsus instabili machinarum vertigine lucubrabant pervigilem farinam. Sed mihi, ne rudimentum servitii perhorrescerem scilicet, novus domitus loca lautia prolixe praebuit. nam et diem primum illum feriatum dedit et cibariis abundanter instruxit praesepium. Nec tamen illa otii saginaeque beatitudo duravit ulterius, sed die sequenti molae quae maxima videbatur matutinus adstituor et illico velata facile propellor ad incurva spatia flexuosi canalis, ut in orbe termini circumfluentis reciproco gressu mea recalcans vestigia vagarer errore certo. Nec tamen sagacitatis ac prudentiae meae prorsus oblitus facilem me tirocinio disciplinae praebui; sed quanquam frequenter, cum inter homines agerem, machinas similiter circumrotari vidissem, tamen ut expertes et ignarus operis stupore mentito defixus haerebam, quod enim rebar ut minus aptum et huius modi ministerio satis inutilem me ad alium quempiam utique leviorem laborem legatum iri vel otiosum certe cibatum iri. Sed frustra sollertiam damnosam exercui. Complures enim protinus baculis armati me circumsteterunt atque, ut eram luminibus obtectis securus etiamnunc, repente signo dato et clamore conserto, plagas ingerentes acervatim, adeo me strepitu turbulentant ut cunctis consiliis abiectis ilico scitissime taeniae spartae totus innixus discursus alacres obirem."
https://www.thelatinlibrary.com/apuleius/apuleius9.shtml,125,"At subita sectae commutatione risum toto coetu commoveram. Iamque maxima diei parte transacta defunctum alioquin me, helcio sparteo dimoto, nexu machinae liberatum adplicant praesepio. At ego, quanquam eximie fatigatus et reflectione virium vehementer indiguus et prorsus fame perditus, tamen familiare curiositate attonitus et satis anxius, postposito cibo, qui copiosus aderat, inoptabilis officinae disciplinam cum delectatione quadam arbitrabar. Dii boni, quales illic homunculi vibicibus lividis totam cutem depicti dorsumque plagosum scissili centunculo magis inumbrati quam obtecti, nonnulli exiguo tegili tantum modo pubem iniecti, cuncti tamen sic tunicati ut essent per pannulos manifesti, frontes litterati et capillum semirasi et pedes anulati, tum lurore deformes et fumosis tenebris vaporosae caliginis palpebras adesi atque adeo male luminanti et in modum pugilum, qui pulvisculo perspersi dimicant, farinulenta cinere sordide candidati."
https://www.thelatinlibrary.com/apuleius/apuleius9.shtml,153,"Iam de meo iumentario contubernio quid vel ad quem modum memorem? Quales illi muli senes vel cantherii debiles. Circa praesepium capita demersi contruncabant moles palearum, cervices cariosa vulnerum putredine follicantes, nares languidas adsiduo pulsu tussedinis hiulci, pectora copulae spartae tritura continua exulcerati, costas perpetua castigatione ossium tenus renudati, ungulas multivia circumcursione in enorme vestigium porrecti totumque corium veterno atque scabiosa macie exasperati. Talis familiae funestum mihi etiam metuens exemplum veterisque Lucii fortunam recordatus et ad ultimam salutis metam detrusus summisso capite maerebam. Nec ullum uspiam cruciabilis vitate solacium aderat, nisi quod ingentia mihi curiositate recreabat, dum praesentiam meam parvi facientes libere, quae volunt, omne et agunt et loquuntur. Nec inmerito priscae poeticae divinus auctor apud Graios summae prudentiae virum monstrare cupiens multarum civitatium obitu et variorum populorum cognito summas adeptum virtutes cecinit. Nam et ipse gratas gratias asino meo memini, quod me suo celatum tegmine variisque fortunis exercitatum, etsi minus prudentem, multiscium reddidit."
https://www.thelatinlibrary.com/apuleius/apuleius9.shtml,124,"Fabulam denique bonam prae ceteris, suave comptam ad arvis vestras adferre decrevi, et en occipio. Pistor ille, qui me pretio suum fecerat, bonus alioquin vir et adprime modestus, pessimam et ante cunctas mulieres longe deterrimam sortitus coniugam poenas extremas tori larisque sustinebat, ut hercules eius vicem ego quoque tacitus frequenter ingemescerem. Nec enim vel unum vitium nequissimae illi feminae deerat, sed omnia prorsus ut in quandam caenosam latrinam in eius animum flagitia confluxerant: saeva scaeva viriosa ebriosa pervicax pertinax, in rapinis turpibus avara, in sumptibus foedis profusa, inimica fidei, hostis pudicitiae. Tunc spretis atque calcatis divinis numinibus in viceram certae religionis mentita sacrilega praesumptione dei, quem praedicaret unicum, confictis observationibus vacuis fallens omnis homines et miserum maritum decipiens matutino mero et continuo corpus manciparat."
https://www.thelatinlibrary.com/apuleius/apuleius9.shtml,160,"Talis illa mulier miro me persequebatur odio. Nam et antelucio, recubans adhuc, subiungi machinae novicium clamabat asinum et statim, ut cubiculo primum processerat, insistens iubebat incoram sui plagas mihi quam plurima irrogari, et cum tempestivo prandio laxarentur iumenta cetera, longe tardius applicari praesagio iubebat. Quae saevitia multo mihi magis genuinam curiositatem in suos mores ampliaverat. Nam et assiduo plane commeantem in eius cubiculum quendam sentiebam iuvenem, cuius et faciem videre cupiebam ex summo studio, si tamen velamentum capitis libertatem tribuisset meis aliquando luminibus. Nec enim sollertia defuisset ad detergenda quoquo modo pessimae feminae flagitia. Sed anus quaedam stuprorum sequestra et adulterorum internuntia de die cotidie inseparabilis aderat. Cum qua protinus ientaculo ac dehinc vino mero mutuis vicibus velitata scaenas fraudulentas in exitium miserrimi mariti subdolis ambagibus construebat. At ego, quanquam graviter suscensens errori Photidis, quae me, dum avem fabricat, perfecit asinum, isto tamen vel unico solacio aerumnabilis deformitatis meae recreabar, quod auribus grandissimis praedibus cuncta longule etiam dissita facillime sentiebam."
https://www.thelatinlibrary.com/apuleius/apuleius9.shtml,91,"Denique die quadam timidae illius amiculae sermo talis meas adfertur auris: ""De isto quidem, mi erilis tecum ipsa videris, quem sine meo consilio pigrum et formidolosum familiarem istum sortita es, qui insuavis et odiosi mariti tui caperratum supercilium ignaviter perhorrescit ac per hoc amoris languidi desidia tuos volentes amplexus discruciat. Quanto melior Philesitherus adulescens et formosus et liberalis et strenuus et contra maritorum inefficaces diligentias constantissimus! Dignus hercules solus omnium matronarum deliciis perfrui, dignus solus coronam nuper in quendam zelotypum maritum eximio studio commento est. Audi denique amatorum diversus ingenium compara."
https://www.thelatinlibrary.com/apuleius/apuleius9.shtml,28,"Nosti quendam Barbarum nostrae civitatis decurionem, quam Scorpionem prae morum acritudine vulgus appellat. Hic uxorem generosam et eximia formositate praeditam mira custodela munitam domi suae quam cautissime cohibebat."""
https://www.thelatinlibrary.com/apuleius/apuleius9.shtml,37,"Ad haec ultima pistoris illa uxor subiciens: ""Quidni?"" inquit ""Novi diligenter. Areten meam condiscipulam memoras."" ""Ergo"" inquit anus ""nostri totam Philesitheri et ipsius fabulam?"" ""Minime gentium,"" inquit ""sed nosse valde cupio et oro, ordine mihi singula retexe."""
https://www.thelatinlibrary.com/apuleius/apuleius9.shtml,76,"Nec commorata illa sermocinatrix immodica sic anus incipit: ""Barbarus iste cum necessariam profectionem pararet pudicitiamque carae coniugis conservare summa diligentia cuperet, servulum suum Myrmecem fidelitate praecipua cognitum secreto commonet suaeque dominae custodelam omnem permittit, carcerem et perpetua vincula, mortem denique illam lentam de fame comminatur, si quisquam hominum vel in transitu digito tenus eam contigisset, idque deierans etiam confirmat per omnia divina numina. Ergo igitur summo pavore perculsum Myrmecem acerrimum relinquens uxori secutorem, securam dirigit profectionem."
https://www.thelatinlibrary.com/apuleius/apuleius9.shtml,37,"Tunc obstinato animo vehementer anxius Myrmex nec usquam dominam suam progredi sinebat et lanificio domestico districtam inseparabilis adsidebat ac tantum necessario vespertini lavacri progressu adfixus atque conglutinatus, extremas manu prendens lacinias, mira sagacitate commissae provinciae fidem tuebatur."
https://www.thelatinlibrary.com/apuleius/apuleius9.shtml,103,"[18] Sed ardentem Philesitheri vigilantiam matronae nobilis pulchritudo latere non potuit. Atque hac ipsa potissimum famosa castitate et insignis tutelae nimietate instinctus atque inflammatus, quidvis facere, quidvis pati paratus, ad expugnandam tenacem domus disciplinam totis accingitur viribus. Certusque fragilitatis humanae fidei, et quod pecuniae cunctae sint difficultates perviae auroque soleant adamantinae etiam perfringi fores, opportune nanctus Myrmecis solitatem, ei amorem suum aperit et supplex eum medellam cruciatui deprecatur: nam sibi statutam decretamque mortem proximare, ni maturius cupito potiatur; nec eum tamen quicquam in re facili formidare debere, quippe cum vespera solus fide tenebrarum contectus atque absconditus introrepere et intra momentum temporis remeare posset."
https://www.thelatinlibrary.com/apuleius/apuleius9.shtml,38,"His et huiusce modi suadelis validum addens ad (postremum) cuneum, qui rigentem prorsus servi tenacitatem violenter diffinderet; porrecta enim manu sua demonstrat ei novitate nimia candentes solidos aureos, quorum viginti quidem puellae destinasset, ipsi vero decem libenter offerret."
https://www.thelatinlibrary.com/apuleius/apuleius9.shtml,163,"Exhorruit Myrmex inauditum facinus et occlusis auribus effugit protinus. Nec auri tamen splendor flammeus oculos ipsius exire potuit, sed quam procul semotus et domum celeri gradu pervectus, videbat tamen decora illa monetae lumina et opulentam praedam iam tenebat animo miroque mentis salo et cogitationum dissentione misellus in diversas sententias carpebatur ac distrahebatur: illic fides, hic lucrum, illic cruciatus, hic voluptas. Ad postremum tamen formidinem mortis vicit aurum. Nec saltem spatio cupido formonsae pecuniae leniebatur, sed nocturnas etiam curas invaserat pestilens avaritia, ut quamvis erilis eum comminatio domi cohiberet, aurum tamen foras evocaret. Tunc, devorato pudore et dimota cunctatione, sic ad aures dominae mandatum perfert. Nec a genuina levitate descivit mulier, sed exsecrando metallo pudicitiam suam protinus auctorata est. Ita gaudio perfusus advolat ad suae fidei praecipitium Myrmex, non modo capere verum saltem contigere quam exitio suo viderat pecuniam cupiens, et magnis suis laboribus perfectum desiderium Philesithero laetitia percitus nuntiat statimque destinatum praemium reposcit, et tenet nummos aureos manus Myrmecis, quae nec aereos norat."
https://www.thelatinlibrary.com/apuleius/apuleius9.shtml,137,"Iamque nocte promota solum perducit ad domum probeque capite contectum amatorem strenuum infert adusque dominae cubiculum. Commodum novis amplexibus Amore rudi litabant, commodum prima stipendia Veneri militabant nudi milites: et contra omnium opinionem captata noctis opportunitate inprovisus maritus adsistit suae domus ianuam. Iam pulsat, iam clamat, iam saxo fores verberat et ipsa tarditate magis magisque suspectus dira comminatur Myrmeci supplicia. At ille repentino malo perturbatus et misera trepidatione ad inopiam consilii deductus, quod solum poterat, nocturnas tenebras sibi causabatur obsistere quin clavem curiose absconditam reperiret. Interdum Philesitherus cognito strepitu raptim tunicam iniectus sed plane prae turbatione pedibus intectis procurrit cubiculo. Tunc Myrmex tandem clave pessulis subiecta repandit fores et recepit etiam tunc fidem deum boantem dominum eoque propere cubiculum petente clandestino transcursu dimittit Philesitherum. Quo iam pro limite liberato securus sui clausa domo rursum se reddidit quieti."
https://www.thelatinlibrary.com/apuleius/apuleius9.shtml,212,"Sed dum prima luce Barbarus procedit cubiculo, videt sub lectulo soleas incognitas, quibus inductus Philesitherus inrepserat, suspectisque a re nata quae gesta sunt, non uxori non ulli familiarum cordolio patefacto, sublatis iis et in sinum furtim absconditis, iusso tantum Myrmece per conservos vincto forum versus adtrahi, tacitos secum mugitus iterans rapidum dirigit gressum, certum solearum indicio vestigium adulteri posse se perfacile indipisci. Sed ecce per plateam dum Barbarus vultu turgido subductisque superciliis incedit iratus ac pone eum Myrmex vinculis obrutus, non quidem coram noxae prehensus, conscientia tamen pessima permixtus lacrimis uberibus ac postremis lamentationibus inefficacem commovet miserationem, opportune Philesitherus occurrens, quanquam diverso quodam negotio destinatus, repentina tamen facie permotus, non enim deterritus, recolens festinationis suae delictum et cetera consequenter suspicatus sagaciter extemplo sumpta familiari constantia, dimotis invadit cum summo clamore Myrmecem pugnisque malas eius clementer obtundens: ""At te,"" inquit ""nequissimum et periurum caput, dominus iste tuus et cuncta caeli numina, quae deierando temere devocasti, pessimum pessime perduit, qui de balneis soleas hesterna die mihi furatus es: dignus hercules, dignus, qui et ista vincula conteras et insuper carceris etiam tenebras perferas."" Hac opportuna fallacia vigorati iuvenis inductus immo sublatus et ad credulitatem delapsus Barbarus, postliminio domum regressus, vocato Myrmece, soleas illas offerens et ignovit ex animo et, uti domino redderet, cui surripuerat, suasit."""
https://www.thelatinlibrary.com/apuleius/apuleius9.shtml,29,"Hactenus adhuc anicula garriente suscipit mulier: ""Beatam illam, quae tam constantis sodalis libertate fruitur! At ego misella molae etiam sonum et ecce illius scabiosi asini faciem timentem familiarem incidi."""
https://www.thelatinlibrary.com/apuleius/apuleius9.shtml,23,"Ad haec anus: ""Iam tibi ego prope suasum et confirmatum animi amatorem illum alacrem vadimonium sistam"" et insuper condicta vespertina regressione cubiculo facessit."
https://www.thelatinlibrary.com/apuleius/apuleius9.shtml,103,"At pudica uxor statim cenas saliares comparat, vina pretiosa defaecat, pulmenta recentia tuccetis temperat. Mensam largiter instruit; denique, ut dei cuiusdam adventus, sic exspectatur adulteri. Nam et opportune maritus fortis apud naccam proximum cenitabat. Ergo igitur metis die propinquante helcio tandem absolutus refectuique secure redditus non tam hercules laboris libertaten gratulabar quam quod revelatis luminibus libere iam cunctas facinorosae mulieris artes prospectare poteram. Sol ipsum quidem delapsus Oceanum subterrenas orbis plagas inluminabat, et ecce nequissimae anus adhaerens lateri temerarius adulter adventat, puer admodum et adhuc lubrico genarum splendore conspicuus, adhuc adulteros ipse delectans. Hunc multis admodum saviis exceptum mulier cenam iubet paratam adcumbere."
https://www.thelatinlibrary.com/apuleius/apuleius9.shtml,74,"Sed ut primum occursoriam potionem et inchoatum gustum extremis labiis contingebat adulescens, multo celerius opinione rediens maritus adventat. Tunc uxor egregia diras devotiones in eum deprecata et crurum ei fragium amborum ominata, exsangui formidine trepidantem adulterum alveo ligneo, quo frumenta contusa purgari consuerant, temere propter iacenti suppositum abscondit, ingenitaque astutia dissimulato tanto flagitio, intrepidum mentita vultum, percontatur de marito cur utique contubernalis artissimi deserta cenula praematurus adforet. At ille dolenti prorsum animo suspirans adsidue:"
https://www.thelatinlibrary.com/apuleius/apuleius9.shtml,41,"""Nefarium"" inquit ""et extremum facinus perditae feminae tolerare nequiens fuga me proripui. Hem qualis, dii boni, matrona, quam fida quamque sobria turpissimo se dedecore foedavit! Iuro per istam ego sanctam Cererem me nunc etiam meis oculis de tali muliere minus credere."""
https://www.thelatinlibrary.com/apuleius/apuleius9.shtml,33,"Hic instincta verbis mariti audacissima uxor noscendae rei cupiens non cessat optundere, totam prorsus a principio fabulam promeret. Nec destitit, donec eius voluntati succubuit maritus et sic, ignarus suorum, domus alienae percenset infortunium:"
https://www.thelatinlibrary.com/apuleius/apuleius9.shtml,107,"Contubernalis mei fullonis uxor, alioquin servati pudoris ut videbatur femina, quae semper secundo rumore gloriosa larem mariti pudice gubernabat, occulta libidine prorupit in adulterum quempiam. Cumque furtivos amplexus obiret adsidue, ipso illo denique momento quo nos lauti cenam petebamus, cum eodem illo iuvene miscebatur in venerem. Ergo nostra repente turbata praesentia, subitario ducta consilio, eundem illum subiectum contegit viminea cavea, quae fustium flexu tereti in rectum aggerata cumulum lacinias circumdatas suffusa candido fumo sulpuris inalbabat, eoque iam ut sibi videbatur tutissime celato mensam nobiscum secura participat. Interdum acerrimo gravique odore sulpuris iuvenis inescatus atque obnubilatus intercluso spiritu diffluebat, utque est ingenium vivacis metalli, crebras ei sternutationes commovebat."
https://www.thelatinlibrary.com/apuleius/apuleius9.shtml,152,"Atque ut primum e regione mulieris pone tergum eius maritus acceperat sonum sternutationis — quod enim putaret ab ea profectum — solito sermone salutem ei fuerat imprecatus et iterato rursum et frequentato saepius, donec rei nimietate commotus quod res erat tandem suspicatur. Et impulsa mensa protenus remotaque cavea producit hominem crebros anhelitus aegre reflantem inflammatusque indignatione contumeliae, gladium flagitans, iugulare moriturum gestiebat, ni respecto communi periculo vix eum ab impetu furioso cohibuissem adseverans brevi absque noxa nostri suapte inimicum eius violentia sulpuris periturum. Nec suadela mea, sed ipsius rei necessitate lenitus, quippe iam semivivum, illum in proximum deportat angiportum. Tum uxorem eius tacite suasi ac denique persuasi, secederet paululum atque ultra limen tabernae ad quampiam tantisper (deverteret) familiarem sibi mulierem, quoad spatio fervens mariti sedaretur animus, qui tanto calore tantaque rabie perculsus non erat dubius aliquid etiam de re suaque coniuge tristius profecto cogitare. Talium contubernalis epularum taedio fugatus larem reveni meum."""
https://www.thelatinlibrary.com/apuleius/apuleius9.shtml,136,"Haec recensete pistore iam dudum procax et temeraria mulier exsecrantibus fullonis illius detestabatur uxorem: illam perfidam, illam impudicam, denique universi sexus grande dedecus, quae suo pudore postposito torique genialis calcato foedere larem mariti lupanari maculasset infamia iamque perdita nuptae dignitate prostitutae sibi nomen adsciverit; addebat et talis oportere vivas exuri feminas. Et tamen taciti vulneris et suae sordidae conscientiae commonita, quo maturius stupratorem suum tegminis cruciatu liberaret, identidem suadebat maritum temperius quieti decedere. At ille utpote intercepta cena, profugus et prorsus ieiunus, mensam potius comiter postulabat. Adponebat ei propere, quamvis invita, mulier quippini destinatam alii. Sed mihi penita carpebantur praecordia et praecedens facinus et praesentem deterrimae feminae constantiam cogitanti mecumque sedulo deliberabam, si quo modo possem detectis ac revelatis fraudibus auxilium meo perhibere domino illumque, qui ad instar testudinis alveum succubabat, depulso tegmine cunctis palam facere."
https://www.thelatinlibrary.com/apuleius/apuleius9.shtml,78,"Sic erili contumelia me cruciatum tandem caelesti respexit providentia. Nam senex claudus, cui nostra tutela permissa fuerat, universa nos iumenta, id hora iam postulante, ad lacum proximum bibendi causa gregatim prominabat. Quae res optatissimam mihi vindictae subministravit occasionem. Namque praetergrediens observatos extremos adulteri digitos, qui per angustias cavi tegminis prominebant, obliquata atque infesta ungula compressos usque ad summam minutiem contero, donec intolerabili dolore commotus, sublato flebili clamore repulsoque et abiecto alveo, conspectui profano redditus scaenam propudiosae mulieris patefecit."
https://www.thelatinlibrary.com/apuleius/apuleius9.shtml,116,"Nec tamen pistor damno pudicitiae magnopere commotus exsangui pallore trepidantem puerum serena fronte et propitiata facie commulcens incipit: ""Nihil triste de me tibi, fili, metuas. Non sum barbarus nec agresti morum squalore praeditus nec ad exemplum naccinae truculentiae sulpuris te letali fumo necabo ac ne iuris quidem severitate lege de adulteris ad discrimen vocabo capitis tam venustum tamque pulchellum puellum, sed plane cum uxore mea partiario tractabo. Nec herciscundae familiae sed communi dividundo formula dimicabo, ut sine ulla controversia vel dissensione tribus nobis in uno conueniat lectulo. Nam et ipse semper cum mea coniugem tam concorditer vixi ut ex secta prudentium eadem nobis ambobus placerent. Sed nec aequitas ipsa patitur habere plus auctoritatis uxorem quam maritum."""
https://www.thelatinlibrary.com/apuleius/apuleius9.shtml,78,"Tali sermonis blanditie cavillatum deducebat ad torum nolentem puerum, sequentem tamen; et pudicissima illa uxore alterorsus disclusa solus ipse cum puero cubans gratissima corruptarum nuptiarum vindicta perfruebatur. Sed cum primum rota solis lucida diem peperit, vocatis duobus e familia validissimis, quam altissime sublato puero, ferula nates eius obverberans: ""Tu autem,"" inquit ""tam mollis ac tener admodum puer, defraudatis amatoribus aetatis tuae flore, mulieres adpetis atque eas liberas et conubia lege sociata conrumpis et intempestivum tibi nomen adulteri vindicas?"""
https://www.thelatinlibrary.com/apuleius/apuleius9.shtml,42,"His et pluribus verbis compellatum et insuper adfatim plagis castigatum forinsecus abicit. At ille adulterorum omnium fortissimus, insperata potitus salute, tamen nates candidas illas noctu diuque dirruptus, maerens profugit. Nec setius pistor ille nuntium remisit uxori eamque protinus de sua proturbavit domo."
https://www.thelatinlibrary.com/apuleius/apuleius9.shtml,125,"At illa praeter genuinam nequitiam contumelia etiam, quamvis iusta, tamen altius commota atque exasperata ad armillum revertit et ad familiares feminarum artes accenditur magnaque cura requisitam veteratricem quandam feminam, quae devotionibus ac maleficiis quiduis efficere posse credebatur, multis exorat precibus multisque suffarcinat muneribus, alterum de duobus postulans, vel rursum mitigato conciliari marito vel, si id nequiverit, certe larva vel aliquo diro numine immisso violenter eius expugnari spiritum. Tunc saga illa et divini potens primis adhuc armis facinerosae disciplinae suae velitatur et vehementer offensum mariti flectere atque in amorem impellere conatur animum. Quae res cum ei sequius ac rata fuerat proveniret, indignata numinibus et praeter praemii destinatum compendium contemptione etiam stimulata ipsi iam miserrimi mariti incipit imminere capiti umbramque violenter peremptae mulieris ad exitium eius instigare."
https://www.thelatinlibrary.com/apuleius/apuleius9.shtml,198,"Sed forsitan lector scrupulosum reprehendes narratum meum sic argumentaberis: ""Vnde autem tu, astutule asine, intra terminos pistrini contentus, quid secreto, ut adfirmas, mulieres gesserint scire potuisti?"". Accipe igitur quem ad modum homo curiosus iumenti faciem sustinens cuncta quae in perniciem pistoris mei gesta sunt cognovi. Diem ferme circa mediam repente intra pistrinum mulier reatu miraque tristitie deformis apparuit, flebili centunculo semiamicta, nudis et intectis pedibus, lurore buxeo macieque foedata, et discerptae comae semicanae sordentes inspersu cineris pleramque eius anteventulae contegebant faciem. Haec talis manu pistori clementer iniecta, quasi quippiam secreto conlocutura, in suum sibi cubiculum deducit eum et abducta fore quam diutissime demoratur. Sed cum esset iam confectum omne frumentum, quod inter manus opifices tractaverant, necessarioque peti deberet aliud, servuli cubiculum propter adstantes dominum vocabant operique supplementum postulabant. Atque ut illis (iterum et) saepicule [et inter] vocaliter clamantibus nullus respondit dominus, iam forem pulsare validius, et, quod diligentissime fuerat oppessulata, maius peiusque aliquid opinantes, nisu valido reducto vel diffracto cardine, tandem patefaciunt aditum. Nec uspiam reperta illa muliere vident e quodam tigillo constrictum iamque exanimem pendere dominum, eumque nodo cervicis absolutum detractumque summis plangoribus summisque lamentationibus atque ultimo lavacro procurant, peractisque feralibus officiis, frequenti prosequente comitatu, tradunt sepulturae."
https://www.thelatinlibrary.com/apuleius/apuleius9.shtml,119,"Die sequenti filia eius accurrit e proxumo castello, in quod quidem denupserat, maesta atque crines pendulos quatiens et interdum pugnis obtundens ubera, quae nullo quidem domus infortunium nuntiante cuncta cognorat, sed ei per quietem obtulit sese flebilis patris sui facies adhuc nodo revincta cevice, eique totum novercae scelus aperuit de adulterio, de maleficio, et quem ad modum larvatus ad inferos demeasset. Ea cum se diutino plangore cruciasset, concursu familiarum cohibita tandem pausam luctui fecit. Iamque nono die rite completis apud tumulum sollemnibus familiam supellectilemque et omnia iumenta ad hereditariam deducit auctionem. Tunc unum larem varie dispergit venditionis incertae licentiosa fortuna. Me denique ipsum pauperculus quidam hortulanus comparat quinquaginta nummis, magno, ut aiebat, sed ut communi labore victum sibi quaereret."
https://www.thelatinlibrary.com/apuleius/apuleius9.shtml,162,"Res ipsa mihi poscere videtur ut huius quoque serviti mei disciplinam exponam. Matutino me multis holeribus onustum proxumam civitatem deducere consuerat dominus atque ibi venditoribus tradita merce, dorsum insidens meum, sic hortum redire. Ac dum fodiens, dum irrigans, ceterosque incurvus labore deservit, ego tantisper otiosus placita quiete recreabar. Sed ecce siderum ordinatis ambagibus per numeros dierum ac mensuum remeans annus post mustulentas autumni delicias ad hibernas Capricorni pruinas deflexerat, et adsiduis pluviis nocturnisque rorationibus sub dio et intecto conclusus stabulo continuo discruciabar frigore, quippe cum meus dominus prae nimia paupertate ne sibi quidem nedum mihi posset stramen aliquod vel exiguum tegimen parare, sed frondoso casulae contentus umbraculo degeret. Ad hoc matutino lutum nimis frigidum gelusque praeacuta frusta nudis invadens pedibus enicabar ac ne suetis saltem cibariis ventrem meum replere poteram. Namque et mihi et ipso domino cena par ac similis oppido tamen tenuis aderat, lactucae veteres et insuaves illae, quae seminis enormi senecta ad instar scoparum in amaram caenosi sucus cariem exolescunt."
https://www.thelatinlibrary.com/apuleius/apuleius9.shtml,206,"Nocte quadam paterfamilias quidam e pago proximo tenebris inluniae caliginis impeditus et imbre nimio madefactus atque ob id ab itinere directo cohibitus ad hortulum nostrum iam fesso equo deverterat, receptusque comiter pro tempore licet non delicato necessario tamen quietis subsidio, remunerari benignum hospitem cupiens, promittit ei de praediis suis sese daturum et frumenti et olivi aliquid et amplius duos vini cados. Nec moratus meus sacculo et utribus vacuis secum adportatis nudae spinae meae residens ad sexagesimum stadium profectionem comparat. Eo iam confecto viae spatio pervenimus ad praedictos agros ibique statim meum dominum comis hospes opipari prandio participat. Iamque iis poculis mutuis altercantibus mirabile prorsus evenit ostentum. Vna de cetera cohorte gallina per mediam cursitans aream clangore genuino velut ovum parere gestiens personabat. Eam suus dominus intuens: ""O bona"" inquit ""ancilla et satis fecunda, quae multo iam tempore cotidianis nos partubus saginasti. Nunc etiam cogitas, ut video, gustulum nobis praeparare."" Et ""heus"", inquit ""puer calathum fetui gallinaceo destinatum angulo solito collocato."" Ita, uti fuerat iussum, procurante puero gallina consuetae lecticulae spreto cubili ante ipsius pedes domini praematurum sed magno prorsus futurum scrupulo partum. Non enim ovum, quod scimus, illud; sed pinnis et unguibus et oculis et voce etiam perfectum edidit pullum, qui matrem suam coepit continuo comitari."
https://www.thelatinlibrary.com/apuleius/apuleius9.shtml,130,"Nec eo setius longe maius ostentum et quod omnes merito perhorrescerent exoritur. sub ipsa enim mensa, quae reliquias prandii gerebat, terra dehiscens imitus largissimum emicuit sanguinis fontem; hic resultantes uberrimae guttae mensam cruore perspergunt. Ipsoque illo momento quod stupore defixi mirantur ac trepidant divina praesagia, concurrit unus e cella vinaria nuntians omne vinum, quod olim diffusum fuerat, in omnibus doliis ferventi calore et prorsus ut igne copioso subdito rebullire. Visa est interea mustela etiam mortuum serpentem forinsecus mordicus adtrahens, et de ore pastoricii canis virens exsiluit ranula, ipsumque canes qui proximus consistebat aries adpetitum unico morsu strangulavit. Haec tot ac talia ingenti pavore domini illius et familiae totius ad extremum stupore deiecerant animos, quid prius quidve posterius, quid magis quid minus numinum caelestium leniendis minis quid et qualibus procuraretur hostiis."
https://www.thelatinlibrary.com/apuleius/apuleius9.shtml,139,"Adhuc omnibus exspectatione taeterrimae formidinis torpidis accurrit quidam servulus magnas et postremas domino illi fundorum clades adnuntians. Namque is adultis iam tribus liberis doctrina instructis et verecundia praeditis vivebat gloriosus. His adulescentibus erat cum quodam paupere modicae casulae domino vetus familiaritas. At enim casulae parvulae conterminos magnos et beatos agros possidebat vicinus potens et dives et iuvenis (splendidae) prosapiae (sed) maiorum gloria male utens pollensque factionibus et cuncta facile faciens in civitate; (hic) hostili modo vicini tenuis incursabat pauperiem pecua trucidando, boves abigendo, fruges adhuc immaturas obterendo. Iamque tota frugalitate spoliatum ipsis etiam glebulis exterminare gestiebat finiumque inani commota questione terram totam sibi vindicabat. Tunc agrestis, verecundus alioquin, avaritia divitis iam spoliatus, ut suo saltem sepulchro paternum retineret solum, amicos plurimos ad demonstrationem finium trepidans eximie corrogarat. Aderant inter alios tres illi fratres cladibus amici quantulum quantulum ferentes auxilium."
https://www.thelatinlibrary.com/apuleius/apuleius9.shtml,189,"Nec tamen ille vaesanus tantillum praesentia multorum civium territus vel confusus, licet non rapinis, saltem verbis temperare voluit, sed illis clementer expostulantibus fervidosque eius mores blanditiis permulcentibus repente suam suorumque carorum salutem quam sanctissime adiurans adseverat parvi se pendere tot mediatorum praesentiam, denique vicinum illum auriculis per suos servulos sublatum de casula longissime statimque proiectum iri. Quo dicto insignis indignatio totos audientium pertemptavit animos. Tunc unus et tribus fratribus incunctanter et paulo liberius respondit frustra eum suis opibus confisum tyrannica superbia comminari, cum alioquin pauperes etiam liberali legum praesidio de insolentia locupletium consueverint vindicari. Quod oleum flammae, quod sulpur incendio, quod flagellum Furiae, hoc et iste sermo truculentiae hominis nutrimento fuit. Iamque ad extremam insaniam vecors, suspendium sese et totis illis et ipsis legibus mandare proclamans, canes pastoricios, villaticos feros atque immanes, adsuetos abiecta per agros essitare cadavera, praeterea etiam transeuntium viatorum passivis morsibus alumnatos, laxari atque in eorum exitium inhortatos immitti praecepit. Qui simul signo solito pastorum incensi atque inflammati sunt, furiosa rabie conciti et latratibus etiam absonis horribiles eunt in homines eosque variis adgressi vulneribus distrahunt ac lacerant nec fugientibus saltem compercunt, sed eo magis inritatiores secuntur."
https://www.thelatinlibrary.com/apuleius/apuleius9.shtml,190,"Tunc inter confertam trepidae multitudinis stragem e tribus iunior offenso lapide atque obtunsis digitis terrae prosternitur saevisque illis et ferocissimis canibus instruit nefariam dapem; protenus enim nancti praedam iacentem miserum illum adolescentem frustatim discerpunt. Atque ut eius letalem ululatum cognovere ceteri fratres, accurrunt maesti suppetias obvolutisque lacinia laevis manibus lapidum crebris iactibus propugnare fratri atque abigere canes adgrediuntur. Nec tamen eorum ferociam vel conterere vel expugnare potuere, quippe cum miserrimus adulescens ultima voce prolata, vindicarent de pollutissimo divite mortem fratris iunioris, ilico laniatus interisset. Tunc reliqui fratres non tam hercules desperata quam ultro neglecta sua salute contendunt ad divitem atque ardentibus animis impetuque vaesano lapidibus crebris in eum velitantur. At ille cruentus et multis ante flagitiis similibus exercitatus percussor iniecta lancea duorum alterum per pectus medium transadegit. Nec tamen peremptus ac prorsus exanimatus adulescens ille terrae concidit; nam telum transvectum atque ex maxima parte pone tergum elapsum soloque nisus violentia defixum rigore librato suspenderat corpus. Sed et quidam de servulis procerus et validus sicario ille ferens auxilium lapide contorto tertii illius iuvenis dexterum brachium longo iactu petierat, sed impetu casso per extremos digitos transcurrens lapis contra omnium opinionem deciderat innoxius."
https://www.thelatinlibrary.com/apuleius/apuleius9.shtml,133,"Non nullam tamen sagacissimo iuveni proventus humanior vindictae speculam subministravit. Ficta namque manus usae debilitate sic crudelissimum iuvenem compellat: Fruere exitio totius nostrae familiae et sanguine trium fratrum insatiabilem tuam crudelitatem pasce et de prostratis tuis civibus gloriose triumpha, dum scias, licet privato suis possessionibus paupere fines usque et usque proterminaveris, habiturum te tamen vicinum aliquem. Nam haec etiam dextera, quae tuum prorsus amputasset caput, iniquitate fati contusa decidit."" Quo sermone, alioquin exasperatus, furiosus latro rapto gladio sua miserrimum iuvenem manu perempturus invadit avidus. Nec tamen sui molliorem provocat; quippe insperato et longe contra eius opinionem resistens iuvenis complexu fortissimo arripit eius dexteram magnoque nisu ferro librato multis et crebris ictibus impuram elidit divitis animam et, ut accurrentium etiam familiarium manu se liberaret, confestim adhuc inimici sanguine delibuto mucrone gulam sibi prorsus exsecuit."
https://www.thelatinlibrary.com/apuleius/apuleius9.shtml,64,"Haec erant quae prodigiosa praesagaverant ostenta, haec quae miserrimo domino fuerant nuntiata. Nec ullum verbum ac ne tacitum quidem fletum tot malis circumventus senex quivit emittere, sed adrepto ferro, quo commodum inter suos epulones caseum atque alias prandii partes diviserat, ipse quoque ad instar infelicissimi sui filii iugulum sibi multis ictibus contrucidat, quoad super mensam cernulus corruens portentosi cruoris maculas novi sanguinis fluvio proluit."
https://www.thelatinlibrary.com/apuleius/apuleius9.shtml,117,"Ad istum modum puncto brevissimo dilapsae domus fortunam hortulanus ille miseratus suosque casus graviter ingemescens, depensis pro prandio lacrimis vacuasque manus complodens saepicule, protinus inscenso me retro quam veneramus viam capessit. Nec innoxius ei saltem regressus evenit. Nam quidam procerus et, ut indicabat habitus atque habitudo, miles e legione, factus nobis obvius, superbo atque adroganti sermone percontatur, quorsum vacuum duceret asinum? At meus, adhuc maerore permixtus et alias Latini sermonis ignarus, tacitus praeteribat. Nec miles ille familiarem cohibere quivit insolentiam, sed indignatus silentio eius ut convicio, viti quam tenebat obtundens eum dorso meo proturbat. Tunc hortulanus subplicue respondit sermonis ignorantia se quid ille disceret scire non posse. Ergo igitur Graece subiciens miles: ""Vbi"" inquit ""ducis asinum istum?""."
https://www.thelatinlibrary.com/apuleius/apuleius9.shtml,93,"Respondit hortulanus petere se civitatem proximam. ""Sed mihi"" inquit ""opera eius opus est; nam de proximo castello sarcinas praesidis nostri cum ceteris iumentis debet advehere""; et iniecta statim manu loro me, quo ducebar, arreptum incipit trahere. Sed hortulanus prioris plagae vulnere prolapsum capite sanguinem detergens rursus deprecatur civilius atque mansuetius versari commilitonem idque per spes prosperas eius orabat adiurans. ""Nam et hic ipse"" aiebat ""iners asellus et nihilo minus (mordax) morboque detestabili caducus vix etiam paucos holerum maniculos de proximo hortulo solet anhelitu languido fatigatus subvehere, nedum ut rebus amplioribus idoneus videatur gerulus."""
https://www.thelatinlibrary.com/apuleius/apuleius9.shtml,199,"Sed ubi nullis precibus mitigari militem magisque in suam perniciem advertit efferari iamque inversa vite de vastiore nodulo cerebrum suum diffindere, currit ad extrema subsidia simulansque sese ad commovendam miserationem genua evis velle contigere, summissus atque incurvatus, arreptis eius utrisque pedibus sublimem terrae graviter adplodit et statim qua pugnis qua cubitis qua morsibus, etiam de via lapide correpto, totam faciem manusque eius et latera converberat. Nec ille, ut primum humi supinatus est, vel repugnare vel omnino munire se potuit, sed plane identidem comminabatur, si surrexisset, sese concisurum eum machaera sua frustatim. Quo sermone eius commonefactus hortulanus eripit ei spatham eaque longissime abiecta rursum saevioribus eum plagis adgreditur. Nec ille prostratus et praeventus vulneribus reperire saluti quiens subsidium, quod solum restabat, simulat sese mortuum. Tunc spatham illam secum asportans hortulanus inscenso me concito gradu recta festinat ad civitatem nec hortulum suum saltem curans invisere ad quempiam sibi devertit familiarem. Cunctisque narratis deprecatur, periclitanti sibi ferret auxilium seque cum suo sibi asino tantisper occultaret, quoad celatus spatio bidui triduive capitalem causam evaderet. Nec oblitus ille veteris amicitiae prompte suscipit, meque per scalas complicitis pedibus in superius cenaculum adtracto hortulanus deorsus in ipsa tabernula derepit in quandam cistulam et supergesto delitiscit orificio."
https://www.thelatinlibrary.com/apuleius/apuleius9.shtml,211,"At miles ille, ut postea didici, tandem velut emersus gravi crapula, nutabundus tamen et tot plagarum dolore saucius baculoque se vix sustinens, civitatem adventat confususque de impotentia deque inertia sua quicquam ad quemquam referre popularium, sed tacitus iniuriam devorans quosdam commilitones nanctus is tantum clades enarrat suas. Placuit ut ipse quidem contubernio se tantisper absconderet — nam praeter propriam contumeliam militaris etiam sacramenti genium ob amissam spatham verebatur —, ipsi autem signis enotatis investigationi vindictaeque sedulam darent operam. Nec defuit vicinus perfidus, qui nos ilico occultari nuntiaret. Tunc commilitones accersitis magistratibus mentiuntur sese multi pretii vasculum argenteum praesidis in via perdidisse idque hortulanum quendam reperisse nec velle restituere, sed apud familiarem quendam sibi delitescere. Tunc magistratus et damno et praesidis nomine cognito veniunt ad deversori nostri fores claraque voce denuntiant hospiti nostro nos, quos occultaret apud se certo certius, dedere potius quam discrimen proprii subiret capitis. Nec ille tantillum conterritus salutique studens eius, quem in suam receperat fidem, quicquam de nobis fatetur ac diebus plusculis nec vidisse quidem illum hortulanum contendit. Contra commilitones ibi nec uspiam illum delitescere adiurantes genium principis contendebant. Postremum magistratibus placuit obstinate denegantem scrutinio detegere. Immissis itaque lictoribus ceterisque publicis ministeriis angulatim cuncta sedulo perlustrari iubent, nec quisquam mortalium ac ne ipse quidem asinus intra comparere nuntiatur."
https://www.thelatinlibrary.com/apuleius/apuleius9.shtml,122,"Tunc gliscit violentior utrimquesecus contentio, militum pro comperto de nobis adseverantium fidemque Caesaris identidem implorantium, at illius negantis adsidueque deum numen obtestantis. Qua contentione et clamoso strepitu cognito, curiosus alioquin et inquieti procacitate praeditus asinus, dum obliquata cervice per quandam fenestrulam quidquam sibi vellet tumultus ille prospicere gestio, unus e commilitonibus casu fortuito conlimatis oculis ad umbram meam cunctos testatur incoram. Magnus denique continuo clamor exortus est et emensis protinus scalis iniecta manu quidam me velut captivum detrahunt. Iamque omni sublata cunctatione scrupulosius contemplantes singula, cista etiam illa revelata, repertum productumque et oblatum magistratibus miserum hortulanum poenas scilicet capite pensurum in publicum deducunt carcerem summoque risu meum prospectum cavillari non desinunt. Vnde etiam de prospectu et umbra asini natum est frequens proverbium."
