subpage,word_count,text,clean_text
https://www.thelatinlibrary.com/ammianus/23.shtml,43,"Haec eo anno — ut praetereamus negotiorum minutias — agebantur. Iulianus vero iam ter consul, adscito in collegium trabeae Sallustio praefecto per Gallias, quater ipse amplissimum inierat magistratum: et videbatur novum adiunctum esse Augusto privatum, quod post Diocletianum et Aristobulum nullus meminerat gestum.",Haec eo anno — ut praetereamus negotiorum minutias — agebantur.
https://www.thelatinlibrary.com/ammianus/23.shtml,44,"Isdem diebus legatos ad se missos ab urbe aeterna clare natos meritisque probabilis vitae compertos imperator honoribus diversis adfecit. et Apronianum Romae decrevit esse praefectum, Octavianum proconsulem Africae, Venusto vicariam commisit Hispaniae, Rufinum Aradium comitem orientis in locum avunculi sui Iuliani recens defuncti provexit.","et Apronianum Romae decrevit esse praefectum, Octavianum proconsulem Africae, Venusto vicariam commisit Hispaniae, Rufinum Aradium comitem orientis in locum avunculi sui Iuliani recens defuncti provexit."
https://www.thelatinlibrary.com/ammianus/23.shtml,31,"quibus ut convenerat ordinatis, terrebatur omine quodam ut docuit exitus praesentissimo. Felice enim largitionum comite profluvio sanguinis repente extincto eumque comite Iuliano secuto vulgus publicos contuens titulos Felicem Iulianum Augustumque pronuntiabat.","quibus ut convenerat ordinatis, terrebatur omine quodam ut docuit exitus praesentissimo."
https://www.thelatinlibrary.com/ammianus/23.shtml,53,"praecesserat aliud saevum. namque kalendis ipsis ianuariis ascendente eo gradile Genii templum e sacerdotum consortio quidam ceteris diuturnior nullo pulsante repente concidit animamque insperato casu efflavit, quod adstantes — incertum per inperitiam an adulandi cupiditate — memorabant consulum seniori portendi nimirum Sallustio, sed ut apparuit non aetati sed potestati maiori interitum propinquare monstrabatur.",praecesserat aliud saevum.
https://www.thelatinlibrary.com/ammianus/23.shtml,90,"super his alia quoque minora signa subinde quid accideret ostendebant. inter ipsa enim exordia procinctus Parthici disponendi nuntiatum est Constantinopolim terrae pulsu vibratam: quod horum periti minus laetum esse pronuntiabant aliena pervadere molienti rectori. ideoque intempestivo conatu desistere suadebant, ita demum haec et similia contemni oportere firmantes, cum inruentibus armis externis lex una sit et perpetua, salutem omni ratione defendere, nihil remittente vi mortis. isdem diebus nuntiatum est ei per litteras Romae super hoc bello libros Sibyllae consultos, ut iusserat, imperatorem eo anno discedere a limitibus suis aperto prohibuisse responso.","isdem diebus nuntiatum est ei per litteras Romae super hoc bello libros Sibyllae consultos, ut iusserat, imperatorem eo anno discedere a limitibus suis aperto prohibuisse responso."
https://www.thelatinlibrary.com/ammianus/23.shtml,45,"quo conperto omnes evolant ex hibernis transmissoque, ut textus docebat scriptorum, dispersi per stationes varias adventum principis exspectabant. ipse autem Antiochiam egressurus Heliopoliten quendam Alexandrum Syriacae iuris dictioni praefecit turbulentum et saevum: dicebatque non illum meruisse, sed Antiochensibus avaris et contumeliosis huius modi iudicem convenire.","ipse autem Antiochiam egressurus Heliopoliten quendam Alexandrum Syriacae iuris dictioni praefecit turbulentum et saevum: dicebatque non illum meruisse, sed Antiochensibus avaris et contumeliosis huius modi iudicem convenire."
https://www.thelatinlibrary.com/ammianus/23.shtml,36,"cumque eum profecturum deduceret multitudo promiscua, itum felicem reditumque gloriosum exoptans oransque ut deinde placabilis esset et lenior, nondum ira, quam ex conpellationibus et probris conceperat, emollita loquebatur asperius se esse eos adserens postea non visurum.","cumque eum profecturum deduceret multitudo promiscua, itum felicem reditumque gloriosum exoptans oransque ut deinde placabilis esset et lenior, nondum ira, quam ex conpellationibus et probris conceperat, emollita loquebatur asperius se esse eos adserens postea non visurum."
https://www.thelatinlibrary.com/ammianus/23.shtml,43,unde contractis copiis omnibus Mesopotamiam tam propere signa commovit ut fama de se nulla praeversa — id enim curatius observarat — inprovisus Assyrios occuparet. denique cum exercitu et Scytharum auxiliis Euphrate navali ponte transmisso venit ad Batnas municipium Osdroenae ibique inlaetabile portentum offendit.,denique cum exercitu et Scytharum auxiliis Euphrate navali ponte transmisso venit ad Batnas municipium Osdroenae ibique inlaetabile portentum offendit.
https://www.thelatinlibrary.com/ammianus/23.shtml,58,"hic Iuliani quiescentis animus agitatus insomniis eventurum triste aliquid praesagiebat. quocirca et ipse et visorum interpretes praesentia contemplantes, diem secuturum, qui erat quartum decimum kalendas Apriles, observari debere pronuntiabant. verum ut conpertum est postea, hac eadem nocte Palatini Apollinis templum praefecturam regente Aproniano in urbe conflagravit aeterna, ubi, ni multiplex iuvisset auxilium, etiam Cumana carmina consumpserat magnitudo flammarum.","hic Iuliani quiescentis animus agitatus insomniis eventurum triste aliquid praesagiebat.verum ut conpertum est postea, hac eadem nocte Palatini Apollinis templum praefecturam regente Aproniano in urbe conflagravit aeterna, ubi, ni multiplex iuvisset auxilium, etiam Cumana carmina consumpserat magnitudo flammarum."
https://www.thelatinlibrary.com/ammianus/23.shtml,45,"Scorpionis autem, quem appellant nunc Onagrum, huius modi forma est. dolantur axes duo quernei vel ilicei, curvanturque mediocriter, ut  prominere videantur in gibbas, hique in modum serratoriae machinae  conectuntur ex utroque latere patentius perforati, quos inter per cavernas  funes conligantur robusti, conpagem, ne dissiliat, continentes.","Scorpionis autem, quem appellant nunc Onagrum, huius modi forma est."
https://www.thelatinlibrary.com/ammianus/23.shtml,30,"Pro his arietum meditamentis iam crebritate despectis conditur machina scriptoribus historicis nota, quam elepolin  Graeci cognominamus.  cuius opera diuturna Demetrius Antigoni filius regis Rhodo aliisque urbibus  oppugnatis Poliorcetes est appellatus.","Pro his arietum meditamentis iam crebritate despectis conditur machina scriptoribus historicis nota, quam elepolin  Graeci cognominamus.cuius opera diuturna Demetrius Antigoni filius regis Rhodo aliisque urbibus  oppugnatis Poliorcetes est appellatus."
https://www.thelatinlibrary.com/ammianus/23.shtml,31,"aedificatur autem hoc modo.  testudo conpaginatur inmanis axibus roborata, longissimis ferreisque clavis  aptata et contegitur coriis bubulis virgarumque recenti textura atque limo  asperguntur eius suprema ut flammeos detrectet et missiles casus.",aedificatur autem hoc modo.
https://www.thelatinlibrary.com/ammianus/23.shtml,43,"et  si emissa lentius arcu invalido — ictu enim rapidiore extinguitur — haeserit  usquam, tenaciter cremat aquisque conspersa acriores excitat aestus  incendiorum, nec remedio ullo quam superiacto pulvere consopitur.  hactenus de instrumentis muralibus, e quibus pauca sunt dicta. nunc ad rerum ordinem revertamur.","hactenus de instrumentis muralibus, e quibus pauca sunt dicta.nunc ad rerum ordinem revertamur."
https://www.thelatinlibrary.com/ammianus/23.shtml,2,temporibus  evenerunt.,temporibus  evenerunt.
https://www.thelatinlibrary.com/ammianus/23.shtml,36,"posthabito tamen suasore cautissimo  fidentius ultra tendebat, quoniam nulla vis humana vel virtus meruisse  umquam potuit, ut quod praescripsit fatalis ordo non fiat. statimque  transgressus pontem avelli praecepit, necui militum ab agminibus propriis  revertendi fiducia remaneret.","posthabito tamen suasore cautissimo  fidentius ultra tendebat, quoniam nulla vis humana vel virtus meruisse  umquam potuit, ut quod praescripsit fatalis ordo non fiat."
https://www.thelatinlibrary.com/ammianus/23.shtml,50,"pari sorte hic quoque omen inlaetabile  visum est apparitoris cuiusdam cadaver extentum carnificis manu deleti,  quem praefectus Sallustius praesens, ea re supplicio capitali damnarat, quod  intra praestitutum diem alimentorum augmentum exhibere pollicitus casu  inpediente frustratus est. sed miserando homine trucidato postridie  advenit, ut ille promiserat, alia classis abunde vehens annonam.","pari sorte hic quoque omen inlaetabile  visum est apparitoris cuiusdam cadaver extentum carnificis manu deleti,  quem praefectus Sallustius praesens, ea re supplicio capitali damnarat, quod  intra praestitutum diem alimentorum augmentum exhibere pollicitus casu  inpediente frustratus est."
https://www.thelatinlibrary.com/ammianus/23.shtml,62,"ubi cum pro  ingenita pietate consecrato principi parentasset pergeretque ad Duram  desertum oppidum, procul militarem cuneum conspicatus stetit inmobilis  eique dubitanti quid ferrent, offertur ab eis inmanissimi corporis leo, cum  aciem peteret multiplici telorum iactu confossus. quo omine velut certiore  iam spe status prosperioris elatus exsultantius incedebat, sed incerto fatu fortunae aliorsum prorupit eventus. obitus enim regis  portendebatur, sed cuius, erat incertum.","obitus enim regis  portendebatur, sed cuius, erat incertum."
https://www.thelatinlibrary.com/ammianus/23.shtml,73,"sed ut a vetustate discedam, haec quae tradidit recens  memoria replicabo. Traianus et Verus et Severus  hinc sunt digressi victores  et tropaeati, redissetque  pari splendore iunior Gordianus, cuius monumentum nunc vidimus  honorate, apud Resainam superato fugatoque rege Persarum, ni factione  Philippi praefecti praetorio sceleste iuvantibus paucis in hoc ubi sepultus  est loco, vulnere impio cecidisset. nec erravere diu manes eius inulti, quod  velut clarente iustitia omnes, qui in eum conspiravere, cruciabilibus  interiere suppliciis.","sed ut a vetustate discedam, haec quae tradidit recens  memoria replicabo.Traianus et Verus et Severus  hinc sunt digressi victores  et tropaeati, redissetque  pari splendore iunior Gordianus, cuius monumentum nunc vidimus  honorate, apud Resainam superato fugatoque rege Persarum, ni factione  Philippi praefecti praetorio sceleste iuvantibus paucis in hoc ubi sepultus  est loco, vulnere impio cecidisset."
https://www.thelatinlibrary.com/ammianus/23.shtml,60,"plures absumptae sunt maioribus nostris  aetates, ut interirent radicitus quae vexabant. devicta est perplexo et  diuturno Marte Carthago, sed eam dux inclytus  timuit superesse victoriae.  evertit funditus Numantiam Scipio post multiplices casus obsidionis  emensos. Fidenas ne imperio subcrescerent aemulae, Roma subvertit, et  Faliscos ita oppressit et Veios, ut suadere nobis laboret monumentorum  veterum fides, ut has civitates aliquando valuisse credamus.","plures absumptae sunt maioribus nostris  aetates, ut interirent radicitus quae vexabant."
https://www.thelatinlibrary.com/ammianus/23.shtml,47,"haec ut  antiquitatum peritus exposui, superest ut aviditate rapiendi posthabita,  quae insidiatrix saepe Romani militis fuit, quisque agmini cohaerens  incedat, cum ad necessitatem congrediendi fuerit ventum, signa propria secuturus sciens, quod, si  remanserit  quisquam, exsectis cruribus relinquetur. nihil enim praeter dolos et insidias  hostium vereor nimium callidorum.","haec ut  antiquitatum peritus exposui, superest ut aviditate rapiendi posthabita,  quae insidiatrix saepe Romani militis fuit, quisque agmini cohaerens  incedat, cum ad necessitatem congrediendi fuerit ventum, signa propria secuturus sciens, quod, si  remanserit  quisquam, exsectis cruribus relinquetur."
https://www.thelatinlibrary.com/ammianus/23.shtml,33,"ad summam polliceor universis  rebus post haec prospere mitigatis absque omni praerogativa principum,  qui quod dixerint vel censuerint pro potestate auctoritatis iustum esse  existimant, rationem me recte consultorum vel secus siquis exegerit  redditurum.","ad summam polliceor universis  rebus post haec prospere mitigatis absque omni praerogativa principum,  qui quod dixerint vel censuerint pro potestate auctoritatis iustum esse  existimant, rationem me recte consultorum vel secus siquis exegerit  redditurum."
https://www.thelatinlibrary.com/ammianus/23.shtml,51,"denique post finitima cuncta vi vel aequitatis consideratione vel metu subacta, civitatum  et castrorum castellorumque munimentis oppleta Perside, adsuefactaque  timori esse accolis omnibus, quos antea formidabat, medium ipse agens  cursum aetatis placida morte decessit. certatimque summatum et vulgi  sententiis concinentibus, astris, ut ipsi existimant, ritus sui consecratione  permixtus est omnium primus.","certatimque summatum et vulgi  sententiis concinentibus, astris, ut ipsi existimant, ritus sui consecratione  permixtus est omnium primus."
https://www.thelatinlibrary.com/ammianus/23.shtml,51,"quam ob rem numinis  eum vice venerantur et colunt ea usque propagatis honoribus ut ad nostri  memoriam non nisi Arsacides is sit, quisquam in suscipiendo regno cunctis  anteponatur, et in qualibet civili concertatione, quae adsidue apud eos  eveniunt, velut sacrilegium quisque caveat ne dextra sua Arsaciden arma  gestantem feriat vel privatum.","quam ob rem numinis  eum vice venerantur et colunt ea usque propagatis honoribus ut ad nostri  memoriam non nisi Arsacides is sit, quisquam in suscipiendo regno cunctis  anteponatur, et in qualibet civili concertatione, quae adsidue apud eos  eveniunt, velut sacrilegium quisque caveat ne dextra sua Arsaciden arma  gestantem feriat vel privatum."
https://www.thelatinlibrary.com/ammianus/23.shtml,51,"ergo permeatis angustiis ante dictis venitur  ad Carmaniae sinum orienti obiectum intervallo. Cantichus nomine panditur sinus australis. haut procul inde alius, quem vocant Chaliten,  occiduo obnoxius sideri. hinc praestrictis pluribus insulis, e quibus paucae  sunt notae, Indorum mari iunguntur oceano, qui ferventem solis exortum  suscipit omnium primus ipse quoque nimium calens.","hinc praestrictis pluribus insulis, e quibus paucae  sunt notae, Indorum mari iunguntur oceano, qui ferventem solis exortum  suscipit omnium primus ipse quoque nimium calens."
https://www.thelatinlibrary.com/ammianus/23.shtml,72,"utque geographici  stili formarunt, hac specie distinguitur omnis circuitus ante dictus. ab  arctoo cardine usque ad Caspias portas Cadusiis conterminat et Scytharum  gentibus multis et Arimaspis hominibus luscis et feris. ab occidua plaga contingit Armenios et Niphaten et in Asia sitos Albanos, mare rubrum et Scenitas Arabas, quos Saracenos posteritas appellavit: Mesopotamiam sub axe meridiali despectat: orienti a  fronte contrarius ad Gangen extenditur flumen, quod Indorum intersecans  terras in pelagus eiectatur australe.","utque geographici  stili formarunt, hac specie distinguitur omnis circuitus ante dictus."
https://www.thelatinlibrary.com/ammianus/23.shtml,37,"hic et naphtha gignitur picea specie glutinosa, similis ipsa quoque bitumini, cui etiam si avicula insederit brevis, praepedito volatu submersa penitus evanescit. et cum hoc liquoris ardere coeperit genus, nullum inveniet humana mens praeter pulverem extinguendi commentum.","et cum hoc liquoris ardere coeperit genus, nullum inveniet humana mens praeter pulverem extinguendi commentum."
https://www.thelatinlibrary.com/ammianus/23.shtml,38,"In his pagis hiatus quoque conspicitur terrae, unde halitus letalis exsurgens quodcumque animal proxime steterit odore gravi consumit. quae lues oriens a profundo quodam puteo, cum os eius excesserit latum, antequam sublimius vagaretur, terras circumsitas inhabitabiles acerbitate fecisset.","quae lues oriens a profundo quodam puteo, cum os eius excesserit latum, antequam sublimius vagaretur, terras circumsitas inhabitabiles acerbitate fecisset."
https://www.thelatinlibrary.com/ammianus/23.shtml,32,"cuius simile foramen apud Hierapolim Phrygiae antehac, ut adserunt aliqui, videbatur. unde emergens itidem noxius spiritus perseveranti odore quicquid prope venerat conrumpebat absque spadonibus solis, quod qua causa eveniat, rationibus physicis permittatur.","cuius simile foramen apud Hierapolim Phrygiae antehac, ut adserunt aliqui, videbatur."
https://www.thelatinlibrary.com/ammianus/23.shtml,31,"apud Asbamaei quoque Iovis templum in Cappadocia, ubi amplissimus ille philosophus Apollonius traditur natus prope oppidum Tyana, stagno effluens fons cernitur, qui magnitudine aquarum inflatus seseque resorbens numquam extra margines intumescit.","apud Asbamaei quoque Iovis templum in Cappadocia, ubi amplissimus ille philosophus Apollonius traditur natus prope oppidum Tyana, stagno effluens fons cernitur, qui magnitudine aquarum inflatus seseque resorbens numquam extra margines intumescit."
https://www.thelatinlibrary.com/ammianus/23.shtml,57,"et veteres quidem hoc arbitrantur. nos autem id dicimus quod in his terris amnes sunt duo perpetui, quos ipsi transivimus, Diabas et Adiabas iunctis navalibus pontibus, ideoque intellegi  Adiabenam cognominatam ut a fluminibus maximis Aegyptos Homero auctore et India et Euphratensis ante hoc Commagena, itidemque Hiberia  ex Hibero, nunc Hispania, et a Baeti  amne insigni provincia Baetica.",et veteres quidem hoc arbitrantur.
https://www.thelatinlibrary.com/ammianus/23.shtml,73,"In omni autem Assyria multae sunt urbes. inter quas Apamia eminet Mesene cognominata et Teredon et Apollonia et Vologessia hisque similes  multae. splendidissimae vero et pervulgatae hae solae sunt tres: Babylon  cuius moenia bitumine Samiramis struxit — arcem enim antiquissimus rex  condidit Belus — et Ctesiphon quam Vardanes temporibus priscis instituit, posteaque rex Pacorus incolarum viribus amplificatam et moenibus Graeco  indito nomine, Persidis effecit specimen summum. post hanc Seleucia  ambitiosum opus Nicatoris Seleuci.",In omni autem Assyria multae sunt urbes.
https://www.thelatinlibrary.com/ammianus/23.shtml,79,"qua per duces Veri Caesaris, ut ante  rettulimus, expulsata, avulsum sedibus simulacrum Comei Apollinis  perlatumque Romam in aede Apollinis Palatini  deorum antistites collocarunt. fertur autem quod post direptum hoc idem  figmentum incensa civitate milites fanum scrutantes invenere foramen  angustum, quo reserato, ut pretiosum aliquid invenirent, ex adyto quodam  concluso a Chaldaeorum arcanis labes primordialis exiluit, quae  insanabilium vi concepta morborum eiusdem Veri Marcique Antonini  temporibus ab ipsis Persarum finibus ad usque Rhenum et Gallias cuncta  contagiis polluebat et mortibus.","fertur autem quod post direptum hoc idem  figmentum incensa civitate milites fanum scrutantes invenere foramen  angustum, quo reserato, ut pretiosum aliquid invenirent, ex adyto quodam  concluso a Chaldaeorum arcanis labes primordialis exiluit, quae  insanabilium vi concepta morborum eiusdem Veri Marcique Antonini  temporibus ab ipsis Persarum finibus ad usque Rhenum et Gallias cuncta  contagiis polluebat et mortibus."
https://www.thelatinlibrary.com/ammianus/23.shtml,59,"Hic prope Chaldaeorum est regio altrix philosophiae veteris, ut memorant ipsi, apud quos veridica vaticinandi fides eluxit. perfluvnt autem  has easdem terras potiores ante alios amnes hi, quos praediximus, et  Marses et Flumen regium et Euphrates cunctis excellens. qui tripertitus navigabilis per omnes est rivos, insulasque circumfluens, et arva cultorum  industria diligentius rigans vomeri et gignendis arbustis habilia facit.","Hic prope Chaldaeorum est regio altrix philosophiae veteris, ut memorant ipsi, apud quos veridica vaticinandi fides eluxit."
https://www.thelatinlibrary.com/ammianus/23.shtml,55,"His tractibus Susiani iunguntur, apud quos non multa sunt oppida. inter alia tamen eminet Susa saepe domicilium regum, et Arsiana et Sele et  Aracha. cetera brevia sunt et obscura. fluvii vero multi per haec loca  discurrunt, quibus praestant Oroates et Harax et Mosaeus, per harenosas  angustias, quae a rubro prohibent Caspium mare, aequoream multitudinem  inundantes.","His tractibus Susiani iunguntur, apud quos non multa sunt oppida.cetera brevia sunt et obscura."
https://www.thelatinlibrary.com/ammianus/23.shtml,25,"edunt apud eos prata virentia fetus equorum nobilium, quibus, ut scriptores antiqui docent nosque vidimus, ineuntes proelia viri summates  vehi exultantes solent, quos Nesaeos appellant.","edunt apud eos prata virentia fetus equorum nobilium, quibus, ut scriptores antiqui docent nosque vidimus, ineuntes proelia viri summates  vehi exultantes solent, quos Nesaeos appellant."
https://www.thelatinlibrary.com/ammianus/23.shtml,21,"abundat aeque civitatibus ditibus Media et vicis in modum oppidorum exstructis et  multitudine incolarum. utque absolute dicatur, uberrimum est habitaculum  regum.","abundat aeque civitatibus ditibus Media et vicis in modum oppidorum exstructis et  multitudine incolarum.utque absolute dicatur, uberrimum est habitaculum  regum."
https://www.thelatinlibrary.com/ammianus/23.shtml,54,"qui cum  superioris Indiae secreta fidentius penetraret, ad nemorosam quandam  venerat solitudinem, cuius tranquillis silentiis praecelsa Brachmanorum  ingenia potiuntur, eorumque monitu rationes mundani motus et siderum  purosque sacrorum ritus quantum colligere potuit eruditus, ex his, quae  didicit, aliqua sensibus magorum infudit, quae illi cum disciplinis  praesentiendi futura per suam quisque progeniem posteris aetatibus  tradunt.","qui cum  superioris Indiae secreta fidentius penetraret, ad nemorosam quandam  venerat solitudinem, cuius tranquillis silentiis praecelsa Brachmanorum  ingenia potiuntur, eorumque monitu rationes mundani motus et siderum  purosque sacrorum ritus quantum colligere potuit eruditus, ex his, quae  didicit, aliqua sensibus magorum infudit, quae illi cum disciplinis  praesentiendi futura per suam quisque progeniem posteris aetatibus  tradunt."
https://www.thelatinlibrary.com/ammianus/23.shtml,39,"ex eo per saecula multa ad praesens una eademque prosapia  multitudo creata deorum cultibus dedicatur. feruntque, si iustum est credi,  etiam ignem caelitus lapsum apud se sempiternis foculis custodiri, cuius  portionem exiguam ut faustam praeisse quondam Asiaticis regibus dicunt.","ex eo per saecula multa ad praesens una eademque prosapia  multitudo creata deorum cultibus dedicatur.feruntque, si iustum est credi,  etiam ignem caelitus lapsum apud se sempiternis foculis custodiri, cuius  portionem exiguam ut faustam praeisse quondam Asiaticis regibus dicunt."
https://www.thelatinlibrary.com/ammianus/23.shtml,56,huius originis apud veteres numerus erat exilis eiusque ministeriis  Persicae potestates in faciendis rebus divinis sollemniter utebantur. eratque  piaculum aras adire vel hostiam contrectare antequam magus conceptis  precationibus libamenta diffunderet praecursoria. verum aucti paulatim  in amplitudinem gentis solidae concesserunt et nomen villasque  inhabitantes nulla murorum firmitudine conmunitas et legibus suis uti  permissi religionis respectu sunt honorati.,huius originis apud veteres numerus erat exilis eiusque ministeriis  Persicae potestates in faciendis rebus divinis sollemniter utebantur.eratque  piaculum aras adire vel hostiam contrectare antequam magus conceptis  precationibus libamenta diffunderet praecursoria.
https://www.thelatinlibrary.com/ammianus/23.shtml,39,"Per haec loca civitates dispersae sunt plures, quis omnibus praestant Zombis et Patigran et Gazaca. inter quas opibus et magnitudine  moenium conspicuae sunt Heraclia et Arsacia et Europos et Cyropolis et  Ecbatana sub Iasonio monte in terris sitae Syromedorum.","Per haec loca civitates dispersae sunt plures, quis omnibus praestant Zombis et Patigran et Gazaca."
https://www.thelatinlibrary.com/ammianus/23.shtml,59,"amnes has  regiones praetereunt multi, quorum maximi sunt Choaspes et Gyndes et  Amardus et Charinda et Cambyses et Cyrus, cui magno et specioso Cyrus ille superior rex amabilis abolito vetere id vocabulum dedit cum  ereptum ire regna Scythica festinaret, quod et fortis est, ut ipse etiam  ferebatur, et vias sibi ut ille impetu ingenti molitus in Caspium delabitur  mare.","amnes has  regiones praetereunt multi, quorum maximi sunt Choaspes et Gyndes et  Amardus et Charinda et Cambyses et Cyrus, cui magno et specioso Cyrus ille superior rex amabilis abolito vetere id vocabulum dedit cum  ereptum ire regna Scythica festinaret, quod et fortis est, ut ipse etiam  ferebatur, et vias sibi ut ille impetu ingenti molitus in Caspium delabitur  mare."
https://www.thelatinlibrary.com/ammianus/23.shtml,39,"Per tractus meridianos expansa post haec confinia litoribus proxima Persis habitatur antiqua, minutis frugibus dives et palmite  aquarumque copia iucundissima. amnes quippe multi per eam ante dictum  influvnt sinum, quorum maximi sunt Batradites et Rogomanius et Brisoana  atque Bagrada.","amnes quippe multi per eam ante dictum  influvnt sinum, quorum maximi sunt Batradites et Rogomanius et Brisoana  atque Bagrada."
https://www.thelatinlibrary.com/ammianus/23.shtml,39,"oppida vero mediterranea sunt ampliora — incertum  enim, qua ratione per oras maritimas nihil condiderunt insigne — inter quae  Persepolis est clara et Ardea et Obroatis atque Tragonice. insulae vero  visuntur ibi tres tantum Tabiana et Fara et Alexandria.","oppida vero mediterranea sunt ampliora — incertum  enim, qua ratione per oras maritimas nihil condiderunt insigne — inter quae  Persepolis est clara et Ardea et Obroatis atque Tragonice."
https://www.thelatinlibrary.com/ammianus/23.shtml,37,"feri sunt illic habitatores pagorum omnium atque pugnaces eosque ita  certamina iuvant et bella, ut iudicetur inter alios omnes beatus, qui in  proelio profuderit animam. excedentes enim e vita morte fortuita  conviciis insectantur ut degeneres et ignavos.","feri sunt illic habitatores pagorum omnium atque pugnaces eosque ita  certamina iuvant et bella, ut iudicetur inter alios omnes beatus, qui in  proelio profuderit animam."
https://www.thelatinlibrary.com/ammianus/23.shtml,53,"ac licet abundet urbibus mediterraneis atque maritimis, campisque copiosis  et vallibus, has tamen civitates habet eximias Geapolim et Nascon et  Baraba itidemque Nagara et Maepham  et Tapphara et Dioscurida. insulas  autem conplures habet per utrumque proximas mare, quas dinumerare non  refert. insignior tamen aliis Turgana  est, in qua Serapidis maximum esse  dicitur templum.","insignior tamen aliis Turgana  est, in qua Serapidis maximum esse  dicitur templum."
https://www.thelatinlibrary.com/ammianus/23.shtml,36,"Post huius terminos gentis Carmania maior verticibus celsis erigitur ad usque Indicum pertinens mare, fructuariis  arboreisque fetibus culta sed obscurior Arabum terris multo et minor. fluminibus tamen ipsa quoque non minus abundans caespiteque ubere iuxta  fecunda.",fluminibus tamen ipsa quoque non minus abundans caespiteque ubere iuxta  fecunda.
https://www.thelatinlibrary.com/ammianus/23.shtml,47,"Interius vero pergenti occurrunt Hyrcani, quos eiusdem nominis adluit mare. apud quos, glebae macie internecante sementes, ruris colendi  cura est levior, sed vescuntur venatibus, quorum varietate inmane quantum  exuberant. ubi etiam tigridum milia multa cernuntur feraeque bestiae  plures, quae cuiusmodi solent capi commentis dudum nos meminimus  rettulisse.","apud quos, glebae macie internecante sementes, ruris colendi  cura est levior, sed vescuntur venatibus, quorum varietate inmane quantum  exuberant.ubi etiam tigridum milia multa cernuntur feraeque bestiae  plures, quae cuiusmodi solent capi commentis dudum nos meminimus  rettulisse."
https://www.thelatinlibrary.com/ammianus/23.shtml,39,"Sedes vicinas post Hyrcanos sortiti sunt Margiani, omnes paene collibus altis undique circumsaepti, ideo a mari discreti. et quamquam  pleraque sunt ibi deserta soli aquarum penuria, quaedam tamen habent  oppida; sed Iasonion et Antiochia et Nigaea sunt aliis notiora.","et quamquam  pleraque sunt ibi deserta soli aquarum penuria, quaedam tamen habent  oppida; sed Iasonion et Antiochia et Nigaea sunt aliis notiora."
https://www.thelatinlibrary.com/ammianus/23.shtml,31,"Proximos his limites possident Bactriani, natio antehac bellatrix et potentissima Persisque semper infesta antequam circumsitos populos  omnes ad dicionem gentilitatemque traheret nominis sui, quam rexere  veteribus saeculis etiam Arsaci  formidabiles reges.","Proximos his limites possident Bactriani, natio antehac bellatrix et potentissima Persisque semper infesta antequam circumsitos populos  omnes ad dicionem gentilitatemque traheret nominis sui, quam rexere  veteribus saeculis etiam Arsaci  formidabiles reges."
https://www.thelatinlibrary.com/ammianus/23.shtml,38,"inter flumina vero multa, quae per has terras vel potioribus iungit  natura vel lapsu post trahit in mare, Rhymmus celebris est et Iaxartes, et  Daicus. civitates autem non nisi tres solas habere noscuntur Aspabota et  Chauriana et Saga.","inter flumina vero multa, quae per has terras vel potioribus iungit  natura vel lapsu post trahit in mare, Rhymmus celebris est et Iaxartes, et  Daicus."
https://www.thelatinlibrary.com/ammianus/23.shtml,43,"ipsi praeter alios frugalissimi pacatioris vitae  cultores vitantes reliquorum mortalium coetus. cumque ad coemenda fila  vel quaedam alia fluvium transierint advenae, nulla sermonum vice  propositarum rerum pretia solis oculis aestimantur, et ita sunt abstinentes  ut apud se tradentes gignentia nihil ipsi comparent adventicium.","cumque ad coemenda fila  vel quaedam alia fluvium transierint advenae, nulla sermonum vice  propositarum rerum pretia solis oculis aestimantur, et ita sunt abstinentes  ut apud se tradentes gignentia nihil ipsi comparent adventicium."
https://www.thelatinlibrary.com/ammianus/23.shtml,57,"His locis Paropanisadae sunt proximi, Indos ab oriente Caucasumque ab occidentali latere prospectantes, ipsi quoque montium  defectibus inclinati, quos residuis omnibus maior Ortogordomaris interluit  fluvius a Bactrianis exsurgens. habent autem etiam civitates aliquas, quibus  clariores sunt Agazaca et Naulibus et Ortospana, unde litorea navigatio ad  usque Mediae fines, portis proximos Caspiis stadiorum sunt duo milia et  ducenta.","habent autem etiam civitates aliquas, quibus  clariores sunt Agazaca et Naulibus et Ortospana, unde litorea navigatio ad  usque Mediae fines, portis proximos Caspiis stadiorum sunt duo milia et  ducenta."
https://www.thelatinlibrary.com/ammianus/23.shtml,43,"Post quos exadversum Arachosia visitur, dextrum vergens in latus Indis obiecta, quam ab Indo fluviorum maximo, unde regiones  cognominatae sunt, amnis multo minor exoriens aquarum adluit  amplitudine efficitque paludem Arachotoscrenem appellatam. hic quoque  civitates sunt inter alias viles Alexandria et Arbaca et Choaspa.",hic quoque  civitates sunt inter alias viles Alexandria et Arbaca et Choaspa.
https://www.thelatinlibrary.com/ammianus/23.shtml,48,"At in penitissima parte Persidos Gedrosia est, dextra terminos contingens Indorum, inter minores alios Arabio  uberior flumine, ubi montes deficiunt Arbitani, quorum ex pedibus imis  emergentes alii fluvii Indo miscentur, amittentes nomina magnitudine  potioris. civitates autem etiam hic sunt praeter insulas Sedratira et  Gynaecon limen meliores residuis aestimantur.",civitates autem etiam hic sunt praeter insulas Sedratira et  Gynaecon limen meliores residuis aestimantur.
https://www.thelatinlibrary.com/ammianus/23.shtml,66,"Per has nationes dissonas et multiplices hominum quoque diversitates sunt ut locorum. sed ut generaliter corpora describamus et mores graciles paene sunt omnes, subnigri vel livido colore pallentes,  caprinis oculis torvi et superciliis in semiorbium speciem curvatis  iunctisque, non indecoribus barbis capillisque promissis hirsuti, omnes  tamen promiscue vel inter epulas festosque dies gladiis cincti cernuntur.  quem Graecorum veterum morem abiecisse primos Athenienses  Thucydides est auctor amplissimus.",Per has nationes dissonas et multiplices hominum quoque diversitates sunt ut locorum.
https://www.thelatinlibrary.com/ammianus/23.shtml,39,"effusius plerique soluti in venerem aegreque contenti multitudine pelicum, puerilium stuprorum expertes, pro  opibus quisque adsciscens matrimonia plura vel pauca. unde apud eos per  libidines varias caritas dispersa torpescit. munditias conviviorum et luxum  maximeque potandi aviditatem vitantes ut luem.",unde apud eos per  libidines varias caritas dispersa torpescit.
https://www.thelatinlibrary.com/ammianus/23.shtml,59,Restat ut super ortu lapidis huius pauca succinctius explicentur. apud Indos et Persas margaritae reperiuntur in testis marinis robustis et  candidis permixtione roris anni tempore praestituto conceptae. cupientes  enim velut coitum quendam humores ex lunari aspergine capiunt densius  oscitando. exindeque gravidulae edunt minutas binas aut ternas vel uniones  ideo sic appellatas quod evisceratae conchulae singulas aliquotiens pariunt  sed maiores.,apud Indos et Persas margaritae reperiuntur in testis marinis robustis et  candidis permixtione roris anni tempore praestituto conceptae.
https://www.thelatinlibrary.com/ammianus/23.shtml,15,quod genus gemmae etiam in  Brittannici secessibus maris gigni legique licet dignitate dispari non  ignoramus.,quod genus gemmae etiam in  Brittannici secessibus maris gigni legique licet dignitate dispari non  ignoramus.
https://www.thelatinlibrary.com/ammianus/25.shtml,36,"qua ex regione profecti ad Hucumbra nomine villam pervenimus, ubi per biduum omnibus ad usum congruis, et satietate quaesita frumenti, ultra spem recreati discessimus, et confestim absque his, quae tempus vehi permisit, reliqua flammis exusta sunt.","qua ex regione profecti ad Hucumbra nomine villam pervenimus, ubi per biduum omnibus ad usum congruis, et satietate quaesita frumenti, ultra spem recreati discessimus, et confestim absque his, quae tempus vehi permisit, reliqua flammis exusta sunt."
https://www.thelatinlibrary.com/ammianus/25.shtml,23,abiecti sunt autem sacramento etiam alii quattuor ob flagitium simile vexillationum tribuni: hoc enim correctionis moderamine leniori inpendentium consideratione difficultatum contentus est imperator.,abiecti sunt autem sacramento etiam alii quattuor ob flagitium simile vexillationum tribuni: hoc enim correctionis moderamine leniori inpendentium consideratione difficultatum contentus est imperator.
https://www.thelatinlibrary.com/ammianus/25.shtml,30,"hoc etiam loco relicto cum ad tractum Maranga appellatum omnis  venisset exercitus, prope lucis confinia inmensa Persarum apparuit  multitudo cum Merene equestris magistro militiae filiisque regis duobus et  optimatibus plurimis.","hoc etiam loco relicto cum ad tractum Maranga appellatum omnis  venisset exercitus, prope lucis confinia inmensa Persarum apparuit  multitudo cum Merene equestris magistro militiae filiisque regis duobus et  optimatibus plurimis."
https://www.thelatinlibrary.com/ammianus/25.shtml,27,"In hoc proelio Persarum maior, ut dictum est, apparuit strages, nostrorum admodum levis. eminuit tamen inter varios certaminum casus Vetranionis mors viri pugnacis, qui legionem Ziannorum regebat.","In hoc proelio Persarum maior, ut dictum est, apparuit strages, nostrorum admodum levis."
https://www.thelatinlibrary.com/ammianus/25.shtml,52,"Post quae triduo indutiis destinato, dum suo quisque vulneri medetur vel proximi, commeatibus nos destitutos inedia cruciabat iam non ferenda: et quoniam frugibus exustis et pabulis homines in discrimen ultimum venerant et iumenta, ex eo cibo, quem animalia tribunorum vehebant et comitum, imae quoque militum plebi penitus indigenti pars distributa est magna.","Post quae triduo indutiis destinato, dum suo quisque vulneri medetur vel proximi, commeatibus nos destitutos inedia cruciabat iam non ferenda: et quoniam frugibus exustis et pabulis homines in discrimen ultimum venerant et iumenta, ex eo cibo, quem animalia tribunorum vehebant et comitum, imae quoque militum plebi penitus indigenti pars distributa est magna."
https://www.thelatinlibrary.com/ammianus/25.shtml,55,"ipse autem ad sollicitam suspensamque quietem paulisper protractus cum somno ut solebat depulso, ad aemulationem Caesaris Iulii quaedam sub pellibus scribens obscuro noctis altitudine sensus cuiusdam philosophi teneretur, vidit squalidius, ut confessus est proximis, speciem illam Genii publici, quam, cum ad Augustum surgeret culmen, conspexit in Galliis, velata cum capite Cornucopia per aulaea tristius discedentem.","ipse autem ad sollicitam suspensamque quietem paulisper protractus cum somno ut solebat depulso, ad aemulationem Caesaris Iulii quaedam sub pellibus scribens obscuro noctis altitudine sensus cuiusdam philosophi teneretur, vidit squalidius, ut confessus est proximis, speciem illam Genii publici, quam, cum ad Augustum surgeret culmen, conspexit in Galliis, velata cum capite Cornucopia per aulaea tristius discedentem."
https://www.thelatinlibrary.com/ammianus/25.shtml,32,"quo etiam id inter alia multa spernente orabant haruspices saltem aliquot horis profectionem differri, et ne hoc quidem sunt adepti imperatore omni vaticinandi scientiae reluctante, sed exorto iam die promota sunt castra.","quo etiam id inter alia multa spernente orabant haruspices saltem aliquot horis profectionem differri, et ne hoc quidem sunt adepti imperatore omni vaticinandi scientiae reluctante, sed exorto iam die promota sunt castra."
https://www.thelatinlibrary.com/ammianus/25.shtml,76,"Quae dum ita aguntur, Iulianus in tabernaculo iacens circumstantes adlocutus est demissos et tristes: «advenit, o socii, nunc abeundi tempus e  vita inpendio tempestivum, quam reposcenti naturae ut debitor bonae fidei  redditurus exulto, non ut quidam opinantur adflictus et maerens,  philosophorum sententia generali perdoctus, quantum corpore sit beatior  animus, et contemplans, quotiens condicio melior a deteriore secernitur,  laetandum esse potius quam dolendum. illud quoque advertens quod etiam  dii caelestes quibusdam piissimis mortem tamquam summum praemium  persolverunt.","Quae dum ita aguntur, Iulianus in tabernaculo iacens circumstantes adlocutus est demissos et tristes: «advenit, o socii, nunc abeundi tempus e  vita inpendio tempestivum, quam reposcenti naturae ut debitor bonae fidei  redditurus exulto, non ut quidam opinantur adflictus et maerens,  philosophorum sententia generali perdoctus, quantum corpore sit beatior  animus, et contemplans, quotiens condicio melior a deteriore secernitur,  laetandum esse potius quam dolendum.illud quoque advertens quod etiam  dii caelestes quibusdam piissimis mortem tamquam summum praemium  persolverunt."
https://www.thelatinlibrary.com/ammianus/25.shtml,27,"munus autem id mihi delatum optime scio, ne  difficultatibus subcumberem arduis, neve me proiciam umquam aut  prosternam, expertus quod dolores omnes ut insultant ignavis, ita  persistentibus cedunt.","munus autem id mihi delatum optime scio, ne  difficultatibus subcumberem arduis, neve me proiciam umquam aut  prosternam, expertus quod dolores omnes ut insultant ignavis, ita  persistentibus cedunt."
https://www.thelatinlibrary.com/ammianus/25.shtml,59,"nec fateri pudebit, interiturum me ferro dudum didici fide fatidica praecinente. ideoque sempiternum veneror numen quod non clandestinis insidiis nec longa morborum asperitate vel damnatorum fine decedo, sed in medio cursu florentium gloriarum hunc merui clarum e mundo  digressum. aequo enim iudicio iuxta timidus est et ignavus, qui cum non  oportet, mori desiderat, et qui refugiat, cum sit oportunum.","aequo enim iudicio iuxta timidus est et ignavus, qui cum non  oportet, mori desiderat, et qui refugiat, cum sit oportunum."
https://www.thelatinlibrary.com/ammianus/25.shtml,20,"et  flentes inter haec omnes qui aderant auctoritate integra etiam tum  increpabat, humile esse caelo sideribusque conciliatum lugeri principem  dicens.","et  flentes inter haec omnes qui aderant auctoritate integra etiam tum  increpabat, humile esse caelo sideribusque conciliatum lugeri principem  dicens."
https://www.thelatinlibrary.com/ammianus/25.shtml,45,"Et primum ita inviolata castitate enituit ut post amissam coniugem nihil umquam venereum agitaret: illud advertens, quod apud Platonem  legitur, Sophoclem tragoediarum scriptorem aetate grandaevum  interrogatum ecquid adhuc feminis misceretur, negantem id adiecisse, quod  gauderet harum rerum amorem ut rabiosum quendam effugisse dominum et  crudelem.","Et primum ita inviolata castitate enituit ut post amissam coniugem nihil umquam venereum agitaret: illud advertens, quod apud Platonem  legitur, Sophoclem tragoediarum scriptorem aetate grandaevum  interrogatum ecquid adhuc feminis misceretur, negantem id adiecisse, quod  gauderet harum rerum amorem ut rabiosum quendam effugisse dominum et  crudelem."
https://www.thelatinlibrary.com/ammianus/25.shtml,53,"item ut hoc propositum validius confirmaret, recolebat saepe  dictum lyrici Bacchylidis, quem legebat iucunde id adserentem quod ut egregius pictor vultum speciosum effingit, ita pudicitia celsius consurgentem vitam exornat. quam labem in adulto robore iuventutis ita caute vitavit, ut ne suspicione quidem tenus libidinis ullius vel citerioris vitae ministris incusaretur, ut saepe contingit.","quam labem in adulto robore iuventutis ita caute vitavit, ut ne suspicione quidem tenus libidinis ullius vel citerioris vitae ministris incusaretur, ut saepe contingit."
https://www.thelatinlibrary.com/ammianus/25.shtml,47,"Hoc autem temperantiae genus crescebat in maius iuvante parsimonia ciborum et somni, quibus domi forisque tenacius utebatur. namque in pace victus eius mensura atque tenuitas erat recte  noscentibus admiranda, velut ad pallium mox reversuri, per varios autem  procinctus stans interdum more militiae cibum brevem vilemque sumere  visebatur.","Hoc autem temperantiae genus crescebat in maius iuvante parsimonia ciborum et somni, quibus domi forisque tenacius utebatur."
https://www.thelatinlibrary.com/ammianus/25.shtml,64,"Dein prudentiae eius indicia fuere vel plurima, e quibus explicari sufficiet pauca. armatae rei scientissimus et togatae, civilitati admodum studens, tantum sibi adrogans quantum a contemptu et insolentia distare existimabat: virtute senior quam aetate: studiosus cognitionum omnium et indeclinabilis aliquotiens iudex: censor moribus regendis acerrimus, placidus, opum contemptor, mortalia cuncta despiciens, postremo id praedicabat, turpe esse sapienti, cum habeat animum, captare laudes ex corpore.","Dein prudentiae eius indicia fuere vel plurima, e quibus explicari sufficiet pauca."
https://www.thelatinlibrary.com/ammianus/25.shtml,32,"Quibus autem iustitiae inclaruit bonis, multa significant, primo quod erat pro rerum et hominum distinctione sine crudelitate terribilis, deinde quod paucorum discrimine vitia cohibebat, tum autem quod minabatur ferro potius quam utebatur.","Quibus autem iustitiae inclaruit bonis, multa significant, primo quod erat pro rerum et hominum distinctione sine crudelitate terribilis, deinde quod paucorum discrimine vitia cohibebat, tum autem quod minabatur ferro potius quam utebatur."
https://www.thelatinlibrary.com/ammianus/25.shtml,21,"postremo ut multa praeteream, constat eum in apertos aliquos inimicos insidiatores suos ita consurrexisse mitissime, ut poenarum asperitatem genuina lenitudine castigaret.","postremo ut multa praeteream, constat eum in apertos aliquos inimicos insidiatores suos ita consurrexisse mitissime, ut poenarum asperitatem genuina lenitudine castigaret."
https://www.thelatinlibrary.com/ammianus/25.shtml,64,"Liberalitatis eius testimonia plurima sunt et verissima, inter quae indicta sunt tributorum admodum levia, coronarium indultum, remissa  debita multa diuturnitate congesta, aequata fisci iurgia cum privatis,  vectigalia civitatibus restituta cum fundis absque his, quos velut iure  vendidere  praeteritae potestates, quodque numquam augendae pecuniae cupidus fuit,  quam cautius apud dominos servari existimabat, id aliquotiens praedicans  Alexandrum Magnum, ubi haberet thesauros interrogatum, «apud amicos»  benivole respondisse.","Liberalitatis eius testimonia plurima sunt et verissima, inter quae indicta sunt tributorum admodum levia, coronarium indultum, remissa  debita multa diuturnitate congesta, aequata fisci iurgia cum privatis,  vectigalia civitatibus restituta cum fundis absque his, quos velut iure  vendidere  praeteritae potestates, quodque numquam augendae pecuniae cupidus fuit,  quam cautius apud dominos servari existimabat, id aliquotiens praedicans  Alexandrum Magnum, ubi haberet thesauros interrogatum, «apud amicos»  benivole respondisse."
https://www.thelatinlibrary.com/ammianus/25.shtml,30,"Digestis bonis, quae scire potuimus, nunc ad explicanda eius vitia veniamus, licet dicta sint carptim. levioris ingenii, verum hoc instituto rectissimo temperabat, emendari se cum deviaret a fruge bona permittens.","Digestis bonis, quae scire potuimus, nunc ad explicanda eius vitia veniamus, licet dicta sint carptim."
https://www.thelatinlibrary.com/ammianus/25.shtml,37,"Verum tamen cum haec essent, aestimari poterat, ut ipse aiebat, vetus illa Iustitia, quam offensam vitiis hominum Aratus extollit in caelum, eo imperante redisse rursus ad terras, ni quaedam ad arbitrium agens interdum ostenderet se dissimilem sui.","Verum tamen cum haec essent, aestimari poterat, ut ipse aiebat, vetus illa Iustitia, quam offensam vitiis hominum Aratus extollit in caelum, eo imperante redisse rursus ad terras, ni quaedam ad arbitrium agens interdum ostenderet se dissimilem sui."
https://www.thelatinlibrary.com/ammianus/25.shtml,32,"namque et iura condidit non molesta, absolute quaedam iubentia fieri vel arcentia, praeter pauca.  inter quae erat illud inclemens quod docere vetuit magistros rhetoricos et  grammaticos Christianos, ni transissent ad numinum cultum.","namque et iura condidit non molesta, absolute quaedam iubentia fieri vel arcentia, praeter pauca."
https://www.thelatinlibrary.com/ammianus/25.shtml,58,"at in Galliis bellorum tenore gliscente, diffusis per nostra Germanis, iamque Alpibus ad vastandam Italiam perrumpendis nihil, multa et nefanda perpessis hominibus, praeter lacrimas supererat et terrores, ubi et praeteritorum recordatio erat acerba et expectatio tristior inpendentium. quae omnia iuvenis iste ad occiduam plagam specie Caesaris missus, regesque pro mancipiis agitans ignobilibus cuncta paene mira dictu celeritate correxit.","quae omnia iuvenis iste ad occiduam plagam specie Caesaris missus, regesque pro mancipiis agitans ignobilibus cuncta paene mira dictu celeritate correxit."
https://www.thelatinlibrary.com/ammianus/25.shtml,47,"Nec fuit post haec lamentis aut fletibus locus. corpore enim curato pro copia rerum et temporis, ut, ubi ipse olim statuerat, conderetur, principio lucis secutae, quae erat quintum Kalendas Iulias, hostibus ex omni latere circumfusis, collecti duces exercitus, advocatisque legionum principiis et turmarum, super creando principe consultabant.",Nec fuit post haec lamentis aut fletibus locus.
https://www.thelatinlibrary.com/ammianus/25.shtml,12,"quae dum ambiguntur, nulla variante sententia itum est voluntate omnium in Sallustium","quae dum ambiguntur, nulla variante sententia itum est voluntate omnium in Sallustium"
https://www.thelatinlibrary.com/ammianus/25.shtml,28,"discernebat, Iulianum recreatum arbitrati sunt deduci magnis favoribus ut solebat. verum cum incurvus ille visus et longior adventaret, suspicati quod acciderat in lacrimas effusi sunt omnes et luctum.","discernebat, Iulianum recreatum arbitrati sunt deduci magnis favoribus ut solebat.verum cum incurvus ille visus et longior adventaret, suspicati quod acciderat in lacrimas effusi sunt omnes et luctum."
https://www.thelatinlibrary.com/ammianus/25.shtml,91,"his ita caeco quodam iudicio fortunae peractis, Iovianorum signifer, quos Varronianus rexerat dudum, cum novo dissidens principe etiam tum privato, ut patris eius obtrectator molestus, periculum ex inimico metuens iam communia supergresso, discessit ad Persas, ac data dicendi copia quae sciret, docet Saporem iam propinquantem, extincto quem verebatur, turbine concitato calonum ad umbram imperii Iovianum adhuc protectorem adscitum, inertem quendam et mollem. hoc ille audito, quod semper trepidis votis expetebat et inopina prosperitate elatus, multitudine ex regio equitatu adiuncta his, qui dimicavere nobiscum, celeri disposuit gradu agminis nostri invadi terga postremi.","his ita caeco quodam iudicio fortunae peractis, Iovianorum signifer, quos Varronianus rexerat dudum, cum novo dissidens principe etiam tum privato, ut patris eius obtrectator molestus, periculum ex inimico metuens iam communia supergresso, discessit ad Persas, ac data dicendi copia quae sciret, docet Saporem iam propinquantem, extincto quem verebatur, turbine concitato calonum ad umbram imperii Iovianum adhuc protectorem adscitum, inertem quendam et mollem."
https://www.thelatinlibrary.com/ammianus/25.shtml,25,"Quae dum ultro citroque ordinantur, hostiis pro Ioviano extisque inspectis, pronuntiatum est eum omnia perditurum, si intra vallum remansisset ut cogitabat, superiorem vero fore profectum.","Quae dum ultro citroque ordinantur, hostiis pro Ioviano extisque inspectis, pronuntiatum est eum omnia perditurum, si intra vallum remansisset ut cogitabat, superiorem vero fore profectum."
https://www.thelatinlibrary.com/ammianus/25.shtml,41,"hisque sepultis ut rerum angustiae permiserunt, prope confinia noctis cum ad castellum Sumere nomine citis passibus tenderemus, iacens Anatolii corpus est agnitum quod tumultuaria opera terrae mandatum est. hic et milites sexaginta cum palatinis recepimus, quos in munimentum vacuum coxfugisse  rettulimus.","hisque sepultis ut rerum angustiae permiserunt, prope confinia noctis cum ad castellum Sumere nomine citis passibus tenderemus, iacens Anatolii corpus est agnitum quod tumultuaria opera terrae mandatum est.hic et milites sexaginta cum palatinis recepimus, quos in munimentum vacuum coxfugisse  rettulimus."
https://www.thelatinlibrary.com/ammianus/25.shtml,31,"hos autem Saracenos ideo patiebamur infestos, quod salaria muneraque plurima a Iuliano ad similitudinem praeteriti temporis accipere vetiti, questique apud eum, solum audierant, imperatorem bellicosum et vigilantem ferrum habere, non aurum.","hos autem Saracenos ideo patiebamur infestos, quod salaria muneraque plurima a Iuliano ad similitudinem praeteriti temporis accipere vetiti, questique apud eum, solum audierant, imperatorem bellicosum et vigilantem ferrum habere, non aurum."
https://www.thelatinlibrary.com/ammianus/25.shtml,51,"in hoc loco Persarum obstinatione tritum est quadriduum. nam progredientes nos sequebantur crebris lacessitionibus retrahentes, et cum staremus ut pugnaturi, gradum sensim referentes, moris diuturnis excruciabant. iamque, ut solent extrema metuentibus etiam ficta placere, fama circumlata fines haut procul limitum esse nostrorum, exercitus vociferans inmodeste dari sibi copiam transeundi Tigridis flagitabat.",in hoc loco Persarum obstinatione tritum est quadriduum.
https://www.thelatinlibrary.com/ammianus/25.shtml,25,"quae super omnia hebetarunt eius  anxiam mentem uno parique natatu quingenti viri transgressi tumidum  flumen incolumes, custodibusque confossis, reliquos consortes suos ad  similem fiduciam concitantes.","quae super omnia hebetarunt eius  anxiam mentem uno parique natatu quingenti viri transgressi tumidum  flumen incolumes, custodibusque confossis, reliquos consortes suos ad  similem fiduciam concitantes."
https://www.thelatinlibrary.com/ammianus/25.shtml,32,"quo temporis spatio  antequam hi mitterentur, si exabusus princeps paulatim terris hostilibus  excessisset, profecto venisset ad praesidia Corduenae, uberis regionis et  nostrae, ex eo loco, in quo haec agebantur, centesimo lapide disparatae.","quo temporis spatio  antequam hi mitterentur, si exabusus princeps paulatim terris hostilibus  excessisset, profecto venisset ad praesidia Corduenae, uberis regionis et  nostrae, ex eo loco, in quo haec agebantur, centesimo lapide disparatae."
https://www.thelatinlibrary.com/ammianus/25.shtml,42,"hac etiam  suspicione iam liberi properantesque itineribus magnis prope Hatram  venimus, vetus oppidum in media solitudine positum, olimque desertum,  quod eruendum adorti temporibus variis Traianus et Severus principes  bellicosi cum exercitibus paene deleti sunt, ut in eorum actibus has quoque  digessimus partes.","hac etiam  suspicione iam liberi properantesque itineribus magnis prope Hatram  venimus, vetus oppidum in media solitudine positum, olimque desertum,  quod eruendum adorti temporibus variis Traianus et Severus principes  bellicosi cum exercitibus paene deleti sunt, ut in eorum actibus has quoque  digessimus partes."
https://www.thelatinlibrary.com/ammianus/25.shtml,44,"quibus mandaverat  princeps ut Lucillianum socerum suum post depositum militiae munus  digressum ad otium, morantemque eo tempore apud Sirmium, oblatis  magisterii equitum et peditum codicillis, quos isdem tradiderat, properare  Mediolanum urgerent, res firmaturum ancipites, et, quod magis  metuebatur, si casus novi quidam exsurgerent opponendum.","quibus mandaverat  princeps ut Lucillianum socerum suum post depositum militiae munus  digressum ad otium, morantemque eo tempore apud Sirmium, oblatis  magisterii equitum et peditum codicillis, quos isdem tradiderat, properare  Mediolanum urgerent, res firmaturum ancipites, et, quod magis  metuebatur, si casus novi quidam exsurgerent opponendum."
https://www.thelatinlibrary.com/ammianus/25.shtml,59,"Dum gestorum seriem ubique rumores diffunditant varii, in exercitu absumptis commeatibus paucis, quos advectos praediximus, in corpore sua  necessitas erat humana vertenda, ni iumentorum caro caesorum  aliquatenus perdurasset, unde effectum est, ut et armorum pleraque  proicerentur et sarcinarum. adeo enim atroci tabuimus fame, ut, si usquam  modius unus farinae fuisset repertus, quod raro contigerat, aureis decem  mutaretur ut minus.","adeo enim atroci tabuimus fame, ut, si usquam  modius unus farinae fuisset repertus, quod raro contigerat, aureis decem  mutaretur ut minus."
https://www.thelatinlibrary.com/ammianus/25.shtml,25,"Profecti exinde Thilsaphata venimus, ubi Sebastianus atque Procopius cum tribunis principiisque militum sibi ad tuendam  Mesopotamiam commissorum, ut poscebat sollemnitas, occurrerunt. et  sequebantur benigne suscepti.","Profecti exinde Thilsaphata venimus, ubi Sebastianus atque Procopius cum tribunis principiisque militum sibi ad tuendam  Mesopotamiam commissorum, ut poscebat sollemnitas, occurrerunt."
https://www.thelatinlibrary.com/ammianus/25.shtml,44,"cumque nihil promoveretur, iuris  iurandi religionem principe destinatius praetendente, cum oblatam ei  coronam aliquamdiu recusans, coactus denique suscepisset, Silvanus quidam  causarum defensor confidentius exclamavit «ita» inquit «imperator, a  civitatibus residuis coroneris». quo verbo exasperatus, intra triduum omnes  iussit excedere moenibus, detestantes rerum praesentium statum.","quo verbo exasperatus, intra triduum omnes  iussit excedere moenibus, detestantes rerum praesentium statum."
https://www.thelatinlibrary.com/ammianus/25.shtml,29,"exin  variae complentur viae qua quisque poterat dilabentium. properando enim  multi furabantur opes proprias, quas vehi posse credebant, contempta  reliqua supellectili pretiosa et multa. hanc enim reliquerunt penuria  iumentorum.",exin  variae complentur viae qua quisque poterat dilabentium.
https://www.thelatinlibrary.com/ammianus/25.shtml,25,"qui ad exsequendum profectus confestim corpore sepulto discessit, nec inveniri usquam potuit studio quaesitus ingenti, nisi quod multo postea apud Constantinopolim visus est subito purpuratus.","qui ad exsequendum profectus confestim corpore sepulto discessit, nec inveniri usquam potuit studio quaesitus ingenti, nisi quod multo postea apud Constantinopolim visus est subito purpuratus."
https://www.thelatinlibrary.com/ammianus/25.shtml,103,"quidam enim eos hoc nomine ideo existimant appellari, quod  tortos ignes spargunt ut crines, in unum stellis multiplicibus congregatis.  alii eos arbitrantur ex halitu sicciore terrarum ignescere paulatim in  sublimiora surgente. quidam currentes radios solis densiore nube obiecta  digredi ad inferiora prohibitos, splendore infuso corpori crasso, lucem  velut stellis distinctam mortali conspectu monstrare. sedit quorundam  opinioni, hanc speciem tunc apparere, cum evecta solito celsius nubes  aeternorum ignium vicinitate conluceat, vel certe stellas esse quasdam  ceteris similes, quarum ortus obitusque, quibus sint temporibus praestituti, humanis mentibus ignorari. plura alia de cometis apud peritos mundanae  rationis sunt lecta, quae digerere nunc vetat aliorsum oratio properans.","plura alia de cometis apud peritos mundanae  rationis sunt lecta, quae digerere nunc vetat aliorsum oratio properans."
https://www.thelatinlibrary.com/ammianus/25.shtml,27,"post quae, ut videbatur expedire, disposita apud Aspuna Galatiae  municipium breve Gallicani milites visi principi, ingressique consistorium,  post audita gratanter, quae pertulerant, munerati redire iubentur ad signa.","post quae, ut videbatur expedire, disposita apud Aspuna Galatiae  municipium breve Gallicani milites visi principi, ingressique consistorium,  post audita gratanter, quae pertulerant, munerati redire iubentur ad signa."
https://www.thelatinlibrary.com/ammianus/25.shtml,48,"fertur enim recenti calce cubiculi illiti ferre odorem  noxium nequivisse, vel extuberato capite perisse succensione pruna rum inmensa, aut certe ex colluvione ciborum avida cruditate distentus.  decessit autem anno tricensimo aetatis et tertio. cumque huic et  Aemiliano Scipioni  vitae exitus similis evenisset, super neutrius morte  quaestionem conperimus agitatam.",decessit autem anno tricensimo aetatis et tertio.
https://www.thelatinlibrary.com/ammianus/25.shtml,44,"dicebatur autem Varronianus pater eius monitu cuiusdam somnii dudum praescisse quod evenit, idque duobus amicis commisisse  fidissimis, illo adiecto quod ipsi quoque deferretur trabea consularis. sed  inpetrato uno adipisci non potuit aliud. audita enim filii celsiore fortuna,  antequam eum videret, fatali praeventus est morte.","dicebatur autem Varronianus pater eius monitu cuiusdam somnii dudum praescisse quod evenit, idque duobus amicis commisisse  fidissimis, illo adiecto quod ipsi quoque deferretur trabea consularis."
https://www.thelatinlibrary.com/ammianus/25.shtml,27,"et quia huic nomini amplissimum magistratum portendi per quietem praedictum est seni,  Varronianus nepos eius infans etiam tum cum Ioviano patre declaratus est  ut supra rettulimus consul.","et quia huic nomini amplissimum magistratum portendi per quietem praedictum est seni,  Varronianus nepos eius infans etiam tum cum Ioviano patre declaratus est  ut supra rettulimus consul."
https://www.thelatinlibrary.com/ammianus/15.shtml,222,"Iamque post miserandam deleti Caesaris cladem sonante periculorum iudicialium tuba in crimen laesae maiestatis arcessebatur Ursicinus adulescente magis magisque contra eius salutem livore omnibus bonis infesto.Hac enim superabatur difficultate quod ad suscipiendas defensiones aequas et probabilis imperatoris aures occlusae patebant susurris insidiantium clandestinis, qui Constantii nomine per orientis tractus omnes abolito ante dictum ducem domi forisque desiderari ut formidolosum Persicae genti fingebant.Sed contra accidentia vir magnanimus stabat immobilis, ne se proiceret abiectus cavens, parum tuto loco innocentiam stare medullitus gemens, hocque uno tristior quod amici ante haec frequentes ad potiores desciverant ut ad successores officiorum more poscente solent transire lictores.Inpugnabat autem eum per fictae benignitatis inlecebras collega et virum fortem propalam saepe appellans Arbetio ad innectendas letales insidias vitae simplici perquam callens et ea tempestate nimium potens. Ut enim subterraneus serpens foramen subsidens occultum adsultu subito singulos transitores observans incessit, ita ille ab ima sorte etiam post adeptum summum militiae munus, nec laesus aliquando nec lacessitus inexplebili quodam laedendi proposito conscientiam polluebat.Igitur paucis arcanorum praefectis consciis latenter cum imperatore sententia diu digesta id sederat, ut nocte ventura procul a conspectu militarium raptus Ursicinus indemnatus occideretur, ut quondam Domitius Corbulo dicitur caesus in conluvione illa Neroniani saeculi, provinciarum fidus defensor et cautus.Quibus ita conpositis cum ad hoc destinati praedictum tempus opperirentur, consilio in lenitudinem flexo facinus impium ad deliberationem secundam differri praeceptum est.","Ut enim subterraneus serpens foramen subsidens occultum adsultu subito singulos transitores observans incessit, ita ille ab ima sorte etiam post adeptum summum militiae munus, nec laesus aliquando nec lacessitus inexplebili quodam laedendi proposito conscientiam polluebat.Igitur paucis arcanorum praefectis consciis latenter cum imperatore sententia diu digesta id sederat, ut nocte ventura procul a conspectu militarium raptus Ursicinus indemnatus occideretur, ut quondam Domitius Corbulo dicitur caesus in conluvione illa Neroniani saeculi, provinciarum fidus defensor et cautus.Quibus ita conpositis cum ad hoc destinati praedictum tempus opperirentur, consilio in lenitudinem flexo facinus impium ad deliberationem secundam differri praeceptum est."
https://www.thelatinlibrary.com/ammianus/15.shtml,140,"Indeque ad Iulianum recens perductum calumniarum vertitur machina memorabilem postea principem, gemino crimine, ut iniquitas aestimabat, implicitum: quod a Macelli fundo in Cappadocia posito ad Asiam demigrarat liberalium desiderio doctrinarum et per Constantinopolim transeuntem viderat fratrem.Qui cum obiecta dilueret ostenderetque neutrum sine iussu fecisse, nefando adsentatorum coetu perisset urgente, ni adspiratione superni numinis Eusebia suffragante regina ductus ad Comum oppidum Mediolano vicinum ibique paulisper moratus procudendi ingenii causa, ut cupidine flagravit, ad Graeciam ire permissus est.Nec defuere deinceps ex his emergentia casibus, quae dispiceres secundis avibus contigisse, dum punirentur ex iure, vel tamquam inrita diffluebant et vana. Sed accidebat non numquam, ut opulenti pulsantes praesidia potiorum isdemque tamquam ederae celsis arboribus adhaerentes absolutionem pretiis mercarentur immensis: tenues vero, quibus exiguae res erant ad redimendam salutem aut nullae, damnabantur abrupte. Ideoque et veritas mendaciis velabatur et valuere pro veris aliquotiens falsa.","Sed accidebat non numquam, ut opulenti pulsantes praesidia potiorum isdemque tamquam ederae celsis arboribus adhaerentes absolutionem pretiis mercarentur immensis: tenues vero, quibus exiguae res erant ad redimendam salutem aut nullae, damnabantur abrupte."
https://www.thelatinlibrary.com/ammianus/15.shtml,299,"Haec dum Mediolani aguntur, militarium catervae ab oriente perductae sunt Aquileiam cum aulicis pluribus, membris inter catenas fluentibus spiritum trahentes exiguum vivendique moras per aerumnas detestati multiplices. Arcessebantur enim ministri fuisse Galli ferocientis perque eos Domitianus discerptus credebatur et Montius, et alii post eos acti in exitium praeceps.Ad quos audiendos Arboreus missus est et Eusebius cubiculi tunc praepositus, ambo inconsideratae iactantiae, iniusti pariter et cruenti. Qui nulla perspicacitate sine innocentium sontiumque differentia alios verberibus vel tormentis adflictos exulari poena damnarunt, quosdam ad infimam trusere militiam, residuos capitalibus addixere suppliciis. Impletisque funerum bustis reversi velut ovantes gesta rettulerunt ad principem erga haec et similia palam obstinatum et gravem.Vehementius tunc et deinde Constantius quasi praescriptum fatorum ordinem convulsurus recluso pectore patebat insidiantibus multis. Unde rumorum aucupes subito extitere conplures, honorum vertices ipsos ferinis morsibus adpetentes posteaque pauperes et divites indiscrete: non ut Cibyratae illi Verrini, tribunal unius legati lambentes, sed rei publicae membra totius per incidentia mala vexantes.Inter quos facile Paulus et Mercurius eminebant: hic origine Persa, ille natus in Dacia: notarius ille, hic a ministro triclinii rationalis. Et Paulo quidem, ut relatum est supra, Catenae inditum est cognomentum, eo quod in conplicandis calumniarum nexibus erat indissolubili ira, inventorum sese varietate dispendens, ut in conluctationibus callere nimis quidam solent artifices palaestritae.Mercurius somniorum appellatus comes, quod ut clam mordax canis interna saevitia submissius agitans caudam, epulis coetibusque se crebris inserens si per quietem quisquam, ubi fusius natura vagatur, vidisse aliquid amico narrasset, id venenatis artibus coloratum in peius patulis imperatoris auribus infundebat et ob hoc homo tamquam inexpiabili obnoxius culpae, gravi mole criminis pulsabatur.Haec augente vulgatius fama tantum aberat, ut proderet quisquam visa nocturna, ut aegre homines dormisse sese praesentibus faterentur externis, maerebantque docti quidam, quod apud Atlanteos nati non essent, ubi memorantur somnia non videri, quod unde eveniat rerum scientissimis relinquamus.","Et Paulo quidem, ut relatum est supra, Catenae inditum est cognomentum, eo quod in conplicandis calumniarum nexibus erat indissolubili ira, inventorum sese varietate dispendens, ut in conluctationibus callere nimis quidam solent artifices palaestritae.Mercurius somniorum appellatus comes, quod ut clam mordax canis interna saevitia submissius agitans caudam, epulis coetibusque se crebris inserens si per quietem quisquam, ubi fusius natura vagatur, vidisse aliquid amico narrasset, id venenatis artibus coloratum in peius patulis imperatoris auribus infundebat et ob hoc homo tamquam inexpiabili obnoxius culpae, gravi mole criminis pulsabatur.Haec augente vulgatius fama tantum aberat, ut proderet quisquam visa nocturna, ut aegre homines dormisse sese praesentibus faterentur externis, maerebantque docti quidam, quod apud Atlanteos nati non essent, ubi memorantur somnia non videri, quod unde eveniat rerum scientissimis relinquamus."
https://www.thelatinlibrary.com/ammianus/15.shtml,67,"Re hoc modo finita . . . Et Lentiensibus, Alamannicis pagis indictum est bellum conlimitia saepe Romana latius inrumpentibus, ad quem procinctum imperator egressus in Raetias camposque venit Caninos, et digestis diu consiliis id visum est honestum et utile, ut eo cum militis parte Arbetio magister equitum, cum validiore exercitus manu relegens margines lacus Brigantiae pergeret protinus barbaris congressurus. Cuius loci figuram breviter, quantum ratio patitur, designabo.",Re hoc modo finita .
https://www.thelatinlibrary.com/ammianus/15.shtml,16,"Silvanus Francus, magister peditum per Gallias, Coloniae Augustus adpellatur, et xxviii. Imperi die per insidias opprimitur.",Imperi die per insidias opprimitur.
https://www.thelatinlibrary.com/ammianus/15.shtml,321,"Et quamquam utilia moneret et necessaria, ventis tamen loquebatur incassum. Namque Arbetione auctore Apodemius ad eum vocandum cum litteris mittitur inimicus bonorum omnium diuturnus et gravis. Qui incidentia parvi ducens cum venisset in Gallias, dissidens a mandatis, quae proficiscenti sunt data, nec viso Silvano nec oblatis scriptis ut veniret admonito remansit adscitoque rationali quasi proscripti iamque necandi magistri peditum clientes et servos hostili tumore vexabat.Inter haec tamen dum praesentia Silvani speratur et Apodemius quieta perturbat, Dynamius ut argumento validiore impie structorum adsereret fidem, conpositas litteras his concinentes, quas obtulerat principi per praefectum, ad tribunum miserat fabricae Cremonensis nomine Silvani et Malarichi, a quibus ut arcanorum conscius monebatur parare propere cuncta.Qui cum haec legisset, haerens et ambigens dia quidnam id esset nec enim meminerat secum aliquando super negotio ullo interiore hos quorum litteras acceperat conlocutos epistulas ipsas per baiulum qui portarat, iuncto milite ad Malarichum misit obsecrans, ut doceret aperte quae vellet, non ita perplexe: nec enim intellexisse firmabat ut subagrestem et simplicem, quid significatum esset obscurius.Haec Malarichus subito nanctus etiam tunc squalens et maestus suamque et popularis Silvani vicem graviter ingemiscens adhibitis Francis, quorum ea tempestate in palatio multitudo florebat, erectius iam loquebatur: tumultuabaturque patefactis insidiis retectaque iam fallacia, per quam ex confesso salus eorum adpetebatur.Hisque cognitis statuit imperator dispicientibus consistorianis et militaribus universis in negotium praeterinquiri. Cumque iudices fastidissent, Florentius Nigriniani filius agens tunc pro magistro officiorum, contemplans diligentius scripta apicumque pristinorum reliquias quasdam reperiens animadvertit, ut factum est, priore textu interpolato longe alia quam dictarat Silvanus, ex libidine consarcinatae falsitatis adscripta.Proinde fallaciarum nube discussa imperator doctus gesta relatione fideli, abrogata potestate praefectum statui sub questione praecepit sed absolutus est enixa conspiratione multorum. Suspensus autem Eusebius ex comite privatarum se conscio haec dixerat concitata.Aedesius enim minus scisse quid actum sit pertinaci infitiatione contendens abiit innoxius et ita finito negotio omnes sunt absoluti quos exhiberi delatio conpulit criminosa. Dynamius vero ut praeclaris artibus inlustratus cum correctoris dignitate regere iussus est Tuscos.","Et quamquam utilia moneret et necessaria, ventis tamen loquebatur incassum.Namque Arbetione auctore Apodemius ad eum vocandum cum litteris mittitur inimicus bonorum omnium diuturnus et gravis."
https://www.thelatinlibrary.com/ammianus/15.shtml,343,"Dumque haec aguntur in Galliis, ad occasum inclinato iam die perfertur Mediolanum insperabilis nuntius aperte Silvanum demonstrans, dum ex magisterio peditum altius nititur, sollicitato exercitu ad angustum culmen evectum.Hac mole casus inopini Constantio icto quasi fulmine fati primates consilio secunda vigilia convocato properarunt omnes in regiam. Cumque nulli ad eligendum quid agi deberet, mens suppetere posset aut lingua, submissis verbis perstringebatur Ursicini mentio, ut consiliis rei bellicae praestantissimi frustraque gravi iniuria lacessiti, et per admissionum magistrum qui mos est honoratior accito eodem, ingresso consistorium offertur purpura multo quam antea placidius. Diocletianus enim Augustus omnium primus extero ritu et regio more instituit adorari, cum semper antea ad similitudinem iudicum salutatos principes legerimus.Et qui paulo antea cum insectatione malivola orientis vorago invadendaeque summae rei per filios adfectator conpellabatur, tunc dux prudentissimus et Constantini Magni fuerat conmilito solusque ad exstinguendum probis quidem sed insidiosis rationibus petebatur. Diligens enim opera navabatur extingui Silvanum ut fortissimum perdvellem, aut si secus accidisset, Ursicinum exulceratum iam penitus aboleri ne superesset scrupulus inpendio formidandus.Igitur cum de profectione celeranda disponeretur, propulsationem obiectorum criminum eundem ducem parantem praegressus oratione leni prohibet imperator, non id esse memorans tempus ut controversa defensio causae susciperetur, cum vicissim restitui in pristinam concordiam partes necessitas subigeret urgentium rerum antequam cresceret mollienda.Habita igitur deliberatione multiplici id potissimum tractabatur, quo commento Silvanus gesta etiam tum imperatorem ignorare existimaret. Et probabili argumento ad firmandam fidem reperto monetur honorificis scriptis, ut accepto Ursicino successore cum potestate rediret intacta.Post haec ita digesta protinus iubetur exire, tribunis et protectoribus domesticis decem, ut postularat, ad iuvandas necessitates publicas ei coniunctis. Inter quos ego quoque eram cum Veriniano collega, residui omnes propinqui et familiares.Iamque eum egressum solum de se metuens quisque per longa spatia deducebat. Et quamquam ut bestiarii obiceremur intractabilibus feris, perpendentes tamen hoc bonum habere tristia praecedentia, quod in locis suis secunda substituunt, mirabamur illam sententiam Tullianam ex internis veritatis ipsius promulgatam, quae est talis et quamquam optatissimum est perpetuo fortunam quam florentissimam permanere, illa tamen aequalitas vitae non tantum habet sensum, quantum cum ex miseris et perditis rebus ad meliorem statum fortuna revocatur.","Inter quos ego quoque eram cum Veriniano collega, residui omnes propinqui et familiares.Iamque eum egressum solum de se metuens quisque per longa spatia deducebat.Et quamquam ut bestiarii obiceremur intractabilibus feris, perpendentes tamen hoc bonum habere tristia praecedentia, quod in locis suis secunda substituunt, mirabamur illam sententiam Tullianam ex internis veritatis ipsius promulgatam, quae est talis et quamquam optatissimum est perpetuo fortunam quam florentissimam permanere, illa tamen aequalitas vitae non tantum habet sensum, quantum cum ex miseris et perditis rebus ad meliorem statum fortuna revocatur."
https://www.thelatinlibrary.com/ammianus/15.shtml,154,"Igitur Silvano Agrippinae, ut relatum est, interfecto inaestimabili gaudio re cognita princeps insolentia coalitus et tumore, hoc quoque felicitatis suae prosperis cursibus adsignabat eo more, quo semper oderat fortiter facientes, ut quondam Domitianus, superare tamen quacumque arte contraria cupiebat.Tantumque abfuit laudare industrie gesta, ut etiam quaedam scriberet de Gallicanis intercepta thesauris, quos nemo attigerat. Idque scrutari iusserat artius interrogato Remigio etiam tum rationario apparitionis armorum magistri, cui multo postea Valentiniani temporibus laqueus vitam in causa Tripolitanae legationis eripuit.Post quae ita completa Constantius ut iam caelo contiguus casibusque imperaturus humanis magniloquentia sufflabatur adulatorum, quos augebat ipse spernendo proiciendoque id genus parum callentes ut Croesum legimus ideo regno suo Solonem expulisse praecipitem quia blandiri nesciebat, et Dionysium intentasse poetae Philoxeno mortem cum eum recitantem proprios versus absurdos et inconcinnos laudantibus cunctis solus audiret immobilis.Quae res perniciosa vitiorum est altrix. Ea demum enim laus grata esse potestati debet excelsae, cum interdum et vituperationi secus gestorum pateat locus.","Ea demum enim laus grata esse potestati debet excelsae, cum interdum et vituperationi secus gestorum pateat locus."
https://www.thelatinlibrary.com/ammianus/15.shtml,193,"Iamque per securitatem quaestiones agitabantur ex more et vinculis catenisque plures ut noxii plectebantur. Exurgebat enim effervens laetitia Paulus, tartareus ille delator, ad venenatas artes suas licentius exercendas, et inquirentibus in negotium consistorianis atque militaribus, et praeceptum est, Proculus admovetur eculeo, Silvani domesticus, homo gracilis et morbosus, metuentibus cunctis, ne vi nimia tormentorum levi corpore fatigato reos atrocium criminum promiscue citari faceret multos. Verum contra quam speratum est contigit.Memor enim somnii, quo vetitus erat per quietem, ut ipse firmavit, pulsare quendam insontem, usque ad confinia mortis vexatus nec nominavit nec prodidit aliquem sed adserebat factum Silvani constanter, id eum cogitasse quod iniit non cupiditate sed necessitate conpulsum, argumento evidenti demonstransCausam enim probabilem ponebat in medio multorum testimoniis claram, quod die quinto antequam infulas susciperet principatus, donatum stipendio militem Constanti nomine adlocutus est, fortis esset et fidus. Unde apparebat quod, si praesumere fortunae superioris insignia conaretur, auri tam grave pondus largiretur ut suum.Post hunc damnatorum sorte Poemenius raptus ad supplicium interiit, qui, ut supra rettulimus, cum Treveri civitatem Caesari clausissent Decentio, ad defendendam plebem electus est. Tum Asclepiodotus et Lutto et Maudio Comites interempti sunt aliique plures, haec et similia perplexe temporis obstinatione scrutante.",Iamque per securitatem quaestiones agitabantur ex more et vinculis catenisque plures ut noxii plectebantur.
https://www.thelatinlibrary.com/ammianus/15.shtml,12,Ab Leontio praefecto urbi populi R. seditiones repressae. Liberius episcopus sede pulsus.,Ab Leontio praefecto urbi populi R. seditiones repressae.
https://www.thelatinlibrary.com/ammianus/15.shtml,69,"Et haec quidem Romae, ut ostendit textus superior, agebantur. Constantium vero exagitabant adsidui nuntii deploratas iam Gallias indicantes nullo renitente ad internecionem barbaris vastantibus universa: aestuansque diu, qua vi propulsaret aerumnas ipse in Italia residens ut cupiebat periculosum enim existimabat se in partem contrudere longe dimotam repperit tandem consilium rectum et Iulianum patruelem fratrem haut ita dudum ab Achaico tractu accitum, etiam tum palliatum in societatem imperii adsciscere cogitabat.","Et haec quidem Romae, ut ostendit textus superior, agebantur."
https://www.thelatinlibrary.com/ammianus/15.shtml,128,"Id ubi urgente malorum inpendentium mole confessus est proximis succumbere tot necessitatibus tamque crebris unum se, quod numquam fecerat, aperte demonstrans: illi in adsentationem nimiam eruditi infatuabant hominem, nihil esse ita asperum dictitantes quod praepotens eius virtus fortunaque tam vicina sideribus non superaret ex more. Addebantque noxarum conscientia stimulante conplures deinceps caveri debere Caesaris nomen, replicantes gesta sub Gallo.Quis adnitentibus obstinate opponebat se sola regina, incertum, migrationem ad longinqua pertimescens, an pro nativa prudentia consulens in commune omnibusque memorans anteponi debere propinquum. Post multaque per deliberationes ambiguas actitata stetit fixa sententia abiectisque disputationibus inritis ad imperium placuit Iulianum adsumere.Cum venisset accitus praedicto die, advocato omni quod aderat commilitio, tribunali ad altiorem suggestum erecto, quod aquilae circumdederunt et signa, Augustus insistens eumque manu retinens dextera, haec sermone placido peroravit:","Id ubi urgente malorum inpendentium mole confessus est proximis succumbere tot necessitatibus tamque crebris unum se, quod numquam fecerat, aperte demonstrans: illi in adsentationem nimiam eruditi infatuabant hominem, nihil esse ita asperum dictitantes quod praepotens eius virtus fortunaque tam vicina sideribus non superaret ex more."
https://www.thelatinlibrary.com/ammianus/15.shtml,126,"Adsistimus apud illos, optimi rei publicae defensores, causae communi uno paene omnium spiritu vindicandae, quam acturus tamquam apud aequos iudices succinctius edocebo.Post interitum rebellium tyrannorum, quos ad haec temptanda quae moverunt rabies egit et furor, velut impiis eorum manibus Romano sanguine parentantes persultant barbari Gallias rupta limitum pace, hac animati fiducia, quod nos per disiunctissimas terras arduae necessitates adstringunt.Huic igitur malo ultra adposita iam proserpenti, si dum patitur tempus occurrerit nostri vestrique consulti suffragium, et colla superbarum gentium detumescent et imperii fines erunt intacti. Restat ut rerum spem, quam gero, secundo roboretis effectu.Iulianum hunc fratrem meum patruelem, ut nostis, verecundia, qua nobis ita ut necessitudine carus est, recte spectatum iamque elucentis industriae iuvenem in Caesaris adhibere potestatem exopto, coeptis, si videntur utilia, etiam vestra consensione firmandis.","Restat ut rerum spem, quam gero, secundo roboretis effectu.Iulianum hunc fratrem meum patruelem, ut nostis, verecundia, qua nobis ita ut necessitudine carus est, recte spectatum iamque elucentis industriae iuvenem in Caesaris adhibere potestatem exopto, coeptis, si videntur utilia, etiam vestra consensione firmandis."
https://www.thelatinlibrary.com/ammianus/15.shtml,135,"Recepisti primaevus originis tuae splendidum florem, amantissime mihi omnium frater: aucta gloria mea confiteor qui iustus in deferenda suppari potestate nobilitati mihi propinquae, quam ipsa potestate videor esse sublimis.Adesto igitur laborum periculorumque particeps et tutelam ministerii suscipe Galliarum, omni beneficentia partes levaturus adflictas: et si hostilibus congredi sit necesse, fixo gradu consiste inter signiferos ipsos, audendi in tempore consideratus hortator, pugnantes accendens praeeundo cautissime turbatosque subsidiis fulciens, modeste increpans desides, verissimus testis adfuturus industriis et ignavis.Proinde urgente rei magnitudine perge vir fortis ducturus viros itidem fortes. Aderimus nobis vicissim amoris robusta constantia, militabimus simul, una orbem pacatum, deus modo velit quod oramus, pari moderatione pietateque recturi. Mecum ubique videberis praesens et ego tibi quodcumque acturo non deero. Ad summam i, propera sociis omnium votis, velut adsignatam tibi ab ipsa re publica stationem cura pervigili defensurus.",Mecum ubique videberis praesens et ego tibi quodcumque acturo non deero.
https://www.thelatinlibrary.com/ammianus/15.shtml,289,"Nemo post haec finita reticuit sed militares omnes horrendo fragore scuta genibus inlidentes quod est prosperitatis indicium plenum: nam contra cum hastis clipei feriuntur, irae documentum est et doloris immane quo quantoque gaudio praeter paucos Augusti probavere iudicium Caesaremque admiratione digna suscipiebant imperatorii muricis fulgore flagrantem.Cuius oculos cum venustate terribiles vultumque excitatius gratum diu multumque contuentes, qui futurus sit colligebant velut scrutatis veteribus libris, quorum lectio per corporum signa pandit animorum interna. Eumque ut potiori reverentia servaretur, nec supra modum laudabant nec infra quam decebat, atque ideo censorum voces sunt aestimatae, non militum.Susceptus denique ad consessum vehiculi receptusque in regiam hunc versum ex Homerico carmine susurrabat. ""á¼Î»Î»Î±Î²Îµ ÏÎ¿ÏÏÏÏÎµÎ¿Ï Î¸Î¬Î½Î±ÏÎ¿Ï ÎºÎ±á½¶ Î¼Î¿á¿ÏÎ± ÎºÏÎ±ÏÎ±Î¹Î®."" Haec diem octavum iduum Novembrium gesta sunt cum Arbetionem consulem annus haberet et Lollianum.Deinde diebus paucis Helena virgine Constanti sorore eidem Caesari iugali foedere copulata paratisque universis, quae maturitas proficiscendi poscebat, comitatu parvo suscepto kalendis Decembribus egressus est deductusque ab Augusto ad usque locum duabus columnis insignem, qui Laumellum interiacet et Ticinum, itineribus rectis Taurinos pervenit, ubi nuntio percellitur gravi, qui nuper in comitatum Augusti perlatus de industria silebatur ne parata diffluerent.Indicabat autem Coloniam Agrippinam, ampli nominis urbem in secunda Germania, pertinaci barbarorum obsidione reseratam magnis viribus et deletam.Quo maerore perculsus velut primo adventantium malorum auspicio murmurans querulis vocibus saepe audiebatur: nihil se plus adsecutum quam ut occupatior interiret.Cumque Viennam venisset, ingredientem optatum quidem et impetrabilem honorifice susceptura omnis aetas concurrebat et dignitas proculque visum plebs universa cum vicinitate finitima, imperatorem clementem appellans et faustum, praevia consonis laudibus celebrabat, avidius pompam regiam in principe legitimo cernens: communiumque remedium aerumnarum in eius locabat adventu, salutarem quendam genium adfulsisse conclamatis negotiis arbitrata.Tunc anus quaedam orba luminibus cum percontando quinam esset ingressus, Iulianum Caesarem conperisset, exclamavit hunc deorum templa reparaturum.","Eumque ut potiori reverentia servaretur, nec supra modum laudabant nec infra quam decebat, atque ideo censorum voces sunt aestimatae, non militum.Susceptus denique ad consessum vehiculi receptusque in regiam hunc versum ex Homerico carmine susurrabat."
https://www.thelatinlibrary.com/ammianus/15.shtml,539,"Hanc Galliarum plagam ob suggestus montium arduos et horrore nivali semper obductos orbis residui incolis antehac paene ignotam, nisi qua litoribus est vicina, munimina claudunt undique natura velut arte circumdata.Et a latere quidem australi Tyrreno adluitur et Gallico mari: qua caeleste suspicit plaustrum, a feris gentibus fluentis distinguitur Rheni: ubi occidentali subiecta est sideri, oceano et altitudine Pyrenaei cingitur; unde ad solis ortus adtollitur, aggeribus cedit Alpium Cottiarum: quas rex Cottius, perdomitis Galliis solus in angustiis latens inviaque locorum asperitate confisus, lenito tandem tumore in amicitiam Octaviani receptus principis, molibus magnis exstruxit ad vicem memorabilis muneris, conpendiarias et viantibus oportunas, medias inter alias Alpes vetustas super quibus conperta paulo postea referemus.In his Alpibus Cottiis, quarum initium a Segusione est oppido, praecelsum erigitur iugum, nulli fere sine discrimine penetrabile.Est enim e Galliis venientibus prona humilitate devexum pendentium saxorum altrinsecus visu terribile praesertim verno tempore, cum liquente gelu nivibusque solutis flatu calidiore ventorum per diruptas utrimque angustias et lacunas pruinarum congerie latebrosas descendentes cunctantibus plantis homines et iumenta procidunt et carpenta; idque remedium ad arcendum exitium repertum est solum, quod pleraque vehicula vastis funibus inligata pone cohibente virorum vel boum nisu valido vix gressu reptante paulo tutius devolvuntur. Et haec, ut diximus, anni verno contingunt.Hieme vero humus crustata frigoribus et tamquam levigata ideoque labilis incessum praecipitantem inpellit et patulae valles per spatia plana glacie perfidae vorant non numquam transeuntes. Ob quae locorum callidi eminentes ligneos stilos per cautiora loca defigunt, ut eorum series viatorem ducat innoxium: qui si nivibus operti latuerint, montanisve defluentibus rivis eversi, gnaris agrestibus praeviis difficile pervadunt.A summitate autem huius Italici clivi planities ad usque stationem nomine Martis per septem extenditur milia, et hinc alia celsitudo erectior aegreque superabilis ad Matronae porrigitur verticem, cuius vocabulum casus feminae nobilis dedit. Unde declive quidem iter sed expeditius ad usque castellum Brigantiam patet.Huius sepulcrum reguli, quem itinera struxisse rettulimus, Segusione est moenibus proximum manesque eius ratione gemina religiose coluntur, quod iusto moderamine rexerat suos et adscitus in societatem rei Romanae quietem genti praestitit sempiternam.Et licet haec, quam diximus viam, media sit et conpendiaria magisque celebris, tamen etiam aliae multo antea temporibus sunt constructae diversis.Et primam Thebaeus Hercules ad Geryonem extinguendum, ut relatum est, et Tauriscum lenius gradiens prope maritimas conposuit Alpes, hisque Graiarum indidit nomen; Monoeci similiter arcem et portum ad perennem sui memoriam consecravit. Deinde emensis postea saeculis multis hac ex causa sunt Alpes excogitatae Poeninae.Superioris Africani pater Publius Cornelius Scipio Saguntinis memorabilibus aerumnis et fide, pertinaci destinatione Afrorum obsessis iturus auxilio in Hispaniam traduxit onustam manu valida classem, sed civitate potiore Marte deleta Hannibalem sequi nequiens triduo ante transito Rhodano ad partes Italiae contendentem navigatione veloci intercurso spatio maris haut longo degressurum montibus apud Genuam observabat Liguriae oppidum, ut cum eo, si copiam fors dedisset, viarum asperitate fatigato decerneret in planitie.Consulens tamen rei communi Cn. Scipionem fratrem ire monuit in Hispanias, ut Hasdrubalem exinde similiter erupturum arceret. Quae Hannibal doctus a perfugis, ut erat expeditae mentis et callidae, Taurinis ducentibus accolis per Tricasinos et oram Vocontiorum extremam ad saltus Tricorios venit. Indeque exorsus aliud iter antehac insuperabile fecit: excisaque rupe in inmensum elata, quam cremando vi magna flammarum acetoque infuso in solidam solvit, per Druentiam flumen gurgitibus vagis intutum regiones occupavit Etruscas. Hactenus super Alpibus. Nunc ad restantia veniamus.","Et haec, ut diximus, anni verno contingunt.Hieme vero humus crustata frigoribus et tamquam levigata ideoque labilis incessum praecipitantem inpellit et patulae valles per spatia plana glacie perfidae vorant non numquam transeuntes.Unde declive quidem iter sed expeditius ad usque castellum Brigantiam patet.Huius sepulcrum reguli, quem itinera struxisse rettulimus, Segusione est moenibus proximum manesque eius ratione gemina religiose coluntur, quod iusto moderamine rexerat suos et adscitus in societatem rei Romanae quietem genti praestitit sempiternam.Et licet haec, quam diximus viam, media sit et conpendiaria magisque celebris, tamen etiam aliae multo antea temporibus sunt constructae diversis.Et primam Thebaeus Hercules ad Geryonem extinguendum, ut relatum est, et Tauriscum lenius gradiens prope maritimas conposuit Alpes, hisque Graiarum indidit nomen; Monoeci similiter arcem et portum ad perennem sui memoriam consecravit.Hactenus super Alpibus.Nunc ad restantia veniamus."
https://www.thelatinlibrary.com/ammianus/15.shtml,524,"Temporibus priscis cum laterent hae partes ut barbarae tripertitae fuisse creduntur in Celtas eosdemque Gallos divisae et Aquitanos et Belgas, lingua institutis legibusque discrepantes.Et Gallos quidem, qui Celtae sunt, ab Aquitanis Garumna disterminat flumen, a Pyrenaeis oriens collibus postque oppida multa transcursa in oceano delitescens.A Belgis vera eandem gentem Matrona discindit et Sequana, amnes magnitudinis geminae: qui fluentes per Lugdunensem post circumclausum ambitu insulari Parisiorum castellum, Lutetiam nomine, consociatim meantes protinus prope castra Constantia funduntur in mare.Horum omnium apud veteres Belgae dicebantur esse fortissimi ea propter, quod ab humaniore cultu longe discreti nec adventiciis effeminati deliciis, diu cum transrhenanis certavere Germanis.Aquitani enim, ad quorum litora ut proxima placidaque merces adventiciae convehuntur, moribus ad mollitiem lapsis facile in dicionem venere Romanam.Regebantur autem Galliae omnes iam inde, uti crebritate bellorum urgenti cessere Iulio dictatori, potestate in partes divisa quattuor, quarum Narbonensis una Viennensem intra se continebat et Lugdunensem: altera Aquitanis praeerat universis: superiorem et inferiorem Germaniam Belgasque duae iurisdictiones isdem rexere temporibus.At nunc numerantur provinciae per omnem ambitum Galliarum: secunda Germania, prima ab occidentali exordiens cardine, Agrippina et Tungris munita, civitatibus amplis et copiosis.Dein prima Germania, ubi praeter alia municipia Mogontiacus est et Vangiones et Nemetae et Argentoratus barbaricis cladibus nota.Post has Belgica prima Mediomatricos praetendit et Treviros domicilium principum clarum.Huic adnexa secunda est Belgica, qua Ambiani sunt urbs inter alias eminens et Catelauni et Remi.Apud Sequanos Bisontios videmus et Rauracos aliis potiores oppidis multis. Lugdunensem primam Lugdunum ornat et Cabillona et Senones et Biturigae et moenium Augustuduni magnitudo vetusta.Secundam enim Lugdunensem Rotomagi et Turini Mediolanum ostendunt et Tricasini: Alpes Graiae et Poeninae exceptis obscurioribus . . . Habent et Aventicum, desertam quidem civitatem sed non ignobilem quondam ut aedificia semiruta nunc quoque demonstrant. Haec provinciae urbesque sunt splendidae Galliarum.In Aquitania quae Pyrenaeos montes et eam partem spectat oceani, quae pertinet ad Hispanos, prima provincia est Aquitanica, amplitudine civitatum admodum culta: omissis aliis multis Burdigala et Arverni excellunt et Santones et Pictavi.Novem populos Ausci commendant et Vasatae, in Narbonensi Elusa et Narbona et Tolosa principatum urbium tenent. Viennensis civitatum exsultat decore multarum, quibus potiores sunt Vienna ipsa et Arelate et Valentia: quibus Massilia iungitur, cuius societate et viribus in discriminibus arduis fultam aliquotiens legimus Romam.His prope Salluvii sunt et Nicaea et Antipolis insulaeque Stoechades.Et quoniam ad has partes opere contexto pervenimus, silere super Rhodano maximi nominis flumine incongruum est et absurdum. A Poeninis Alpibus effusiore copia fontium Rhodanus fluens et proclivi impetu ad planiora degrediens proprio agmine ripas occultat et paludi sese ingurgitat nomine Lemanno eamque intermeans nusquam aquis miscetur externis sed altrinsecus summitates undae praeterlabens segnioris quaeritans exitus viam sibi impetu veloci molitur.Unde sine iactura rerum per Sapaudiam fertur et Sequanos longeque progressus Viennensem latere sinistro perstringit, dextro Lugdunensem et emensus spatia flexuosa Ararim, quem Sauconnam appellant, [inter Germaniam primam fluentem] suum in nomen adsciscit, qui locus exordium est Galliarum. Exindeque non millenis passibus sed leugis itinera metiuntur.Hinc Rhodanus aquis advenis locupletior vehit grandissimas naves, ventorum difflatu iactari saepius adsuetas finitisque intervallis, quae ei natura praescripsit, spumeus Gallico mari concorporatur per patulum sinum, quem vocant Ad gradus, ab Arelate octavo decimo ferme lapide disparatum. Sit satis de situ locorum. Nunc figuras et mores hominum designabo.","Habent et Aventicum, desertam quidem civitatem sed non ignobilem quondam ut aedificia semiruta nunc quoque demonstrant.Viennensis civitatum exsultat decore multarum, quibus potiores sunt Vienna ipsa et Arelate et Valentia: quibus Massilia iungitur, cuius societate et viribus in discriminibus arduis fultam aliquotiens legimus Romam.His prope Salluvii sunt et Nicaea et Antipolis insulaeque Stoechades.Et quoniam ad has partes opere contexto pervenimus, silere super Rhodano maximi nominis flumine incongruum est et absurdum.Nunc figuras et mores hominum designabo."
https://www.thelatinlibrary.com/ammianus/15.shtml,179,"Celsioris staturae et candidi paene Galli sunt omnes et rutili luminumque torvitate terribiles, avidi iurgiorum et sublatius insolentes. Nec enim eorum quemquam adhibita uxore rixantem, multo fortiore et glauca, peregrinorum ferre poterit globus, tum maxime cum illa inflata cervice suffrendens ponderansque niveas ulnas et vastas admixtis calcibus emittere coeperit pugnos ut catapultas tortilibus nervis excussas.Metuendae voces conplurium et minaces placatorum iuxta et irascentium, tersi tamen pari diligentia cuncti et mundi, nec in tractibus illis maximeque apud Aquitanos poterit aliquis videri vel femina licet perquam pauper ut alibi frustis squalere pannorum.Ad militandum omnis aetas aptissima et pari pectoris robore senex ad procinctum ducitur et adultus gelu duratis artubus et labore adsiduo multa contempturus et formidanda. Nec eorum aliquando quisquam ut in Italia munus Martium pertimescens pollicem sibi praecidit, quos localiter murcos appellant.Vini avidum genus, adfectans ad vini similitudinem multiplices potus et inter eos humiles quidam obtunsis ebrietate continua sensibus, quam furoris voluntariam speciem esse Catoniana sententia definivit, raptantur discursibus vagis, ut verum illud videatur quod ait defendens Fonteium Tullius Gallos post haec dilutius esse poturos quod illi venenum esse arbitrabantur.","Nec eorum aliquando quisquam ut in Italia munus Martium pertimescens pollicem sibi praecidit, quos localiter murcos appellant.Vini avidum genus, adfectans ad vini similitudinem multiplices potus et inter eos humiles quidam obtunsis ebrietate continua sensibus, quam furoris voluntariam speciem esse Catoniana sententia definivit, raptantur discursibus vagis, ut verum illud videatur quod ait defendens Fonteium Tullius Gallos post haec dilutius esse poturos quod illi venenum esse arbitrabantur."
https://www.thelatinlibrary.com/ammianus/27.shtml,72,"signo itaque per bucinas dato cum pede conlato res agi coepisset, insueta vexillorum splendentium facie territi stetere Germani. quibus hebetatis parumper reparatisque confestim, ad usque diei extimum concertatione protenta validius inminens miles fructum rei bene gestae sine dispendio quaesisset, ni Balchobaudes armaturarum tribunus magniloquentia socordi coalitus, propinquante iam vespera cessisset incondite. quem si secutae residuae cohortes abissent, ad tristes exitus eo usque negotium venerat, ut nec acta nuntiaturus quisquam posset superesse nostrorum.","quem si secutae residuae cohortes abissent, ad tristes exitus eo usque negotium venerat, ut nec acta nuntiaturus quisquam posset superesse nostrorum."
https://www.thelatinlibrary.com/ammianus/27.shtml,33,"praeter haec alia multa narratu minus digna conserta sunt proelia per tractus varios Galliarum, quae superfluvm est explicare, cum neque operae pretium aliquod eorum habuere proventus, nec historiam producere per minutias ignobiles decet.","praeter haec alia multa narratu minus digna conserta sunt proelia per tractus varios Galliarum, quae superfluvm est explicare, cum neque operae pretium aliquod eorum habuere proventus, nec historiam producere per minutias ignobiles decet."
https://www.thelatinlibrary.com/ammianus/27.shtml,43,"Multo tamen antequam hoc contingeret, Symmachus Aproniano successit, inter praecipua nominandus exempla doctrinarum atque modestiae, quo instante urbs sacratissima otio copiisque abundantius solito fruebatur et ambitioso ponte exultat atque firmissimo quem condidit ipse, et magna civium laetitia dedicavit ingratorum, ut res docuit apertissima.","Multo tamen antequam hoc contingeret, Symmachus Aproniano successit, inter praecipua nominandus exempla doctrinarum atque modestiae, quo instante urbs sacratissima otio copiisque abundantius solito fruebatur et ambitioso ponte exultat atque firmissimo quem condidit ipse, et magna civium laetitia dedicavit ingratorum, ut res docuit apertissima."
https://www.thelatinlibrary.com/ammianus/27.shtml,38,"qui consumptis aliquot annis domum eius in transtiberino tractu pulcherrimam incenderunt, ea re perciti quod vilis quidam plebeius finxerat, illum dixisse sine indice ullo vel teste, libenter se vino proprio calcarias extincturum, quam id venditurum pretiis, quibus sperabatur.","qui consumptis aliquot annis domum eius in transtiberino tractu pulcherrimam incenderunt, ea re perciti quod vilis quidam plebeius finxerat, illum dixisse sine indice ullo vel teste, libenter se vino proprio calcarias extincturum, quam id venditurum pretiis, quibus sperabatur."
https://www.thelatinlibrary.com/ammianus/27.shtml,32,"advenit post hunc urbis moderator Lampadius ex praefecto praetorio, homo indignanter admodum sustinens si, etiam cum spueret, non laudaretur, ut id quoque prudenter praeter alios faciens, sed non numquam severus et frugi.","advenit post hunc urbis moderator Lampadius ex praefecto praetorio, homo indignanter admodum sustinens si, etiam cum spueret, non laudaretur, ut id quoque prudenter praeter alios faciens, sed non numquam severus et frugi."
https://www.thelatinlibrary.com/ammianus/27.shtml,47,"vanitatis autem eius exemplum, ne latius evagemur, hoc unum sufficiet poni leve quidem sed cavendum iudicibus. per omnia enim civitatis membra, quae diversorum principum exornarunt inpensae, nomen proprium inscribebat, non ut veterum instaurator sed conditor. quo vitio laborasse Traianus dicitur princeps, unde eum herbam parietinam iocando cognominarunt.","vanitatis autem eius exemplum, ne latius evagemur, hoc unum sufficiet poni leve quidem sed cavendum iudicibus.per omnia enim civitatis membra, quae diversorum principum exornarunt inpensae, nomen proprium inscribebat, non ut veterum instaurator sed conditor.quo vitio laborasse Traianus dicitur princeps, unde eum herbam parietinam iocando cognominarunt."
https://www.thelatinlibrary.com/ammianus/27.shtml,33,"advenit successor eius ex quaesitore palatii Viventius integer et prudens Pannonius, cuius administratio quieta fuit et placida, copia rerum omnium adfluens. sed hunc quoque discordantis populi seditiones terruere cruentae, quae tale negotium excitavere.","advenit successor eius ex quaesitore palatii Viventius integer et prudens Pannonius, cuius administratio quieta fuit et placida, copia rerum omnium adfluens."
https://www.thelatinlibrary.com/ammianus/27.shtml,23,"Erat Thraciarum descriptio facilis, si veteres concinerent stili, quorum obscura varietas quoniam opus veritatem professum non iuvat, sufficiet ea, quae vidisse meminimus, expedire.","Erat Thraciarum descriptio facilis, si veteres concinerent stili, quorum obscura varietas quoniam opus veritatem professum non iuvat, sufficiet ea, quae vidisse meminimus, expedire."
https://www.thelatinlibrary.com/ammianus/27.shtml,40,". advenit post hos imperator Lucullus, qui cum durissima gente Bessorum conflixit omnium primus, eodemque impetu Haemimontanos acriter resistentes oppressit. quo inminente Thraciae omnes in dicionem veterum transiere nostrorum, hocque modo post procinctus ancipites rei publicae sex provinciae sunt quaesitae.","advenit post hos imperator Lucullus, qui cum durissima gente Bessorum conflixit omnium primus, eodemque impetu Haemimontanos acriter resistentes oppressit.quo inminente Thraciae omnes in dicionem veterum transiere nostrorum, hocque modo post procinctus ancipites rei publicae sex provinciae sunt quaesitae."
https://www.thelatinlibrary.com/ammianus/27.shtml,79,"Inter quas prima ex fronte, quae Illyriis est confinis, Thracia speciali nomine appellatur; quam Philippopolis, Eumolpias vetus, et Beroea amplae civitates exornant. post hanc Haemimontus Hadrianopolim habet, quae dicebatur Uscudama, et Anchialon, civitates magnas. dein Mysia, ubi Marcianopolis est a sorore Traiani principis ita cognominata, et Dorostorus et Nicopolis et Odyssus, iuxtaque Scythia, in qua celebriora sunt [aliis] oppida Dionysopolis et Tomi et Calatis. Europa omnium ultima praeter municipia urbibus nitet duabus, Apris et Perintho, quam Heracleam posteritas dixit.","Inter quas prima ex fronte, quae Illyriis est confinis, Thracia speciali nomine appellatur; quam Philippopolis, Eumolpias vetus, et Beroea amplae civitates exornant.Europa omnium ultima praeter municipia urbibus nitet duabus, Apris et Perintho, quam Heracleam posteritas dixit."
https://www.thelatinlibrary.com/ammianus/27.shtml,48,"ne [igitur] aestate omni consumpta sine ullo remearet effectu, Arintheo magistro peditum misso cum praedatoriis globis familiarum rapuit partem, quae antequam ad dirupta venirent et flexuosa capi potuerunt per plana camporum errantes. hocque tantum, quod fors dederat, impetrato redit cum suis innoxius nec inlato gravi vulnere nec accepto.","hocque tantum, quod fors dederat, impetrato redit cum suis innoxius nec inlato gravi vulnere nec accepto."
https://www.thelatinlibrary.com/ammianus/27.shtml,81,"missique vicissim Victor et Arintheus, qui tunc equestrem militiam curabant et pedestrem cum propositis condicionibus adsentiri Gothos docuissent litteris veris, praestituitur conponendae paci conveniens locus. et quoniam adserebat Athanaricus sub timenda exsecratione iuris iurandi se esse obstrictum, mandatisque prohibitum patris ne solum calcaret aliquando Romanorum, et adigi non poterat, indecorumque erat et vile ad eum imperatorem transire; recte noscentibus placuit navibus remigio directis in medium flumen, quae vehebant cum armigeris principem, gentisque iudicem inde cum suis, foederari, ut statutum est, pacem.","et quoniam adserebat Athanaricus sub timenda exsecratione iuris iurandi se esse obstrictum, mandatisque prohibitum patris ne solum calcaret aliquando Romanorum, et adigi non poterat, indecorumque erat et vile ad eum imperatorem transire; recte noscentibus placuit navibus remigio directis in medium flumen, quae vehebant cum armigeris principem, gentisque iudicem inde cum suis, foederari, ut statutum est, pacem."
https://www.thelatinlibrary.com/ammianus/27.shtml,28,"in praefectura enim urbana, quam adhuc administrans extinctus est, tempus anceps metuens tyrannidis, cuius arbitrio tamquam inter dignorum inopiam ad id escenderat culmen, lenis videri cogebatur et mollior.","in praefectura enim urbana, quam adhuc administrans extinctus est, tempus anceps metuens tyrannidis, cuius arbitrio tamquam inter dignorum inopiam ad id escenderat culmen, lenis videri cogebatur et mollior."
https://www.thelatinlibrary.com/ammianus/27.shtml,32,"contra hos nitebantur aliqui studiis altioribus in favorem Severi, magistri tunc peditum, ut apti ad hoc impetrandum, qui licet asper esset et formidatus, tolerabilior tamen fuit et praeferendus modis omnibus ante dicto.","contra hos nitebantur aliqui studiis altioribus in favorem Severi, magistri tunc peditum, ut apti ad hoc impetrandum, qui licet asper esset et formidatus, tolerabilior tamen fuit et praeferendus modis omnibus ante dicto."
https://www.thelatinlibrary.com/ammianus/27.shtml,34,"accipite igitur, quaeso, placidis mentibus, viri fortissimi, desiderium nostrum, id reputantes quod haec, quae fieri caritatis sanciunt iura, non tantum transire voluimus per conscientiam vestram, verum etiam probata firmari ut congrua nobis et profutura.","accipite igitur, quaeso, placidis mentibus, viri fortissimi, desiderium nostrum, id reputantes quod haec, quae fieri caritatis sanciunt iura, non tantum transire voluimus per conscientiam vestram, verum etiam probata firmari ut congrua nobis et profutura."
https://www.thelatinlibrary.com/ammianus/27.shtml,21,". quo viso maiore fiducia Valentinianus exultans corona indumentisque supremae fortunae ornatum filium osculatus, iamque fulgore conspicuum, adloquitur advertentem, quae dicebantur.","quo viso maiore fiducia Valentinianus exultans corona indumentisque supremae fortunae ornatum filium osculatus, iamque fulgore conspicuum, adloquitur advertentem, quae dicebantur."
https://www.thelatinlibrary.com/ammianus/27.shtml,29,"haec pro tempore praecepisse sufficiet, cetera monere non desinam. nunc reliqui vos estis, rerum maximi defensores, quos rogo et obtestor, ut adcrescentem imperatorem fidei vestrae commissum servetis adfectione fundataª.","haec pro tempore praecepisse sufficiet, cetera monere non desinam."
https://www.thelatinlibrary.com/ammianus/27.shtml,42,In hoc tamen negotio Valentinianus morem institutum antiquitus supergressus non Caesares sed Augustos germanum nuncupavit et filium benivole satis. nec enim quisquam antehac adscivit sibi pari potestate collegam praeter principem Marcum qui Verum adoptivum fratrem absque diminutione aliqua maiestatis imperatoriae socium fecit.,nec enim quisquam antehac adscivit sibi pari potestate collegam praeter principem Marcum qui Verum adoptivum fratrem absque diminutione aliqua maiestatis imperatoriae socium fecit.
https://www.thelatinlibrary.com/ammianus/27.shtml,71,"Et quamquam Valentinianus homo propalam ferus inter imperitandi exordia ut asperitatis opinionem molliret, impetus truces retinere non numquam in potestate animi nitebatur, serpens tamen vitium et dilatum, aliquamdiu licentius erupit ad perniciem plurimorum, quod auxit ira acerbius effervescens. hanc enim ulcus esse animi diuturnum interdumque perpetuum prudentes definiunt, nasci ex mentis mollitia consuetum, id adserentes argumento probabili, quod iracundiores sunt incolumibus languidi, et feminae maribus, et iuvenibus senes, et felicibus aerumnosi.","Et quamquam Valentinianus homo propalam ferus inter imperitandi exordia ut asperitatis opinionem molliret, impetus truces retinere non numquam in potestate animi nitebatur, serpens tamen vitium et dilatum, aliquamdiu licentius erupit ad perniciem plurimorum, quod auxit ira acerbius effervescens."
https://www.thelatinlibrary.com/ammianus/27.shtml,79,"Eminuit tamen per id tempus inter alias humilium neces mors Dioclis ex comite largitionum Illyrici, quem ob delicta levia flammis iussit exuri ; et Diodori ex agente in rebus, triumque adparitorum potestatis vicariae per Italiam ob id necatorum atrociter, quod apud eum questus est comes Diodorum quidem adversus se civiliter implorasse iuris auxilium, officiales vero iussu iudicis ausos monere proficiscentem ut responderet ex lege. quorum memoriam apud Mediolanum colentes nunc usque Christiani, locum ubi sepulti sunt Ad Innocentes adpellant.","quorum memoriam apud Mediolanum colentes nunc usque Christiani, locum ubi sepulti sunt Ad Innocentes adpellant."
https://www.thelatinlibrary.com/ammianus/27.shtml,44,"cuius salutarem fiduciam praefectus imitatus Florentius cum in re quadam venia digna audisset, eum percitum ira iussisse itidem ternos per ordines urbium interfici plurimarum ´ecquid ageturª ait ´si oppidum aliquod curiales non haberet tantos? inter reliqua id quoque suspendi debet, ut, cum habuerit, occidanturª.","cuius salutarem fiduciam praefectus imitatus Florentius cum in re quadam venia digna audisset, eum percitum ira iussisse itidem ternos per ordines urbium interfici plurimarum ´ecquid ageturª ait ´si oppidum aliquod curiales non haberet tantos?inter reliqua id quoque suspendi debet, ut, cum habuerit, occidanturª."
https://www.thelatinlibrary.com/ammianus/27.shtml,51,"ad hanc inclementiam illud quoque accedebat dictu dirum et factu quod, siquis eum adisset iudicium potentis inimici declinans, aliumque sibi postulans dari, hoc non inpetrato ad eundem, quem metuebat, licet multa praetenderet iusta, remittebatur. itemque aliud audiebatur horrendum quod, ubi debitorum aliquem egestate obstrictum nihil reddere posse dicebatur, interfici debere pronuntiabat.","ad hanc inclementiam illud quoque accedebat dictu dirum et factu quod, siquis eum adisset iudicium potentis inimici declinans, aliumque sibi postulans dari, hoc non inpetrato ad eundem, quem metuebat, licet multa praetenderet iusta, remittebatur.itemque aliud audiebatur horrendum quod, ubi debitorum aliquem egestate obstrictum nihil reddere posse dicebatur, interfici debere pronuntiabat."
https://www.thelatinlibrary.com/ammianus/27.shtml,39,"Haec autem et similia licenter ideo altiore fastu quidam principes agunt, quod amicis emendandi secus cogitata vel gesta copiam negant, inimicos loqui terrent amplitudine potestatis. nulla vacat quaestio pravitatum apud eos, qui, quod velint fieri, maximas putant esse virtutes.","nulla vacat quaestio pravitatum apud eos, qui, quod velint fieri, maximas putant esse virtutes."
https://www.thelatinlibrary.com/ammianus/27.shtml,37,"Et quoniam, cum Constantis principis actus conponerem, motus adulescentis et senescentis oceani situmque Brittanniae pro captu virium explanavi, ad ea, quae digesta sunt semel, revolvi superfluvm duxi, ut Vlixes Homericus apud Phaeacas ob difficultatem nimiam replicare formidat.","Et quoniam, cum Constantis principis actus conponerem, motus adulescentis et senescentis oceani situmque Brittanniae pro captu virium explanavi, ad ea, quae digesta sunt semel, revolvi superfluvm duxi, ut Vlixes Homericus apud Phaeacas ob difficultatem nimiam replicare formidat."
https://www.thelatinlibrary.com/ammianus/27.shtml,37,"Haec in Brittanniis agebantur. Africam vero iam inde ab exordio Valentiniani imperii exurebat barbarica rabies, per procursus audentiores et crebris caedibus et rapinis intenta quam rem militaris augebat socordia et aliena invadendi cupiditas maximeque Romani nomine comitis.",Haec in Brittanniis agebantur.
https://www.thelatinlibrary.com/ammianus/27.shtml,37,"horum flatus et pondera inventores iuris antiqui mollientes etiam insontes quosdam aliquotiens suppliciis aboleri censuere letalibus. quod saepe contingit, cum ob multitudinis crimina non nulli sortis iniquitate plectuntur innoxii: id enim non numquam ad privatorum pertinuit causas.","quod saepe contingit, cum ob multitudinis crimina non nulli sortis iniquitate plectuntur innoxii: id enim non numquam ad privatorum pertinuit causas."
https://www.thelatinlibrary.com/ammianus/27.shtml,60,"tali successu latrones praetumidos palantesque per varia confidentius, interfectis aliquibus, ad latebrosa montium saxa quae incolunt excitae tandem copiae contruserunt; ubi cum eis nec quiescendi nec inveniendi ad victum utilia copia laxaretur, per indutias pacem sibi tribui poposcerunt, Germanicopolitanis auctoribus, quorum apud eos ut signiferae manus, semper valuere sententiae, obsidibusque datis, ut imperatum est, immobiles diu mansere, nihil audentes hostile.","tali successu latrones praetumidos palantesque per varia confidentius, interfectis aliquibus, ad latebrosa montium saxa quae incolunt excitae tandem copiae contruserunt; ubi cum eis nec quiescendi nec inveniendi ad victum utilia copia laxaretur, per indutias pacem sibi tribui poposcerunt, Germanicopolitanis auctoribus, quorum apud eos ut signiferae manus, semper valuere sententiae, obsidibusque datis, ut imperatum est, immobiles diu mansere, nihil audentes hostile."
https://www.thelatinlibrary.com/ammianus/27.shtml,37,"Haec inter Praetextatus praefecturam urbis sublimius curans, per integritatis multiplices actus et probitatis, quibus ab adulescentiae rudimentis inclaruit, adeptus est id quod raro contingit, ut cum timeretur, amorem non perderet civium, minus firmari solitum erga iudices formidatos.","Haec inter Praetextatus praefecturam urbis sublimius curans, per integritatis multiplices actus et probitatis, quibus ab adulescentiae rudimentis inclaruit, adeptus est id quod raro contingit, ut cum timeretur, amorem non perderet civium, minus firmari solitum erga iudices formidatos."
https://www.thelatinlibrary.com/ammianus/27.shtml,61,"nam[que] et Maeniana sustulit omnia, fabricari Romae priscis quoque vetita legibus, et discrevit ab aedibus sacris privatorum parietes isdem inverecunde conexos, ponderaque per regiones instituit universas, cum aviditati multorum ex libidine trutinas conponentium occurri nequiret. in examinandis vero litibus ante alios id impetravit quod laudando Brutum Tullius refert, ut cum nihil ad gratiam faceret, omnia tamen grata viderentur [esse], quae factitabat.","in examinandis vero litibus ante alios id impetravit quod laudando Brutum Tullius refert, ut cum nihil ad gratiam faceret, omnia tamen grata viderentur [esse], quae factitabat."
https://www.thelatinlibrary.com/ammianus/27.shtml,28,"Sub idem fere tempus Valentiniano ad expeditionem caute, ut rebatur, profecto, Alamannus regalis Rando nomine, diu praestruens quod cogitabat, Mogontiacum praesidiis vacuam cum expeditis ad latrocinandum latenter inrepsit.","Sub idem fere tempus Valentiniano ad expeditionem caute, ut rebatur, profecto, Alamannus regalis Rando nomine, diu praestruens quod cogitabat, Mogontiacum praesidiis vacuam cum expeditis ad latrocinandum latenter inrepsit."
https://www.thelatinlibrary.com/ammianus/27.shtml,40,"atque ut natantium genus elemento suo expulsum haut tam diu spirat in terris, ita ille marcebat absque praefecturis, quas ob iurgia familiarum ingentium capessere cogebatur, numquam innocentium per cupiditates inmensas, utque multa perpetrarent inpune, dominum suum mergentium in rem publicam.","atque ut natantium genus elemento suo expulsum haut tam diu spirat in terris, ita ille marcebat absque praefecturis, quas ob iurgia familiarum ingentium capessere cogebatur, numquam innocentium per cupiditates inmensas, utque multa perpetrarent inpune, dominum suum mergentium in rem publicam."
https://www.thelatinlibrary.com/ammianus/27.shtml,58,"namque fatendum est: numquam illa magnanimitate coalitus clienti vel servo agere quicquam iussit inlicitum, sed si eorum quemquam crimen ullum conpererat admisisse, vel ipsa repugnante iustitia, non explorato negotio sine respectu boni honestique defendebat. quod vitium reprehendens ita pronuntiat Cicero ´ quid enim interest inter suasorem facti et probatorem? aut quid refert utrum voluerim fieri an gaudeam factum?ª.","namque fatendum est: numquam illa magnanimitate coalitus clienti vel servo agere quicquam iussit inlicitum, sed si eorum quemquam crimen ullum conpererat admisisse, vel ipsa repugnante iustitia, non explorato negotio sine respectu boni honestique defendebat.quod vitium reprehendens ita pronuntiat Cicero ´ quid enim interest inter suasorem facti et probatorem?"
https://www.thelatinlibrary.com/ammianus/27.shtml,63,"id autem perspicuum est in eius modi moribus malum, tum maxime cum celari posse existimatur; ita inplacabilis et directus, ut si laedere quemquam instituisset, nec exorari posset nec ad ignoscendum erroribus inclinari, ideoque aures eius non cera sed plumbis videbantur obstructae. in summis divitiarum et dignitatum culminibus anxius et sollicitus, ideoque semper levibus morbis adflictus. hae per occidentales plagas series rerum fuere gestarum.","id autem perspicuum est in eius modi moribus malum, tum maxime cum celari posse existimatur; ita inplacabilis et directus, ut si laedere quemquam instituisset, nec exorari posset nec ad ignoscendum erroribus inclinari, ideoque aures eius non cera sed plumbis videbantur obstructae."
https://www.thelatinlibrary.com/ammianus/27.shtml,61,"haec inopina defectio necesque insperatae Persarum, inter nos et Saporem discordiarum excitavere causas inmanes, illo etiam accedente, quod Arsacis filium Papam suadente matre cum paucis e munimento digressum, susceptumque imperator Valens apud Neocaesaream morari praecepit, urbem Polemoniaci ponti notissimam, liberali victu curandum et cultu. Qua humanitate Cylaces et Artabannes illecti, missis oratoribus ad Valentem, auxilium eundemque Papam sibi regem tribui poposcerunt.","haec inopina defectio necesque insperatae Persarum, inter nos et Saporem discordiarum excitavere causas inmanes, illo etiam accedente, quod Arsacis filium Papam suadente matre cum paucis e munimento digressum, susceptumque imperator Valens apud Neocaesaream morari praecepit, urbem Polemoniaci ponti notissimam, liberali victu curandum et cultu."
https://www.thelatinlibrary.com/ammianus/27.shtml,46,"Inter quae Sapor inmensum quantum astutus et, cum sibi conduceret, humilis aut elatus, societatis futurae specie Papam ut incuriosum sui per latentes nuntios increpabat quod maiestatis regiae velamento Cylaci serviret et Artabanni, quos ille praeceps blanditiarum inlecebris interfecit, capitaque caesorum ad Saporem ut ei morigerus misit.","Inter quae Sapor inmensum quantum astutus et, cum sibi conduceret, humilis aut elatus, societatis futurae specie Papam ut incuriosum sui per latentes nuntios increpabat quod maiestatis regiae velamento Cylaci serviret et Artabanni, quos ille praeceps blanditiarum inlecebris interfecit, capitaque caesorum ad Saporem ut ei morigerus misit."
https://www.thelatinlibrary.com/ammianus/27.shtml,54,"His percitus Sapor, pati se exclamans indigna, quod contra foederum textum iuvarentur Armenii, et evanuit legatio, quam super hoc miserat corrigendo, quodque se non adsentiente nec conscio dividi placuit Hiberiae regnum: velut obseratis amicitiae foribus, vicinarum gentium auxilia conquirebat, suumque parabat exercitum, ut reserata caeli temperie subverteret omnia, quae ex re sua struxere Romani.","His percitus Sapor, pati se exclamans indigna, quod contra foederum textum iuvarentur Armenii, et evanuit legatio, quam super hoc miserat corrigendo, quodque se non adsentiente nec conscio dividi placuit Hiberiae regnum: velut obseratis amicitiae foribus, vicinarum gentium auxilia conquirebat, suumque parabat exercitum, ut reserata caeli temperie subverteret omnia, quae ex re sua struxere Romani."
https://www.thelatinlibrary.com/ammianus/19.shtml,20,"Sapor, dum Amidenses ad deditionem hortatur, a praesidiariis sagittis et tragulis petitur. Idem dum temptat Grumbates rex, filius eius interficitur.","Sapor, dum Amidenses ad deditionem hortatur, a praesidiariis sagittis et tragulis petitur.Idem dum temptat Grumbates rex, filius eius interficitur."
https://www.thelatinlibrary.com/ammianus/19.shtml,225,"Ac priusquam lux occiperet, signo per lituos dato ad fervorem similium proeliorum excitae undique inaestimabiles copiae in modum alitum ferebantur, unde longe ac late prospici poterat campis et convallibus nihil praeter arma micantia ferarum gentium demonstrantibus.Moxque clamore sublato cunctis temere prorumpentibus telorum vis ingens volabat e muris, utque opinari dabatur, nulla frustra mittebantur inter hominum cadentia densitatem. Tot enim nos circumstantibus malis non obtinendae causa salutis, ut dixi, sed fortiter moriendi studio flagrabamus, et a diei principio ad usque lucem obscuram neutrubi proelio inclinato ferocius quam consultius pugnabatur. Exurgebant enim ruentium ferientiumque clamores ut prae alacritate consistere sine vulnere vix quisquam possit.tandemque nox finem caedibus fecit et satias aerumnarum indutias partibus dederat longiores. Ubi enim quiescendi nobis tempus est datum, exiguas quae supererant vires continuus cum insomnia labor absumpsit sanguine et pallente exspirantium facie perterrente, quibus ne suprema quidem humandi solacia tribui sinebant angustiae spatiorum, intra civitatis ambitum non nimium amplae legionibus septem et promiscua advenarum civiumque sexus utriusque plebe et militibus aliis paucis ad usque numerum milium centum viginti cunctis inclusis.Medebatur ergo suis quisque vulneribus pro possibilitate vel curantium copia, cum quidam graviter saucii cruore exhausto spiritus reluctantes efflarent, alii confossi mucronibus prostratique humi animis in ventum solutis proiciebantur extincti, aliquorum foratis undique membris mederi periti vetabant ne offensionibus cassis animae vexarentur adflictae, non nulli vellendis sagittis in ancipiti curatione graviora morte supplicia perferebant.",Exurgebant enim ruentium ferientiumque clamores ut prae alacritate consistere sine vulnere vix quisquam possit.tandemque nox finem caedibus fecit et satias aerumnarum indutias partibus dederat longiores.
https://www.thelatinlibrary.com/ammianus/19.shtml,29,"Ille enim ingenio et usu rerum diuturno firmatus consiliis validis sufficiebat in cuncta quae conabatur, hic natura simplicior, nominis tamen itidem pervulgati. Et haec quidem haut diu postea contigerunt.",Et haec quidem haut diu postea contigerunt.
https://www.thelatinlibrary.com/ammianus/19.shtml,214,"[12]Inter has tamen sollicitudines velut ex recepto quodam antiquitus more ad vicem bellorum civilium inflabant litui quaedam colorata laesae crimina maiestatis, quorum exsecutor et administer saepe dictandus ille notarius missus est Paulus, qui peritus artium cruentarum ut lanista ex commerciis libitinae vel ludi, ipse quoque ex eculeo vel carnifice quaestum fructumque captabat.ut enim erat obstinatum fixumque eius propositum ad laedendum, ita nec furtis abstinuit, innocentibus exitialis causas adfingens dum in calamitosis stipendiis versaretur.Materiam autem in infinitum quaestionibus extendendis dedit occasio vilis et parva. Oppidum est Abydum in Thebaidis parte situm extrema. Hic Besae dei localiter adpellati oraculum quondam futura pandebat, priscis circumiacentium regionum caerimoniis solitum coli.Et quoniam quidam praesentes, pars per alios desideriorum indice missa scriptura supplicationibus expresse conceptis consulta numinum scitabantur, chartulae seu membranae, continentes quae petebantur, post data quoque responsa interdum remanebant in fano.Ex his aliqua ad imperatorem maligne sunt missa, qui, ut erat angusti pectoris, obsurdescens in aliis etiam nimium seriis in hoc titulo ima, quod aiunt, auricula mollior et suspicax et minutus acri felle concaluit: statimque ad orientem ocius ire monuit Paulum potestate delata, ut instar ducis rerum experientia clari ad arbitrium suum audiri efficeret causas.Datumque est negotium Modesto etiam tum per orientem comiti apto ad haec et similia. Hermogenes enim Ponticus ea tempestate praefectus praetorio ut lenioris ingenii spernebatur.",Hermogenes enim Ponticus ea tempestate praefectus praetorio ut lenioris ingenii spernebatur.
https://www.thelatinlibrary.com/ammianus/19.shtml,446,"Perrexit, ut praeceptum est, Paulus funesti furoris et anhelitus plenus dataque calumniae indulgentia plurimi ducebantur ab orbe prope terrarum iuxta nobiles et obscuri, quorum aliquos vinculorum adflixerant nexus, alios claustra poenalia consumpserunt.Et electa est spectatrix suppliciorum feralium civitas in Palaestina Scythopolis, gemina ratione visa magis omnibus oportuna, quod secretior et inter Antiochiam Alexandriamque media, unde multi plerumque ad crimina trahebantur.Ductus est itaque inter primos Simplicius Philippi filius ex praefecto et consule, reus hac gratia postulatus, quod super adipiscendo interrogasse dicebatur imperio, perque elogium principis torqueri praeceptus, qui in his casibus nec peccatum aliquando pi[et]ari dederat nec erratum, fato quodam arcente corpore inmaculato lata fuga damnatus est.Dein Parnasius ex praefecto Aegypti, homo simplicium morum, eo deductus periculi, ut pronuntiaretur capitis reus, itidem pulsus est in exilium, saepe auditus multo antehac rettulisse quod, cum Patras Achaicum oppidum, ubi genitus habuit larem, inpetrandae causa cuiusdam relinqueret potestatis, per quietem deducentia se habitus tragici figmenta viderat multa.Andronicus postea studiis liberalibus et claritudine carminum notus in iudicium introductus, cum secura mente nullis suspicionibus urgeretur, purgando semper et fidentius absolutus est.Demetrius itidem Cythras cognomento philosophus, grandaevus quidem sed corpore durus et animo, sacrificasse aliquotiens confutatus, infitiari non potuit, adserens propitiandi causa numinis haec a prima adulescentia factitasse, non temptandi sublimiora scrutatis; nec enim quemquam id noverat adfectare. Diu itaque adhaerens eculeo cum fiducia gravi fundatus nequaquam varians eadem oraret intrepidus, Alexandriam, unde oriebatur, innoxius abire permissus est.Et hos quidem aliosque paucos aequa sors veritatis adiutrix periculis eximit abruptis. Criminibus vero serpentibus latius per inplicatos nexus sine fine distentos quidam corporibus laniatis extinguebantur, alii poenis ulterioribus damnati sunt bonis ereptis Paulo succentore fabularum crudelium quasi e promptuaria cella fallaciarum et nocendi species suggerente conplures, cuius ex nutu prope dixerim pendebat incedentium omnium salus.Nam siqui remedia quartanae vel doloris alterius collo gestaret, sive per monumentum transisse vesperum malivolorum argueretur indiciis, ut veneficus sepulchrorumque horrores et errantium ibidem animarum ludibria colligens vana pronuntiatus reus capitis interibat.Et prorsus ita res agebatur, quasi Clarum Dodonaeas arbores et effata Delphorum olim sollemnia in imperatoris exitium sollicitaverint multi.Unde blanditiarum taetra commenta palatina cohors exquisite confingens inmunem eum fore malorum communium adserebat, fatum eius vigens semper et praesens in abolendis adversa conantibus eluxisse vocibus magnis exclamans.Et inquisitum in haec negotia fortius nemo, qui quidem recte sapiat, reprehendit. nec enim abnuimus salutem legitimi principis propugnatoris bonorum et defensoris, unde salus quaeritur aliis, consociato studio muniri debere cunctorum; cuius retinendae causa validius ubi maiestas pulsata defenditur, a quaestionibus vel cruentis nullam Corneliae leges exemere fortunam.Sed exultare maestis casibus effrenate non decet, ne videantur licentia regi subiecti, non potestate. Imitandus sit Tullius cum parcere vel laedere potuisset, ut ipse adfirmat, ignoscendi quaerens causas, non puniendi occasiones, quod iudicis lenti et considerati est proprium.","Imitandus sit Tullius cum parcere vel laedere potuisset, ut ipse adfirmat, ignoscendi quaerens causas, non puniendi occasiones, quod iudicis lenti et considerati est proprium."
https://www.thelatinlibrary.com/ammianus/19.shtml,60,"Tunc apud Daphnen amoenum illud et ambitiosum Antiochiae suburbanum visu relatuque horrendum natum est monstrum infans ore gemino cum dentibus binis et barba quattuorque oculis et brevissimis duabus auriculis, qui partus ita distortus praemonebat rem publicam in statum verti deformem.Nascuntur huius modi saepe portenta indicantia rerum variarum eventus, quae quoniam non expiantur ut apud veteres publice, inaudita praetereunt et incognita.","Tunc apud Daphnen amoenum illud et ambitiosum Antiochiae suburbanum visu relatuque horrendum natum est monstrum infans ore gemino cum dentibus binis et barba quattuorque oculis et brevissimis duabus auriculis, qui partus ita distortus praemonebat rem publicam in statum verti deformem.Nascuntur huius modi saepe portenta indicantia rerum variarum eventus, quae quoniam non expiantur ut apud veteres publice, inaudita praetereunt et incognita."
https://www.thelatinlibrary.com/ammianus/14.shtml,239,"Post hoc impie perpetratum quod in aliis quoque iam timebatur, tamquam licentia crudelitati indulta per suspicionum nebulas aestimati quidam noxii damnabantur. Quorum pars necati, alii puniti bonorum multatione actique laribus suis extorres nullo sibi relicto praeter querelas et lacrimas, stipe conlaticia victitabant, et civili iustoque imperio ad voluntatem converso cruentam, claudebantur opulentae domus et clarae.Nec vox accusatoris ulla licet subditicii in his malorum quaerebatur acervis ut saltem specie tenus crimina praescriptis legum committerentur, quod aliquotiens fecere principes saevi: sed quicquid Caesaris implacabilitati sedisset, id velut fas iusque perpensum confestim urgebatur impleri.Excogitatum est super his, ut homines quidam ignoti, vilitate ipsa parum cavendi ad colligendos rumores per Antiochiae latera cuncta destinarentur relaturi quae audirent. Hi peragranter et dissimulanter honoratorum circulis adsistendo pervadendoque divites domus egentium habitu quicquid noscere poterant vel audire latenter intromissi per posticas in regiam nuntiabant, id observantes conspiratione concordi, ut fingerent quaedam et cognita duplicarent in peius, laudes vero supprimerent Caesaris, quas invitis conpluribus formido malorum inpendentium exprimebat.Et interdum acciderat, ut siquid in penetrali secreto nullo citerioris vitae ministro praesente paterfamilias uxori susurrasset in aurem, velut Amphiarao referente aut Marcio, quondam vatibus inclitis, postridie disceret imperator. Ideoque etiam parietes arcanorum soli conscii timebantur.Adolescebat autem obstinatum propositum erga haec et similia multa scrutanda, stimulos admovente regina, quae abrupte mariti fortunas trudebat in exitium praeceps, cum eum potius lenitate feminea ad veritatis humanitatisque viam reducere utilia suadendo deberet, ut in Gordianorum actibus factitasse Maximini truculenti illius imperatoris rettulimus coniugem.","Post hoc impie perpetratum quod in aliis quoque iam timebatur, tamquam licentia crudelitati indulta per suspicionum nebulas aestimati quidam noxii damnabantur."
https://www.thelatinlibrary.com/ammianus/14.shtml,86,"Novo denique perniciosoque exemplo idem Gallus ausus est inire flagitium grave, quod Romae cum ultimo dedecore temptasse aliquando dicitur Gallienus, et adhibitis paucis clam ferro succinctis vesperi per tabernas palabatur et conpita quaeritando Graeco sermone, cuius erat inpendio gnarus, quid de Caesare quisque sentiret. Et haec confidenter agebat in urbe ubi pernoctantium luminum claritudo dierum solet imitari fulgorem. Postremo agnitus saepe iamque, si prodisset, conspicuum se fore contemplans, non nisi luce palam egrediens ad agenda quae putabat seria cernebatur. Et haec quidem medullitus multis gementibus agebantur.",Et haec quidem medullitus multis gementibus agebantur.
https://www.thelatinlibrary.com/ammianus/14.shtml,535,"Metuentes igitur idem latrones Lycaoniam magna parte campestrem cum se inpares nostris fore congressione stataria documentis frequentibus scirent, tramitibus deviis petivere Pamphyliam diu quidem intactam sed timore populationum et caedium, milite per omnia diffuso propinqua, magnis undique praesidiis conmunitam.Raptim igitur properantes ut motus sui rumores celeritate nimia praevenirent, vigore corporum ac levitate confisi per flexuosas semitas ad summitates collium tardius evadebant. Et cum superatis difficultatibus arduis ad supercilia venissent fluvii Melanis alti et verticosi, qui pro muro tuetur accolas circumfusus, augente nocte adulta terrorem quievere paulisper lucem opperientes. Arbitrabantur enim nullo inpediente transgressi inopino adcursu adposita quaeque vastare, sed in cassum labores pertulere gravissimos.Nam sole orto magnitudine angusti gurgitis sed profundi a transitu arcebantur et dum piscatorios quaerunt lenunculos vel innare temere contextis cratibus parant, effusae legiones, quae hiemabant tunc apud Siden, isdem impetu occurrere veloci. Et signis prope ripam locatis ad manus comminus conserendas denseta scutorum conpage semet scientissime praestruebant, ausos quoque aliquos fiducia nandi vel cavatis arborum truncis amnem permeare latenter facillime trucidarunt.Unde temptatis ad discrimen ultimum artibus multum cum nihil impetraretur, pavore vique repellente extrusi et quo tenderent ambigentes venere prope oppidum Laranda.Ibi victu recreati et quiete, postquam abierat timor, vicos opulentos adorti equestrium adventu cohortium, quae casu propinquabant, nec resistere planitie porrecta conati digressi sunt retroque concedentes omne iuventutis robur relictum in sedibus acciverunt.Et quoniam inedia gravi adflictabantur, locum petivere Paleas nomine, vergentem in mare, valido muro firmatum, ubi conduntur nunc usque commeatus distribui militibus omne latus Isauriae defendentibus adsueti. Circumstetere igitur hoc munimentum per triduum et trinoctium et cum neque adclivitas ipsa sine discrimine adiri letali, nec cuniculis quicquam geri posset, nec procederet ullum obsidionale commentum, maesti excedunt postrema vi subigente maiora viribus adgressuri.Proinde concepta rabie saeviore, quam desperatio incendebat et fames, amplificatis viribus ardore incohibili in excidium urbium matris Seleuciae efferebantur, quam comes tuebatur Castricius tresque legiones bellicis sudoribus induratae.Horum adventum praedocti speculationibus fidis rectores militum tessera data sollemni armatos omnes celeri eduxere procursu et agiliter praeterito Calycadni fluminis ponte, cuius undarum magnitudo murorum adluit turres, in speciem locavere pugnandi. Neque tamen exiluit quisquam nec permissus est congredi. Formidabatur enim flagrans vesania manus et superior numero et ruitura sine respectu salutis in ferrum.Viso itaque exercitu procul auditoque liticinum cantu, represso gradu parumper stetere praedones exsertantesque minaces gladios postea lentius incedebant.Quibus occurrere bene pertinax miles explicatis ordinibus parans hastisque feriens scuta qui habitus iram pugnantium concitat et dolorem proximos iam gestu terrebat sed eum in certamen alacriter consurgentem revocavere ductores rati intempestivum anceps subire certamen cum haut longe muri distarent, quorum tutela securitas poterat in solido locari cunctorum.Hac ita persuasione reducti intra moenia bellatores obseratis undique portarum aditibus, propugnaculis insistebant et pinnis, congesta undique saxa telaque habentes in promptu, ut si quis se proripuisset interius, multitudine missilium sterneretur et lapidum.Illud tamen clausos vehementer angebat quod captis navigiis, quae frumenta vehebant per flumen, Isauri quidem alimentorum copiis adfluebant, ipsi vero solitarum rerum cibos iam consumendo inediae propinquantis aerumnas exitialis horrebant.Haec ubi latius fama vulgasset missaeque relationes adsiduae Gallum Caesarem permovissent, quoniam magister equitum longius ea tempestate distinebatur, iussus comes orientis Nebridius contractis undique militaribus copiis ad eximendam periculo civitatem amplam et oportunam studio properabat ingenti, quo cognito abscessere latrones nulla re amplius memorabili gesta, dispersique ut solent avia montium petiere celsorum.",Neque tamen exiluit quisquam nec permissus est congredi.
https://www.thelatinlibrary.com/ammianus/14.shtml,3,Persarum commentum irritum.,Persarum commentum irritum.
https://www.thelatinlibrary.com/ammianus/14.shtml,91,"Eo adducta re per Isauriam, rege Persarum bellis finitimis inligato repellenteque a conlimitiis suis ferocissimas gentes, quae mente quadam versabili hostiliter eum saepe incessunt et in nos arma moventem aliquotiens iuvant, Nohodares quidam nomine e numero optimatum, incursare Mesopotamiam quotiens copia dederit ordinatus, explorabat nostra sollicite, si repperisset usquam locum vi subita perrupturus.Et quia Mesopotamiae tractus omnes crebro inquietari sueti praetenturis et stationibus servabantur agrariis, laevorsum flexo itinere Osdroenae subsederat extimas partes, novum parumque aliquando temptatum commentum adgressus. Quod si impetrasset, fulminis modo cuncta vastarat. Erat autem quod cogitabat huius modi.",Erat autem quod cogitabat huius modi.
https://www.thelatinlibrary.com/ammianus/14.shtml,81,"Accedebant enim eius asperitati, ubi inminuta vel laesa amplitudo imperii dicebatur, et iracundae suspicionum quantitati proximorum cruentae blanditiae exaggerantium incidentia et dolere inpendio simulantium, si principis periclitetur vita, a cuius salute velut filo pendere statum orbis terrarum fictis vocibus exclamabant.Ideoque fertur neminem aliquando ob haec vel similia poenae addictum oblato de more elogio revocari iussisse, quod inexorabiles quoque principes factitarunt. Et exitiale hoc vitium, quod in aliis non numquam intepescit, in illo aetatis progressu effervescebat, obstinatum eius propositum accendente adulatorum cohorte.","Et exitiale hoc vitium, quod in aliis non numquam intepescit, in illo aetatis progressu effervescebat, obstinatum eius propositum accendente adulatorum cohorte."
https://www.thelatinlibrary.com/ammianus/14.shtml,259,"Inter quos Paulus eminebat notarius ortus in Hispania, glabro quidam sub vultu latens, odorandi vias periculorum occultas perquam sagax. Is in Brittanniam missus ut militares quosdam perduceret ausos conspirasse Magnentio, cum reniti non possent, iussa licentius supergressus fluminis modo fortunis conplurium sese repentinus infudit et ferebatur per strages multiplices ac ruinas, vinculis membra ingenuorum adfligens et quosdam obterens manicis, crimina scilicet multa consarcinando a veritate longe discreta. Unde admissum est facinus impium, quod Constanti tempus nota inusserat sempiterna.Martinus agens illas provincias pro praefectis aerumnas innocentium graviter gemens saepeque obsecrans, ut ab omni culpa inmunibus parceretur, cum non inpetraret, minabatur se discessurum: ut saltem id metuens perquisitor malivolus tandem desineret quieti coalitos homines in aperta pericula proiectare.Per hoc minui studium suum existimans Paulus, ut erat in conplicandis negotiis artifex dirus, unde ei Catenae inditum est cognomentum, vicarium ipsum eos quibus praeerat adhuc defensantem ad sortem periculorum communium traxit. Et instabat ut eum quoque cum tribunis et aliis pluribus ad comitatum imperatoris vinctum perduceret: quo percitus ille exitio urgente abrupto ferro eundem adoritur Paulum. Et quia languente dextera, letaliter ferire non potuit, iam districtum mucronem in proprium latus inpegit. Hocque deformi genere mortis excessit e vita iustissimus rector ausus miserabiles casus levare multorum.Quibus ita sceleste patratis Paulus cruore perfusus reversusque ad principis castra multos coopertos paene catenis adduxit in squalorem deiectos atque maestitiam, quorum adventu intendebantur eculei uncosque parabat carnifex et tormenta. Et ex is proscripti sunt plures actique in exilium alii, non nullos gladii consumpsere poenales. Nec enim quisquam facile meminit sub Constantio, ubi susurro tenus haec movebantur, quemquam absolutum.","Et instabat ut eum quoque cum tribunis et aliis pluribus ad comitatum imperatoris vinctum perduceret: quo percitus ille exitio urgente abrupto ferro eundem adoritur Paulum.Nec enim quisquam facile meminit sub Constantio, ubi susurro tenus haec movebantur, quemquam absolutum."
https://www.thelatinlibrary.com/ammianus/14.shtml,133,"Sed laeditur hic coetuum magnificus splendor levitate paucorum incondita, ubi nati sunt non reputantium, sed tamquam indulta licentia vitiis ad errores lapsorum ac lasciviam. Ut enim Simonides lyricus docet, beate perfecta ratione vieturo ante alia patriam esse convenit gloriosam.Ex his quidam aeternitati se commendari posse per statuas aestimantes eas ardenter adfectant quasi plus praemii de figmentis aereis sensu carentibus adepturi, quam ex conscientia honeste recteque factorum, easque auro curant inbracteari, quod Acilio Glabrioni delatum est primo, cum consiliis armisque regem superasset Antiochum. Quam autem sit pulchrum exigua haec spernentem et minima ad ascensus verae gloriae tendere longos et arduos, ut memorat vates Ascraeus, Censorius Cato monstravit. Qui interrogatus quam ob rem inter multos... Statuam non haberet malo inquit ambigere bonos quam ob rem id non meruerim, quam quod est gravius cur inpetraverim mussitare.","Sed laeditur hic coetuum magnificus splendor levitate paucorum incondita, ubi nati sunt non reputantium, sed tamquam indulta licentia vitiis ad errores lapsorum ac lasciviam.Qui interrogatus quam ob rem inter multos... Statuam non haberet malo inquit ambigere bonos quam ob rem id non meruerim, quam quod est gravius cur inpetraverim mussitare."
https://www.thelatinlibrary.com/ammianus/14.shtml,143,"Illud autem non dubitatur quod cum esset aliquando virtutum omnium domicilium Roma, ingenuos advenas plerique nobilium, ut Homerici bacarum suavitate Lotophagi, humanitatis multiformibus officiis retentabant.Nunc vero inanes flatus quorundam vile esse quicquid extra urbis pomerium nascitur aestimant praeter orbos et caelibes, nec credi potest qua obsequiorum diversitate coluntur homines sine liberis Romae.Et quoniam apud eos ut in capite mundi morborum acerbitates celsius dominantur, ad quos vel sedandos omnis professio medendi torpescit, excogitatum est adminiculum sospitale nequi amicum perferentem similia videat, additumque est cautionibus paucis remedium aliud satis validum, ut famulos percontatum missos quem ad modum valeant noti hac aegritudine colligati, non ante recipiant domum quam lavacro purgaverint corpus. Ita etiam alienis oculis visa metuitur labes.Sed tamen haec cum ita tutius observentur, quidam vigore artuum inminuto rogati ad nuptias ubi aurum dextris manibus cavatis offertur, inpigre vel usque Spoletium pergunt. Haec nobilium sunt instituta.","Illud autem non dubitatur quod cum esset aliquando virtutum omnium domicilium Roma, ingenuos advenas plerique nobilium, ut Homerici bacarum suavitate Lotophagi, humanitatis multiformibus officiis retentabant.Nunc vero inanes flatus quorundam vile esse quicquid extra urbis pomerium nascitur aestimant praeter orbos et caelibes, nec credi potest qua obsequiorum diversitate coluntur homines sine liberis Romae.Et quoniam apud eos ut in capite mundi morborum acerbitates celsius dominantur, ad quos vel sedandos omnis professio medendi torpescit, excogitatum est adminiculum sospitale nequi amicum perferentem similia videat, additumque est cautionibus paucis remedium aliud satis validum, ut famulos percontatum missos quem ad modum valeant noti hac aegritudine colligati, non ante recipiant domum quam lavacro purgaverint corpus.Ita etiam alienis oculis visa metuitur labes.Sed tamen haec cum ita tutius observentur, quidam vigore artuum inminuto rogati ad nuptias ubi aurum dextris manibus cavatis offertur, inpigre vel usque Spoletium pergunt.Haec nobilium sunt instituta."
https://www.thelatinlibrary.com/ammianus/14.shtml,92,"Ex turba vero imae sortis et paupertinae in tabernis aliqui pernoctant vinariis, non nulli velariis umbraculorum theatralium latent, quae Campanam imitatus lasciviam Catulus in aedilitate sua suspendit omnium primus; aut pugnaciter aleis certant turpi sono fragosis naribus introrsum reducto spiritu concrepantes; aut quod est studiorum omnium maximum ab ortu lucis ad vesperam sole fatiscunt vel pluviis, per minutias aurigarum equorumque praecipua vel delicta scrutantes.Et est admodum mirum videre plebem innumeram mentibus ardore quodam infuso cum dimicationum curulium eventu pendentem. Haec similiaque memorabile nihil vel serium agi Romae permittunt. Ergo redeundum ad textum.",Haec similiaque memorabile nihil vel serium agi Romae permittunt.Ergo redeundum ad textum.
https://www.thelatinlibrary.com/ammianus/14.shtml,341,"Latius iam disseminata licentia onerosus bonis omnibus Caesar nullum post haec adhibens modum orientis latera cuncta vexabat nec honoratis parcens nec urbium primatibus nec plebeiis.Denique Antiochensis ordinis vertices sub uno elogio iussit occidi ideo efferatus, quod ei celebrari vilitatem intempestivam urgenti, cum inpenderet inopia, gravius rationabili responderunt; et perissent ad unum ni comes orientis tunc Honoratus fixa constantia restitisset.Erat autem diritatis eius hoc quoque indicium nec obscurum nec latens, quod ludicris cruentis delectabatur et in circo sex vel septem aliquotiens vetitis certaminibus pugilum vicissim se concidentium perfusorumque sanguine specie ut lucratus ingentia laetabatur.Accenderat super his incitatum propositum ad nocendum aliqua mulier vilis, quae ad palatium ut poposcerat intromissa insidias ei latenter obtendi prodiderat a militibus obscurissimis. Quam Constantina exultans ut in tuto iam locata mariti salute muneratam vehiculoque inpositam per regiae ianuas emisit in publicum, ut his inlecebris alios quoque ad indicanda proliceret paria vel maiora.Post haec Gallus Hierapolim profecturus ut expeditioni specie tenus adesset, Antiochensi plebi suppliciter obsecranti ut inediae dispelleret metum, quae per multas difficilisque causas adfore iam sperabatur, non ut mos est principibus, quorum diffusa potestas localibus subinde medetur aerumnis, disponi quicquam statuit vel ex provinciis alimenta transferri conterminis, sed consularem Syriae Theophilum prope adstantem ultima metuenti multitudini dedit id adsidue replicando quod invito rectore nullus egere poterit victu.Auxerunt haec vulgi sordidioris audaciam, quod cum ingravesceret penuria commeatuum, famis et furoris inpulsu Eubuli cuiusdam inter suos clari domum ambitiosam ignibus subditis inflammavit rectoremque ut sibi iudicio imperiali addictum calcibus incessens et pugnis conculcans seminecem laniatu miserando discerpsit. Post cuius lacrimosum interitum in unius exitio quisque imaginem periculi sui considerans documento recenti similia formidabat.Eodem tempore Serenianus ex duce, cuius ignavia populatam in Phoenice Celsen ante rettulimus, pulsatae maiestatis imperii reus iure postulatus ac lege, incertum qua potuit suffragatione absolvi, aperte convictus familiarem suum cum pileo, quo caput operiebat, incantato vetitis artibus ad templum misisse fatidicum, quaeritatum expresse an ei firmum portenderetur imperium, ut cupiebat, et cunctum.Duplexque isdem diebus acciderat malum, quod et Theophilum insontem atrox interceperat casus, et Serenianus dignus exsecratione cunctorum, innoxius, modo non reclamante publico vigore, discessit.","Quam Constantina exultans ut in tuto iam locata mariti salute muneratam vehiculoque inpositam per regiae ianuas emisit in publicum, ut his inlecebris alios quoque ad indicanda proliceret paria vel maiora.Post haec Gallus Hierapolim profecturus ut expeditioni specie tenus adesset, Antiochensi plebi suppliciter obsecranti ut inediae dispelleret metum, quae per multas difficilisque causas adfore iam sperabatur, non ut mos est principibus, quorum diffusa potestas localibus subinde medetur aerumnis, disponi quicquam statuit vel ex provinciis alimenta transferri conterminis, sed consularem Syriae Theophilum prope adstantem ultima metuenti multitudini dedit id adsidue replicando quod invito rectore nullus egere poterit victu.Auxerunt haec vulgi sordidioris audaciam, quod cum ingravesceret penuria commeatuum, famis et furoris inpulsu Eubuli cuiusdam inter suos clari domum ambitiosam ignibus subditis inflammavit rectoremque ut sibi iudicio imperiali addictum calcibus incessens et pugnis conculcans seminecem laniatu miserando discerpsit."
https://www.thelatinlibrary.com/ammianus/14.shtml,404,"Haec subinde Constantius audiens et quaedam referente Thalassio doctus, quem eum odisse iam conpererat lege communi, scribens ad Caesarem blandius adiumenta paulatim illi subtraxit, sollicitari se simulans ne, uti est militare otium fere tumultuosum, in eius perniciem conspiraret, solisque scholis iussit esse contentum palatinis et protectorum cum Scutariis et Gentilibus, et mandabat Domitiano, ex comite largitionum, praefecto ut cum in Syriam venerit, Gallum, quem crebro acciverat, ad Italiam properare blande hortaretur et verecunde.Qui cum venisset ob haec festinatis itineribus Antiochiam, praestrictis palatii ianuis, contempto Caesare, quem videri decuerat, ad praetorium cum pompa sollemni perrexit morbosque diu causatus nec regiam introiit nec processit in publicum, sed abditus multa in eius moliebatur exitium addens quaedam relationibus supervacua, quas subinde dimittebat ad principem.Rogatus ad ultimum admissusque in consistorium ambage nulla praegressa inconsiderate et leviter proficiscere inquit ut praeceptum est, Caesar sciens quod si cessaveris, et tuas et palatii tui auferri iubebo prope diem annonas. Hocque solo contumaciter dicto subiratus abscessit nec in conspectum eius postea venit saepius arcessitus.Hinc ille commotus ut iniusta perferens et indigna praefecti custodiam protectoribus mandaverat fidis. Quo conperto Montius tunc quaestor acer quidem sed ad lenitatem propensior, consulens in commune advocatos palatinarum primos scholarum adlocutus est mollius docens nec decere haec fieri nec prodesse addensque vocis obiurgatorio sonu quod si id placeret, post statuas Constantii deiectas super adimenda vita praefecto conveniet securius cogitari.His cognitis Gallus ut serpens adpetitus telo vel saxo iamque spes extremas opperiens et succurrens saluti suae quavis ratione colligi omnes iussit armatos et cum starent attoniti, districta dentium acie stridens adeste inquit viri fortes mihi periclitanti vobiscum.Montius nos tumore inusitato quodam et novo ut rebellis et maiestati recalcitrantes Augustae per haec quae strepit incusat iratus nimirum quod contumacem praefectum, quid rerum ordo postulat ignorare dissimulantem formidine tenus iusserim custodiri.Nihil morati post haec militares avidi saepe turbarum adorti sunt Montium primum, qui divertebat in proximo, levi corpore senem atque morbosum, et hirsutis resticulis cruribus eius innexis divaricaturn sine spiramento ullo ad usque praetorium traxere praefecti.Et eodem impetu Domitianum praecipitem per scalas itidem funibus constrinxerunt, eosque coniunctos per ampla spatia civitatis acri raptavere discursu. Iamque artuum et membrorum divulsa conpage superscandentes corpora mortuorum ad ultimam truncata deformitatem velut exsaturati mox abiecerunt in flumen.Incenderat autem audaces usque ad insaniam homines ad haec, quae nefariis egere conatibus, Luscus quidam curator urbis subito visus: eosque ut heiulans baiolorum praecentor ad expediendum quod orsi sunt incitans vocibus crebris. Qui haut longe postea ideo vivus exustus est.","Iamque artuum et membrorum divulsa conpage superscandentes corpora mortuorum ad ultimam truncata deformitatem velut exsaturati mox abiecerunt in flumen.Incenderat autem audaces usque ad insaniam homines ad haec, quae nefariis egere conatibus, Luscus quidam curator urbis subito visus: eosque ut heiulans baiolorum praecentor ad expediendum quod orsi sunt incitans vocibus crebris.Qui haut longe postea ideo vivus exustus est."
https://www.thelatinlibrary.com/ammianus/14.shtml,43,"Quae dum ita struuntur, indicatum est apud Tyrum indumentum regale textum occulte, incertum quo locante vel cuius usibus apparatum. Ideoque rector provinciae tunc pater Apollinaris eiusdem nominis ut conscius ductus est aliique congregati sunt ex diversis civitatibus multi, qui atrocium criminum ponderibus urgebantur.","Quae dum ita struuntur, indicatum est apud Tyrum indumentum regale textum occulte, incertum quo locante vel cuius usibus apparatum.Ideoque rector provinciae tunc pater Apollinaris eiusdem nominis ut conscius ductus est aliique congregati sunt ex diversis civitatibus multi, qui atrocium criminum ponderibus urgebantur."
https://www.thelatinlibrary.com/ammianus/14.shtml,71,"Huic Arabia est conserta, ex alio latere Nabataeis contigua; opima varietate conmerciorum castrisque oppleta validis et castellis, quae ad repellendos gentium vicinarum excursus sollicitudo pervigil veterum per oportunos saltus erexit et cautos. Haec quoque civitates habet inter oppida quaedam ingentes Bostram et Gerasam atque Philadelphiam murorum firmitate cautissimas. Hanc provinciae inposito nomine rectoreque adtributo obtemperare legibus nostris Traianus conpulit imperator incolarum tumore saepe contunso cum glorioso marte Mediam urgeret et Parthos.",Haec quoque civitates habet inter oppida quaedam ingentes Bostram et Gerasam atque Philadelphiam murorum firmitate cautissimas.
https://www.thelatinlibrary.com/ammianus/14.shtml,127,"Post haec indumentum regale quaerebatur et ministris fucandae purpurae tortis confessisque pectoralem tuniculam sine manicis textam, Maras nomine quidam inductus est ut appellant Christiani diaconus, cuius prolatae litterae scriptae Graeco sermone ad Tyrii textrini praepositum celerari speciem perurgebant quam autem non indicabant denique etiam idem ad usque discrimen vitae vexatus nihil fateri conpulsus est.Quaestione igitur per multiplices dilatata fortunas cum ambigerentur quaedam, non nulla levius actitata constaret, post multorum clades Apollinares ambo pater et filius in exilium acti cum ad locum Crateras nomine pervenissent, villam scilicet suam quae ab Antiochia vicensimo et quarto disiungitur lapide, ut mandatum est, fractis cruribus occiduntur.Post quorum necem nihilo lenius ferociens Gallus ut leo cadaveribus pastus multa huius modi scrutabatur. Quae singula narrare non refert, me professione modum, quod evitandum est, excedamus.","Quae singula narrare non refert, me professione modum, quod evitandum est, excedamus."
https://www.thelatinlibrary.com/ammianus/14.shtml,411,"Haec dum oriens diu perferret, caeli reserato tepore Constantius consulatu suo septies et Caesaris ter egressus Arelate Valentiam petit, in Gundomadum et Vadomarium fratres Alamannorum reges arma moturus, quorum crebris excursibus vastabantur confines limitibus terrae Gallorum.Dumque ibi diu moratur commeatus opperiens, quorum translationem ex Aquitania verni imbres solito crebriores prohibebant auctique torrentes, Herculanus advenit protector domesticus, Hermogenis ex magistro equitum filius, apud Constantinopolim, ut supra rettulimus, populari quondam turbela discerpti. Quo verissime referente quae Gallus egerat, damnis super praeteritis maerens et futurorum timore suspensus angorem animi quam diu potuit emendabat.Miles tamen interea omnis apud Cabillona collectus morarum inpatiens saeviebat hoc inritatior, quod nec subsidia vivendi suppeterent alimentis nondum ex usu translatis.Unde Rufinus ea tempestate praefectus praetorio ad discrimen trusus est ultimum. Ire enim ipse compellebatur ad militem, quem exagitabat inopia simul et feritas, et alioqui coalito more in ordinarias dignitates asperum semper et saevum, ut satisfaceret atque monstraret, quam ob causam annonae convectio sit impedita.Quod opera consulta cogitabatur astute, ut hoc insidiarum genere Galli periret avunculus, ne eum ut praepotens acueret in fiduciam exitiosa coeptantem. Verum navata est opera diligens hocque dilato Eusebius praepositus cubiculi missus est Cabillona aurum secum perferens, quo per turbulentos seditionum concitores occultius distributo et tumor consenuit militum et salus est in tuto locata praefecti. Deinde cibo abunde perlato castra die praedicto sunt mota.Emensis itaque difficultatibus multis et nive obrutis callibus plurimis ubi prope Rauracum ventum est ad supercilia fluminis Rheni, resistente multitudine Alamanna pontem suspendere navium conpage Romani vi nimia vetabantur ritu grandinis undique convolantibus telis, et cum id inpossibile videretur, imperator cogitationibus magnis attonitus, quid capesseret ambigebat.Ecce autem ex inproviso index quidam regionum gnarus advenit et mercede accepta vadosum locum nocte monstravit unde superari potuit flumen: et potuisset aliorsum intentis hostibus exercitus inde transgressus nullo id opinante cuncta vastare, ni pauci ex eadem gente, quibus erat honoratioris militiae cura commissa, populares suos haec per nuntios docuissent occultos, ut quidam existimabant.Infamabat autem haec suspicio Latinum domesticorum comitem et Agilonem tribunum stabuli atque Scudilonem Scutariorum rectorem, qui tunc ut dextris suis gestantes rem publicam colebantur.At barbari suscepto pro instantium rerum ratione consilio, dirimentibus forte auspicibus vel congredi prohibente auctoritate sacrorum, mollito rigore, quo fidentius resistebant, optimates misere delictorum veniam petituros et pacem.Tentis igitur regis utriusque legatis et negotio tectius diu pensato cum pacem oportere tribui, quae iustis condicionibus petebatur, eamque ex re tum fore sententiarum via concinens adprobasset, advocato in contionem exercitu imperator pro tempore pauca dicturus tribunali adsistens circumdatus potestatum coetu celsarum ad hunc disservit modum:","Quo verissime referente quae Gallus egerat, damnis super praeteritis maerens et futurorum timore suspensus angorem animi quam diu potuit emendabat.Miles tamen interea omnis apud Cabillona collectus morarum inpatiens saeviebat hoc inritatior, quod nec subsidia vivendi suppeterent alimentis nondum ex usu translatis.Unde Rufinus ea tempestate praefectus praetorio ad discrimen trusus est ultimum.Ire enim ipse compellebatur ad militem, quem exagitabat inopia simul et feritas, et alioqui coalito more in ordinarias dignitates asperum semper et saevum, ut satisfaceret atque monstraret, quam ob causam annonae convectio sit impedita.Quod opera consulta cogitabatur astute, ut hoc insidiarum genere Galli periret avunculus, ne eum ut praepotens acueret in fiduciam exitiosa coeptantem."
https://www.thelatinlibrary.com/ammianus/14.shtml,253,"Nemo quaeso miretur, si post exsudatos labores itinerum longos congestosque adfatim commeatus fiducia vestri ductante barbaricos pagos adventans velut mutato repente consilio ad placidiora deverti.Pro suo enim loco et animo quisque vestrum reputans id inveniet verum, quod miles ubique, licet membris vigentibus firmus, se solum vitamque propriam circumspicit et defendit, imperator vero officiosus dum metuit omnibus, alienae custos salutis nihil non ad sui spectare tutelam rationes populorum cognoscit et remedia cuncta quae status negotiorum admittit, arripere debet alacriter secunda numinis voluntate delata.Ut in breve igitur conferam et ostendam qua ex causa omnes vos simul adesse volui, commilitones mei fidissimi, accipite aequis auribus quae succinctius explicabo. Veritas enim absoluta semper ac perquam est simplex.Arduos vestrae gloriae gradus, quos fama per plagarum quoque accolas extimarum diffundit, excellenter adcrescens, Alamannorum reges et populi formidantes per oratores quos videtis summissis cervicibus concessionem praeteritorum poscunt et pacem. Quam ut cunctator et cautus utiliumque monitor, si vestra voluntas adest, tribui debere censeo multa contemplans. Primo ut Martis ambigua declinentur, dein ut auxiliatores pro adversariis adsciscamus quod pollicentur tum autem ut incruenti mitigemus ferociae flatus perniciosos saepe provinciis, postremo id reputantes quod non ille hostis vincitur solus, qui cadit in acie pondere armorum oppressus et virium, sed multo tutius etiam tuba tacente sub iugum mittitur voluntarius qui sentit expertus nec fortitudinem in rebellis nec lenitatem in supplices animos abesse Romanis.In summa tamquam arbitros vos quid suadetis opperior ut princeps tranquillus temperanter adhibere modum adlapsa felicitate decernens. Non enim inertiae sed modestiae humanitatique, mihi credite, hoc quod recte consultum est adsignabitur.","Non enim inertiae sed modestiae humanitatique, mihi credite, hoc quod recte consultum est adsignabitur."
https://www.thelatinlibrary.com/ammianus/14.shtml,218,"Restabat ut Caesar post haec properaret accitus et abstergendae causa suspicionis sororem suam, eius uxorem, Constantius ad se tandem desideratam venire multis fictisque blanditiis hortabatur. Quae licet ambigeret metuens saepe cruentum, spe tamen quod eum lenire poterit ut germanum profecta, cum Bithyniam introisset, in statione quae Caenos Gallicanos appellatur, absumpta est vi febrium repentina. Cuius post obitum maritus contemplans cecidisse fiduciam qua se fultum existimabat, anxia cogitatione, quid moliretur haerebat.Inter res enim inpeditas et turbidas ad hoc unum mentem sollicitam dirigebat, quod Constantius cuncta ad suam sententiam conferens nec satisfactionem suscipiet aliquam nec erratis ignoscet, sed, ut erat in propinquitatis perniciem inclinatior, laqueos ei latenter obtendens, si cepisset incautum, morte multaret.Eo necessitatis adductus ultimaque ni vigilasset opperiens, principem locum, si copia patuisset [quam] adfectabat, sed perfidiam proximorum ratione bifaria verebatur, qui eum ut truculentum horrebant et levem, quique altiorem Constantii fortunam in discordiis civilibus formidabant.Inter has curarum moles inmensas imperatoris scripta suscipiebat adsidua monentis orantisque, ut ad se veniret et mente monstrantis obliqua rem publicam nec posse dividi nec debere, sed pro viribus quemque ei ferre suppetias fluctuanti, nimirum Galliarum indicans vastitatem.Quibus subserebat non adeo vetus exemplum quod Diocletiano et eius collegae ut apparitores Caesares non resides, sed ultro citroque discurrentes obtemperabant et in Syria Augusti vehiculum irascentis per spatium mille passuum fere pedes antegressus est Galerius purpuratus.","Restabat ut Caesar post haec properaret accitus et abstergendae causa suspicionis sororem suam, eius uxorem, Constantius ad se tandem desideratam venire multis fictisque blanditiis hortabatur.Quae licet ambigeret metuens saepe cruentum, spe tamen quod eum lenire poterit ut germanum profecta, cum Bithyniam introisset, in statione quae Caenos Gallicanos appellatur, absumpta est vi febrium repentina."
https://www.thelatinlibrary.com/ammianus/14.shtml,430,"Iamque non umbratis fallaciis res agebatur, sed qua palatium est extra muros, armatis omne circumdedit. Ingressusque obscuro iam die, ablatis regiis indumentis Caesarem tunica texit et paludamento communi, eum post haec nihil passurum velut mandato principis iurandi crebritate confirmans et statim inquit exsurge et inopinum carpento privato inpositum ad Histriam duxit prope oppidum Polam, ubi quondam peremptum Constantini filium accepimus Crispum.Et cum ibi servaretur artissime terrore propinquantis exitii iam praesepultus, accurrit Eusebius cubiculi tunc praepositus Pentadiusque notarius et Mallobaudes armaturarum tribunus iussu imperatoris conpulsuri eum singillatim docere, quam ob causam quemque apud Antiochiam necatorum iusserat trucidari.Ad quae Adrasteo pallore perfusus hactenus valuit loqui, quod plerosque incitante coniuge iugulaverit Constantina, ignorans profecto Alexandrum Magnum urgenti matri ut occideret quendam insontem, et dictitanti spe impetrandi postea quae vellet eum se per novem menses utero portasse praegnantem, ita respondisse prudenter aliam, parens optima, posce mercedem; hominis enim salus beneficio nullo pensatur.Quo conperto inrevocabili ira princeps percitus et dolore fiduciam omnem fundandae securitatis in eodem posuit abolendo. Et misso Sereniano, quem in crimen maiestatis vocatum praestigiis quibusdam absolutum esse supra monstravimus, Pentadio quin etiam notario et Apodemio agente in rebus, eum capitali supplicio destinavit, et ita conligatis manibus in modum noxii cuiusdam latronis cervice abscisa ereptaque vultus et capitis dignitate cadaver est relictum informe paulo ante urbibus et provinciis formidatum.Sed vigilavit utrubique superni numinis aequitas. Nam et Gallum actus oppressere crudeles, et non diu postea ambo cruciabili morte absumpti sunt, qui eum licet nocentem blandius palpantes periuriis ad usque plagas perduxere letales. Quorum Scudilo destillatione iecoris pulmones vomitans interiit, Barbatio, qui in eum iam diu falsa conposuerat crimina, cum ex magisterio peditum altius niti quorundam susurris incusaretur, damnatus extincti per fallacias Caesaris manibus inlacrimoso obitu parentavit.Haec et huius modi quaedam innumerabilia ultrix facinorum impiorum bonorumque praemiatrix aliquotiens operatur Adrastia atque utinam semper quam vocabulo duplici etiam Nemesim appellamus: ius quoddam sublime numinis efficacis, humanarum mentium opinione lunari circulo superpositum, vel ut definiunt alii, substantialis tutela generali potentia partilibus praesidens fatis, quam theologi veteres fingentes Iustitiae filiam ex abdita quadam aeternitate tradunt omnia despectare terrena.Haec ut regina causarum et arbitra rerum ac disceptatrix urnam sortium temperat accidentium vices alternans voluntatumque nostrarum exorsa interdum alio, quam quo contendebant, exitu terminans multiplices actus permutando convolvit. Eademque necessitatis insolubili retinaculo mortalitatis vinciens fastus tumentes in cassum et incrementorum detrimentorumque momenta versans, ut novit, nunc erectas mentium cervices opprimit et enervat, nunc bonos ab imo suscitans ad bene vivendum extollit. Pinnas autem ideo illi fabulosa vetustas aptavit, ut adesse velocitate volucri cunctis existimetur, et praetendere gubernaculum dedit eique subdidit rotam, ut universitatem regere per elementa discurrens omnia non ignoretur.","Iamque non umbratis fallaciis res agebatur, sed qua palatium est extra muros, armatis omne circumdedit.Quorum Scudilo destillatione iecoris pulmones vomitans interiit, Barbatio, qui in eum iam diu falsa conposuerat crimina, cum ex magisterio peditum altius niti quorundam susurris incusaretur, damnatus extincti per fallacias Caesaris manibus inlacrimoso obitu parentavit.Haec et huius modi quaedam innumerabilia ultrix facinorum impiorum bonorumque praemiatrix aliquotiens operatur Adrastia atque utinam semper quam vocabulo duplici etiam Nemesim appellamus: ius quoddam sublime numinis efficacis, humanarum mentium opinione lunari circulo superpositum, vel ut definiunt alii, substantialis tutela generali potentia partilibus praesidens fatis, quam theologi veteres fingentes Iustitiae filiam ex abdita quadam aeternitate tradunt omnia despectare terrena.Haec ut regina causarum et arbitra rerum ac disceptatrix urnam sortium temperat accidentium vices alternans voluntatumque nostrarum exorsa interdum alio, quam quo contendebant, exitu terminans multiplices actus permutando convolvit."
https://www.thelatinlibrary.com/ammianus/14.shtml,250,"Hoc inmaturo interitu ipse quoque sui pertaesus excessit e vita aetatis nono anno atque vicensimo cum quadriennio imperasset. Natus apud Tuscos in Massa Veternensi, patre Constantio Constantini fratre imperatoris, matreque Galla sorore Rufini et Cerealis, quos trabeae consulares nobilitarunt et praefecturae.Fuit autem forma conspicuus bona, decente filo corporis membrorumque recta conpage, flavo capillo et molli, barba licet recens emergente lanugine tenera, ita tamen ut maturius auctoritas emineret, tantum a temperatis moribus Iuliani differens fratris, quantum inter Vespasiani filios fuit Domitianum et Titum.Assumptus autem in amplissimum fortunae fastigium versabilis eius motus expertus est, qui ludunt mortalitatem nunc evehentes quosdam in sidera, nunc ad Cocyti profunda mergentes. Cuius rei cum innumera sint exempla, pauca tactu summo transcurram.Haec fortuna mutabilis et inconstans fecit Agathoclem Siculum ex figulo regem et Dionysium gentium quondam terrorem Corinthi litterario ludo praefecit.Haec Adramyttenum Andriscum in fullonio natum ad Pseudophilippi nomen evexit et Persei legitimum filium artem ferrariam ob quaerendum docuit victum.Eadem Mancinum post imperium dedit Numantinis, Samnitum atrocitati Veturium, et Claudium Corsis, substravitque feritati Carthaginis Regulum, istius iniquitate Pompeius post quaesitum Magni ex rerum gestarum amplitudine cognomentum ad spadonum libidinem in Aegypto trucidatur.Et Eunus quidam ergastularius servus eluctavit in Sicilia fugitivos. Quam multi splendido loco nati eadem rerum domina conivente Viriathi genua sunt amplexi vel Spartaci? Quot capita, quae horruere gentes, funesti carnifices absciderunt? Alter in vincula ducitur, alter insperatae praeficitur potestati, alius a summo culmine dignitatis excutitur.Quae omnia si scire quisquam velit quam varia sint et adsidua, harenarum numerum idem iam desipiens et montium pondera scrutari putabit.","Hoc inmaturo interitu ipse quoque sui pertaesus excessit e vita aetatis nono anno atque vicensimo cum quadriennio imperasset.Alter in vincula ducitur, alter insperatae praeficitur potestati, alius a summo culmine dignitatis excutitur.Quae omnia si scire quisquam velit quam varia sint et adsidua, harenarum numerum idem iam desipiens et montium pondera scrutari putabit."
https://www.thelatinlibrary.com/ammianus/28.shtml,41,"ac licet ab hoc textu cruento gestorum exquisite narrando iustus me retraheret metus multa reputantem et varia, tamen praesentis temporis modestia fretus, carptim ut quaeque memoria digna sunt explanabo, nec pigebit, quid ex his, quae apud veteres acciderint, timuerim, docere succincte.","ac licet ab hoc textu cruento gestorum exquisite narrando iustus me retraheret metus multa reputantem et varia, tamen praesentis temporis modestia fretus, carptim ut quaeque memoria digna sunt explanabo, nec pigebit, quid ex his, quae apud veteres acciderint, timuerim, docere succincte."
https://www.thelatinlibrary.com/ammianus/28.shtml,33,"sed ad proposita veniamus.  Maximinus regens quondam Romae vicariam praefecturam, apud Sopianas Valeriae oppidum obscurissime natus est, patre tabulario praesidialis officii, orto a posteritate Carporum, quos antiquis excitos sedibus Diocletianus transtulit in Pannoniam.","sed ad proposita veniamus.Maximinus regens quondam Romae vicariam praefecturam, apud Sopianas Valeriae oppidum obscurissime natus est, patre tabulario praesidialis officii, orto a posteritate Carporum, quos antiquis excitos sedibus Diocletianus transtulit in Pannoniam."
https://www.thelatinlibrary.com/ammianus/28.shtml,30,"verum negotio tepescente propter diuturnam  morborum asperitatem, qua tenebatur Olybrius, morarum inpatientes hi,  qui rem detulerunt, libello petiverunt oblato, ut examinandum iurgium  praefecto mandaretur annonae, idque studio celeritatis concessum est.","verum negotio tepescente propter diuturnam  morborum asperitatem, qua tenebatur Olybrius, morarum inpatientes hi,  qui rem detulerunt, libello petiverunt oblato, ut examinandum iurgium  praefecto mandaretur annonae, idque studio celeritatis concessum est."
https://www.thelatinlibrary.com/ammianus/28.shtml,40,"his ille cognitis efferatus, ut erat vitiorum inimicus acer magis quam severus, uno proloquio in huius modi causas, quas adroganter proposito maiestatis inminutae miscebat, omnes quos iuris prisci iustitia divorumque arbitria quaestionibus exemere cruentis, si postulasset negotium, statuit tormentis adfligi.","his ille cognitis efferatus, ut erat vitiorum inimicus acer magis quam severus, uno proloquio in huius modi causas, quas adroganter proposito maiestatis inminutae miscebat, omnes quos iuris prisci iustitia divorumque arbitria quaestionibus exemere cruentis, si postulasset negotium, statuit tormentis adfligi."
https://www.thelatinlibrary.com/ammianus/28.shtml,69,"et quoniam existimo, forsitan aliquos haec lecturos, exquisite scrutando notare, strepentes id actum esse prius, non illud, aut ea, quae viderint praetermissa: hactenus faciendum est satis quod non omnia narratu sunt digna, quae per squalidas transiere personas, nec si fieri fuisset necesse, instructiones vel ex ipsis tabulariis suppeterent publicis, tot calentibus malis et novo furore sine retinaculis imis summa miscente, cum iustitium esse, quod timebatur, non iudicium aperte constaret","et quoniam existimo, forsitan aliquos haec lecturos, exquisite scrutando notare, strepentes id actum esse prius, non illud, aut ea, quae viderint praetermissa: hactenus faciendum est satis quod non omnia narratu sunt digna, quae per squalidas transiere personas, nec si fieri fuisset necesse, instructiones vel ex ipsis tabulariis suppeterent publicis, tot calentibus malis et novo furore sine retinaculis imis summa miscente, cum iustitium esse, quod timebatur, non iudicium aperte constaret"
https://www.thelatinlibrary.com/ammianus/28.shtml,43,"Eodem tempore etiam Hymetii praeclarae indolis viri negotium est actitatum, cuius hunc novimus esse textum. cum Africam pro consule regeret Carthaginiensibus victus inopia iam lassatis, ex horreis Romano populo destinatis frumentum dedit, pauloque postea cum provenisset segetum copia, integre sine ulla restituit mora.","Eodem tempore etiam Hymetii praeclarae indolis viri negotium est actitatum, cuius hunc novimus esse textum."
https://www.thelatinlibrary.com/ammianus/28.shtml,30,"verum quoniam denis modiis singulis solidis indigentibus venundatis, emerat ipse tricenos, interprehi conpendium ad principis aerarium misit. ideoque Valentinianus per nundinationem suspicatus parum, quam oportuerat, missum, eum bonorum parte multavit.","ideoque Valentinianus per nundinationem suspicatus parum, quam oportuerat, missum, eum bonorum parte multavit."
https://www.thelatinlibrary.com/ammianus/28.shtml,37,"quo infitiante, secretioribus chartis ab eius domo prolatis, commonitorium repertum est manu scriptum Hymetii, petentis ut obsecrata ritu sacrorum sollemnium numina erga se imperatores delenirent, cuius extima parte quaedam invectiva legebantur in principem ut avarum et truculentum.","quo infitiante, secretioribus chartis ab eius domo prolatis, commonitorium repertum est manu scriptum Hymetii, petentis ut obsecrata ritu sacrorum sollemnium numina erga se imperatores delenirent, cuius extima parte quaedam invectiva legebantur in principem ut avarum et truculentum."
https://www.thelatinlibrary.com/ammianus/28.shtml,36,"super hoc princeps consultus senatui negotium dedit. qui cum rem librata iustitia conperisset, eumque ad Boas Delmatiae locum exterminasset, aegre imperatoris iracundiam tulit, perciti vehementer, quod hominem addictum, ut ipse proposuerat, morti, clementiori sententia didicerat plexurm.",super hoc princeps consultus senatui negotium dedit.
https://www.thelatinlibrary.com/ammianus/28.shtml,55,"Ob haec et huius modi multa, quae cernebantur in  paucis, omnibus timeri sunt coepta. et ne tot malis dissimulatis paulatimque serpentibus acervi crescerent aerumnarum, nobilitatis decreto legati mittuntur: Praetextatus ex urbi praefecto et ex vicario  Venustus et ex consulari Minervius oraturi, ne delictis supplicia sint  grandiora, neve senator quisquam inusitato et inlicito more tormentis  exponeretur.","Ob haec et huius modi multa, quae cernebantur in  paucis, omnibus timeri sunt coepta."
https://www.thelatinlibrary.com/ammianus/28.shtml,47,"Super his etiam Tarracius Bassus, postea urbi praefectus et frater eius Camenius et Marcianus quidam et Eusaphius, omnes clarissimi, arcessiti in crimen, quod eiusdem conscii uneficii aurigam fovere dicebantur Auchenium, documentis etiam tum ambiguis suffragante absoluti sunt Victorino, ut dispersus prodidit rumor, qui erat amicus Maximino iunctissimus.","Super his etiam Tarracius Bassus, postea urbi praefectus et frater eius Camenius et Marcianus quidam et Eusaphius, omnes clarissimi, arcessiti in crimen, quod eiusdem conscii uneficii aurigam fovere dicebantur Auchenium, documentis etiam tum ambiguis suffragante absoluti sunt Victorino, ut dispersus prodidit rumor, qui erat amicus Maximino iunctissimus."
https://www.thelatinlibrary.com/ammianus/28.shtml,59,"Nec minus feminae quoque calamitatum participes fuere similium. nam ex hoc quoque sexu peremptae sunt originis altae conplures,  adulteriorum flagitiis obnoxiae vel stuprorum. inter quas notiores fuere  Claritas et Flaviana, quarum altera cum duceretur ad mortem, indumento,  quo vestita erat, abrepto, ne velemen quidem secreto membrorum  sufficiens retinere permissa est. ideoque carnifex nefas admisisse convictus  inmane, vivus exustus est.","nam ex hoc quoque sexu peremptae sunt originis altae conplures,  adulteriorum flagitiis obnoxiae vel stuprorum."
https://www.thelatinlibrary.com/ammianus/28.shtml,65,"Paphius quin etiam et Cornelius senatores, ambo venenorum artibus pravis se polluisse confessi, eodem pronuntiante Maximino sunt interfecti. pari sorte etiam procurator monetae extinctus est. Sericum enim et Asbolium supra dictos, quoniam cum hortaretur passim nominare, quos vellent, adiecta religione firmarat, nullum igni vel ferro se puniri iussurum, plumbi validis ictibus interemit. et post hoe flammis Campensem aruspicem dedit, in negotio eius nullo sacramento constrictus.",pari sorte etiam procurator monetae extinctus est.
https://www.thelatinlibrary.com/ammianus/28.shtml,33,"Oportunum est, ut arbitror, explanare nunc causam, quae ad exitium praecipitem Aginatium inpulit iam inde a priscis maioribus nobilem, ut locuta est pertinacior fama. nec enim super hoc ulla documentorum rata est fides.","Oportunum est, ut arbitror, explanare nunc causam, quae ad exitium praecipitem Aginatium inpulit iam inde a priscis maioribus nobilem, ut locuta est pertinacior fama."
https://www.thelatinlibrary.com/ammianus/28.shtml,27,"anhelans flatu superbo Maximinus, etiam tum praefectus annonae, nanctusque audaciae incitamenta non levia, tendebat ad usque Probi contemptum, viri summatum omnium maximi, iureque praefecturae praetorianae regentis provincias.","anhelans flatu superbo Maximinus, etiam tum praefectus annonae, nanctusque audaciae incitamenta non levia, tendebat ad usque Probi contemptum, viri summatum omnium maximi, iureque praefecturae praetorianae regentis provincias."
https://www.thelatinlibrary.com/ammianus/28.shtml,74,"quae haec metuens, ut Maximini etiam muniretur auxilio, finxit maritum in voluntate, quam condiderat nuper, argenti tria milia pondo eidem reliquisse. qui aviditate nimia flagrans — nec enim hoc quoque vitio caruit — petit hereditatis medietatem. verum etiam hoc ut parum sufficienti nequaquam contentus aliud commentus est, ut arbitrabatur, honestum et tutum, et ne amitteret amplam sibi oblatam lucrandi uberis patrimonii, Victorini privignam Anepsiae filiam petit filio coniugem, idque adsentiente muliere prompte firmatum est.","quae haec metuens, ut Maximini etiam muniretur auxilio, finxit maritum in voluntate, quam condiderat nuper, argenti tria milia pondo eidem reliquisse.verum etiam hoc ut parum sufficienti nequaquam contentus aliud commentus est, ut arbitrabatur, honestum et tutum, et ne amitteret amplam sibi oblatam lucrandi uberis patrimonii, Victorini privignam Anepsiae filiam petit filio coniugem, idque adsentiente muliere prompte firmatum est."
https://www.thelatinlibrary.com/ammianus/28.shtml,33,"quae verba effectui propere iuncta terruissent profecto Numae Pompilii similis et Catonem. prorsus enim sic agebatur, ut nec in alienis malis quorumdam exarescerent lacrimae: quod in variis et confragosis actibus vitae plerumque contingit.","prorsus enim sic agebatur, ut nec in alienis malis quorumdam exarescerent lacrimae: quod in variis et confragosis actibus vitae plerumque contingit."
https://www.thelatinlibrary.com/ammianus/28.shtml,49,"a iure tamen iustitiaque crebro discedens ferreus cognitor, erat uno quasi praecipuo tolerabilis. interdum enim exoratus parcebat aliquibus, quod prope vitium esse in hoc loco legitur apud Tullium ""nam si inplacabiles iracundiae sunt, summa est acerbitas: sin autem exorabiles, summa levitas: quae tamen, ut in malis, acerbitati anteponenda est"".","interdum enim exoratus parcebat aliquibus, quod prope vitium esse in hoc loco legitur apud Tullium ""nam si inplacabiles iracundiae sunt, summa est acerbitas: sin autem exorabiles, summa levitas: quae tamen, ut in malis, acerbitati anteponenda est""."
https://www.thelatinlibrary.com/ammianus/28.shtml,23,"Post haec praegresso Leone acceptoque successore ad principis comitatum Maximinus accitus, auctusque praefectura praetoriana, nillilo lenior fuit etiam longius nocens ut basilisci serpentes.","Post haec praegresso Leone acceptoque successore ad principis comitatum Maximinus accitus, auctusque praefectura praetoriana, nillilo lenior fuit etiam longius nocens ut basilisci serpentes."
https://www.thelatinlibrary.com/ammianus/28.shtml,39,"Et quamlibet tempestivum est ad ordinem redire coeptorum, tamen nihil impedituri temporum cursus inmorabimur paucis, quae per iniquitatem curantium vicariam praefecturam in urbe contra quam oportuerat gesta sunt, quia ad nutum Maximini et voluntatem isdem ministris velut apparitoribus gerebantur.","Et quamlibet tempestivum est ad ordinem redire coeptorum, tamen nihil impedituri temporum cursus inmorabimur paucis, quae per iniquitatem curantium vicariam praefecturam in urbe contra quam oportuerat gesta sunt, quia ad nutum Maximini et voluntatem isdem ministris velut apparitoribus gerebantur."
https://www.thelatinlibrary.com/ammianus/28.shtml,45,"sed Fausiana damnata inter reos recepti, vocatique edictis, semet abstrusius amendarunt: quorum Abienus apud Anepsiam diu delitescebat. sed ut solent insperati casus adgravare miserabilis clades, Apaudulus nomine servus Anepsiae, verberatae coniugis dolore perculsus, negotium ad Simplicium detulit nocte progressus, missique apparitores indicatos e latebris abstraxerunt.","sed Fausiana damnata inter reos recepti, vocatique edictis, semet abstrusius amendarunt: quorum Abienus apud Anepsiam diu delitescebat."
https://www.thelatinlibrary.com/ammianus/28.shtml,34,"et Abienus quidem exaggerato crimine stupri, quod intulisse dicebatur Anepsiae, morte multatus est. mulier vero ut continendae vitae spem firmam dilato posset habere supplicio, adpetitam se nefariis artibus, vim in domo Aginati perpessam adseveravit.","et Abienus quidem exaggerato crimine stupri, quod intulisse dicebatur Anepsiae, morte multatus est."
https://www.thelatinlibrary.com/ammianus/28.shtml,67,"festinavit, ut mandatum est, Doryphorianus magnis itineribus Romam, et inter administrandi initia magna quaeritabat industria, qua vi senatorem perspicui generis interficeret iuvantibus nullis. cognitoque eum iam pridem repertum in villa propria custodiri, ipse tamquam caput sontium pariterque Anepsiam horrore medio tenebrarum audire disposuit, quo tempore hebetari solent obstrictae terroribus mentes: ut inter innumera multa Aiax quoque Homericus docet optans perire potius luce, quam pati formidinis augmenta nocturnae.","cognitoque eum iam pridem repertum in villa propria custodiri, ipse tamquam caput sontium pariterque Anepsiam horrore medio tenebrarum audire disposuit, quo tempore hebetari solent obstrictae terroribus mentes: ut inter innumera multa Aiax quoque Homericus docet optans perire potius luce, quam pati formidinis augmenta nocturnae."
https://www.thelatinlibrary.com/ammianus/28.shtml,50,"denique cum iam contigua morti tormenta ancillae voces expressissent obliquas, indicii fide parum plene discussa, Aginatius ad supplicium duci pronuntiatus abrupte, nec auditus, cum magnis clamoribus appellaret nomina principum, sublimis raptus occiditur, pari sententia Anepsia interfecta. haec agitante, cum adesset, perque emissarios cum procul ageret, Maximino funera urbs deploravit aeterna.","haec agitante, cum adesset, perque emissarios cum procul ageret, Maximino funera urbs deploravit aeterna."
https://www.thelatinlibrary.com/ammianus/28.shtml,61,"Sed accelerarunt ultimae dirae caesorum. namque ut postea tempestive dicetur, et idem Maximinus sub Gratiano intoleranter se efferens damnatorio iugulatus est ferro, et Simplicius in Illyrico trucidatus, et Doryphorianum pronuntiatum capitis reum trusumque in carcerem Tullianum, matris consilio princeps exinde rapuit, reversumque ad lares per cruciatus oppressit inmensos.  Ut unde huc fleximus revertamur, is urbanarum rerum status, ut ita dixerim, fuit.","Sed accelerarunt ultimae dirae caesorum.Ut unde huc fleximus revertamur, is urbanarum rerum status, ut ita dixerim, fuit."
https://www.thelatinlibrary.com/ammianus/28.shtml,56,"verum haec et similia loquentes in cassum, cum nec audirentur, nec quietum aliquid vel mite referri sentirent, filiorum flentes exitium discesserunt, isdemque digressis, ex abdito collis propinqui barbaricus prosiluit, globus optimatibus tum danda responsa, ut intellegi dabatur, opperiens: adortusque milites seminudos, humum etiam tum gestantes, expeditis agiliter gladiis obtruncabant, inter quos etiam duces ambo sunt caesi.","verum haec et similia loquentes in cassum, cum nec audirentur, nec quietum aliquid vel mite referri sentirent, filiorum flentes exitium discesserunt, isdemque digressis, ex abdito collis propinqui barbaricus prosiluit, globus optimatibus tum danda responsa, ut intellegi dabatur, opperiens: adortusque milites seminudos, humum etiam tum gestantes, expeditis agiliter gladiis obtruncabant, inter quos etiam duces ambo sunt caesi."
https://www.thelatinlibrary.com/ammianus/28.shtml,64,"nec quisquam adventum eorum cavere poterat inopinum, non destinata sed varia petentium et longinqua, et quoquo  ventus duxerat, inrumpentium: quam ob causam prae ceteris hostibus  Saxones timentur ut repentini. et quamlibet coniurati multorum opes  attriverint, oestroque concepti furosis exagitati caedes edidere luctificas,  sanguinis nihilo minus avidi quam praedarum, sed ne per minutias gesta  narrando ............operis inpediam cursum, id unum sufficiet eorum exitiale poni commentum.","nec quisquam adventum eorum cavere poterat inopinum, non destinata sed varia petentium et longinqua, et quoquo  ventus duxerat, inrumpentium: quam ob causam prae ceteris hostibus  Saxones timentur ut repentini."
https://www.thelatinlibrary.com/ammianus/28.shtml,46,"verum cum exuviis referti multorum, rapiendi dulcedine nihil praetermitterent, intercepti imperiali  motu, oppressi interiere omnes ad unum, eorumque suboles parva etiam  tum, ne ad parentum exempla subcresceret, pari sorte deleta est, et lares  versi, quos ambitiose luctuosis aliorum dispendiis construxerunt. et haec  quidem textu processere narrato.","verum cum exuviis referti multorum, rapiendi dulcedine nihil praetermitterent, intercepti imperiali  motu, oppressi interiere omnes ad unum, eorumque suboles parva etiam  tum, ne ad parentum exempla subcresceret, pari sorte deleta est, et lares  versi, quos ambitiose luctuosis aliorum dispendiis construxerunt."
https://www.thelatinlibrary.com/ammianus/28.shtml,18,"Evenerat autem eodem haec agente facinus dirum, erupturum in periculum grave, ni inter ipsa conatus principia fuisset extinctum.","Evenerat autem eodem haec agente facinus dirum, erupturum in periculum grave, ni inter ipsa conatus principia fuisset extinctum."
https://www.thelatinlibrary.com/ammianus/28.shtml,58,"Post hunc urbem rexit Ampelius, cupidus ipse quoque voluptatum, Antiochiae genitus, ex magistro officiorum ad proconsulatum geminum,  indeque multo postea ad praefecturae culmen evectus, alias ad populi  favorem adipiscendum aptissimus, non numquam tamen rigidus atque  utinam in proposito perseverans. correxisset enim ex parte licet exigua  inritamenta gulae et ganeas taetras, ni flexus in molliora amisisset  gloriam diu victuram.","Post hunc urbem rexit Ampelius, cupidus ipse quoque voluptatum, Antiochiae genitus, ex magistro officiorum ad proconsulatum geminum,  indeque multo postea ad praefecturae culmen evectus, alias ad populi  favorem adipiscendum aptissimus, non numquam tamen rigidus atque  utinam in proposito perseverans."
https://www.thelatinlibrary.com/ammianus/28.shtml,25,"non nullos fulgentes sericis indumentis, ut ducendos ad  mortem, vel ut sine diritate ominis loquamur, praegresso exercitu arma  cogentes, manipulatim concitato fragore sequitur multitudo servorum.","non nullos fulgentes sericis indumentis, ut ducendos ad  mortem, vel ut sine diritate ominis loquamur, praegresso exercitu arma  cogentes, manipulatim concitato fragore sequitur multitudo servorum."
https://www.thelatinlibrary.com/ammianus/28.shtml,73,"tales ubi comitantibus singulos quinquaginta ministris tholos introierint  balnearum, ""ubi sunt nostri?"" minaciter clamant: si  apparuisse subito  ignotam conpererint meretricem, aut oppidanae quondam prostibulum  plebis, vel meritorii corporis veterem lupam, certatim concurrunt,  palpantesque advenam deformitate magna blanditiarum ita extollunt, ut  Samiramim Parthi vel Cleopatras Aegyptus aut Artemisiam Cares vel  Zenobiam Palmyreni. et haec admittunt hi, quorum apud maiores censoria  nota senator adflictus est, ausus, dum adhuc non deceret praesente  communi filia, coniugem osculari.","et haec admittunt hi, quorum apud maiores censoria  nota senator adflictus est, ausus, dum adhuc non deceret praesente  communi filia, coniugem osculari."
https://www.thelatinlibrary.com/ammianus/28.shtml,52,"Ex his quidam cum salutari pectoribus oppositis coeperunt, osculanda capita in modum taurorum minacium obliquantes, adulatoribus  offerunt genua suavianda vel manus, id illis sufficere ad beate vivendum  existimantes, et abundare omni cultu humanitatis peregrinum [putantes],  cuius forte etiam gratia sunt obligati, interrogatum, quibus thermis utatur  aut aquis, aut ad quam successerit domum.","Ex his quidam cum salutari pectoribus oppositis coeperunt, osculanda capita in modum taurorum minacium obliquantes, adulatoribus  offerunt genua suavianda vel manus, id illis sufficere ad beate vivendum  existimantes, et abundare omni cultu humanitatis peregrinum [putantes],  cuius forte etiam gratia sunt obligati, interrogatum, quibus thermis utatur  aut aquis, aut ad quam successerit domum."
https://www.thelatinlibrary.com/ammianus/28.shtml,48,"poscuntur etiam in conviviis  aliquotiens trutinae, ut adpositi pisces et volucres ponderentur et glires,  quorum magnitudo saepius praedicata non sine taedio praesentium, ut  antehac inusitata laudatur adsidue, maxime cum haec eadem numerantes  notarii triginta prope adsistant cum thecis et pugillaribus tabulis, ut deesse  solus magister ludi litterarii videretur.","poscuntur etiam in conviviis  aliquotiens trutinae, ut adpositi pisces et volucres ponderentur et glires,  quorum magnitudo saepius praedicata non sine taedio praesentium, ut  antehac inusitata laudatur adsidue, maxime cum haec eadem numerantes  notarii triginta prope adsistant cum thecis et pugillaribus tabulis, ut deesse  solus magister ludi litterarii videretur."
https://www.thelatinlibrary.com/ammianus/28.shtml,37,"Civilitatis autem hoc apud eos est nunc summum, quod expedit peregrino fratrem interficere cuiuslibet, quam cum rogatur ad  convivium excusare: defectum enim patrimonii se oppido perpeti senator  existimat, si is defuerit, quem aliquotiens libratis sententiis invitaverit  semel.","Civilitatis autem hoc apud eos est nunc summum, quod expedit peregrino fratrem interficere cuiuslibet, quam cum rogatur ad  convivium excusare: defectum enim patrimonii se oppido perpeti senator  existimat, si is defuerit, quem aliquotiens libratis sententiis invitaverit  semel."
https://www.thelatinlibrary.com/ammianus/28.shtml,57,"Quidam ex his licet rari aleatorum vocabulum declinantes ideoque se cupientes appellari tesserarios: inter quos tantum differt, quantum  inter fures et latrones. hoc tamen fatendum est quod, cum omnes  amicitiae Romae tepescant, aleariae solae, quasi gloriosis quaesitae  sudoribus, sociales sunt et adfectu nimio firmitate plena conexae : unde  quidam ex his gregibus inveniuntur ita concordes ut Quintilios","hoc tamen fatendum est quod, cum omnes  amicitiae Romae tepescant, aleariae solae, quasi gloriosis quaesitae  sudoribus, sociales sunt et adfectu nimio firmitate plena conexae : unde  quidam ex his gregibus inveniuntur ita concordes ut Quintilios"
https://www.thelatinlibrary.com/ammianus/28.shtml,37,"esse  existimes fratres.  ideoque videre licet ignobilem artis tesserariae callentem arcana, ut Catonem Porcium  ob repulsam praeturae nec suspectam antea nec  speratam, incedere gravitate conposita maestiorem, quod ei in maiore  convivio vel consessu proconsularis quidam est antelatus.",esse  existimes fratres.
https://www.thelatinlibrary.com/ammianus/28.shtml,41,"Alius si creditorem suum flagitare molestius adverterit debitum, ad aurigam confugit audentem omnia praelicenter, eumque ut veneficum  curat urgeri: unde non nisi reddita cautione dispendioque adflictus gravi  discedit. et additur huic, debitorem voluntarium includit ut proprium, nec  ante eius professionem absolvit.","Alius si creditorem suum flagitare molestius adverterit debitum, ad aurigam confugit audentem omnia praelicenter, eumque ut veneficum  curat urgeri: unde non nisi reddita cautione dispendioque adflictus gravi  discedit.et additur huic, debitorem voluntarium includit ut proprium, nec  ante eius professionem absolvit."
https://www.thelatinlibrary.com/ammianus/28.shtml,36,"Nunc ad otiosam plebem veniamus et desidem. in qua nitent ut nominibus cultis et quidam calceorum expertes, Cimessores Statarii  Semicupae et Serapini et Cicimbricus cum Gluturino et Trulla, et  Lucanicus cum Pordaca et Salsula similesque innumeri.",Nunc ad otiosam plebem veniamus et desidem.
https://www.thelatinlibrary.com/ammianus/28.shtml,28,"quibus omni iam formidine vacuis, reditumque  parantibus, occulte pedites missi insidias in abdita quadam valle struxerunt,  unde praetereuntes adgredi negotio poterant levi.  sed longe secus accidit quam sperabatur.",sed longe secus accidit quam sperabatur.
https://www.thelatinlibrary.com/ammianus/28.shtml,30,"scribebatque  frequenter ad eorum reges per taciturnos quosdam et fidos, ut isdem  tempore praestituto supervenirent, pollicitus ipse quoque transito cum  Romanis agminibus Rheno occurrere pavidis, pondus armorum vitantibus insperatum .","scribebatque  frequenter ad eorum reges per taciturnos quosdam et fidos, ut isdem  tempore praestituto supervenirent, pollicitus ipse quoque transito cum  Romanis agminibus Rheno occurrere pavidis, pondus armorum vitantibus insperatum ."
https://www.thelatinlibrary.com/ammianus/28.shtml,54,". Gratanter ratione gemina principis acceptae sunt litterae: prima quod iam inde a temporibus priscis subolem se esse Romanam Burgundii  sciunt, dein quod salinarum finiumque causa Alamannis saepe iurgabant. et  catervas misere lectissimas, quae, antequam milites congregarentur in  unum, ad usque ripas Rheni progressae, imperatore ad struenda munimenta  districto, terrori nostris fuere vel maximo.","Gratanter ratione gemina principis acceptae sunt litterae: prima quod iam inde a temporibus priscis subolem se esse Romanam Burgundii  sciunt, dein quod salinarum finiumque causa Alamannis saepe iurgabant."
https://www.thelatinlibrary.com/ammianus/28.shtml,49,"Apud hos generali nomine rex appellatur Hendinos, et ritu veteri potestate deposita removetur, si sub eo fortuna titubaverit belli vel  segetum copiam negaverit terra, ut solent Aegyptii casus eius modi suis adsignare rectoribus. nam sacerdos apud Burgundios omnium maximus  vocatur Sinistus, et est perpetuus, obnoxius discriminibus nullis, ut reges.","nam sacerdos apud Burgundios omnium maximus  vocatur Sinistus, et est perpetuus, obnoxius discriminibus nullis, ut reges."
https://www.thelatinlibrary.com/ammianus/28.shtml,27,"Hinc tamquam in orbem migrantes alium, ad Tripoleos Africanae provinciae veniamus aerumnas, quas, ut arbitror, Iustitia quoque ipsa  deflevit, quae unde instar exarsere flammarum, textus aperiet absolutus.","Hinc tamquam in orbem migrantes alium, ad Tripoleos Africanae provinciae veniamus aerumnas, quas, ut arbitror, Iustitia quoque ipsa  deflevit, quae unde instar exarsere flammarum, textus aperiet absolutus."
https://www.thelatinlibrary.com/ammianus/28.shtml,36,"Stachao  quidam nomine popularis eorum, ut in otio nostra peragrando licentius,  agebat quaedam vetita legibus, inter quae illud potius eminebat, quod  provinciam omni fallaciarum via prodere conabatur, ut indicia docuere  verissima: quocirca supplicio flammarum absumptus est.","Stachao  quidam nomine popularis eorum, ut in otio nostra peragrando licentius,  agebat quaedam vetita legibus, inter quae illud potius eminebat, quod  provinciam omni fallaciarum via prodere conabatur, ut indicia docuere  verissima: quocirca supplicio flammarum absumptus est."
https://www.thelatinlibrary.com/ammianus/28.shtml,46,"venerunt in comitatum legati,  aditoque principe, verbis, quae perpessi sunt, ostenderunt:  obtulerunt decreta, textum continentia rei totius. quibus lectis  cum neque relationi officiorum magistri faventis Romani flagitiis,  nec contraria referentibus crederetur, promissa disceptatio plena  dilata est eo more, quo solent inter potiorum occupationes ludi  potestates excelsae.","quibus lectis  cum neque relationi officiorum magistri faventis Romani flagitiis,  nec contraria referentibus crederetur, promissa disceptatio plena  dilata est eo more, quo solent inter potiorum occupationes ludi  potestates excelsae."
https://www.thelatinlibrary.com/ammianus/28.shtml,23,"haec autem eruptio ideo arceri  non potuit, quod ad legatorum preces negotiorum quoque militarium cura praesidi delata Ruricio, mox translata est ad Romanum.","haec autem eruptio ideo arceri  non potuit, quod ad legatorum preces negotiorum quoque militarium cura praesidi delata Ruricio, mox translata est ad Romanum."
https://www.thelatinlibrary.com/ammianus/28.shtml,45,"quibus aperte cuncta monstrantibus, luctuosis provinciae  cineribus visis revertit, Romanumque ut desidem increpans, relaturum se  cuncta verissime, quae viderat, minabatur ad principem. atque ille ira  percitus et dolore, se quoque mox referre firmavit, quod missus ut notarius  incorruptus, donativum militis omne in quaestus averterit proprios.","atque ille ira  percitus et dolore, se quoque mox referre firmavit, quod missus ut notarius  incorruptus, donativum militis omne in quaestus averterit proprios."
https://www.thelatinlibrary.com/ammianus/28.shtml,64,"qua  gratia flagitiorum arbitra conscientia, cum Romano deinde Palladius  concordabat, reversusque ad comitatum, arte mendaciorum impia  Valentinianum fefellerat, Tripolitanos frustra queri commemorans.  ideoque rursus ad Africam cum Iovino postremo omnium legatorum  remittitur — Pancratius enim decesserat apud Treveros — ut cum vicario  ipse rmerita legationis quoque secundae spectaret: praeter haec linguas  Erechthi et Aristomenis praecidi iusserat imperator, quos invidiosa  quaedam locutos idem Palladius intimarat.","ideoque rursus ad Africam cum Iovino postremo omnium legatorum  remittitur — Pancratius enim decesserat apud Treveros — ut cum vicario  ipse rmerita legationis quoque secundae spectaret: praeter haec linguas  Erechthi et Aristomenis praecidi iusserat imperator, quos invidiosa  quaedam locutos idem Palladius intimarat."
https://www.thelatinlibrary.com/ammianus/28.shtml,61,"Secutus, ut statutum est, vicarium notarius venit ad Tripolim. hocque conperto Romanus domesticum suum illuc volucriter misit, et  Caecilium consiliarium in ea provincia genitum, per quos — incertum  pretio an fallaciis — circumventi municipes omnes gravabant Iovinum,  destinatius adserentes nihil eorum mandasse, quas docuerat principem: eo  usque iniquitate grassante ut ipse quoque Iovinus ad salutis suae discrimen  confiteretur se imperatori mentitum.","Secutus, ut statutum est, vicarium notarius venit ad Tripolim."
https://www.thelatinlibrary.com/ammianus/28.shtml,48,"Quibus per Palladium regressum cognitis, Valentinianus ad acerbitatem proclivior Iovinum quidem ut auctorem, Caelestinum vero Concordiumque et Lucium ut falsi conscios et participes puniri supplicio  capitali praecepit, Ruricium autem praesidem ut mendacem morte multari,  hoc quoque accedente quod in relatione eius verba quaedam, ut visum est, inmodica legebantur.","Quibus per Palladium regressum cognitis, Valentinianus ad acerbitatem proclivior Iovinum quidem ut auctorem, Caelestinum vero Concordiumque et Lucium ut falsi conscios et participes puniri supplicio  capitali praecepit, Ruricium autem praesidem ut mendacem morte multari,  hoc quoque accedente quod in relatione eius verba quaedam, ut visum est, inmodica legebantur."
https://www.thelatinlibrary.com/ammianus/28.shtml,51,"ac Ruricius quidem apud Sitifim caesus, reliqui  apud Vticam sententia vicarii Crescentis addicti. Flaccianus tamen ante  legatorum interitum cum a vicario audiretur et comite, constanter saluti  suae propugnans, adclamationibus iratorum militum impetuque cum  conviciis paene confossus est, obicientium ideo Tripolitanos non potuisse  defendi, quod ipsi ad expeditionalis usus praebere necessaria detrectarunt.","ac Ruricius quidem apud Sitifim caesus, reliqui  apud Vticam sententia vicarii Crescentis addicti."
https://www.thelatinlibrary.com/ammianus/28.shtml,69,"et cum Theodosius ductor exercituum ille  magnificus, oppressurus Firmum perniciosa coeptantem, venisset in  Africam, et praescripti Romani rem mobilem, ut iussum est, scrutaretur,  inter chartas eius inventa est Meteri cuiusdam epistula, id continens  ""domino patrono Romano Meterius"" et in fine post multa nihil ad rem  pertinentia ""salutat te Palladius proiecticius, qui non aliam ob causam dicit  se esse proiectum, nisi quod in causa Tripolitanorum apud aures sacras  mentitus est"".","et cum Theodosius ductor exercituum ille  magnificus, oppressurus Firmum perniciosa coeptantem, venisset in  Africam, et praescripti Romani rem mobilem, ut iussum est, scrutaretur,  inter chartas eius inventa est Meteri cuiusdam epistula, id continens  ""domino patrono Romano Meterius"" et in fine post multa nihil ad rem  pertinentia ""salutat te Palladius proiecticius, qui non aliam ob causam dicit  se esse proiectum, nisi quod in causa Tripolitanorum apud aures sacras  mentitus est""."
https://www.thelatinlibrary.com/ammianus/28.shtml,82,"hoc  fortunae secundioris iudicio plene conperto, deletoque tristium concitore  turbarum, exsiluerunt Erechthius et Aristomenes e latebris, qui cum sibi iussas abscidi linguas didicissent ut prodigas, ad longe remota declinarunt et  abdita, doctoque super nefanda fraude gratiano imperatore fidentius — Valentinianus enim obierat — ad Hesperium proconsulem et Flavianum  vicarium audiendi sunt missi, quorum aequitas auctoritate nixa iustissima,  torto Caecilio, aperta confessione cognovit, ipsum suasisse civibus,  gravarent mentiendo legatos. haec acta secuta est relatio, gestorum  pandens plenissimam fidem; ad quam nihil responsum est.","haec acta secuta est relatio, gestorum  pandens plenissimam fidem; ad quam nihil responsum est."
https://www.thelatinlibrary.com/ammianus/28.shtml,37,"Et nequid cothurni terribilis fabulae relinquerent intemptatum, hoc quoque post depositum accessit aulaeum. Romanus ad comitatum profectus  secum Caecilium duxit, cognitores accusaturum ut inclinatos in provinciae  partem : isque Merobaudis favore susceptus, necessarios sibi plures petierat  exhiberi.","Et nequid cothurni terribilis fabulae relinquerent intemptatum, hoc quoque post depositum accessit aulaeum."
https://www.thelatinlibrary.com/ammianus/31.shtml,37,quae hunc illi inpendere exitum vitae modo non aperte loquendo monstrabant. super his larvale simulacrum Armeniae regis et miserabiles umbrae paulo ante in negotio Theodori caesorum per quietem stridendo carmina quaedam nimium horrenda multos diris terroribus agitabant.,quae hunc illi inpendere exitum vitae modo non aperte loquendo monstrabant.
https://www.thelatinlibrary.com/ammianus/31.shtml,37,"in hominum autem figura licet insuavi ita visi sunt asperi, ut neque igni neque saporatis indigeant cibis sed radicibus herbarum agrestium et semicruda cuiusvis  pecoris carne vescantur, quam inter femora sua equorumque terga  subsertam fotu calefaciunt brevi.","in hominum autem figura licet insuavi ita visi sunt asperi, ut neque igni neque saporatis indigeant cibis sed radicibus herbarum agrestium et semicruda cuiusvis  pecoris carne vescantur, quam inter femora sua equorumque terga  subsertam fotu calefaciunt brevi."
https://www.thelatinlibrary.com/ammianus/31.shtml,53,"aedificiis nullis umquam tecti sed haec  velut ab usu communi discreta sepulcra declinant. nec enim apud eos vel  arundine fastigatum reperiri tugurium potest. sed vagi montes peragrantes  et silvas, pruinas famem sitimque perferre ab incunabulis adsuescunt. peregre  tecta nisi adigente maxima necessitate non subeunt: nec enim apud eos  securos existimant esse sub tectis...",aedificiis nullis umquam tecti sed haec  velut ab usu communi discreta sepulcra declinant.nec enim apud eos vel  arundine fastigatum reperiri tugurium potest.peregre  tecta nisi adigente maxima necessitate non subeunt: nec enim apud eos  securos existimant esse sub tectis...
https://www.thelatinlibrary.com/ammianus/31.shtml,72,"galeris incurvis capita tegunt, hirsuta crura coriis muniendis  haedinis, eorumque calcei formulis nullis aptati vetant incedere gressibus  liberis. qua causa ad pedestres parum adcommodati sunt pugnas, verum  equis prope adfixi, duris quidem sed deformibus, et muliebriter isdem non  numquam insidentes funguntur muneribus consuetis. ex ipsis quivis in hac  natione pernox et perdius emit et vendit, cibumque sumit et potum, et  inclinatus cervici angustae iumenti in altum soporem ad usque varietatem  effunditur somniorum.","qua causa ad pedestres parum adcommodati sunt pugnas, verum  equis prope adfixi, duris quidem sed deformibus, et muliebriter isdem non  numquam insidentes funguntur muneribus consuetis."
https://www.thelatinlibrary.com/ammianus/31.shtml,44,"et pugnant non numquam lacessiti sed ineuntes proelia  cuneatim variis vocibus sonantibus torvum. utque ad pernicitatem sunt  leves et repentini, ita subito de industria dispersi vigescunt, et inconposita  acie cum caede vasta discurrunt, nec invadentes vallum nec castra inimica pilantes prae nimia rapiditate cernuntur.",et pugnant non numquam lacessiti sed ineuntes proelia  cuneatim variis vocibus sonantibus torvum.
https://www.thelatinlibrary.com/ammianus/31.shtml,62,"nemo apud eos arat nec stivam aliquando contingit. omnes enim sine sedibus fixis, absque  lare vel lege aut victu stabili dispalantur, semper fugientium similes, cum  carpentis, in quibus habitant: ubi coniuges taetra illis vestimenta  contexunt et coeunt cmn maritis et pariunt et ad usque pubertatem  nutriunt pueros. nullusque apud eos interrogatus respondere, unde oritur,  potest, alibi conceptus, natusque procul, et longius educatus.","nemo apud eos arat nec stivam aliquando contingit.nullusque apud eos interrogatus respondere, unde oritur,  potest, alibi conceptus, natusque procul, et longius educatus."
https://www.thelatinlibrary.com/ammianus/31.shtml,42,"omnis igitur aetas et sexus inbellis  circa vehicula ipsa versatur, muniisque distringitur mollibus: iuventus vero  equitandi usu a prima pueritia coalescens, incedere pedibus existimat vile,  et omnes multiplici disciplina prudentes sunt bellatores. unde etiam  Persae, qui sunt originitus Scythae, pugnandi sunt peritissimi.","unde etiam  Persae, qui sunt originitus Scythae, pugnandi sunt peritissimi."
https://www.thelatinlibrary.com/ammianus/31.shtml,31,"nec templum apud eos visitur aut delubrum, ne tugurium quidem culmo tectum cerni usquam potest, sed gladius barbarico ritu humi figitur nudus, eumque ut Martem, regionum, quas circumcircant, praesulem verecundius colunt.","nec templum apud eos visitur aut delubrum, ne tugurium quidem culmo tectum cerni usquam potest, sed gladius barbarico ritu humi figitur nudus, eumque ut Martem, regionum, quas circumcircant, praesulem verecundius colunt."
https://www.thelatinlibrary.com/ammianus/31.shtml,52,"verum longe aliter, quam rebatur, evenit. Huni enim, ut sunt in coniectura sagaces, multitudinem esse longius aliquam suspicati, praetermissis quos viderant, in quietem tamquam nullo obstante conpositis, rumpente noctis tenebras luna vado fluminis penetrato, id quod erat potissimum elegerunt, et veriti ne praecursorius index procul agentes absterreat, Athanaricum ipsum ictu petivere veloci.","verum longe aliter, quam rebatur, evenit."
https://www.thelatinlibrary.com/ammianus/31.shtml,47,"eumque stupentem ad impetum primum, amissis quibusdam suorum, coegerunt ad effugia properare montium praeruptorum. qua rei novitate maioreque venturi pavore constrictus, a superciliis Gerasi fluminis ad usque Danubium Taifalorum terras praestringens, muros altius erigebat: hac lorica diligentia celeri consummata, in tuto locandam securitatem suam existimans et salutem.","eumque stupentem ad impetum primum, amissis quibusdam suorum, coegerunt ad effugia properare montium praeruptorum."
https://www.thelatinlibrary.com/ammianus/31.shtml,99,"dumque efficax opera suscitatur, Huni passibus eum citis urgebant et iam oppresserant adventantes, ni gravati praedarum onere destitissent.  Fama tamen late serpente per Gothorum reliquas gentes, quod invisitatum antehac hominum genus modo nivium ut turbo montibus celsis, ex abdito sinu coortum adposita quaeque convellit et corrumpit: populi pars maior, quae Athanaricum attenuata necessariorum penuria deserverat, quaeritabat domicilium remotum ab omni notitia barbarorum, diuque deliberans, quas eligeret sedes, cogitavit Thraciae receptaculum gemina ratione sibi conveniens, quod et caespitis est feracissimi et amplitudine fluentorum Histri distinguitur ab arvis, patentibus iam peregrini fulminibus Martis: hoc quoque idem residui velut mente cogitavere communi.","dumque efficax opera suscitatur, Huni passibus eum citis urgebant et iam oppresserant adventantes, ni gravati praedarum onere destitissent."
https://www.thelatinlibrary.com/ammianus/31.shtml,81,"Ita turbido instantium studio orbis Romani pernicies ducebatur. illud sane neque obscurum est neque incertum, infaustos transvehendi barbaram plebem ministros, numerum eius conprehendere calculo saepe temptantes, conquievisse frustratos,  ""quem qui scire velit"" ut eminentissimus memorat vates   ""Libyci velit aequoris idem  discere, quam multae zephyro truduntur harenae."" reviviscant tandem memoriae veteres, Medicas acies ductantes ad Graeciam: quae ductum Hellesponti occupanteset discidio quodam fabrili maris, litus montanum pede quaesitum exponunt et turmatim apud Doriscum exercitus recensitos, concordante omni posteritate ut fabulosae sunt lectae.","reviviscant tandem memoriae veteres, Medicas acies ductantes ad Graeciam: quae ductum Hellesponti occupanteset discidio quodam fabrili maris, litus montanum pede quaesitum exponunt et turmatim apud Doriscum exercitus recensitos, concordante omni posteritate ut fabulosae sunt lectae."
https://www.thelatinlibrary.com/ammianus/31.shtml,43,"quorum insidiatrix aviditas materia malorum omnium fuit. nam - ut alia omittamus, quae memorati vel certe sinentibus isdem alii perditis rationibus in commeantes peregrinos adhuc innoxios deliquerunt - illud dicetur, quod nec apud sui periculi iudices absolvere ulla poterat venia, triste et inauditum.","quorum insidiatrix aviditas materia malorum omnium fuit.nam - ut alia omittamus, quae memorati vel certe sinentibus isdem alii perditis rationibus in commeantes peregrinos adhuc innoxios deliquerunt - illud dicetur, quod nec apud sui periculi iudices absolvere ulla poterat venia, triste et inauditum."
https://www.thelatinlibrary.com/ammianus/31.shtml,61,"quibus, ut communi rei conducere videbatur, repudiatis, et quid capesserent anxiis, Athanarichus paria pertimescens abscessit, memor, Valentem dudum cum foederaretur concordia despexisse, adfirmantem se religione devinctum, ne calcaret solum aliquando Romanum, hacque causatione principem firmare pacem in medio flumine coegisse. quam simultatem veritus ut adhuc durantem, ad Caucalandensem locum altitudine silvarum inaccessum et montium cum suis omnibus declinavit, Sarmatis inde extrusis.","quam simultatem veritus ut adhuc durantem, ad Caucalandensem locum altitudine silvarum inaccessum et montium cum suis omnibus declinavit, Sarmatis inde extrusis."
https://www.thelatinlibrary.com/ammianus/31.shtml,35,"At ille genuina praevidendi sollertia venturos muniens casus ut et imperiis oboediret et regibus validis iungeretur, incendens segnius, Marcianopolim tarde pervenit itineribus lentis. ubi aliud accessit atrocius, quod arsuras in commune exitium faces furiales accendit.","ubi aliud accessit atrocius, quod arsuras in commune exitium faces furiales accendit."
https://www.thelatinlibrary.com/ammianus/31.shtml,50,"Et quoniam ad has partes post multiplices ventum est actus, id lecturos - siqui erunt umquam - obtestamur, nequis a nobis scrupulose gesta vel numerum exigat peremptorum, qui conprehendi nullo genere potuit. sufficiet enim, veritate nullo velata mendacio, ipsas rerum digerere summitates: cum explicandae rerum memoriae ubique debeatur integritas fida.","Et quoniam ad has partes post multiplices ventum est actus, id lecturos - siqui erunt umquam - obtestamur, nequis a nobis scrupulose gesta vel numerum exigat peremptorum, qui conprehendi nullo genere potuit."
https://www.thelatinlibrary.com/ammianus/31.shtml,65,"verum imperatoris litteris repente perlatis, quibus transire iussi sunt in Hellespontum, viaticum cibos biduique dilationem tribui sibi sine tumore poscebant. quod civitatis magistratus ferens indigne - succensebat enim isdem ob rem suam in suburbanis vastatam - imam plebem omnem cum Fabricensibus, quorum illic ampla est multitudo, productam in eorum armavit exitium, iussisque bellicum canere bucinis, ni abirent ocius, ut statutum est, pericula omnibus minabatur extrema.","quod civitatis magistratus ferens indigne - succensebat enim isdem ob rem suam in suburbanis vastatam - imam plebem omnem cum Fabricensibus, quorum illic ampla est multitudo, productam in eorum armavit exitium, iussisque bellicum canere bucinis, ni abirent ocius, ut statutum est, pericula omnibus minabatur extrema."
https://www.thelatinlibrary.com/ammianus/31.shtml,40,"tunc Fritigernus frustra cum tot cladibus conluctari homines ignaros obsidendi contemplans, relicta ibi manu sufficiente abire negotio inperfecto suasit, pacem sibi esse cum parietibus memorans, suadensque ut populandas opimas regiones et uberes absque discrimine ullo, vacuas praesidiis etiam tum adorerentur.","tunc Fritigernus frustra cum tot cladibus conluctari homines ignaros obsidendi contemplans, relicta ibi manu sufficiente abire negotio inperfecto suasit, pacem sibi esse cum parietibus memorans, suadensque ut populandas opimas regiones et uberes absque discrimine ullo, vacuas praesidiis etiam tum adorerentur."
https://www.thelatinlibrary.com/ammianus/31.shtml,62,"hoc intellecto hostes vel transfugarum indiciis docti, per quos nilul latebat incognitum, in eodem loco diu manserunt: sed oppositi exercitus metu praestricti aliorumque militum, quos adfuere iam sperabant: tessera data gentili, per diversa prope diffusas accivere vastatorias manus, quae iussis optimatum acceptis statim ut incensi malleoli, ad carraginem - quam ita ipsi appellant - aliti velocitate regressae incentivum audendi maiora popularibus addiderunt.","hoc intellecto hostes vel transfugarum indiciis docti, per quos nilul latebat incognitum, in eodem loco diu manserunt: sed oppositi exercitus metu praestricti aliorumque militum, quos adfuere iam sperabant: tessera data gentili, per diversa prope diffusas accivere vastatorias manus, quae iussis optimatum acceptis statim ut incensi malleoli, ad carraginem - quam ita ipsi appellant - aliti velocitate regressae incentivum audendi maiora popularibus addiderunt."
https://www.thelatinlibrary.com/ammianus/31.shtml,61,"nihil post haec inter partes praeter indutias laxatum est breves. reversis enim his, quos necessitas evocarat, plebs omnis intra saeptorum ambitum etiam tum contrusa, inmaniter fremens animisque concita truculentis, experiri postrema discrimina, nec principibus gentis, qui aderant, renuentibus, cruditate festinabat. et quoniam haec sole agebantur extremo noxque adventans ad quietem invitos retinebat et maestos, capto per otium cibo, somni manserunt expertes.",nihil post haec inter partes praeter indutias laxatum est breves.
https://www.thelatinlibrary.com/ammianus/31.shtml,26,"post quae re petivit Gallias Richomeres ob maiorem proeliorum fremitum, qui sperabatur, inde adminicula perducturus. haec Gratiano quater et Merobaude consulibus agebantur, anno in autumnum vergente.","haec Gratiano quater et Merobaude consulibus agebantur, anno in autumnum vergente."
https://www.thelatinlibrary.com/ammianus/31.shtml,47,"forteque isdem diebus per Scythiae regiones et Moesiae omnibus, quae poterant mandi, consumptis, feritate urgente pariter et inopia, barbari erumpere  molibus magnis ardebant. hocque saepe temptato cum obruerentur vigore nostrorumper asperitates scruposas valide resistentium, adacti necessitate postrema, Hunorum et Halanorum aliquos ad societatem spe praedarum ingentium adsciverunt.","hocque saepe temptato cum obruerentur vigore nostrorumper asperitates scruposas valide resistentium, adacti necessitate postrema, Hunorum et Halanorum aliquos ad societatem spe praedarum ingentium adsciverunt."
https://www.thelatinlibrary.com/ammianus/31.shtml,46,"qui confestim, ut adigebat necessitas instantis exitii, iussa canere bellicum tuba, lateribus firmatis, praerupit cum promptis adcinctis ad proelium: fortiterque resistendo pari pugnandi sorte discessisset, ni eum equitum adcursus complurium anhelum circumvenisset et fessum. et ita cecidit interfectis barbarorum non paucis, quorum clades copiarum magnitudo celabat.","et ita cecidit interfectis barbarorum non paucis, quorum clades copiarum magnitudo celabat."
https://www.thelatinlibrary.com/ammianus/31.shtml,39,"Taifalorum gentem turpem obscenae vitae flagitiis ita accepimus mersam, ut apud eos nefandi concubitus foedere copulentur maribus puberes, aetatis viriditatem in eorum pollutis usibus consumpturi. porro siqui iam adultus aprum exceperit solus vel interemerit ursum immanem, conluvione liberatur incesti.","Taifalorum gentem turpem obscenae vitae flagitiis ita accepimus mersam, ut apud eos nefandi concubitus foedere copulentur maribus puberes, aetatis viriditatem in eorum pollutis usibus consumpturi."
https://www.thelatinlibrary.com/ammianus/31.shtml,24,Haec autumno vergente in hiemem funesti per Thracias turbines converrebant. quae temporum rabies velut cuncta cientibus Furiis ad regiones quoque longinquas progrediens late serpebat.,quae temporum rabies velut cuncta cientibus Furiis ad regiones quoque longinquas progrediens late serpebat.
https://www.thelatinlibrary.com/ammianus/31.shtml,41,"quibus avide Lentienses acceptis, ipsi quoque haec quasi vicini cernentes, ut sunt veloces et rapidi, conferti in praedatorios globos, Rhenum gelu pervium pruinis Februario mense . .. tendentes prope cum Petulantibus Celtae, non sine sui iactura adflictos graviter adultis viribus averterunt.","quibus avide Lentienses acceptis, ipsi quoque haec quasi vicini cernentes, ut sunt veloces et rapidi, conferti in praedatorios globos, Rhenum gelu pervium pruinis Februario mense ... tendentes prope cum Petulantibus Celtae, non sine sui iactura adflictos graviter adultis viribus averterunt."
https://www.thelatinlibrary.com/ammianus/31.shtml,23,"proinde horrifico adversum fragore terrente, primum apud Argentariam  signo per cornicines dato concurri est coeptum, sagittarum verrutorumque missilium pulsibus crebriores hinc indeque sternebantur.","proinde horrifico adversum fragore terrente, primum apud Argentariam  signo per cornicines dato concurri est coeptum, sagittarum verrutorumque missilium pulsibus crebriores hinc indeque sternebantur."
https://www.thelatinlibrary.com/ammianus/31.shtml,42,"qui repente versi in terga resistentesque interdum, nequid ultimae rationis omitterent, ita sunt caesi ut ex praedicto numero non plus quam quinque milia, ut aestimabatur, evaderent densitate nemorum tecta, inter complures alios audaces et fortes rege quoque Priario interfecto, exitialium concitore pugnarum.","qui repente versi in terga resistentesque interdum, nequid ultimae rationis omitterent, ita sunt caesi ut ex praedicto numero non plus quam quinque milia, ut aestimabatur, evaderent densitate nemorum tecta, inter complures alios audaces et fortes rege quoque Priario interfecto, exitialium concitore pugnarum."
https://www.thelatinlibrary.com/ammianus/31.shtml,33,"quem l,entienses  intentum iugulis suis omni perseverandi studio contemplantes, post  deditionem, quam inpetravere supplici prece, oblata - ut praeceptum est -  iuventute valida nostris tirociniis permiscenda, ad genitales terras innoxii  ire permissi sunt.","quem l,entienses  intentum iugulis suis omni perseverandi studio contemplantes, post  deditionem, quam inpetravere supplici prece, oblata - ut praeceptum est -  iuventute valida nostris tirociniis permiscenda, ad genitales terras innoxii  ire permissi sunt."
https://www.thelatinlibrary.com/ammianus/31.shtml,70,"praeter haec idem Christianus ut eonscius arcanorum et fidus, secretas alias eiusdem regis obtulit litteras, qui astu et ludificandi varietate nimium sollers docebat Valentem quasi mox amicus futurus et socius, aliter se popularium saevitiam mollire non posse vel ad condiciones rei Romanae profuturas allicere, nisi subinde armatum isdem iuxta monstraret exercitum et timore imperatorii nominis intentato eos a pernicioso pugnandi revocaret ardore. et legati quidem ut ambigui frustra habiti discesserunt.",et legati quidem ut ambigui frustra habiti discesserunt.
https://www.thelatinlibrary.com/ammianus/31.shtml,88,"deinde conlisae in modum rostratarum navium acies  trudentesque se vicissim, undarum specie motibus sunt reciprocis  iactitatae.  Et quia sinistrum cornu ad usque plaustra ipsa accessit, ultra., siqui tulissent suppetias, processurum: a reliquo equitatu desertum, multitudine  hostili urgente sicut ruina aggeris magni oppressum atque deiectum est:  steterunt inprotecti pedites, ita concatervatis manipulis ut vix mucronem  exerere aut ma,nus reducere quisquam posset. nec iam obiectu pulveris  caelum patere potuit ad prospectum, clamoribus resultans horrificis. qua  causa tela undique mortem vibrantia destinata cadebant et noxia, quod nec  provideri poterant nec caveri.","nec iam obiectu pulveris  caelum patere potuit ad prospectum, clamoribus resultans horrificis."
https://www.thelatinlibrary.com/ammianus/31.shtml,34,"super his obstruebant itinera iacentes multi semineces,  cruciatus vulnerum conquerentes: cum quibus aggeres quoque equorum  constrati cadaveribus campos implerunt. diremit haec numquam pensabilia  damna, quae magno rebus stetere Romanis, nullo splendore lunari nox fulgens.","super his obstruebant itinera iacentes multi semineces,  cruciatus vulnerum conquerentes: cum quibus aggeres quoque equorum  constrati cadaveribus campos implerunt."
https://www.thelatinlibrary.com/ammianus/31.shtml,33,"cum enim oppessulatas ianuas perrumpere conati, qui secuti  sunt, a parte pensili domus sagittis incesserentur, ne per moras  inexpedibiles populandi ammitterent copiam,  congestis stipulae fascibus et lignorum, flammaque supposita, aedificium  cum hominibus torruerunt.","cum enim oppessulatas ianuas perrumpere conati, qui secuti  sunt, a parte pensili domus sagittis incesserentur, ne per moras  inexpedibiles populandi ammitterent copiam,  congestis stipulae fascibus et lignorum, flammaque supposita, aedificium  cum hominibus torruerunt."
https://www.thelatinlibrary.com/ammianus/31.shtml,38,"unde quidam de candidatis per fenestram lapsus captusque a barbaris prodidit factum et eos maerore adflixit, magna  gloria defraudatos, quod Romanae rei rectorem non cepere superstitem. is  ipse iuvenis occulte postea reversus ad nostros haec ita accidisse narravit.",is  ipse iuvenis occulte postea reversus ad nostros haec ita accidisse narravit.
https://www.thelatinlibrary.com/ammianus/31.shtml,17,"Perit autem hoc exitu Valens quinquagesimo anno contiguus, cum per annos quattuor inperasset et decem parvo minus.","Perit autem hoc exitu Valens quinquagesimo anno contiguus, cum per annos quattuor inperasset et decem parvo minus."
https://www.thelatinlibrary.com/ammianus/31.shtml,74,"cuius bona  multis cognita dicemus et vitia. amicus  fidelis et firmus, ultor acer ambitionum, severus militaris et civi]is  disciplinae corrector, pervigil semper et anxius, ne propinquitatem quis  praetendens altius semet ferret, erga deferendas potestates vel adimendas  nimium tardus, provinciarum aequissimus tutor, quarum singulas ut domum  propriam custodiebat indemnes, tributorum onera studio quodam molliens  singulari, nulla vectigalium admittens augmenta, in adaerandis reliquorum debitis non molestus, furibus et in peculatu deprehensis iudicibus inimicus  asper et vehemens.",cuius bona  multis cognita dicemus et vitia.
https://www.thelatinlibrary.com/ammianus/31.shtml,78,"nec sub alio principe in huius modi negotiis melius  secum actum esse meminit oriens. super his omnibus liberalis erat cum  moderatione, cuius rei licet abundent exempla, unum tamen sufficiet poni.  ut sunt in palatiis non nulli alienarum rerum avidi, siqui caducum vel aliud  petisset ex usu, cum magna iustorum iniustorumque distinctione  contradictori copia servata, donabat ei, qui petierat, tres vel quattuor  alios absentes aliquotiens impetratorum participes iungens: ut castigatius  agerent inquieti, lucra, quibus inhiabant, hoc minui commento cernentes.",nec sub alio principe in huius modi negotiis melius  secum actum esse meminit oriens.
https://www.thelatinlibrary.com/ammianus/31.shtml,39,"super aedificiis autem, quae per diversas urbes et oppida vel instauravit  vel a primis instruxit auspiciis - ne sim longior - taceo, rebus ipsis id  apertius monstrare concedens. haec bonis omnibus aemulanda sunt, ut  existimo: nunc eius vitia percurramus.","haec bonis omnibus aemulanda sunt, ut  existimo: nunc eius vitia percurramus."
https://www.thelatinlibrary.com/ammianus/31.shtml,53,"illud quoque ferri non  poterat quod, cum legibus lites omnes quaestionesque committere videri se  vellet, destinatisque velut lectis iudicibus negotia spectanda mandabat, nihil  agi contra libidinem suam patiebatur: iniuriosus alias et iracundus et  criminantibus sine differentia veri vel falsi facillime patens, quae vitiorum  labes etiam in his privatis cotidianisque rationibus inpendio est  formidanda.","illud quoque ferri non  poterat quod, cum legibus lites omnes quaestionesque committere videri se  vellet, destinatisque velut lectis iudicibus negotia spectanda mandabat, nihil  agi contra libidinem suam patiebatur: iniuriosus alias et iracundus et  criminantibus sine differentia veri vel falsi facillime patens, quae vitiorum  labes etiam in his privatis cotidianisque rationibus inpendio est  formidanda."
https://www.thelatinlibrary.com/ammianus/31.shtml,76,"Haec super Valente dixisse sufficiet, quae vera esse aequalis nobis memoria plene testatur. illud autem praeteriri non convenit, quod cum oraculo tripodis, quem movisse Patricium docuimus et Hilarium, tres versus illos fatidicos comperisset, quorum ultimus est.  en pedioisi Mimantos agaiomenoio Areos ut erat inconsummatus et rudis, inter initia contemnebat, processu vero luctuum maximorum abiecte etiam timidus, eiusdem sortis recordatione Asiae nomen horrebat: ubi Erythraeo  oppido superpositum montem Mimanta et Homerum scripsisse et Tullium doctis referentibus audiebat.","Haec super Valente dixisse sufficiet, quae vera esse aequalis nobis memoria plene testatur.illud autem praeteriri non convenit, quod cum oraculo tripodis, quem movisse Patricium docuimus et Hilarium, tres versus illos fatidicos comperisset, quorum ultimus est."
https://www.thelatinlibrary.com/ammianus/31.shtml,49,"Post exitialem pugnam cum iam tenebris nox terras implesset, hi qui superfuere, dextra pars, alii laeva vel quo metus traxerat, ferebantur, quisque proximos quaerens: cum praeter se nihil singuli cernere poterant, occipitiis propriis ferrum arbitrantes haerere. audiebantur tamen, licet longius, heiulatus miserabiles relictorum singultusque morientium et vulneratorum crucibabiles fletus.","Post exitialem pugnam cum iam tenebris nox terras implesset, hi qui superfuere, dextra pars, alii laeva vel quo metus traxerat, ferebantur, quisque proximos quaerens: cum praeter se nihil singuli cernere poterant, occipitiis propriis ferrum arbitrantes haerere."
https://www.thelatinlibrary.com/ammianus/31.shtml,64,"verum introire non auso, qui missus est, per Christianum quendam portatis scriptis et recitatis, utque decebat contemplatis, parandis operibus dies et nox omnis absumpta. nam intrinsecus silicibus magnis obstrusae sunt portae et moenium intuta firmata, et ad emittenda undique tela vel saxa, tormenta per locos aptata sunt habiles adgestaque prope sufficiens aqua. pridie enim dimicantium quidam siti ad usque ipsa vitae detrimenta vexati sunt.",pridie enim dimicantium quidam siti ad usque ipsa vitae detrimenta vexati sunt.
https://www.thelatinlibrary.com/ammianus/31.shtml,45,"perrexere, ut statutum est, candidati: cumque prope fossas venissent, manus tendentes orantesque ut Romanos semet admitti poscebant. et recepti, quia nulla erat suscipio quae vetaret, interrogatique super consiliis hostium, variarunt: unde factum est ut cruenta quaestione vexati cervicibus perirent abscisis, quid acturi venerant aperte confessi.","perrexere, ut statutum est, candidati: cumque prope fossas venissent, manus tendentes orantesque ut Romanos semet admitti poscebant."
https://www.thelatinlibrary.com/ammianus/31.shtml,43,"animadversum est a nostris isdem telis barbaros uti, quibus, petebantur. ideoque mandatum est ut nervis ferrum hgnumque conectentibus ante iactum incisis emitterentur arcu sagittae, quae volitantes vires integras servabant, infixae vero corporibus nihil vigoris perdebant, aut certe, si cecidissent in vanum, ilico frangebantur.","animadversum est a nostris isdem telis barbaros uti, quibus, petebantur."
https://www.thelatinlibrary.com/ammianus/31.shtml,42,"nec quemquam furentium cruoris horrenda species ad serum usque diem ab alacritate faciendi fortiter avertebat, hoc incitante quod etiam defensorum plurimos cadere diversis ictibus videntes eminus laetabantur. ita sine requie ulla vel modo pro moenibus et contra moenia ingentibus animis pugnabatur. I","nec quemquam furentium cruoris horrenda species ad serum usque diem ab alacritate faciendi fortiter avertebat, hoc incitante quod etiam defensorum plurimos cadere diversis ictibus videntes eminus laetabantur."
https://www.thelatinlibrary.com/ammianus/18.shtml,182,"Haec per orbis varias partes uno eodemque anno sunt gesta. At in Galliis cum in meliore statu res essent et Eusebium atque Hypatium fratres sublimarent vocabula consulum, Iulianus contextis successibus clarus apud Parisios hibernans sequestratis interim sollicitudinibus bellicis haut minore cura provinciarum fortunis multa conducentia disponebat, diligenter observans, nequem tributorum sarcina praegravaret, neve potentia praesumeret aliena, aut hi versarentur in medio, quorum patrimonia publicae clades augebant, vel iudicum quisquam ab aequitate deviaret inpune.Idque ea re levi labore correxit quod ipse iurgia dirimens, ubi causarum cogebat magnitudo vel personarum, erat indeclinabilis iustorum iniustorumque distinctor.Et licet multa sint eius laudanda in huius modi controversiis, unum tamen sufficiet poni, ad cuius similitudinem acta vel dicta sunt.Numerium Narbonensis paulo ante rectorem accusatum ut furem inusitato censorio vigore pro tribunali palam admissis volentibus audiebat, qui cum infitiatione defenderet obiecta, nec posset in quoquam confutari, Delphidius orator acerrimus vehementer eum inpugnans documentorum inopia percitus exclamavit ""ecquis, florentissime Caesar, nocens esse poterit usquam si negare sufficiet?"" Contra quem Iulianus prudenter motus ex tempore ""ecquis"" ait ""innocens esse poterit si accusasse sufficiet?"" Et haec quidem et huius modi multa civilia.",Haec per orbis varias partes uno eodemque anno sunt gesta.Et haec quidem et huius modi multa civilia.
https://www.thelatinlibrary.com/ammianus/18.shtml,52,"Dum apud Sirmium haec diligentia quaeruntur inpensa, orientis fortuna periculorum terribiles tubas inflabat. rex enim Persidis ferarum gentium, quas placarat, adiumentis accinctus augendique regni cupiditate supra homines flagrans arma viresque parabat et commeatus, consilia tartareis manibus miscens et praesciones omnes consulens de futuris, hisque satis collectis pervadere cuncta prima verni temperie cogitabat.","Dum apud Sirmium haec diligentia quaeruntur inpensa, orientis fortuna periculorum terribiles tubas inflabat."
https://www.thelatinlibrary.com/ammianus/18.shtml,30,"Haec operientibus illis et ancipiti cogitatione districtis, nobis apud Samosatam, Commageni quondam regni clarissimam sedem, parumper morantibus repente novi motus rumoribus densis audiuntur et certis. Quod docebit orationis progrediens textus.","Haec operientibus illis et ancipiti cogitatione districtis, nobis apud Samosatam, Commageni quondam regni clarissimam sedem, parumper morantibus repente novi motus rumoribus densis audiuntur et certis."
https://www.thelatinlibrary.com/ammianus/18.shtml,16,Antoninus protector cum suis omnibus ad Saporem transfugit; eumque in bellum Romanum sponte iam motum impellit.,Antoninus protector cum suis omnibus ad Saporem transfugit; eumque in bellum Romanum sponte iam motum impellit.
https://www.thelatinlibrary.com/ammianus/18.shtml,44,"His ac talibus subinde inter epulas sobrius perfuga, ubi de apparatu bellorum et seriis rebus apud eos Graiorum more veterum consultatur, regem incendebat ardentem, ut exacta hieme statim arma fretus fortunae suae magnitudine concitaret, ipse quoque in multis ac necessariis operam suam fidenter promittens.","His ac talibus subinde inter epulas sobrius perfuga, ubi de apparatu bellorum et seriis rebus apud eos Graiorum more veterum consultatur, regem incendebat ardentem, ut exacta hieme statim arma fretus fortunae suae magnitudine concitaret, ipse quoque in multis ac necessariis operam suam fidenter promittens."
https://www.thelatinlibrary.com/ammianus/18.shtml,114,"Hoc extracti periculo cum ad nemorosum quendam locum vineis arbustisque pomiferis consitum Meiacarire nomine venissemus, cui fontes dedere vocabulum gelidi, lapsis accolis omnibus solum in remoto secessu latentem invenimus militem, qui oblatus duci et locutus varia prae timore ideoque suspectus, adigente metu qui intentabatur, pandit rerum integram fidem docetque quod apud Parisios natus in Galliis, et equestri militans turma vindictam quondam commissi facinoris timens ad Persas abierat profugus, exindeque morum probitate spectata sortita coniuge liberisque susceptis speculatorem se missum ad nostra, saepe veros nuntios reportasse. At nunc se a Tamsapore et Nohodare optimatibus missum, qui catervas ductaverant praedatorum, ad eos redire, quae didicerat, perlaturum. Post haec, adiectis quae agi in parte diversa norat, occiditur.","At nunc se a Tamsapore et Nohodare optimatibus missum, qui catervas ductaverant praedatorum, ad eos redire, quae didicerat, perlaturum.Post haec, adiectis quae agi in parte diversa norat, occiditur."
https://www.thelatinlibrary.com/ammianus/18.shtml,225,"Qui textus significabat Persarum regem transitis fluminibus Anzaba et Tigride, Antonino hortante dominium orientis adfectare totius. His ob perplexitatem nimiam aegerrime lectis consilium suscipitur prudens.Erat eo tempore Satrapa Corduenae, quae obtemperabat potestati Persarum, Iovinianus nomine appellatus in solo Romano adulescens, nobiscum occulte sentiens ea gratia, quod obsidatus sorte in Syriis detentus et dulcedine liberalium studiorum inlectus remeare ad nostra ardenti desiderio gestiebat.Ad hunc missus ego cum centurione quodam fidissimo exploratius noscendi gratia, quae gerebantur, per avios montes angustiasque praecipites veni. Visusque et agnitus comiterque susceptus causam praesentiae meae uni illi confessus adiuncto taciturno aliquo locorum perito mittor ad praecelsas rupes exinde longe distantes, unde nisi oculorum deficeret acies, ad quinquagesimum usque lapidem quodvis etiam minutissimum apparebat.Ibi morati integrum biduum, cum sol tertius adfulsisset, cernebamus terrarum omnes ambitus subiectos, quos horizontas appellamus, agminibus oppletos innumeris et antegressum regem vestis claritudine rutilantem. Quem iuxta laevus incedebat Grumbates Chionitarum rex novus aetate quidem media rugosisque membris sed mente quadam grandifica multisque victoriarum insignibus nobilis; dextra rex Albanorum pari loco atque honore sublimis; post duces varii auctoritate et potestatibus eminentes, quos ordinum omnium multitudo sequebatur ex vicinarum gentium roboribus lecta, ad tolerandam rerum asperitatem diuturnis casibus erudita.Quo usque nobis Doriscum Thraciae oppidum et agminatim intra consaepta exercitus recensitos Graecia fabulosa narrabis? Cum nos cauti vel, ut verius dixerim, timidi nihil exaggeremus praeter ea quae fidei testimonia neque incerta monstrarunt.","Quem iuxta laevus incedebat Grumbates Chionitarum rex novus aetate quidem media rugosisque membris sed mente quadam grandifica multisque victoriarum insignibus nobilis; dextra rex Albanorum pari loco atque honore sublimis; post duces varii auctoritate et potestatibus eminentes, quos ordinum omnium multitudo sequebatur ex vicinarum gentium roboribus lecta, ad tolerandam rerum asperitatem diuturnis casibus erudita.Quo usque nobis Doriscum Thraciae oppidum et agminatim intra consaepta exercitus recensitos Graecia fabulosa narrabis?Cum nos cauti vel, ut verius dixerim, timidi nihil exaggeremus praeter ea quae fidei testimonia neque incerta monstrarunt."
https://www.thelatinlibrary.com/ammianus/18.shtml,24,"Sapor cum Chionitarum et Albanorum regibus Mesopotamiam intrat. Romani suos ipsi agros incendunt, agrestes in oppida compellunt, ac citeriorem ripam Euphratis castellis praesidiisque communiunt.",Sapor cum Chionitarum et Albanorum regibus Mesopotamiam intrat.
https://www.thelatinlibrary.com/ammianus/18.shtml,239,"Postquam reges Nineve Adiabenae ingenti civitate transmissa, in medio pontis Anzabae hostiis caesis, extisque prosperantibus transiere laetissimi, coniectantes nos residuam plebem omnem aegre penetrare post triduum posse, citius exinde ad satrapen reversi quievimus hospitalibus officiis recreati.Unde per loca itidem deserta et sola magno necessitatis ducente solacio celerius quam potuit sperari reversi confirmavimus animos haesitantium, unum e navalibus pontem transisse reges absque ulla circumitione perdoctos.Extemplo igitur equites citi mittuntur ad Cassianum Mesopotamiae ducem rectoremque provinciae tunc Euphronium, conpulsuri agrestes cum familiis et pecoribus universis ad tutiora transire et agiliter deseri Carras oppidum invalidis circumdatum muris, super his campos omnes incendi, ne pabulorum suppeteret copia.Et imperatis sine mora conpletis, iniecto igni furentis elementi vis maxima frumenta omnia, cum iam stipula flaventi turgerent, herbasque pubentes ita contorruit, ut ad usque Euphraten ab ipsis marginibus Tigridis nihil viride cerneretur. Tunc exustae sunt ferae conplures maximeque leones per ea loca saevientes inmaniter, consumi vel caecari sueti paulatim hoc modo.Inter harundineta Mesopotamiae fluminum et frutecta leones vagantur innumeri, clementia hiemis ibi mollissimae semper innocui. At ubi solis radiis exarserit tempus, in regionibus aestu ambustis vapore sideris et magnitudine culicum agitantur, quorum examinibus per eas terras referta sunt omnia. Et quoniam oculos quasi umida et lucentia membra eaedem appetunt volucres palpebrarum libramentis mordicus insidentes, idem leones cruciati diutius aut fluminibus mersi sorbentur, ad quae remedii causa confugiunt, aut amissis oculis, quos unguibus crebro lacerantes effodiunt, inmanius efferascunt: quod ni fieret, universus oriens huius modi bestiis abundaret.","At ubi solis radiis exarserit tempus, in regionibus aestu ambustis vapore sideris et magnitudine culicum agitantur, quorum examinibus per eas terras referta sunt omnia."
https://www.thelatinlibrary.com/ammianus/26.shtml,112,"Dictis inpensiore cura rerum ordinibus ad usque memoriae confinia propioris convenerat iam referre a notioribus pedem, ut et pericula declinentur veritati saepe contigua, et examinatores contexendi operis deinde non perferamus intempestivos, strepentes ut laesos, si praeteritum sit, quod locutus est imperator in cena, vel omissum quam ob causam gregarii milites coerciti sunt apud signa, et quod non decuerat in descriptione multiplici regionum super exiguis silere castellis, quodque cunctorum nomina, qui ad urbani praetoris officium convenere, non sunt expressa, et similia plurima praeceptis historiae dissonantia, discurrere per negotiorum celsitudines adsuetae, non humilium minutias indagare causarum, quas si scitari voluerit quispiam, individua illa corpuscula volitantia per inane, atomous, ut nos appellamus, numerari posse sperabit.","Dictis inpensiore cura rerum ordinibus ad usque memoriae confinia propioris convenerat iam referre a notioribus pedem, ut et pericula declinentur veritati saepe contigua, et examinatores contexendi operis deinde non perferamus intempestivos, strepentes ut laesos, si praeteritum sit, quod locutus est imperator in cena, vel omissum quam ob causam gregarii milites coerciti sunt apud signa, et quod non decuerat in descriptione multiplici regionum super exiguis silere castellis, quodque cunctorum nomina, qui ad urbani praetoris officium convenere, non sunt expressa, et similia plurima praeceptis historiae dissonantia, discurrere per negotiorum celsitudines adsuetae, non humilium minutias indagare causarum, quas si scitari voluerit quispiam, individua illa corpuscula volitantia per inane, atomous, ut nos appellamus, numerari posse sperabit."
https://www.thelatinlibrary.com/ammianus/26.shtml,65,"quo itidem spreto quia procul agebat, ut aptus ad id quod quaerebatur atque conveniens Valentinianus nulla discordante sententia numinis adspiratione caelestis electus est, agens scholam Scutariorum secundam relictusque apud Ancyram, postea secuturus ut ordinatum est. et quia nullo renitente hoc e re publica videbatur, missis qui eum venire ocius admonerent, diebus decem nullus imperii tenuit gubernacula, quod tunc evenisse extis Romae inspectis haruspex edixerat Marcus.","quo itidem spreto quia procul agebat, ut aptus ad id quod quaerebatur atque conveniens Valentinianus nulla discordante sententia numinis adspiratione caelestis electus est, agens scholam Scutariorum secundam relictusque apud Ancyram, postea secuturus ut ordinatum est."
https://www.thelatinlibrary.com/ammianus/26.shtml,39,"Qui cum venisset accitus, inplendique negotii praesagiis, ut opinari dabatur, vel somniorum adsiduitate, nec videri die secundo nec prodire in medium voluit, bissextum vitans Februarii mensis tunc illucescens, quod aliquotiens rei Romanae fuisse dignorat infaustum. cuius notitiam certam designabo.",cuius notitiam certam designabo.
https://www.thelatinlibrary.com/ammianus/26.shtml,17,quam rationem bissexti probatam etiam victura cum saeculis Roma adiumento numinis divini fundavit. proinde pergamus ad reliqua.,quam rationem bissexti probatam etiam victura cum saeculis Roma adiumento numinis divini fundavit.
https://www.thelatinlibrary.com/ammianus/26.shtml,46,"quod erat igitur in manu positum vestra, nondum electo imperii formatore utiliter et gloriose conplestis adscito in honorum verticem eo, quem ab ineunte adulescentia ad hanc usque aetatis maturitatem splendide integreque vixisse experiundo cognoscitis. proinde pacatis auribus accipite quaeso, simplicioribus verbis quod conducere arbitror in commune.","proinde pacatis auribus accipite quaeso, simplicioribus verbis quod conducere arbitror in commune."
https://www.thelatinlibrary.com/ammianus/26.shtml,55,"adhiberi oportere in omnes casus socia potestate collegam contemplatione poscente multiplici nec ambigo nec repugno, curarum acervos et mutationes varias accidentium ipse quoque ut homo formidans, sed studendum est concordiae viribus totis, per quam res quoque minimae convalescunt, quod inpetrabitur facile, si patientia vestra cum aequitate consentiens id mihi, quod mearum est partium, concesserit libens.","adhiberi oportere in omnes casus socia potestate collegam contemplatione poscente multiplici nec ambigo nec repugno, curarum acervos et mutationes varias accidentium ipse quoque ut homo formidans, sed studendum est concordiae viribus totis, per quam res quoque minimae convalescunt, quod inpetrabitur facile, si patientia vestra cum aequitate consentiens id mihi, quod mearum est partium, concesserit libens."
https://www.thelatinlibrary.com/ammianus/26.shtml,50,"dabit enim, ut spero, fortuna consiliorum adiutrix bonorum, quantum efficere et consequi possum, diligenter scrutantibus temperatum. ut enim sapientes definiunt, non modo in  imperio, ubi pericula maxima sunt et creberrima, verum etiam in privatis cottidianisque rationibus, alienum ad amicitiam, cum iudicaverit quisquam prudens, adiungere sibi debebit, non, cum adiunxerit, iudicare.","dabit enim, ut spero, fortuna consiliorum adiutrix bonorum, quantum efficere et consequi possum, diligenter scrutantibus temperatum.ut enim sapientes definiunt, non modo in  imperio, ubi pericula maxima sunt et creberrima, verum etiam in privatis cottidianisque rationibus, alienum ad amicitiam, cum iudicaverit quisquam prudens, adiungere sibi debebit, non, cum adiunxerit, iudicare."
https://www.thelatinlibrary.com/ammianus/26.shtml,38,". Finita oratione, quam auctoritas erexerat inopina, flexit imperator in suam sententiam universos, consiliique eius viam secuti qui paulo ante flagrantissimis vocibus aliud postulabant, circumsaeptum aquilis et vexillis agminibusque diversorum ordinum ambitiose stipatum iamque terribilem duxerunt in regiam.","Finita oratione, quam auctoritas erexerat inopina, flexit imperator in suam sententiam universos, consiliique eius viam secuti qui paulo ante flagrantissimis vocibus aliud postulabant, circumsaeptum aquilis et vexillis agminibusque diversorum ordinum ambitiose stipatum iamque terribilem duxerunt in regiam."
https://www.thelatinlibrary.com/ammianus/26.shtml,71,"isque ipse hoc genere, quo iactum est, absolutus, cum vitae pudere debet et culpae, non abolendae incubuit maculae, sed tamquam inter multos probrosos solus vacuus ab omni delicto equo phalerato insidens, discurrensque per silices, multa post se nunc usque trahit agmina servulorum per  novum quoddam insigne curiosius spectari adfectans, ut Duillium  accepimus veterem post gloriosa illa navalis rei certamina id sibi  sumpsisse ut tibicine lenius praecinente rediret ad sua post cenam.","isque ipse hoc genere, quo iactum est, absolutus, cum vitae pudere debet et culpae, non abolendae incubuit maculae, sed tamquam inter multos probrosos solus vacuus ab omni delicto equo phalerato insidens, discurrensque per silices, multa post se nunc usque trahit agmina servulorum per  novum quoddam insigne curiosius spectari adfectans, ut Duillium  accepimus veterem post gloriosa illa navalis rei certamina id sibi  sumpsisse ut tibicine lenius praecinente rediret ad sua post cenam."
https://www.thelatinlibrary.com/ammianus/26.shtml,24,"quo dicto asperatus ille sed tacitus et occultans quae cogitabat, Nicomediam itineribus citis ingressus Kalendis Martiis Valentem fratrem stabulo suo cum tribunatus dignitate praefecit.","quo dicto asperatus ille sed tacitus et occultans quae cogitabat, Nicomediam itineribus citis ingressus Kalendis Martiis Valentem fratrem stabulo suo cum tribunatus dignitate praefecit."
https://www.thelatinlibrary.com/ammianus/26.shtml,42,"Persarum rex manus Armeniis iniectabat, eos in suam dicionem ex integro vocare vi nimia properans, sed iniuste causando quod post Ioviani excessum, cum quo foedera firmarat et pacem, nihil obstare debebit quo minus ea recuperaret, quae antea ad maiores suos pertinuisse monstrabat.","Persarum rex manus Armeniis iniectabat, eos in suam dicionem ex integro vocare vi nimia properans, sed iniuste causando quod post Ioviani excessum, cum quo foedera firmarat et pacem, nihil obstare debebit quo minus ea recuperaret, quae antea ad maiores suos pertinuisse monstrabat."
https://www.thelatinlibrary.com/ammianus/26.shtml,58,"Alamanni enim perrupere Germaniae limites, hac ex causa solito infestius moti. cum legatis eorum missis ad comitatum certa et praestituta ex more munera praeberi deberent, minora et vilia sunt adtributa, quae illi suscepta furenter agentes ut indignissima proiecere. tractatique asperius ab Vrsatio tunc magistro officiorum, iracundo quodam et saevo, regressi factumque exaggerentes ut contumeliose despectas gentes inmanissimas concitarunt.","cum legatis eorum missis ad comitatum certa et praestituta ex more munera praeberi deberent, minora et vilia sunt adtributa, quae illi suscepta furenter agentes ut indignissima proiecere."
https://www.thelatinlibrary.com/ammianus/26.shtml,58,"et  quia se quaeri industria didicerat magna, vitans gravioris  invidiae pondus, ad abdita longiusque remota discessit. cumque a Ioviano  exploratius indagari latibula sua sentiret, et ferinae vitae iam fuisset  pertaesum — quippe a celsiore statu deiectus ad inferiora etiam edendi  penuria in locis squalentibus stringebatur hominumque egebat conloquiis —  postremae necessitatis inpulsu deviis itineribus ad Chalcedonos agrum  pervenit.","cumque a Ioviano  exploratius indagari latibula sua sentiret, et ferinae vitae iam fuisset  pertaesum — quippe a celsiore statu deiectus ad inferiora etiam edendi  penuria in locis squalentibus stringebatur hominumque egebat conloquiis —  postremae necessitatis inpulsu deviis itineribus ad Chalcedonos agrum  pervenit."
https://www.thelatinlibrary.com/ammianus/26.shtml,37,"ubi, quoniam ei illud firmius visum est receptaculum, apud  fidissimum amicorum delitescebat, Strategium quendam ex palatino milite  senatorem, Constantinopolim quantum fieri poterat clanculo saepe  intermeans, ut indicio eiusdem Strategi patuit, postquam saepius in  factionis conscios est inquisitum.","ubi, quoniam ei illud firmius visum est receptaculum, apud  fidissimum amicorum delitescebat, Strategium quendam ex palatino milite  senatorem, Constantinopolim quantum fieri poterat clanculo saepe  intermeans, ut indicio eiusdem Strategi patuit, postquam saepius in  factionis conscios est inquisitum."
https://www.thelatinlibrary.com/ammianus/26.shtml,26,"quae Procopius latenter accipiens,  arbitratusque, ubi felicius acciderit fatum, negotio levi ad apicem summae  potestatis adsumi, subsidebat ut praedatrix bestia viso, quod capi poterit,  protinus eruptura.","quae Procopius latenter accipiens,  arbitratusque, ubi felicius acciderit fatum, negotio levi ad apicem summae  potestatis adsumi, subsidebat ut praedatrix bestia viso, quod capi poterit,  protinus eruptura."
https://www.thelatinlibrary.com/ammianus/26.shtml,33,"Vbi per haec et similia factio firmiter videbatur esse conposita, restabat ut abundans cogeretur militum manus, et impetratum est facile, id  quod in publicis turbamentis aliquotiens ausa ingentia vel iustis exorsa  primordiis inpedivit.","Vbi per haec et similia factio firmiter videbatur esse conposita, restabat ut abundans cogeretur militum manus, et impetratum est facile, id  quod in publicis turbamentis aliquotiens ausa ingentia vel iustis exorsa  primordiis inpedivit."
https://www.thelatinlibrary.com/ammianus/26.shtml,41,"transeuntes ad expeditionem per Thracias  concitatae equitum peditumque turmae blandeque acceptae et liberaliter  cum essent, omnesque in unum quaesitae, iamque exercitus species  appareret, promissis uberrimis inhiantes, sub exsecrationibus  diris in verba iuravere Procopii, hanc polliciti pertinaciam quod eum suis  animis defensabunt.","transeuntes ad expeditionem per Thracias  concitatae equitum peditumque turmae blandeque acceptae et liberaliter  cum essent, omnesque in unum quaesitae, iamque exercitus species  appareret, promissis uberrimis inhiantes, sub exsecrationibus  diris in verba iuravere Procopii, hanc polliciti pertinaciam quod eum suis  animis defensabunt."
https://www.thelatinlibrary.com/ammianus/26.shtml,40,"O. inventa est enim occasio ad alliciendos eos  perquam oportuna, quod Constanti filiam parvulam, cuius recordatio  colebatur, sinu ipse circumferens necessitudinem praetendebat et Iuliani.  adeptusque est aliud tempori congruum, quod Faustina matre puellae casu  praesente quaedam acceperat habitus insignia principalis.","O. inventa est enim occasio ad alliciendos eos  perquam oportuna, quod Constanti filiam parvulam, cuius recordatio  colebatur, sinu ipse circumferens necessitudinem praetendebat et Iuliani.adeptusque est aliud tempori congruum, quod Faustina matre puellae casu  praesente quaedam acceperat habitus insignia principalis."
https://www.thelatinlibrary.com/ammianus/26.shtml,51,"ad quam obsidendam cum huius modi pugnarum peritis Vadomario misso  ex duce et rege Alamannorum, Valens Nicomediam pergit. exindeque  profectus oppugnationi Chalcedonis magnis viribus insistebat, cuius e  muris probra in eum iaciebantur et iniuriose conpellebatur ut Sabaiarius.  est autem sabaia ex ordeo vel frumento in liquorem conversis paupertinus  in Illyrico potus.","ad quam obsidendam cum huius modi pugnarum peritis Vadomario misso  ex duce et rege Alamannorum, Valens Nicomediam pergit.exindeque  profectus oppugnationi Chalcedonis magnis viribus insistebat, cuius e  muris probra in eum iaciebantur et iniuriose conpellebatur ut Sabaiarius."
https://www.thelatinlibrary.com/ammianus/26.shtml,76,"fessus denique inopia commeatuum, et obstinatione  nimia defensorum, discedere iam parabat, cum inter haec clausi apud  Nicaeam, patefactis subito portis egressi, munitorum magna parte  prostrata, ductore fidentissimo Rumitalca properabant ardenter  circumventuri Valentem a tergo, nondum a Chalcedonos suburbano  digressum, et patrassent conata, ni rumore quodam praeverso imminens  exitium ille perdoctus, instantem vestigiis hostem per Sunonensem lacum  et fluminis Galli sinuosos amfractus propere discedendo frustra sequentem  lusisset. et hoc casu Bithynia quoque in  Procopii dicionem redacta est.",et hoc casu Bithynia quoque in  Procopii dicionem redacta est.
https://www.thelatinlibrary.com/ammianus/26.shtml,59,"qui ubi Dadastanam tetigit, in qua statione perisse diximus Iovianum, Hyperethium sibi oppositum repente vidit cum copiis antehac rectoris Castrensis adparitorem id est ventris ministrum et gutturis, cui at amico Procopius auxilia ductanda commisit. et dedignatus hominem superare certamine despicabilem, auctoritatis et celsi fiducia corporis, ipsis hostibus iussit suum vincire rectorem: atque ita turmarum antesignanus umbratilis conprensus suorum manibus.","qui ubi Dadastanam tetigit, in qua statione perisse diximus Iovianum, Hyperethium sibi oppositum repente vidit cum copiis antehac rectoris Castrensis adparitorem id est ventris ministrum et gutturis, cui at amico Procopius auxilia ductanda commisit."
https://www.thelatinlibrary.com/ammianus/26.shtml,37,"ubi forte Serenianus repertus domesticorum tunc comes, missus ad thesauros tuendos, urbem inexsuperabili moenium ambitu monumentis quoque veteribus cognitam, fretus tumulturio praesidio custodiebat: ad quam expugnandam Procopius, ut, possessa Bithynia, sibi etiam Hellespontum iungeret, validam destinaverat manum.","ubi forte Serenianus repertus domesticorum tunc comes, missus ad thesauros tuendos, urbem inexsuperabili moenium ambitu monumentis quoque veteribus cognitam, fretus tumulturio praesidio custodiebat: ad quam expugnandam Procopius, ut, possessa Bithynia, sibi etiam Hellespontum iungeret, validam destinaverat manum."
https://www.thelatinlibrary.com/ammianus/26.shtml,51,"Ea victoria ultra homines sese Procopius efferens et ignorans quod quivis beatus versa rota Fortunae ante vesperum potest esse miserrimus, Arbitionis domum, cui antea tamquam eadem sibi sentientis parcebat ut propriae, iussit exinaniri mobilis census inaestimabilis plenam, ideo indignatus quod venire ad eum accitus aliquotiens distulit, causatus incommoda senectutis et morbos.","Ea victoria ultra homines sese Procopius efferens et ignorans quod quivis beatus versa rota Fortunae ante vesperum potest esse miserrimus, Arbitionis domum, cui antea tamquam eadem sibi sentientis parcebat ut propriae, iussit exinaniri mobilis census inaestimabilis plenam, ideo indignatus quod venire ad eum accitus aliquotiens distulit, causatus incommoda senectutis et morbos."
https://www.thelatinlibrary.com/ammianus/26.shtml,40,"Haec adulta hieme Valentiniano et Valente consulibus agebantur. translato vero in Gratianum t adhuc privatum et Dagalaifum amplissimo magistratu, aperto iam vere, suscitatis viribus Valens iuncto sibi Lupicino cum robustis auxiliis Pessinunta signa propere tulit, Phrygiae quondam, nunc Galatiae oppidum.","Haec adulta hieme Valentiniano et Valente consulibus agebantur.translato vero in Gratianum t adhuc privatum et Dagalaifum amplissimo magistratu, aperto iam vere, suscitatis viribus Valens iuncto sibi Lupicino cum robustis auxiliis Pessinunta signa propere tulit, Phrygiae quondam, nunc Galatiae oppidum."
https://www.thelatinlibrary.com/ammianus/26.shtml,69,"cui pertinaci conspiratione multorum hac maxima consideratione resistebatur, quod hostis eius, ut ante relatum est, Constanti filiam parvulam cum matre Faustina et in agminibus et cum prope in acie starent, lectica circumferens secum, ut pro imperiali germine, cui se quoque iunctum addebat, pugnarent audentius, iras militum accenderat. sicut aliquando dimicaturi Macedones cum Illyriis regern adhuc infantem in cunis locavere post aciem, cuius metu, ne traheretur captivus, adversos fortius oppresserunt.","cui pertinaci conspiratione multorum hac maxima consideratione resistebatur, quod hostis eius, ut ante relatum est, Constanti filiam parvulam cum matre Faustina et in agminibus et cum prope in acie starent, lectica circumferens secum, ut pro imperiali germine, cui se quoque iunctum addebat, pugnarent audentius, iras militum accenderat.sicut aliquando dimicaturi Macedones cum Illyriis regern adhuc infantem in cunis locavere post aciem, cuius metu, ne traheretur captivus, adversos fortius oppresserunt."
https://www.thelatinlibrary.com/ammianus/26.shtml,32,"Isdem fere diebus protector Marcellus, eiusdem cognatus, agens apud Nicaeam praesidium, proditione militum et interitu Procopii cognito, Serenianum intra palatium clausum medio noctis horrore incautum adortus occidit. cuius mors saluti plurimis fuit.",cuius mors saluti plurimis fuit.
https://www.thelatinlibrary.com/ammianus/26.shtml,55,"verum paulo postea cognita levi praesumptione Marcelli, milites missi sunt audaces et prompti, qui eum raptum ut deditum noxae mancipium in custodiam conpegerunt. unde post dies productus, lateribus sulcatis acerrime, pariaque perpessis consortibus interiit, hoc favorabilis solo quod abstulit Serenianum e medio, crudelem ut Phalarim, et illi fidum ad doctrinarum diritatem, quam  causis inanibus praetexebat.","verum paulo postea cognita levi praesumptione Marcelli, milites missi sunt audaces et prompti, qui eum raptum ut deditum noxae mancipium in custodiam conpegerunt.unde post dies productus, lateribus sulcatis acerrime, pariaque perpessis consortibus interiit, hoc favorabilis solo quod abstulit Serenianum e medio, crudelem ut Phalarim, et illi fidum ad doctrinarum diritatem, quam  causis inanibus praetexebat."
https://www.thelatinlibrary.com/ammianus/26.shtml,34,"Exstirpatis occasu ducis funeribus belli, saevitum est in multos acrius quam errata flagitaverant vel delicta, maximeque in Philippopoleos defensores, qui urbem seque ipsos non nisi capite viso Procopii, quod ad Gallias portabatur, aegerrime dediderunt.","Exstirpatis occasu ducis funeribus belli, saevitum est in multos acrius quam errata flagitaverant vel delicta, maximeque in Philippopoleos defensores, qui urbem seque ipsos non nisi capite viso Procopii, quod ad Gallias portabatur, aegerrime dediderunt."
https://www.thelatinlibrary.com/ammianus/26.shtml,31,"ad gratiam tamen precantium coerciti sunt aliqui lenius. inter quos eminebat Araxius, in ipso rerum exustarum ardore adeptus ambitu praefecturam, et Agilone intercedente genero supplicio insulari multatus, breve post tempus evasit.",ad gratiam tamen precantium coerciti sunt aliqui lenius.
https://www.thelatinlibrary.com/ammianus/26.shtml,44,"His accedebant alia graviora et multo magis quam in proeliis formidanda. carnifex enim et unci et cruentae quaestiones sine discrimine ullo aetatum et dignitatum per fortunas omnes et ordines grassabantur et pacis obtentu ius detestandum agitabatur, infaustam victoriam exsecrantibus universis internecivo bello quovis graviorem.",His accedebant alia graviora et multo magis quam in proeliis formidanda.
https://www.thelatinlibrary.com/ammianus/26.shtml,29,"imperator enim promptior ad nocendum,  criminantibus patens et funereas delationes adsciscens, per supplitiorum  diversitates effrenatius exultavit, sententiae illius Tullianae ignarus,  docentis infelices esse eos qui omnia sibi licere existimarunt.","imperator enim promptior ad nocendum,  criminantibus patens et funereas delationes adsciscens, per supplitiorum  diversitates effrenatius exultavit, sententiae illius Tullianae ignarus,  docentis infelices esse eos qui omnia sibi licere existimarunt."
https://www.thelatinlibrary.com/ammianus/26.shtml,36,"Hoc novatore adhuc superstite, cuius actus multiplices docuimus et interitum, diem duodecimum Kalendas Augustas, consule Valentiniano primum cum fratre, horrendi terrores per omnem orbis ambitum grassati sunt subito, qualis nec fabulae nec veridicae nobis antiquitates exponunt.","Hoc novatore adhuc superstite, cuius actus multiplices docuimus et interitum, diem duodecimum Kalendas Augustas, consule Valentiniano primum cum fratre, horrendi terrores per omnem orbis ambitum grassati sunt subito, qualis nec fabulae nec veridicae nobis antiquitates exponunt."
https://www.thelatinlibrary.com/ammianus/26.shtml,34,"ingentes aliae naves extrusae rabidis flatibus culminibus insedere tectorum, ut Alexandriae contigit: et ad secundum lapidem fere procul a litore contortae sunt aliquae, ut Laconicam prope Mothonen oppidum nos transeundo conspeximus diuturna carie fatiscentem.","ingentes aliae naves extrusae rabidis flatibus culminibus insedere tectorum, ut Alexandriae contigit: et ad secundum lapidem fere procul a litore contortae sunt aliquae, ut Laconicam prope Mothonen oppidum nos transeundo conspeximus diuturna carie fatiscentem."
https://www.thelatinlibrary.com/ammianus/30.shtml,33,"consarcinabant in hunc etiam tum adultum crimina quaedam apud Valentem exaggerentes male sollertes homines, dispendiis saepe communibus pasti. inter quos erat Terentius dux demisse ambulans, semperque submaestus, sed, quoad vixerat, acer dissensionum instinctor.","consarcinabant in hunc etiam tum adultum crimina quaedam apud Valentem exaggerentes male sollertes homines, dispendiis saepe communibus pasti."
https://www.thelatinlibrary.com/ammianus/30.shtml,90,"hocque figmento nefarie decepta credulitate, inter epulas, quae reverendae sunt vel in Euxino ponto, hospitali numine contuente peregrinus cruor in ambitiosa lintea conspersus spumante sanie satietati superfuit convivarum, horrore maximo dispersorum. ingemiscat siquis vita digressis est dolor, huius adrogantiam facti Fabricius ille Luscinus, sciens qua animi magnitudine Democharen vel, ut quidam scribunt, Niciam  ministrum reppulerit regium, conloquio occultiore pollicitum, quod Pyrrum Italiam tunc bellis saevissimis exurentem veneno poculis necabit infectis, scripseritque ad regem ut ab interiore caveret obsequio. tantum reverentiae locum apud priscam illam iustitiam vel hostilis mensae genialitas obtinebat.","ingemiscat siquis vita digressis est dolor, huius adrogantiam facti Fabricius ille Luscinus, sciens qua animi magnitudine Democharen vel, ut quidam scribunt, Niciam  ministrum reppulerit regium, conloquio occultiore pollicitum, quod Pyrrum Italiam tunc bellis saevissimis exurentem veneno poculis necabit infectis, scripseritque ad regem ut ab interiore caveret obsequio.tantum reverentiae locum apud priscam illam iustitiam vel hostilis mensae genialitas obtinebat."
https://www.thelatinlibrary.com/ammianus/30.shtml,31,"Haec per Armeniam notabiliter gesta sunt. Sapor vero post suorum pristinam cladem conperto interitu Papae, quem sociare sibi inpendio  conabatur, maerore gravi perculsus augenteque nostri exercitus alacritate  formidinem, maiora sibi praeseminans,",Haec per Armeniam notabiliter gesta sunt.
https://www.thelatinlibrary.com/ammianus/30.shtml,35,"Haec per eoos agitata sunt tractus. quorum inter seriem Africanas clades et legatorum Tripoleos manes inultos etiam tum et errantes  sempiternus vindicavit iustitiae vigor, aliquotiens serus sed scrupulosus  quaesitor gestorum recte vel secius, hoc modo.",Haec per eoos agitata sunt tractus.
https://www.thelatinlibrary.com/ammianus/30.shtml,32,"Remigius, quem populanti  provincias rettulimus comiti favisse Romano, postquam Leo in eius locum  magister esse coepit officiorum, a muneribus rei publicae iam quiescens,  negotiis se ruralibus dedit prope Mogontiacum in genitalibus  locis.","Remigius, quem populanti  provincias rettulimus comiti favisse Romano, postquam Leo in eius locum  magister esse coepit officiorum, a muneribus rei publicae iam quiescens,  negotiis se ruralibus dedit prope Mogontiacum in genitalibus  locis."
https://www.thelatinlibrary.com/ammianus/30.shtml,53,"quem ibi morantem securius praefectus praetorio Maximinus  reversum ad otium spernens, ut solebat dirae luis ritu grassari per omnia,  laedere modis quibus poterat adfectabat: utque rimaretur plura, quae  latebant, Caesarium antehac eius domesticum, postea notarium principis,  raptum, quae Remigius egerit vel quantum acceperit, ut Romani iuvaret  actus infandos, per quaestionem cruentam interrogabat. I","quem ibi morantem securius praefectus praetorio Maximinus  reversum ad otium spernens, ut solebat dirae luis ritu grassari per omnia,  laedere modis quibus poterat adfectabat: utque rimaretur plura, quae  latebant, Caesarium antehac eius domesticum, postea notarium principis,  raptum, quae Remigius egerit vel quantum acceperit, ut Romani iuvaret  actus infandos, per quaestionem cruentam interrogabat."
https://www.thelatinlibrary.com/ammianus/30.shtml,23,"quibus ille  cognitis, cum esset, ut dictum est, in secessu, conscientia malorum  urgente, vel rationem formidine superante calumniarum, innodato gutture  laquei nexibus interiit.","quibus ille  cognitis, cum esset, ut dictum est, in secessu, conscientia malorum  urgente, vel rationem formidine superante calumniarum, innodato gutture  laquei nexibus interiit."
https://www.thelatinlibrary.com/ammianus/30.shtml,58,"haec memorantes addentesque utilia, reduxere eum in meliorem  sententiam, statimque, ut conducebat rei communi, prope Mogontiacum  blandius rex ante dictus accitur, proclivis ipse quoque ad excipiendum  foedus, ut apparebat. et venit inmane quo quantoque flatu distentus ut  futurus arbiter superior pacis, dieque praedicto conloquii ad ipsam  marginem Rheni caput altius erigens stetit, hinc inde sonitu scutorum  intonante gentilium.","haec memorantes addentesque utilia, reduxere eum in meliorem  sententiam, statimque, ut conducebat rei communi, prope Mogontiacum  blandius rex ante dictus accitur, proclivis ipse quoque ad excipiendum  foedus, ut apparebat."
https://www.thelatinlibrary.com/ammianus/30.shtml,59,"Haec per Gallias et latus agebantur arctoum. at in eois partibus alto externorum silentio intestina pernicies augebatur per Valentis amicos et  proximos, apud quos honestate utilitas erat antiquior. navabatur enim  opera diligens ut homo rigidus, audire cupiens lites, a studio iudicandi  revocaretur, metu ne ita ut Iuliani temporibus defensione innocentiae  respirante, frangeretur potentium tumor adsumpta licentia latius solitus  evagari.","Haec per Gallias et latus agebantur arctoum.at in eois partibus alto externorum silentio intestina pernicies augebatur per Valentis amicos et  proximos, apud quos honestate utilitas erat antiquior."
https://www.thelatinlibrary.com/ammianus/30.shtml,37,"quam a veteribus  ita determinatam orientalium quorundam versutia ad usque bonorum  extulit odium, unde etiam retinaculis temporis praestituti frenatur. ergo  absolutis super eius indignitate paucis, quam in illis partibus agens expertus  sum, ad coeptorum cursum regrediar institutum.","quam a veteribus  ita determinatam orientalium quorundam versutia ad usque bonorum  extulit odium, unde etiam retinaculis temporis praestituti frenatur.ergo  absolutis super eius indignitate paucis, quam in illis partibus agens expertus  sum, ad coeptorum cursum regrediar institutum."
https://www.thelatinlibrary.com/ammianus/30.shtml,76,"horum [obstinatione] libertatem temeritas,  constantiam audacia praeceps, eloquentiam inanis quaedam imitatur  fluentia loquendi: quarum artium scaevitate, ut Tullius adseverat, nefas est  religionem decipi iudicantis. ait enim ""cumque nihil tam incorruptum esse  debeat in re publica quam suffragium, quam sententia, non intellego cur,  qui ea pecunia corruperit, poena dignus sit: qui eloquentia, laudem etiam  ferat. mihi quidem hoc plus mali facere videtur, qui oratione, quam qui pretio  iudicem corrumpit: quod pecunia corrumpere pudentem nemo potest,  dicendo potest"".","ait enim ""cumque nihil tam incorruptum esse  debeat in re publica quam suffragium, quam sententia, non intellego cur,  qui ea pecunia corruperit, poena dignus sit: qui eloquentia, laudem etiam  ferat.mihi quidem hoc plus mali facere videtur, qui oratione, quam qui pretio  iudicem corrumpit: quod pecunia corrumpere pudentem nemo potest,  dicendo potest""."
https://www.thelatinlibrary.com/ammianus/30.shtml,45,"Secundum est genus eorum, qui iuris professi scientiam, quam repugnantium sibi legum abolevere discidia, velut vinculis ori inpositis  reticentes, iugi silentio umbrarum sunt similes propriarum. hi velut fata  natalicia praemonstrantes aut Sibyllae oraculorum interpretes, vultus  gravitate ad habitum conposita tristiorem, ipsum quoque venditant, quod  oscitantur.","Secundum est genus eorum, qui iuris professi scientiam, quam repugnantium sibi legum abolevere discidia, velut vinculis ori inpositis  reticentes, iugi silentio umbrarum sunt similes propriarum.hi velut fata  natalicia praemonstrantes aut Sibyllae oraculorum interpretes, vultus  gravitate ad habitum conposita tristiorem, ipsum quoque venditant, quod  oscitantur."
https://www.thelatinlibrary.com/ammianus/30.shtml,38,"cum autem ad  inopiam muniendarum venerint allegationum, ad effrenatam deflectunt  conviciandi licentiam: quo nomine ob adsidua in personas honorabiles  probra diebus dictis aliquotiens sunt damnati, e quibus ita sunt rudes non  nulli ut numquam se codices habuisse meminerint.","cum autem ad  inopiam muniendarum venerint allegationum, ad effrenatam deflectunt  conviciandi licentiam: quo nomine ob adsidua in personas honorabiles  probra diebus dictis aliquotiens sunt damnati, e quibus ita sunt rudes non  nulli ut numquam se codices habuisse meminerint."
https://www.thelatinlibrary.com/ammianus/30.shtml,48,"nec iam fas ullum prae oculis habent,  sed tamquam avaritiae venundati et usucapti, nihil praeter interminatam  petendi licentiam norunt. et siquem semel intra retia ceperint, cassibus  mille inpedicant, per morborum simulationem vicissim consulto cessantes:  utque pervulgati iuris proferatur lectio vana, septem vendibiles introitus  praeparant, dilationum examina longissima contexentes.","nec iam fas ullum prae oculis habent,  sed tamquam avaritiae venundati et usucapti, nihil praeter interminatam  petendi licentiam norunt."
https://www.thelatinlibrary.com/ammianus/30.shtml,45,"Verum tamen haec cum ita sint, non desunt advocatis incommoda plurima, parum sustinenda recte victuro. namque sellulariis quaestibus  inescati, inter se hostiliter dissident et erupta maledicendi ferocia, ut  dictum est, multos offendunt: quam tunc effutiunt cum commissarum sibi  causarum infirmitatem rationibus validis convallare non possunt.","Verum tamen haec cum ita sint, non desunt advocatis incommoda plurima, parum sustinenda recte victuro.namque sellulariis quaestibus  inescati, inter se hostiliter dissident et erupta maledicendi ferocia, ut  dictum est, multos offendunt: quam tunc effutiunt cum commissarum sibi  causarum infirmitatem rationibus validis convallare non possunt."
https://www.thelatinlibrary.com/ammianus/30.shtml,54,"ad ultimum id  habet causidicina cum ceteris metuendum et grave, quod hoc ingenitum est  paene litigantibus cunctis, ut, cum iurgia mille casibus cadant, accidentia  secus in potestate esse existiment patronorum, et omnem certaminum  exitum isdem soleant adsignare, et non vitiis rerum aut iniquitati  aliquotiens disceptantium sed solis defensantibus irascantur. verum unde  huc declinavimus revertamur.","ad ultimum id  habet causidicina cum ceteris metuendum et grave, quod hoc ingenitum est  paene litigantibus cunctis, ut, cum iurgia mille casibus cadant, accidentia  secus in potestate esse existiment patronorum, et omnem certaminum  exitum isdem soleant adsignare, et non vitiis rerum aut iniquitati  aliquotiens disceptantium sed solis defensantibus irascantur."
https://www.thelatinlibrary.com/ammianus/30.shtml,51,"solum tamen incitato  petebat odio Probum,  numquam, ex quo eum viderat, minari desinens vel  mitescens: cuius rei causae nec obscurae fuerunt nec leves. hic  praefecturam praetorio non tunc primitus nanctus, eamque multis atque  utinam probabilibus modis in longum proferre gestiens, non ut prosapiae  suae claritudo monebat, plus adulationi quam verecundiae dedit.","hic  praefecturam praetorio non tunc primitus nanctus, eamque multis atque  utinam probabilibus modis in longum proferre gestiens, non ut prosapiae  suae claritudo monebat, plus adulationi quam verecundiae dedit."
https://www.thelatinlibrary.com/ammianus/30.shtml,31,"contemplatus enim propositum principis, quaerendae undique pecuniae  vias absque iustormn iniustorumque discretione scrutantis, errantem non  reducebat ad aequitatis tramitem, ut saepe moderatores fecere tranquilli: sed ipse quoque flexibilem sequebatur atque transversum.","contemplatus enim propositum principis, quaerendae undique pecuniae  vias absque iustormn iniustorumque discretione scrutantis, errantem non  reducebat ad aequitatis tramitem, ut saepe moderatores fecere tranquilli: sed ipse quoque flexibilem sequebatur atque transversum."
https://www.thelatinlibrary.com/ammianus/30.shtml,90,"quo ille verbo tamquam telo perculsus, actus eius ut sagax bestia  rimabatur, genuino percunctando sermone, quos noscitabat: ubinam ille  esset verbi gratia honore ante suos excellens et nomine, vel ille dives, aut  alius ordinis primus. cumque disceret perisse aliquem laqueo, abisse alium  trans mare, conscivisse sibi alium mortem, aut plumbo vita erepta  extinctum, in inmensum excanduit, urente irarum nutrimenta tunc  officiorum magistro Leone - pro nefas - ipso quoque praefecturam, ut e  celsiore scopulo caderet, adfectante: quam si adeptus rexisset, prae his,  quae erat ausurus, administratio Probi ferebatur in caelum.","quo ille verbo tamquam telo perculsus, actus eius ut sagax bestia  rimabatur, genuino percunctando sermone, quos noscitabat: ubinam ille  esset verbi gratia honore ante suos excellens et nomine, vel ille dives, aut  alius ordinis primus."
https://www.thelatinlibrary.com/ammianus/30.shtml,33,"nocteque, quam lux  eruptura eum vita secuta est, ut per quietem solet, videbat coniugem suam  absentem sedere passis capillis, amictu squalenti contectam: quam  aestimari dabatur Fortunam eius esse cum taetro habitu iam discessuram.","nocteque, quam lux  eruptura eum vita secuta est, ut per quietem solet, videbat coniugem suam  absentem sedere passis capillis, amictu squalenti contectam: quam  aestimari dabatur Fortunam eius esse cum taetro habitu iam discessuram."
https://www.thelatinlibrary.com/ammianus/30.shtml,25,"Post haec Quadorum venere legati, pacem cum praeteritorum oblitteratione suppliciter obsecrantes, quam ut adipisci sine obstaculo  possent, et tirocinium et quaedam utilia rei Romanae pollicebantur.","Post haec Quadorum venere legati, pacem cum praeteritorum oblitteratione suppliciter obsecrantes, quam ut adipisci sine obstaculo  possent, et tirocinium et quaedam utilia rei Romanae pollicebantur."
https://www.thelatinlibrary.com/ammianus/30.shtml,95,"quos  quoniam suscipi placuit, et redire indutiis, quae poscebantur, indultis -  quippe eos vexari diutius nec ciborum inopia nec alienum tempus anni  patiebantur - in consistorium Aequitio suadente sunt intromissi. cumque  membris incurvatis starent metu debiles et praestricti, docere iussi, quae  ferebant, usitatas illas causationum species iurandi fidem addendo  firmabant: nihil ex communi mente procerum gentis delictum  adseverantes in nostros, sed per extimos quosdam latrones amnique  confines evenisse, quae inciviliter gesta sunt, etiam id quoque addendo, ut  sufficiens ad facta purganda firmantes, quod munimentum extrui coeptum  nec iuste nec oportune, ad ferociam animos agrestes accendit.","quos  quoniam suscipi placuit, et redire indutiis, quae poscebantur, indultis -  quippe eos vexari diutius nec ciborum inopia nec alienum tempus anni  patiebantur - in consistorium Aequitio suadente sunt intromissi."
https://www.thelatinlibrary.com/ammianus/30.shtml,37,"unus tamen repertus,  venam eius iterum saepiusque pungendo, ne guttam quidem cruoris elicere  potuit, internis nimietate calorum ambustis, vel, ut quidam existimabant,  arefactis ideo membris, quod meatus aliqui, quos haemorrhoidas nunc  appellamus, obserati sunt gelidis frigoribus concrustati.","unus tamen repertus,  venam eius iterum saepiusque pungendo, ne guttam quidem cruoris elicere  potuit, internis nimietate calorum ambustis, vel, ut quidam existimabant,  arefactis ideo membris, quod meatus aliqui, quos haemorrhoidas nunc  appellamus, obserati sunt gelidis frigoribus concrustati."
https://www.thelatinlibrary.com/ammianus/30.shtml,39,"Replicare nunc est oportunum, ut aliquotiens fecimus, et ab ortu primigenio patris huiusce principis ad usque ipsius obitum actus eius  discurrere per epilogos brevis, nec vitiorum praetermisso discrimine vel  bonorum, quae potestatis amplitudo monstravit, nudare solita semper  animorum interna.","Replicare nunc est oportunum, ut aliquotiens fecimus, et ab ortu primigenio patris huiusce principis ad usque ipsius obitum actus eius  discurrere per epilogos brevis, nec vitiorum praetermisso discrimine vel  bonorum, quae potestatis amplitudo monstravit, nudare solita semper  animorum interna."
https://www.thelatinlibrary.com/ammianus/30.shtml,50,"Natus apud Cibalas Pannoniae oppidum Gratianus maior ignobili stirpe, cognominatus est a pueritia prima Funa rius ea re, quod nondum adultus venalem circumferens funem, quinque militibus eum rapere studio magno conatis nequaquam cessit: aemulatus  Crotoniaten Milonem, cui  mala saepe cohaerenter laeva manu retinenti vel  dextra, nulla umquam virium fortitudo abstraxit.","Natus apud Cibalas Pannoniae oppidum Gratianus maior ignobili stirpe, cognominatus est a pueritia prima Funa rius ea re, quod nondum adultus venalem circumferens funem, quinque militibus eum rapere studio magno conatis nequaquam cessit: aemulatus  Crotoniaten Milonem, cui  mala saepe cohaerenter laeva manu retinenti vel  dextra, nulla umquam virium fortitudo abstraxit."
https://www.thelatinlibrary.com/ammianus/30.shtml,39,"Cuius meritis Valentinianus ab ineunte adulescentia commendabilis, contextu suarum quoque suffragante virtutum, indutibus imperatoriae  maiestatis apud Nicaeam ornatus, in Augustum collegium fratrem  Valentem adscivit, ut germanitate ita concordia sibi iunctissimum, inter  probra medium et praecipua, quae loco docebimus conpetenti.","Cuius meritis Valentinianus ab ineunte adulescentia commendabilis, contextu suarum quoque suffragante virtutum, indutibus imperatoriae  maiestatis apud Nicaeam ornatus, in Augustum collegium fratrem  Valentem adscivit, ut germanitate ita concordia sibi iunctissimum, inter  probra medium et praecipua, quae loco docebimus conpetenti."
https://www.thelatinlibrary.com/ammianus/30.shtml,29,"ideo autem etiam Valentinianus merito timebatur, quod  auxit et exercitus valido supplemento, et utrubique Rhenum celsioribus  castris munivit atque castellis, ne latere usquam hostis ad nostra se  proripiens possit.","ideo autem etiam Valentinianus merito timebatur, quod  auxit et exercitus valido supplemento, et utrubique Rhenum celsioribus  castris munivit atque castellis, ne latere usquam hostis ad nostra se  proripiens possit."
https://www.thelatinlibrary.com/ammianus/30.shtml,32,"Haec super actibus principis brevi sunt textu percursa: nunc confisi, quod nec metu nec adulandi foeditate constricta posteritas, incorrupta praeteritorum solet esse spectatrix, summatim eius numerabimus vitia, post et bene merita narraturi.","Haec super actibus principis brevi sunt textu percursa: nunc confisi, quod nec metu nec adulandi foeditate constricta posteritas, incorrupta praeteritorum solet esse spectatrix, summatim eius numerabimus vitia, post et bene merita narraturi."
https://www.thelatinlibrary.com/ammianus/30.shtml,24,"adsimulavit non numquam clementiae speciem cum esset in acerbitatem naturae calore propensior, oblitus profecto quod regenti imperium omnia nimia velut praerupti scopuli sunt devitanda.","adsimulavit non numquam clementiae speciem cum esset in acerbitatem naturae calore propensior, oblitus profecto quod regenti imperium omnia nimia velut praerupti scopuli sunt devitanda."
https://www.thelatinlibrary.com/ammianus/30.shtml,87,"atquin potuit exempla multa contueri maiorum et imitari peregrina atque interna humanitatis et pietatis, quas sapientes consanguineas virtutum esse definiunt bonas. e quibus haec sufficiet poni. Artaxerxes Persarum ille rex potentissimus, quem Macrochira membri unius longitudo commemoravit, suppliciorum varietates, quas natio semper exercuit cruda, lenitate genuina castigans, tiaras ad vicem capitum quibusdam noxiis amputabat: et ne secaret aures more regio pro delictis, ex galeris fila pendentia praecidebat: quae temperantia morum ita tolerabilem eum fecit et verecundum, ut adnitentibus cunctis multos et mirabiles actus impleret Graecis scriptoribus celebratos.",e quibus haec sufficiet poni.
https://www.thelatinlibrary.com/ammianus/30.shtml,48,"haec forsitan Valentinianus  ignorans minimeque reputans adflicti solacia status semper esse  lenitudinem principum, poenas per ignes augebat et gladios: quod ultimum  in adversis rebus remedium pietas reperitur animorum, ut Isocratis  memorat pulchritudo: cuius vox est perpetua docentis, ignosci debere  interdum armis superato rectori, quam iustum quid sit ignoranti.","haec forsitan Valentinianus  ignorans minimeque reputans adflicti solacia status semper esse  lenitudinem principum, poenas per ignes augebat et gladios: quod ultimum  in adversis rebus remedium pietas reperitur animorum, ut Isocratis  memorat pulchritudo: cuius vox est perpetua docentis, ignosci debere  interdum armis superato rectori, quam iustum quid sit ignoranti."
https://www.thelatinlibrary.com/ammianus/30.shtml,26,"unde  motum existimo Tullium praeclare pronuntiasse, cum defenderet Oppium  ""et enim multum posse ad salutem alterius, honori multis; parum potuisse  ad exitium, probro nemini umquam fuit"".","unde  motum existimo Tullium praeclare pronuntiasse, cum defenderet Oppium  ""et enim multum posse ad salutem alterius, honori multis; parum potuisse  ad exitium, probro nemini umquam fuit""."
https://www.thelatinlibrary.com/ammianus/30.shtml,72,"huius exempla continentiae similia plurima in Romanis  exuberant ducibus : quibus omissis quoniam non sunt perfectae virtutis  indicia - nec enim aliena non rapere laudis est - unum ex multis constans  innocentiae vulgi veteris specimen ponam. cum proscriptorum locupletes  domus diripiendas Romanae plebi Marius dedisset et Cinna, vulgi rudes  animi sed humana soliti respectare, alienis laboribus pepercerunt, ut nullus  egens reperiretur aut infimus qui de civili luctu fructum contrectare  pateretur sibi concessum.",huius exempla continentiae similia plurima in Romanis  exuberant ducibus : quibus omissis quoniam non sunt perfectae virtutis  indicia - nec enim aliena non rapere laudis est - unum ex multis constans  innocentiae vulgi veteris specimen ponam.
https://www.thelatinlibrary.com/ammianus/30.shtml,76,"Consentaneum est venire post haec ad eius actus sequendos recte sentientibus et probandos: cum quibus si reliqua temperasset, vixerat ut  Traianus et Marcus. in provinciales admodum parcus, tributorum ubique  molliens sarcinas ': oppidorum et limitum conditor tempestivus: militaris  disciplinae censor eximius, in hoc tantum deerrans quod, cum gregariorum  etiam levia puniret errata, potiorum ducum flagitia progredi sinebat in  maius, ad querelas in eos motas aliquotiens obsurdescens: unde Brittannici  strepitus et Africanae clades et vastitas emersit Illyrici.","Consentaneum est venire post haec ad eius actus sequendos recte sentientibus et probandos: cum quibus si reliqua temperasset, vixerat ut  Traianus et Marcus."
https://www.thelatinlibrary.com/ammianus/30.shtml,39,"Postremo hoc moderamine principatus inclaruit quod inter religionum diversitates medius stetit  nec quemquam inquietavit neque, ut  hoc coleretur, imperavit aut illud: nec interdictis minacibus subiectorum  cervicem ad id, quod ipse coluit, inclinabat, sed intemeratas reliquit has  partes ut repperit.","Postremo hoc moderamine principatus inclaruit quod inter religionum diversitates medius stetit  nec quemquam inquietavit neque, ut  hoc coleretur, imperavit aut illud: nec interdictis minacibus subiectorum  cervicem ad id, quod ipse coluit, inclinabat, sed intemeratas reliquit has  partes ut repperit."
https://www.thelatinlibrary.com/ammianus/30.shtml,27,"Corpus eius lacertosum et validum, capilli fulgor colorisque nitor, cum oculis caesiis semper obliquum intuentis et torvum, atque pulchritudo  staturae liniamentorumque recta conpago maiestatis regiae decus  implebat.","Corpus eius lacertosum et validum, capilli fulgor colorisque nitor, cum oculis caesiis semper obliquum intuentis et torvum, atque pulchritudo  staturae liniamentorumque recta conpago maiestatis regiae decus  implebat."
https://www.thelatinlibrary.com/ammianus/16.shtml,14,"Iulianus Caesar Coloniam a Francis captum recipit, et pacem ibi cum Francorum regibus facit.","Iulianus Caesar Coloniam a Francis captum recipit, et pacem ibi cum Francorum regibus facit."
https://www.thelatinlibrary.com/ammianus/16.shtml,122,"Nullo itaque post haec repugnante ad recuperandam ire placuit Agrippinam ante Caesaris in Gallias adventum excisam, per quos tractus nec civitas ulla visitur nec castellum nisi quod apud Confluentes, locum ita cognominatum ubi amnis Mosella confunditur Rheno, Rigomagum oppidum est et una prope ipsam Coloniam turris.Igitur Agrippinam ingressus non ante motus est exinde, quam Francorum regibus furore mitescente perterritis pacem firmaret rei publicae interim profuturam et urbem reciperet munitissimam.Quibus vincendi primitiis laetus per Treveros hiematurus apud Senonas oppidum tunc oportunum abscessit. Ubi bellorum inundantium molem umeris suis, quod dicitur, vehens scindebatur in multiplices curas, ut milites qui a solitis descivere praesidiis, reducerentur ad loca suspecta et conspiratas gentes in noxam Romani nominis disiectaret ac provideret, ne alimenta deessent exercitui per varia discursuro.","Nullo itaque post haec repugnante ad recuperandam ire placuit Agrippinam ante Caesaris in Gallias adventum excisam, per quos tractus nec civitas ulla visitur nec castellum nisi quod apud Confluentes, locum ita cognominatum ubi amnis Mosella confunditur Rheno, Rigomagum oppidum est et una prope ipsam Coloniam turris.Igitur Agrippinam ingressus non ante motus est exinde, quam Francorum regibus furore mitescente perterritis pacem firmaret rei publicae interim profuturam et urbem reciperet munitissimam.Quibus vincendi primitiis laetus per Treveros hiematurus apud Senonas oppidum tunc oportunum abscessit."
https://www.thelatinlibrary.com/ammianus/16.shtml,8,lulianus Caesar apud Senonas oppidum ab Alemannis obsidetur.,lulianus Caesar apud Senonas oppidum ab Alemannis obsidetur.
https://www.thelatinlibrary.com/ammianus/16.shtml,222,"Hinc contingebat ut noctes ad officia divideret tripertita, quietis et publicae rei et musarum, quod factitasse Alexandrum legimus Magnum; sed multo hic fortius. Ille namque aenea concha supposita brachio extra cubile protento pilam tenebat argenteam, ut cum nervorum vigorem sopor laxasset infusus, gestaminis lapsi tinnitus abrumperet somnum.Iulianus vero absque instrumento quotiens volvit evigilavit et nocte dimidiata semper exsurgens non e plumis vel stragulis sericis ambiguo fulgore nitentibus, sed ex tapete et sisyra, quam vulgaris simplicitas susurnam appellat, occulte Mercurio supplicabat, quem mundi velociorem sensum esse, motum mentium suscitantem theologicae prodidere doctrinae: atque in tanto rerum defectu explorate rei publicae munera curabat.Post quae ut ardua et seria terminata ad procudendum ingenium vertebatur, et incredibile, quo quantoque ardore principalium rerum notitiam celsam indagans et quasi pabula quaedam animo ad sublimiora scandenti conquirens per omnia philosophiae membra prudenter disputando currebat.Sed tamen cum haec effecte pleneque colligeret, nec humiliora despexit, poeticam mediocriter et rhetoricam amavit ut ostendit orationum epistularumque eius cum gravitate comitas incorrupta et nostrarum externarumque rerum historiam multiformem. Super his aderat latine quoque disserendi sufficiens sermo.Si itaque verum est, quod scriptores varii memorant, Cyrum regem et Simonidem lyricum et Hippiam Eleum sophistarum acerrimum ideo valuisse memoria, quod epotis quibusdam remediis id impetrarunt, credendum est hunc etiam tum adultum totum memoriae dolium, si usquam reperiri potuit, exhausisse. Et haec quidem pudicitiae virtutumque sunt signa nocturna.",Et haec quidem pudicitiae virtutumque sunt signa nocturna.
https://www.thelatinlibrary.com/ammianus/16.shtml,117,"Haec per eum annum spe dubia, eventu tamen secundo per Gallias agebantur. In comitatu vero Augusti circumlatrabat Arbetionem invidia velut summa mox adepturum decora cultus imperatorii praestruxisse, instabatque ei strepens inmania comes Verissimus nomine arguens coram, quod a gregario ad magnum militiae culmen evectus hoc quoque non tentus ut parvo locum adpeteret principalem.Sed specialiter eum insectabatur Dorus quidam ex medico Scutariorum, quem nitentium rerum centurionem sub Magnentio Romae provectum rettulimus accusasse Adelphium urbi praefectum ut altiora coeptantem.Cumque res in inquisitionem veniret necessariisque negotio tentis obiectorum probatio speraretur tamquam per saturam subito cubiculariis suffragantibus, ut loquebatur pertinax rumor, et vinculis sunt exutae personae quae stringebantur ut consciae et Dorus evanuit et Verissimus ilico tacuit velut aulaeo deposito scenae.","Haec per eum annum spe dubia, eventu tamen secundo per Gallias agebantur."
https://www.thelatinlibrary.com/ammianus/16.shtml,133,"Isdem diebus adlapso rumore Constantius doctus obsesso apud Senonas Caesari auxilium non tulisse Marcellum, eum sacramento solutum abire iussit in larem. Qui tamquam iniuria gravi perculsus quaedam in Iulianum moliebatur auribus Augusti confisus in omne patentibus crimen.Ideoque cum discederet, Eutherius praepositus cubiculi mittitur statim post eum siquid finxerit convicturus. Verum ille hoc nesciens mox venit Mediolanum strepens et tumultuans, ut erat vanidicus et amenti propior, admissus in consistorium Iulianum ut procacem insimulat, iamque ad evagandum altius validiores sibi pinnas aptare: ita enim cum motu quodam corporis loquebatur ingenti.Haec eo fingente licentius Eutherius ut postulavit inductus iussusque loqui quod vellet, verecunde et modice docet velari veritatem mendaciis. Magistro enim armorum, ut credebatur, cessante consulto industria vigili Caesarem obsessum apud Senonas diu barbaros reppulisse apparitoremque fidum auctori suo quoad vixerit fore obligata cervice sua spondebat.","Qui tamquam iniuria gravi perculsus quaedam in Iulianum moliebatur auribus Augusti confisus in omne patentibus crimen.Ideoque cum discederet, Eutherius praepositus cubiculi mittitur statim post eum siquid finxerit convicturus.Verum ille hoc nesciens mox venit Mediolanum strepens et tumultuans, ut erat vanidicus et amenti propior, admissus in consistorium Iulianum ut procacem insimulat, iamque ad evagandum altius validiores sibi pinnas aptare: ita enim cum motu quodam corporis loquebatur ingenti.Haec eo fingente licentius Eutherius ut postulavit inductus iussusque loqui quod vellet, verecunde et modice docet velari veritatem mendaciis."
https://www.thelatinlibrary.com/ammianus/16.shtml,389,"Res monuit super hoc eodem Eutherio pauca subserere forsitan non credenda ea re, quod, si Numa Pompilius vel Socrates bona quaedam dicerent de spadone dictisque religionum adderent fidem, a veritate descivisse arguebantur. Sed inter vepres rosae nascuntur et inter feras non nullae mitescunt. Itaque carptim eius praecipua, quae sunt conperta, monstrabo.natus in Armenia sanguine libero captusque a finitimis hostibus etiam tum parvulus abstractis geminis Romanis mercatoribus venundatus ad palatium Constantini deducitur: ubi paulatim adulescens rationem recte vivendi sollertiamque ostendebat, litteris quantum tali fortunae satis esse poterat eruditus, cogitandi inveniendique dubia et scrupulosa acumine nimio praestans, inmensum quantum memoria vigens, benefaciendi avidus plenusque iusti consilii, quem si Constans imperator olim ex adulto . . . iamque maturum audiret honesta suadentem et recta, nulla vel venia certe digna peccasset.Is praepositus cubiculi etiam Iulianum aliquotiens corrigebat Asiaticis coalitum moribus ideoque levem. Denique digressus ad otium adscitusque postea in palatium semper sobrius et in primis consistens ita fidem continentiamque virtutes coluit amplas, ut nec prodidisse aliquando arcanum, nisi tuendae causa alienae salutis, nec exarsisse cupidine plus habendi arcesseretur ut ceteri.Unde factum est, ut subinde Romam secedens ibique fixo domicilio consenescens, comitem circumferens conscientiam bonam colatur a cunctis ordinibus et ametur, cum soleant id genus homines post partas ex iniquitate divitias latebras captare secretas, ut lucifugae vitantes multitudinis laesae conspectus.Cui spadonum veterum hunc conparare debeam antiquitates replicando conplures invenire non potui. Fuerunt enim apud veteres licet oppido pauci fideles et frugi sed ob quaedam vitia maculosi. Inter praecipua enim, quae eorum quisque studio possederat vel ingenio, aut rapax aut feritate contentior fuit aut propensior ad laedendum, vel clientibus nimium blandus, aut potentiae fastu superbior: ex omni latere autem ita perfectum neque legisse me neque audisse confiteor, aetatis nostrae testimonio locupleti confisus.Verum si forte scrupulosus quidam lector antiquitatum Menophilum Mithridatis Pontici regis eunuchum nobis opponat, hoc monitu recordetur nihil super eo relatum praeter id solum, quod in supremo discrimine gloriose monstravit.Ingenti proelio superatus a Romanis et Pompeio rex praedictus fugiensque ad regna Colchorum adultam filiam nomine Drypetinam vexatam asperitate morborum in castello Sinhorio huic Menophilo commissam reliquit. Qui virginem omni remediorum solacio plene curatam patri tutissime servans cum a Manlio Prisco imperatoris legato munimentum, quo claudebatur, obsideri coepisset defensoresque eius deditionem meditari sentiret, veritus, ne parentis opprobrio puella nobilis captiva superesset et violata, interfecta illa mox gladium in viscera sua conpegit. Nunc redeam unde diverti.","Sed inter vepres rosae nascuntur et inter feras non nullae mitescunt.iamque maturum audiret honesta suadentem et recta, nulla vel venia certe digna peccasset.Is praepositus cubiculi etiam Iulianum aliquotiens corrigebat Asiaticis coalitum moribus ideoque levem.Fuerunt enim apud veteres licet oppido pauci fideles et frugi sed ob quaedam vitia maculosi."
https://www.thelatinlibrary.com/ammianus/16.shtml,60,"Tunc illud apud Aquitanos evenit, quod latior fama vulgarat. Veterator quidam ad lautum convivium rogatus et mundum, qualia sunt in his regionibus plurima, cum vidisset linteorum toralium par, duos clavos ita latissimos ut sibi vicissim arte ministrantium cohaererent, mensamque operimentis paribus tectam, anteriorem chlamydis partem utraque manu vehens intrinsecus structuram omnem ut amictus adornaverat principales: quae res patrimonium dives evertit.","Tunc illud apud Aquitanos evenit, quod latior fama vulgarat."
https://www.thelatinlibrary.com/ammianus/16.shtml,150,"Haec taliaque ideo magis magisque crescebant, quod Constantius inpendio timidus semper se feriri sperabat, ut Dionysius tyrannus ille Siciliae, qui ob hoc idem vitium et tonstrices docuit filias, necui alieno ora committeret leviganda, aedemque brevem, ubi cubitare sueverat, alta circumdedit fossa eamque ponte solubili superstravit, cuius disiectos asseres et axiculos secum in somnum abiens transferebat eosdemque conpaginabat lucis initio processurus.Inflabant itidem has malorum civilium bucinas potentes in regia ea re, ut damnatorum petita bona suis adcorporarent essetque materia per vicinitates eorum late grassandi.namque ut documenta liquida prodiderunt, proximorum fauces aperuit primus omnium Constantinus, sed eos medullis provinciarum saginavit Constantius.Sub hoc enim ordinum singulorum auctores infinita cupidine divitiarum arserunt sine iustitiae distinctione vel recti, inter ordinarios iudices Rufinus primus praefectus praetorio, et inter militares equitum magister Arbetio, praepositusque cubiculi . . . anus quaestor, et in urbe Anicii, quorum ad avorum aemulationem posteritas tendens satiari numquam potuit cum possessione multo maiore.","anus quaestor, et in urbe Anicii, quorum ad avorum aemulationem posteritas tendens satiari numquam potuit cum possessione multo maiore."
https://www.thelatinlibrary.com/ammianus/16.shtml,5,Agitur de pace cum Persis.,Agitur de pace cum Persis.
https://www.thelatinlibrary.com/ammianus/16.shtml,166,"At Persae in oriente per furta et latrocinia potius quam, ut solebant antea, per concursatorias pugnas hominum praedas agitabant et pecorum, quis non numquam lucrabantur ut repentini, aliquotiens superati multitudine militum amittebant, interdum nihil prospicere prorsus quod poterat rapi permittebantur.Musonianus tamen praefectus praetorio multis, ut ante diximus, bonis artibus eruditus, sed venalis et flecti a veritate pecunia facilis per emissarios quosdam fallendi perstringendique gnaros Persarum scitabatur consilia adsumpto in deliberationes huius modi Cassiano Mesopotamiae duce, stipendiis et discriminibus indurato diversis.Qui cum fide concinente speculatorum aperte cognossent SaporemIn extremis regni limitibus suorum sanguine fuso multiplici aegre propulsare gentes infestas, Tamsaporem ducem parti nostrae contiguum occultis per ignotos milites temptavere conloquiis, ut si copiam fors dedisset, suaderet regi per litteras pacem tandem aliquando cum principe Romano firmare, ut hoc facto latere ab omni securus perduelles advolaret adsiduos.Paruit Tamsapor hisque fretus refert ad regem, quod bellis acerrimis Constantius inplicatus pacem postulat precativam. Dumque ad Chionitas et Eusenos haec scripta mittuntur, in quorum confiniis agebat hiemem Sapor, tempus interstitit longum.","Dumque ad Chionitas et Eusenos haec scripta mittuntur, in quorum confiniis agebat hiemem Sapor, tempus interstitit longum."
https://www.thelatinlibrary.com/ammianus/16.shtml,317,"Proinde Romam ingressus imperii virtutumque omnium larem, cum venisset ad rostra, perspectissimum priscae potentiae forum, obstupuit perque omne latus quo se oculi contulissent miraculorum densitate praestrictus, adlocutus nobilitatem in curia populumque e tribunali, in palatium receptus favore multiplici, laetitia fruebatur optata, et saepe, cum equestres ederet ludos, dicacitate plebis oblectabatur nec superbae nec a libertate coalita desciscentis, reverenter modum ipse quoque debitum servans.non enim, ut per civitates alias, ad arbitrium suum certamina finiri patiebatur, sed ut mos est variis casibus permittebat. Deinde intra septem montium culmina per adclivitates planitiemque posita urbis membra conlustrans et suburbana, quicquid viderat primum, id eminere inter alia cuncta sperabat: Iovis Tarpei delubra, quantum terrenis divina praecellunt: lavacra in modum provinciarum exstructa: amphitheatri molem solidatam lapidis Tiburtini compage, ad cuius summitatem aegre visio humana conscendit: Pantheum velut regionem teretem speciosa celsitudine fornicatam: elatosque vertices scansili suggestu consulum et priorum principum imitamenta portantes, et Urbis templum forumque Pacis et Pompei theatrum et Odeum et Stadium aliaque inter haec decora urbis aeternae.Verum cum ad Traiani forum venisset, singularem sub omni caelo structuram, ut opinamur, etiam numinum adsensione mirabilem, haerebat adtonitus per giganteos contextus circumferens mentem nec relatu effabiles nec rursus mortalibus adpetendos. Omni itaque spe huius modi quicquam conandi depulsa Traiani equum solum locatum in atrii medio, qui ipsum principem vehit, imitari se velle dicebat et posse.Cui prope adstans regalis Ormizda, cuius e Perside discessum supra monstravimus, respondit astu gentili ""ante"" inquit ""imperator stabulum tale condi iubeto, si vales: equus, quem fabricare disponis, ita late succedat, ut iste quem videmus "". Is ipse interrogatus quid de Roma sentiret, id tantum sibi placuisse aiebat, quod didicisset ibi quoque homines mori.Multis igitur cum stupore visis horrendo imperator in fama querebatur ut invalida vel maligna, quod augens omnia semper in maius erga haec explicanda quae Romae sunt obsolescit: deliberansque diu quid ageret, urbis addere statuit ornamentis, ut in maximo circo erigeret obeliscum, cuius originem formamque loco conpetenti monstrabo.","Is ipse interrogatus quid de Roma sentiret, id tantum sibi placuisse aiebat, quod didicisset ibi quoque homines mori.Multis igitur cum stupore visis horrendo imperator in fama querebatur ut invalida vel maligna, quod augens omnia semper in maius erga haec explicanda quae Romae sunt obsolescit: deliberansque diu quid ageret, urbis addere statuit ornamentis, ut in maximo circo erigeret obeliscum, cuius originem formamque loco conpetenti monstrabo."
https://www.thelatinlibrary.com/ammianus/16.shtml,14,"Iulianus C. vii Alamannorum reges Galliam incubantes aggreditur, et barbaros apud Argentoratum acie fundit.","Iulianus C. vii Alamannorum reges Galliam incubantes aggreditur, et barbaros apud Argentoratum acie fundit."
https://www.thelatinlibrary.com/ammianus/16.shtml,97,"Agitabat autem miscebatque omnia sine modo ubique sese diffunditans et princeps audendi periculosa rex Chonodomarius ardua subrigens supercilia ut saepe secundis rebus elatusnam et Decentium Caesarem superavit aequo Marte congressus et civitates erutas multas vastavit et opulentas licentiusque diu nullo refragante Gallias persultavit. Ad cuius roborandam fiduciam recens quoque fuga ducis accessit numero praestantis et viribus.Alamanni enim scutorum insignia contuentes norant eos milites permisisse paucis suorum latronibus terram, quorum metu aliquotiens, cum gradum conferrent, amissis pluribus abiere dispersi. Quae anxie ferebat sollicitus Caesar quod trudente ipsa necessitate digresso periculis cum paucis licet fortibus, populosis gentibus occurrere cogebatur.","Quae anxie ferebat sollicitus Caesar quod trudente ipsa necessitate digresso periculis cum paucis licet fortibus, populosis gentibus occurrere cogebatur."
https://www.thelatinlibrary.com/ammianus/16.shtml,169,"""Urget ratio salutis tuendae communis ut parcissime dicam non iacentis animi Caesarem hortari vos et orare, conmilitones mei, ut adulta robustaque virtute confisi cautiorem viam potius eligamus ad toleranda vel ad depellenda quae sperantur, non praeproperam et ancipitem.Ut enim in periculis iuventutem inpigram esse convenit et audacem, ita cum res postulat, regibilem et consultam. Quid igitur censeo, si arbitrium adfuerit vestrum, iustaque sustinet indignatio, paucis absolvam.Iam dies in meridiem vergit, lassitudine nos itineris fatigatos scrupulosi tramites excipient et obscuri, nox senescente luna nullis sideribus adiuvanda, terrae protinus aestu flagrantes nullis aquarum subsidiis fultae: quae si dederit quisquam commode posse transiri, ruentibus hostium examinibus post otium cibique refectionem et potus, quid nos agimus? quo vigore inedia siti laboreque membris marcentibus occurramus?Ergo quoniam negotiis difficillimis saepe dispositio tempestiva prospexit et statum nutantium rerum recto consilio in bonam partem accepto aliquotiens divina remedia repararunt, hic quaeso vallo fossaque circumdati divisis vigiliis quiescamus somnoque et victu congruis potiti pro tempore, pace dei sit dictum, triumphaturas aquilas et vexilla victricia primo lucis moveamus exordio"".","""Urget ratio salutis tuendae communis ut parcissime dicam non iacentis animi Caesarem hortari vos et orare, conmilitones mei, ut adulta robustaque virtute confisi cautiorem viam potius eligamus ad toleranda vel ad depellenda quae sperantur, non praeproperam et ancipitem.Ut enim in periculis iuventutem inpigram esse convenit et audacem, ita cum res postulat, regibilem et consultam."
https://www.thelatinlibrary.com/ammianus/16.shtml,222,"Accessit huic alacritati plenus celsarum potestatum adsensus maximeque Florentii praefecti praetorio, periculose quidem sed ratione secunda pugnandum esse censentis dum instarent barbari conglobati, qui si diffluxissent, motum militis in seditiones nativo calore propensioris ferri non posse aiebat, extortam sibi victoriam, ut putavit, non sine ultimorum conatu graviter toleraturi.Addiderat autem fiduciam nostris consideratio gemina recordantibus quod anno nuper emenso Romanis per transrhenana spatia fusius volitantibus nec visus est quisquam laris sui defensor nec obvius stetit sed concaede arborum densa undique semitis clausis sidere urente brumali aegre vixere barbari longius amendati, quodque imperatore terras eorum ingresso nec resistere ausi nec apparere pacem impetraverunt suppliciter obsecrantes.Sed nullus mutatam rationem temporis aduertebat quod tunc tripertito exitio premebantur imperatore urgente per Raetias, Caesare proximo nusquam elabi permittente, finitimis, quos hostes fecere discordiae, modo non occipitia conculcantibus hinc indeque cinctorum. Postea vero pace data discesserat imperator et sedata iurgiorum materia vicinae gentes iam concordabant et turpissimus ducis Romani digressus ferociam natura conceptam auxit in maius.Alio itidem modo res est adgravata Romana ex negotio tali. Regii duo fratres vinculo pacis adstricti, quam anno praeterito impetraverant a Constantio, nec tumultuare nec commoveri sunt ausi. Sed paulo postea uno ex his Gundomado, qui potior erat fideique firmioris, per insidias interempto omnis eius populus cum nostris hostibus conspiravit et confestim Vadomarii plebs ipso invito, ut adserebat agminibus bella cientium barbarorum sese coniunxit.","Regii duo fratres vinculo pacis adstricti, quam anno praeterito impetraverant a Constantio, nec tumultuare nec commoveri sunt ausi."
https://www.thelatinlibrary.com/ammianus/16.shtml,343,"Dato igitur aenatorum accentu sollemniter signo ad pugnandum utrimque magnis concursum est viribus. Propilabantur missilia et properantes cito quam considerato cursu Germani telaque dextris explicantes involavere nostrorum equitum turmas frendentes inmania eorumque ultra solitum saevientium comae fluentes horrebant et elucebat quidam ex oculis furor, quos contra pertinax miles scutorum obicibus vertices tegens eiectansque gladios vel tela concrispans mortem minitantia perterrebat.Cumque in ipso proeliorum articulo eques se fortiter conturmaret et muniret latera sua firmius pedes, frontem artissimis conserens parmis, erigebantur crassi pulveris nubes variique fuere discursus nunc resistentibus nunc cedentibus nostris, et obnixi genibus quidam barbari peritissimi bellatores hostem propellere laborabant, sed destinatione nimia dexterae dexteris miscebantur et umbo trudebat umbonem caelumque exultantium cadentiumque resonabat a vocibus magnis, et cum cornu sinistrum altius gradiens urgentium tot agmina Germanorum vi nimia pepulisset, iretque in barbaros fremens, equites nostri cornu tenentes dextrum, praeter spem incondite discesserunt, dumque primi fugientium postremos inpediunt, gremio legionum protecti fixerunt integrato proelio gradum.Hoc autem exinde acciderat, quod dum ordinum restituitur series, cataphracti equites viso rectore suo leviter vulnerato et consorte quodam per cervicem equi labentis pondere armorum oppresso dilapsi qua quisque poterat peditesque calcando cuncta turbassent, ni conferti illi sibique vicissim innixi stetissent immobiles. Igitur cum equites nihil praeter fugae circumspectantes praesidia vidisset longius Caesar, concito equo eos velut repagulum quoddam cohibuit.Quo agnito per purpureum signum draconis, summitati hastae longioris aptatum velut senectutis pendentis exuvias, stetit unius turmae tribunus et pallore timoreque perculsus ad aciem integrandam recurrit.Utque in rebus amat fieri dubiis, eosdem lenius increpans Caesar ""quo"" inquit ""cedimus, viri fortissimi? an ignoratis fugam, quae salutem numquam repperit, inriti conatus stultitiam indicare? redeamus ad nostros, saltim gloriae futuri participes, si eos pro re publica dimicantes reliquimus inconsulte"".Haec reverenter dicendo reduxit omnes ad munia subeunda bellandi imitatus salva differentia veterem Syllam, qui cum contra Archelaum Mithridatis ducem educta acie proelio fatigabatur ardenti, relictus a militibus cunctis cucurrit in ordinem primum raptoque et coniecto vexillo in partem hostilem ""ite"" dixerat ""socii periculorum electi et scitantibus ubi relictus sim imperator, respondete nihil fallentes: solus in Boeotia pro omnibus nobis cum dispendio sanguinis sui decernens"".","an ignoratis fugam, quae salutem numquam repperit, inriti conatus stultitiam indicare?"
https://www.thelatinlibrary.com/ammianus/16.shtml,159,"Quibus ita favore superni numinis terminatis post exactum iam diem occinente liticine revocatus invitissimus miles prope supercilia Rheni tendebat scutorumque ordine multiplicato vallatus victu fruebatur et somno.Ceciderunt autem in hac pugna Romani quidem CCXL et III, rectores vero IIII: Bainobaudes Cornutorum tribunus adaeque Laipso et Innocentius cataphractarios ducens et vacans quidam tribunus cuius non suppetit nomen: ex Alamannis vero sex milia corporum numerata sunt in campo constrata et inaestimabiles mortuorum acervi per undas fluminis ferebantur.Tunc Iulianus ut erat fortuna sui spectatior meritisque magis quam imperio potens, Augustus adclamatione concordi totius exercitus appellatus ut agentes petulantius milites increpabat, id se nec sperare nec adipisci velle iurando confirmans.Et ut augeret eventus secundi laetitiam, concilio convocato propositisque praemiis, propitio ore Chonodomarium sibi iussit offerri. Qui primo curvatus, deinde humi suppliciter fusus gentilique prece veniam poscens bono animo esse est iussus.Et diebus postea paucis ductus ad comitatum imperatoris missusque exinde Romam in castris peregrinis, quae in monte sunt Caelio, morbo veterni consumptus est.","Qui primo curvatus, deinde humi suppliciter fusus gentilique prece veniam poscens bono animo esse est iussus.Et diebus postea paucis ductus ad comitatum imperatoris missusque exinde Romam in castris peregrinis, quae in monte sunt Caelio, morbo veterni consumptus est."
https://www.thelatinlibrary.com/ammianus/29.shtml,61,"cumque ad facti vel temptati quaestionem acrius veniretur, exclamabat Palladius confidenter levia esse haec, de quibus agitur, et praetereunda: alia se, si licuerit dicere, monstraturum metuenda et potiora, quae ingenti molimine iam praestructa, nisi prospectum fuerit, universa confundent. iussusque docere fidenter, quae norat, rudentem explicuit inmensum, adfirmans Fidustium praesidialem et cum Irenaeo Pergamium nomen imperaturi post Valentem detestandis praesagiis didicisse secretim.","cumque ad facti vel temptati quaestionem acrius veniretur, exclamabat Palladius confidenter levia esse haec, de quibus agitur, et praetereunda: alia se, si licuerit dicere, monstraturum metuenda et potiora, quae ingenti molimine iam praestructa, nisi prospectum fuerit, universa confundent."
https://www.thelatinlibrary.com/ammianus/29.shtml,75,"atque cunctantibus, quisnam ea tempestate omnibus vigore animi antistaret, visus est aliis excellere Theodorus, secundum inter notarios adeptus iam gradum. et erat re vera ita ut opinati sunt. namque antiquitus claro genere in Galliis natus et liberaliter educatus a primis pueritiae rudimentis, modestia, prudentia, humanitate, gratia, litteris ornatissimus, semper officio locoque, quem retinebat, superior videbatur, altis humilibusque iuxta acceptus. solusque paene omnium erat, cuius linguam non infrenem sed dispicientem quae loqueretur, nullius claudebat periculi metus.","atque cunctantibus, quisnam ea tempestate omnibus vigore animi antistaret, visus est aliis excellere Theodorus, secundum inter notarios adeptus iam gradum.et erat re vera ita ut opinati sunt.solusque paene omnium erat, cuius linguam non infrenem sed dispicientem quae loqueretur, nullius claudebat periculi metus."
https://www.thelatinlibrary.com/ammianus/29.shtml,36,"Igitur et Theodorus a Constantinopoli, quam ex negotio familiari petierat, rapi celeri iubetur effectu, et dum ille reducitur, ex praeiudiciis variis, quae diebus exercebantur et noctibus, plures a disiunctissimis regionibus trahebantur, dignitatibus et nobilitate conspicui .","Igitur et Theodorus a Constantinopoli, quam ex negotio familiari petierat, rapi celeri iubetur effectu, et dum ille reducitur, ex praeiudiciis variis, quae diebus exercebantur et noctibus, plures a disiunctissimis regionibus trahebantur, dignitatibus et nobilitate conspicui ."
https://www.thelatinlibrary.com/ammianus/29.shtml,30,"cumque nec carceres publici iam distenti inclusorum iam catervas, nec privata domicilia sustinerent constipatione vaporata confertas, quoniam vinculis maxima pars eorum attinebatur, et suam et proximi cuiusque vicem omnes horrebant.","cumque nec carceres publici iam distenti inclusorum iam catervas, nec privata domicilia sustinerent constipatione vaporata confertas, quoniam vinculis maxima pars eorum attinebatur, et suam et proximi cuiusque vicem omnes horrebant."
https://www.thelatinlibrary.com/ammianus/29.shtml,26,"advenit aliquando tamen ipse quoque Theodorus, praemortuus et atratus, quo in devia territorii parte abscondito, paratis omnibus, quae indagines futurae poscebant, internarum cladum litui iam sonabant.","advenit aliquando tamen ipse quoque Theodorus, praemortuus et atratus, quo in devia territorii parte abscondito, paratis omnibus, quae indagines futurae poscebant, internarum cladum litui iam sonabant."
https://www.thelatinlibrary.com/ammianus/29.shtml,53,"Et quia fallere non minus videtur, qui gesta praeterit sciens, quam ille, qui numquam facta fingit: non abnuimus - neque enim ambigitur - salutem Valentis et antea saepius per occultas coitiones, et tunc in extrema demersam, ferrumque ad iugulum eius prope adactum a militaribus, fato reflectente depulsum, quem lacrimosis in Thracia discriminibus destinarat.","Et quia fallere non minus videtur, qui gesta praeterit sciens, quam ille, qui numquam facta fingit: non abnuimus - neque enim ambigitur - salutem Valentis et antea saepius per occultas coitiones, et tunc in extrema demersam, ferrumque ad iugulum eius prope adactum a militaribus, fato reflectente depulsum, quem lacrimosis in Thracia discriminibus destinarat."
https://www.thelatinlibrary.com/ammianus/29.shtml,48,"inde factum est, ut clementiae specie penatibus multi protruderentur insontes, praecipites in exilium acti, quorum in aerario bona coacta et ipse ad quaestus proprios redigebat, ut damnati cibo precario victitarent, angustiis formidandae paupertatis adtriti, cuius metu vel in mare nos ire praecipites suadet Theognis poeta vetus et prudens.","inde factum est, ut clementiae specie penatibus multi protruderentur insontes, praecipites in exilium acti, quorum in aerario bona coacta et ipse ad quaestus proprios redigebat, ut damnati cibo precario victitarent, angustiis formidandae paupertatis adtriti, cuius metu vel in mare nos ire praecipites suadet Theognis poeta vetus et prudens."
https://www.thelatinlibrary.com/ammianus/29.shtml,29,"quae etiam si recta fuisse concesserit quisquam, erat tamen ipsa nimietas odiosa. unde animadversum est recte hoc definitum, nullam esse crudeliorem sententiam ea, quae est, cum parcere videtur, asperior.","quae etiam si recta fuisse concesserit quisquam, erat tamen ipsa nimietas odiosa.unde animadversum est recte hoc definitum, nullam esse crudeliorem sententiam ea, quae est, cum parcere videtur, asperior."
https://www.thelatinlibrary.com/ammianus/29.shtml,41,"Constituto itaque iudicio, et cognitoribus praescripta ostentantibus legum, sed ex voluntate dominantis moderantibus momenta causarum, horror pervaserat universos. totus enim devius ab aequitate dilapsus, iamque eruditior ad laedendum in modum harenariae ferae, si admotus quisquam fabricae diffugisset, ad ultimam rabiem saeviebat.","totus enim devius ab aequitate dilapsus, iamque eruditior ad laedendum in modum harenariae ferae, si admotus quisquam fabricae diffugisset, ad ultimam rabiem saeviebat."
https://www.thelatinlibrary.com/ammianus/29.shtml,48,"ibi tum quaerentibus nobis, qui praesenti succedet imperio, quoniam omni parte expolitus fore memorabatur, et adsiliens anulus duas perstrinxerat syllabas THEO cum adiectione litterae postremae, exclamavit praesentium quidam, Theodorum praescribente fatali necessitate portendi. nec ultra super negotio est exploratum: satis enim apud nos constabat hunc esse qui poscebatur"".","ibi tum quaerentibus nobis, qui praesenti succedet imperio, quoniam omni parte expolitus fore memorabatur, et adsiliens anulus duas perstrinxerat syllabas THEO cum adiectione litterae postremae, exclamavit praesentium quidam, Theodorum praescribente fatali necessitate portendi.nec ultra super negotio est exploratum: satis enim apud nos constabat hunc esse qui poscebatur""."
https://www.thelatinlibrary.com/ammianus/29.shtml,34,"deinde haec eadem Euserio sub cruenta quaestione confesso confutabant Theodorum litterae suae per ambagis obliquas ad Hilarium scriptae, quibus spe iam firma concepta ex vatibus, de re non cunctabatur sed tempus patrandae cupidinis quaeritabat.","deinde haec eadem Euserio sub cruenta quaestione confesso confutabant Theodorum litterae suae per ambagis obliquas ad Hilarium scriptae, quibus spe iam firma concepta ex vatibus, de re non cunctabatur sed tempus patrandae cupidinis quaeritabat."
https://www.thelatinlibrary.com/ammianus/29.shtml,48,"et post hunc diebus secutis omnium fere ordinum multitudo, quam nominatim recensere est arduum, in plagas calumniarum coniecta, percussorum dexteras fatigavit, tormentis et plumbo et verberibus ante debilitata, sumptumque est de quibusdam sine spiramento vel mora supplicium, dum quaeritur, an sumi deberet, et ut pecudum ubique trucidatio cernebatur.","et post hunc diebus secutis omnium fere ordinum multitudo, quam nominatim recensere est arduum, in plagas calumniarum coniecta, percussorum dexteras fatigavit, tormentis et plumbo et verberibus ante debilitata, sumptumque est de quibusdam sine spiramento vel mora supplicium, dum quaeritur, an sumi deberet, et ut pecudum ubique trucidatio cernebatur."
https://www.thelatinlibrary.com/ammianus/29.shtml,26,"perque eum ut forensium causarum patronum, quid in primis orationis partibus conlocaret, ut proficere possit facilius et valere, quibusve figurarum commentis splendida loca adtemptare debeat praemonebatur.","perque eum ut forensium causarum patronum, quid in primis orationis partibus conlocaret, ut proficere possit facilius et valere, quibusve figurarum commentis splendida loca adtemptare debeat praemonebatur."
https://www.thelatinlibrary.com/ammianus/29.shtml,74,"Et quoniam longum est quod cruciarius ille conflavit, hoc unum edisseram, quam praecipiti confidentia patriciatus columina ipsa pulsavit. qui ex clandestinis, ut dictum est, regiorum confabulationibus inmaniter adrogans, et ipsa vilitate ad facinus omne venalis, egregium illud par consulum Eusebium et Hypatium germanos fratres, Constanti principis quondam adfines, ad cupidinem altioris fortunae erectos et consuluisse et agitasse quaedam super imperio detulit, addens itineri ad mendacium ficte constructo, quod Eusebio, etiam principalia indumenta parata sint.","Et quoniam longum est quod cruciarius ille conflavit, hoc unum edisseram, quam praecipiti confidentia patriciatus columina ipsa pulsavit."
https://www.thelatinlibrary.com/ammianus/29.shtml,42,"Nec tamen post haec tam paenitenda repressius actum est vel pudenter, non reputante alta nimium potestate, quod recte institutis ne cum inimicorum quidem incommodis in delicta convenit ruere voluntaria, nihilque sit tam iniquum quam ad ardua imperii supercilia etiam acerbitatem naturae adiungi","Nec tamen post haec tam paenitenda repressius actum est vel pudenter, non reputante alta nimium potestate, quod recte institutis ne cum inimicorum quidem incommodis in delicta convenit ruere voluntaria, nihilque sit tam iniquum quam ad ardua imperii supercilia etiam acerbitatem naturae adiungi"
https://www.thelatinlibrary.com/ammianus/29.shtml,34,"sed Heliodoro - incertum morbo an quadam excogitata vi - mortuo (nolim dicere: utinam nec ipsa res loqueretur!) funus eius per vespillones elatum pullati praecedere honorati conplures, inter quos et fratres iussi sunt consulares.","funus eius per vespillones elatum pullati praecedere honorati conplures, inter quos et fratres iussi sunt consulares."
https://www.thelatinlibrary.com/ammianus/29.shtml,36,"inter quos omnes ex adulescentia virtutum pulchritudine commendabilis noster Hypatius praeminebat, vir quieti placidique consilii, honestatem lenium morum velut ad perpendiculum librans, qui et maiorum claritudini gloriae fuit et ipse posteritatem mirandis actibus praefecturae geminae decoravit.","inter quos omnes ex adulescentia virtutum pulchritudine commendabilis noster Hypatius praeminebat, vir quieti placidique consilii, honestatem lenium morum velut ad perpendiculum librans, qui et maiorum claritudini gloriae fuit et ipse posteritatem mirandis actibus praefecturae geminae decoravit."
https://www.thelatinlibrary.com/ammianus/29.shtml,95,"O praeclara informatio doctrinarum, munere caelesti indulta felicibus, quae vel vitiosas naturas saepe excoluisti! quanta in illa caligine temporum correxisses, si Valenti scire per te licuisset nihil aliud esse imperium, ut sapientes definiunt, nisi curam salutis alienae bonique esse moderatoris, restringere potestatem, resistere cupiditati omnium rerum et inplacabilibus iracundiis, nosseque, ut Caesar dictator aiebat, miserum esse instrumentum senectuti recordationem crudelitatis, ideoque de vita et spiritu hominis, qui pars mundi est et animantium numerum complet, laturum sententiam diu multumque cunctari oportere, nec praecipiti studio, ubi inrevocabile factum est, agitari, ut exemplum est illud antiquitati admodum notum.","O praeclara informatio doctrinarum, munere caelesti indulta felicibus, quae vel vitiosas naturas saepe excoluisti!"
https://www.thelatinlibrary.com/ammianus/29.shtml,83,"apud proconsulem Asiae Dolabellam Smyrnaea materfamilias filium proprium et maritum venenis necasse confessa, quod filium ex alio matrimonio ab eis occisum conperisset et conperendinata, cum consilium, ad quod res ex more delata est, anceps, quid inter ultionem et scelus statui debeat, haesitaret, ad Areopagitas missa est Athenienses iudices tristiores, quorum aequitas deorum quoque iurgia dicitur distinxisse. hi causa cognita centesimo post anno cum accusatore mulierem adesse iusserunt, ne aut absolverent veneficam aut ultrix necessitudinum puniretur. ita numquam tardum existimatur, quod est omnium ultimum.","apud proconsulem Asiae Dolabellam Smyrnaea materfamilias filium proprium et maritum venenis necasse confessa, quod filium ex alio matrimonio ab eis occisum conperisset et conperendinata, cum consilium, ad quod res ex more delata est, anceps, quid inter ultionem et scelus statui debeat, haesitaret, ad Areopagitas missa est Athenienses iudices tristiores, quorum aequitas deorum quoque iurgia dicitur distinxisse.hi causa cognita centesimo post anno cum accusatore mulierem adesse iusserunt, ne aut absolverent veneficam aut ultrix necessitudinum puniretur.ita numquam tardum existimatur, quod est omnium ultimum."
https://www.thelatinlibrary.com/ammianus/29.shtml,46,"Post commissa iniquitatibus variis ante dicta, et inpressas foede corporibus liberis, quae suppervixerant, notas, inconivens Iustitiae oculus arbiter et vindex perpetuus rerum vigilavit adtente. namque caesorum ultimae dirae, perpetuum numen ratione querelarum iustissima commoventes, Bellonae accenderant faces, ut fides oraculi firmaretur, quod nihil inpune praedixerat perpetrari.","namque caesorum ultimae dirae, perpetuum numen ratione querelarum iustissima commoventes, Bellonae accenderant faces, ut fides oraculi firmaretur, quod nihil inpune praedixerat perpetrari."
https://www.thelatinlibrary.com/ammianus/29.shtml,43,"et quamquam sint multa et varia, quae, ut levius interpretemur, egit asperrime: pauca tamen dici sufficiet, quae sunt nota ac pervulgata, ad aemulationem eorum commissa, quae facta sunt Romae. ratio enim eadem est ubique recte secusve gestorum, etiam si magnitudo sit dissimilis rerum.","et quamquam sint multa et varia, quae, ut levius interpretemur, egit asperrime: pauca tamen dici sufficiet, quae sunt nota ac pervulgata, ad aemulationem eorum commissa, quae facta sunt Romae."
https://www.thelatinlibrary.com/ammianus/29.shtml,19,"anum quandam simplicem, intervallatis febribus mederi leni carmine consuetam, occidit ut noxiam, postquam filiam suam ipso conscio curavit accita.","anum quandam simplicem, intervallatis febribus mederi leni carmine consuetam, occidit ut noxiam, postquam filiam suam ipso conscio curavit accita."
https://www.thelatinlibrary.com/ammianus/29.shtml,57,"His et mihi vertenti stilum in Gallias confunditur ordo seriesque gestorum, inter multa et saeva Maximinum reperiens iam praefectum, qui potestate late diffusa scaevum imperatori accesserat incentivum, maiestati fortunae miscenti licentiam gravem. quisquis igitur dicta considerat, perpendat etiam cetera, quae tacentur, veniam daturus ut prudens, si non cuncta conplectimur, quae consiliorum pravitas crimina in maius exaggerando commisit.","quisquis igitur dicta considerat, perpendat etiam cetera, quae tacentur, veniam daturus ut prudens, si non cuncta conplectimur, quae consiliorum pravitas crimina in maius exaggerando commisit."
https://www.thelatinlibrary.com/ammianus/29.shtml,54,"adulescente enim acerbitate, rationum inimica rectarum, trux suopte ingenio Valentinianus, post eiusdem Maximini adventum, nec meliora monente ullo nec retentante, per asperos actus velut aestu quodam fluctuum ferebatur et procellarum, adeo ut irascentis saepe vox et vultus et incessus mutaretur et color. quam rem indicia varia testantur et certa, e quibus pauca sufficiet poni.","quam rem indicia varia testantur et certa, e quibus pauca sufficiet poni."
https://www.thelatinlibrary.com/ammianus/29.shtml,40,"praepositum fabricae oblato thorace polito faberrime, praemiumque ideo exspectantem, ea re praecepit occidi, quod pondus paulo minus habuit species ferrea quam ille firmarat. Epiroten aliquem ritus Christiani presbyterum.................... item Octavianum ex proconsule ...............offensarum auctore licet tardius redire ad sua permisso.","praepositum fabricae oblato thorace polito faberrime, praemiumque ideo exspectantem, ea re praecepit occidi, quod pondus paulo minus habuit species ferrea quam ille firmarat."
https://www.thelatinlibrary.com/ammianus/29.shtml,54,"Constantianus strator paucos militares equos ex his ausus mutare, ad quos probandos missus est in Sardiniam, eodem iubente lapidum ictibus oppetit crebris. Athanasius favorabilis tunc auriga, suspectus ei vulgari levitate, ut vivus incendi iuberetur, si quid temptasset huius modi; non multo postea veneficiis usus merebatur, nullaque delata voluptatum artifici venia, ignibus aboleri praeceptus est.","Athanasius favorabilis tunc auriga, suspectus ei vulgari levitate, ut vivus incendi iuberetur, si quid temptasset huius modi; non multo postea veneficiis usus merebatur, nullaque delata voluptatum artifici venia, ignibus aboleri praeceptus est."
https://www.thelatinlibrary.com/ammianus/29.shtml,49,"Et haec quidem morum eius et propositi cruenti sunt documenta verissima. sollertiae vero circa rem publicam usquam digredientis nemo eum vel obtrectator pervicax incusabit, illud contemplans, quod maius pretium operae forsitan regendis verius milite barbaris quam pellendis. et cum dedisset .............................................................e speculis, siquis hostium se commovisset, desuper visus obruebatur.","Et haec quidem morum eius et propositi cruenti sunt documenta verissima.sollertiae vero circa rem publicam usquam digredientis nemo eum vel obtrectator pervicax incusabit, illud contemplans, quod maius pretium operae forsitan regendis verius milite barbaris quam pellendis."
https://www.thelatinlibrary.com/ammianus/29.shtml,41,"Quod ubi Firmo levi rumore, dein apertis est indiciis cognitum, spectatissimi ducis adventu praestrictus, veniam cum concessione praeteritorum, missis oratoribus poscebat et scriptis, docentibus eum non sponte sua ad id erupisse, quod norat scelestum sed iniquitate grassante licentius, ut monstrare pollicebatur.","Quod ubi Firmo levi rumore, dein apertis est indiciis cognitum, spectatissimi ducis adventu praestrictus, veniam cum concessione praeteritorum, missis oratoribus poscebat et scriptis, docentibus eum non sponte sua ad id erupisse, quod norat scelestum sed iniquitate grassante licentius, ut monstrare pollicebatur."
https://www.thelatinlibrary.com/ammianus/29.shtml,47,"quibus lectis paceque obsidibus acceptis promissa, duc recensendas legiones, quae Africam tuebantur, ire pergebat ad Pancharianam stationem, quo convenire praeceptae sunt. ibi magnificis verbis atque prudentibus spe cunctorum erecta, reversus Sitifim, concitato indigena milite cum eo, quem ipse perduxerat, aegre perpetiens moras ad procinctus ire ocius festinabat.","quibus lectis paceque obsidibus acceptis promissa, duc recensendas legiones, quae Africam tuebantur, ire pergebat ad Pancharianam stationem, quo convenire praeceptae sunt."
https://www.thelatinlibrary.com/ammianus/29.shtml,51,"His ita cum laetitia possessorum dispositis, ad Tubusuptum progressus, oppidum Ferrato contiguum monti, legationem secundam Firmi repudiavit, quae obsides, ut ante statutum est, non duxerat secum. unde omnibus pro loco et tempore cautius exploratis, concito gradu Tyndensium gentem et Masinissensium petit levibus armis instructas, quas Mascizel et Dius fratres Firmi ductabant.","His ita cum laetitia possessorum dispositis, ad Tubusuptum progressus, oppidum Ferrato contiguum monti, legationem secundam Firmi repudiavit, quae obsides, ut ante statutum est, non duxerat secum."
https://www.thelatinlibrary.com/ammianus/29.shtml,28,"quae dum ita procedunt, Mascizel reparatis viribus nationum confinium adminicula ductans, conserta manu cum nostris, fusis e parte suorum pluribus, ipse equi pernicitate aegre discrimine mortis exemptus est.","quae dum ita procedunt, Mascizel reparatis viribus nationum confinium adminicula ductans, conserta manu cum nostris, fusis e parte suorum pluribus, ipse equi pernicitate aegre discrimine mortis exemptus est."
https://www.thelatinlibrary.com/ammianus/29.shtml,56,"susceptusque cum osculo, quoniam id rei publicae conducebat, bonae spei iam plenus, sufficientia praebuit alimenta, et quibusdam propinquis suis ad obsidum vicem relictis abscessit, captivos, ut spoponderat, redditurus, quos primis turbarum exordiis rapuit: biduoque post Icosium oppidum, cuius supra docuimus conditores, militaria signa et coronam sacerdotalem cum ceteris quae interceperat, nihil cunctatus restituit, ut praeceptum est.","susceptusque cum osculo, quoniam id rei publicae conducebat, bonae spei iam plenus, sufficientia praebuit alimenta, et quibusdam propinquis suis ad obsidum vicem relictis abscessit, captivos, ut spoponderat, redditurus, quos primis turbarum exordiis rapuit: biduoque post Icosium oppidum, cuius supra docuimus conditores, militaria signa et coronam sacerdotalem cum ceteris quae interceperat, nihil cunctatus restituit, ut praeceptum est."
https://www.thelatinlibrary.com/ammianus/29.shtml,59,"quibus minantis periculi metu defixis revertique iussis ad sua, Caesarea mire tendebat urbem opulentam quondam et nobilem, cuius itidem originem in Africae situ digessimus plene, eamque ingressus cum omnem paene incendiis late dispersis vidisset exustam, horridasque canitie silices, primam et secundam legionem ad tempus ibi locari disposuit, ut favillarum egerentes acervos, agitarent ibi praesidium, ne repetito barbarorum impetu vastaretur.","quibus minantis periculi metu defixis revertique iussis ad sua, Caesarea mire tendebat urbem opulentam quondam et nobilem, cuius itidem originem in Africae situ digessimus plene, eamque ingressus cum omnem paene incendiis late dispersis vidisset exustam, horridasque canitie silices, primam et secundam legionem ad tempus ibi locari disposuit, ut favillarum egerentes acervos, agitarent ibi praesidium, ne repetito barbarorum impetu vastaretur."
https://www.thelatinlibrary.com/ammianus/29.shtml,58,"Quae cum rumores veri distulissent et crebri, provinciae rectores tribunusque Vincentius e latibulis, quibus sese commiserant, egressi, tandem intrepidi ad ducem ocius pervenerunt. quibus ille gratanter visis atque susceptis, agens etiam apud Caesaream, fide rerum diligentius explorata, conperit Firmum per speciem paventis et supplicis tectiore consilio id moliri ut nihil hostile metuentem exercitum in modum tempestatis subitae conturbaret.","quibus ille gratanter visis atque susceptis, agens etiam apud Caesaream, fide rerum diligentius explorata, conperit Firmum per speciem paventis et supplicis tectiore consilio id moliri ut nihil hostile metuentem exercitum in modum tempestatis subitae conturbaret."
https://www.thelatinlibrary.com/ammianus/29.shtml,41,"ante dictos Bellen et Fericium, quos duxerat Gildo, tribunumque Sagittariorum Curandium ea re iussit occidi, quod nec ipse umquam cum hostibus congredi voluit, nec suos ut pugnarent hortari. agebat autem haec Tullianum illud advertens quod ,salutaris rigor vincit inanem speciem clementiae"",","ante dictos Bellen et Fericium, quos duxerat Gildo, tribunumque Sagittariorum Curandium ea re iussit occidi, quod nec ipse umquam cum hostibus congredi voluit, nec suos ut pugnarent hortari.agebat autem haec Tullianum illud advertens quod ,salutaris rigor vincit inanem speciem clementiae"","
https://www.thelatinlibrary.com/ammianus/29.shtml,43,"et cum esset utrimque discursum, agmina viribus armisque incitata nostrorum non perferentes Mazices, licet bellicosum genus et durum, diversis stragibus inplicati foedo diffluxere terrore, ruentesque in fugam caesi sunt absque his, qui reperta copia discedendi, supplici prece veniam, quam dari tempus flagitaverat, inpetrarunt.","et cum esset utrimque discursum, agmina viribus armisque incitata nostrorum non perferentes Mazices, licet bellicosum genus et durum, diversis stragibus inplicati foedo diffluxere terrore, ruentesque in fugam caesi sunt absque his, qui reperta copia discedendi, supplici prece veniam, quam dari tempus flagitaverat, inpetrarunt."
https://www.thelatinlibrary.com/ammianus/29.shtml,28,"ubi diutius agens ut antiquus ille Cunctator pro negotio consultabat, commentis potius et prudentia quam periculosis congressibus hostem pugnacem et inpetrabilem iactu telorum, si fors copiam dederit, oppressurus.","ubi diutius agens ut antiquus ille Cunctator pro negotio consultabat, commentis potius et prudentia quam periculosis congressibus hostem pugnacem et inpetrabilem iactu telorum, si fors copiam dederit, oppressurus."
https://www.thelatinlibrary.com/ammianus/29.shtml,29,"qui Caesaream mitti dispositus, ubi saeva inusserat monumenta facinorum pessimorum, dilatato vulneris hiatu decessit. caput tamen eius avulsum residuo corpore, cum magno visentium gaudio urbi inlatum est ante dictae.","caput tamen eius avulsum residuo corpore, cum magno visentium gaudio urbi inlatum est ante dictae."
https://www.thelatinlibrary.com/ammianus/29.shtml,35,"post haec Isaflensium gentem, quae obstitit, superatam dux nobilis incommodis multis, ut aequitas poscebat, adflixit. ibi Evasium potentem municipem Florumque eius filium et quosdam alios, per secretiora consilia temeratorem quietis iuvisse confutatos aperte, flammis absumpsit.","post haec Isaflensium gentem, quae obstitit, superatam dux nobilis incommodis multis, ut aequitas poscebat, adflixit."
https://www.thelatinlibrary.com/ammianus/29.shtml,90,"haecque cogitationibus anxiis altioreque prospiciens cura, rursus ad Isaflenses hostem conperit revertisse: quos nihil moratus, ut antea, agminibus adoritur incitatis. cui rex Igmazen nomine, spectatus per eos tractus opibusque insignis, progressus obviam confidenter: ""cuius loci es tu"" inquit ""vel quid acturus huc venisti? responde."" quem Theodosius fundata mente intuens torvum: ""comes"" ait ""Valentiniani sum, orbis terrarum domini, ad opprimendum latronem funereum missus: quem nisi statim reddideris, ut invictus statuit imperator, peribis funditus cum gente, quam regis."" quo audito Igmazen post convicia multa, quae congessit in ducem, ira doloreque perculsus abscessit.","quem Theodosius fundata mente intuens torvum: ""comes"" ait ""Valentiniani sum, orbis terrarum domini, ad opprimendum latronem funereum missus: quem nisi statim reddideris, ut invictus statuit imperator, peribis funditus cum gente, quam regis."""
https://www.thelatinlibrary.com/ammianus/29.shtml,49,"hae insperatae voces ad dimicandum quosdam acrius incitarunt, alios deserere proelium inlexerunt. proinde ubi noctis advenit quies prima, partibus tenebrarum obvolutis horrore, dux reversus ad Duodiense castellum, militesque recognoscens, eos quos a pugnandi proposito pavor et verba detorserant Firmi, diverso genere poenarum extinxit: alios ademptis dexteris, quosdam vivos conbustos.","hae insperatae voces ad dimicandum quosdam acrius incitarunt, alios deserere proelium inlexerunt."
https://www.thelatinlibrary.com/ammianus/29.shtml,65,"Dum hoc pulvere per Mauritaniam dux ante dictus anhelat et Africam, Quadorum natio motu est excita repentino, parum nunc formidanda, sed inmensum quantum antehac bellatrix et potens, ut indicant properata quondam raptu proclivi, obsessaque ab isdem ac Marcomannis Aquileia Opitergiumque excisum et cruenta conplura perceleri acta procinctu, vix resistente perruptis Alpibus Iuliis principe serio, quem ante docuimus, Marco. et erat, ut barbaris, ratio iusta querelarum.","et erat, ut barbaris, ratio iusta querelarum."
https://www.thelatinlibrary.com/ammianus/29.shtml,37,"utrumque mox est impetratum. qui promotus profectusque cum venisset ad loca, intempestive turgens ut filius, nullis adfatibus delinitis his, quos numquam temptatae cupiditatis figmenta regionum suarum faciebant extorres, opus paulo ante inchoatum adgreditur, admissa copia rogandi suspensum.","utrumque mox est impetratum.qui promotus profectusque cum venisset ad loca, intempestive turgens ut filius, nullis adfatibus delinitis his, quos numquam temptatae cupiditatis figmenta regionum suarum faciebant extorres, opus paulo ante inchoatum adgreditur, admissa copia rogandi suspensum."
https://www.thelatinlibrary.com/ammianus/29.shtml,49,"Cuius rei tam atrocis disseminatus rumor ilico per diversa et Quados et gentes circumsitas efferavit, regisque flentes interitum, in unum coactae misere vastatorias manus, quae Danubium transgressae, cum nihil exspectaretur hostile, occupatam circa messem agrestem adortae sunt plebem, maioreque parte truncata, quicquid superfuit, domum cum multitudine varii pecoris abduxerunt.","Cuius rei tam atrocis disseminatus rumor ilico per diversa et Quados et gentes circumsitas efferavit, regisque flentes interitum, in unum coactae misere vastatorias manus, quae Danubium transgressae, cum nihil exspectaretur hostile, occupatam circa messem agrestem adortae sunt plebem, maioreque parte truncata, quicquid superfuit, domum cum multitudine varii pecoris abduxerunt."
https://www.thelatinlibrary.com/ammianus/29.shtml,35,"hic ipse praefectus egit admodum quiete, nullam seditionem super querela iusta perpessus, et instauravit vetera plurima. inter quae porticum excitavit ingentem lavacro Agrippae contiguam, Eventus Boni cognominatam ea re, quod huius numinis prope visitur templum.","inter quae porticum excitavit ingentem lavacro Agrippae contiguam, Eventus Boni cognominatam ea re, quod huius numinis prope visitur templum."
https://www.thelatinlibrary.com/ammianus/24.shtml,38,"Sarcinas vero et calones et apparationem inbellem inpedimentorumque genus omne inter utrumque latus instituit procedentium ordinatim, nequa vi subita raperentur, ut saepe contigit, inprotecta. classis autem licet per flumen ferebatur adsiduis flexibus tortuosum, nec residere nec praecurrere sinebatur.","classis autem licet per flumen ferebatur adsiduis flexibus tortuosum, nec residere nec praecurrere sinebatur."
https://www.thelatinlibrary.com/ammianus/24.shtml,45,"sed postquam advenit lux certa, aquatum quidam egressus visis subito hostibus ululabili clamore sublato excitos tumultuosis vocibus propugnatores armavit. et mox a specula quadam altissima explorato situ castrorum, quam ocissime cum duarum praesidio navium amnem supermeat imperator, pone sequentibus navigiis multis, quae obsidionales machinas advehebant.","et mox a specula quadam altissima explorato situ castrorum, quam ocissime cum duarum praesidio navium amnem supermeat imperator, pone sequentibus navigiis multis, quae obsidionales machinas advehebant."
https://www.thelatinlibrary.com/ammianus/24.shtml,38,"iamque muris propinquans cum non absque discriminibus multis consideraret esse certandums sermone cum leni tum aspero et minaci hortabatur ad deditionem defensores, qui ad conloquium petito Ormizda promissi, eius et iuramentis inlecti multa sibi de lenitudine Romana spondebant.","iamque muris propinquans cum non absque discriminibus multis consideraret esse certandums sermone cum leni tum aspero et minaci hortabatur ad deditionem defensores, qui ad conloquium petito Ormizda promissi, eius et iuramentis inlecti multa sibi de lenitudine Romana spondebant."
https://www.thelatinlibrary.com/ammianus/24.shtml,45,"denique prae se bovem coronatum agentes, quod est apud eos susceptae pacis indicium, descendere suppliciter, et statim munimento omni incenso Pusaeus eius praefectus, dux Aegypti postea, honore tribunatus adfectus est. reliqui vero cum caritatibus suis et supellectile humaniore cultu ad Syriacam civitatem Chalcida transmissi sunt.","denique prae se bovem coronatum agentes, quod est apud eos susceptae pacis indicium, descendere suppliciter, et statim munimento omni incenso Pusaeus eius praefectus, dux Aegypti postea, honore tribunatus adfectus est.reliqui vero cum caritatibus suis et supellectile humaniore cultu ad Syriacam civitatem Chalcida transmissi sunt."
https://www.thelatinlibrary.com/ammianus/24.shtml,25,"bellatores enim libenter quaesitis dextris propriis utebantur, alia virtutis suae horrea repperisse existimantes, et laeti quod vitae quoque subsidiis adfluentes alimenta servabant quae navigiis vehebantur.","bellatores enim libenter quaesitis dextris propriis utebantur, alia virtutis suae horrea repperisse existimantes, et laeti quod vitae quoque subsidiis adfluentes alimenta servabant quae navigiis vehebantur."
https://www.thelatinlibrary.com/ammianus/24.shtml,61,"Quibus tali casu patratis ad castra pervenimus nomine Thilutha in medio fluminis sita, locum inmenso quodam vertice tumescentem et potestate naturae velut manu circumsaeptum humana, cuius ad deditionem incolae temptati mollius, ut decebat, quoniam asperitas edita vim superabat armorum, intempestivam tunc defectionem esse firmabant. sed hactenus responderunt, quod cum interiora occupaverint protinus gradientes Romani, se quoque utpote regnorum sequelas victoribus accessuros.","Quibus tali casu patratis ad castra pervenimus nomine Thilutha in medio fluminis sita, locum inmenso quodam vertice tumescentem et potestate naturae velut manu circumsaeptum humana, cuius ad deditionem incolae temptati mollius, ut decebat, quoniam asperitas edita vim superabat armorum, intempestivam tunc defectionem esse firmabant."
https://www.thelatinlibrary.com/ammianus/24.shtml,65,"postera igitur et insequenti die stadiis ducentis emensis ventum est ad locum Baraxmalcha. unde amne transito miliario septimo disparata Diacira invaditur civitas habitatoribus vacua, frumento et salibus nitidis plena, in qua templum alti culminis arci vidimus superpositum, qua incensa caesisque  mulieribus paucis, quae repertae sunt, traiecto fonte scatenti bitumine  Ozogardana occupavimus oppidum, quod formidine advenientis exercitus  itidem deseruere cultores. in quo principis Traiani tribunal ostendebatur.",in quo principis Traiani tribunal ostendebatur.
https://www.thelatinlibrary.com/ammianus/24.shtml,35,"hanc  peditatus omnis pontibus caute digestis transivit. equites vero cum  iumentis armati clementiores gurgites fluminis obliquati transnarunt, alii  multitudine subita petiti telorum hostilium, quos egressi auxiliares ad  cursuram levissimi, fugientiumque cervicibus insistentes, laniatu avium  prostraverunt.",hanc  peditatus omnis pontibus caute digestis transivit.
https://www.thelatinlibrary.com/ammianus/24.shtml,58,"iamque ferocior miles pervasa urbe, quam viderat vacuam,  adversus oppidanos ab arce multimoda tela  fundentes acri contentione pugnabat. cum enim idem prohibitores  catapultis nostrorum urgerentur atque ballistis, ipsi quoque ex edito arcus  erigebant fortiter tensos, quibus panda utrimque surgentia cornua ita  lentius flectebantur ut nervi digitorum acti pulsibus violentis harundines  ferratas emitterent, quae corporibus inlisae contrariis letaliter figebantur.","iamque ferocior miles pervasa urbe, quam viderat vacuam,  adversus oppidanos ab arce multimoda tela  fundentes acri contentione pugnabat."
https://www.thelatinlibrary.com/ammianus/24.shtml,34,"et licet saxis et glande ceterisque telis cum  periculo salutis premeretur, fodicare tamen paratos valvarum latera ut  aditum patefacerent, vocibus increpans crebris non ante discessit quam  telorum congerie, quae superiaciebantur, se iam cerneret obruendum.","et licet saxis et glande ceterisque telis cum  periculo salutis premeretur, fodicare tamen paratos valvarum latera ut  aditum patefacerent, vocibus increpans crebris non ante discessit quam  telorum congerie, quae superiaciebantur, se iam cerneret obruendum."
https://www.thelatinlibrary.com/ammianus/24.shtml,22,"cumque cessasse opera et munitores nihil  temptare viderent ulterius, quod quietis erat indicium certum, copiam sibi  dari conferendi sermonis cum Ormizda poscebant.","cumque cessasse opera et munitores nihil  temptare viderent ulterius, quod quietis erat indicium certum, copiam sibi  dari conferendi sermonis cum Ormizda poscebant."
https://www.thelatinlibrary.com/ammianus/24.shtml,53,"hocque inpetrato  Mamersidis praesidiorum praefectus demissus per funem ductusque ad  imperatorem, ut obsecravit, vita cum inpunitate sibi consortibusque suis  firmiter pacta, redire permissus est. gestisque nuntiatis plebs omnis  utriusque sexus ad sententiam suam cunetis acceptis, pace foederata cum  religionum consecrationibus fidis patefactis egreditur portis, salutarem  genium adfulsisse sibi clamitans Caesarem magnum et lenem.","hocque inpetrato  Mamersidis praesidiorum praefectus demissus per funem ductusque ad  imperatorem, ut obsecravit, vita cum inpunitate sibi consortibusque suis  firmiter pacta, redire permissus est."
https://www.thelatinlibrary.com/ammianus/24.shtml,37,"numerata  sunt autem dediticiorum duo milia et quingenti. nam cetera multitudo  obsidium ante suspectans navigiis parvis permeato amne discessit. in hac  arce armorum alimentorumque copia reperta est maxima, unde necessariis  sumptis reliqua cum loco ipso exussere victores.","numerata  sunt autem dediticiorum duo milia et quingenti.in hac  arce armorum alimentorumque copia reperta est maxima, unde necessariis  sumptis reliqua cum loco ipso exussere victores."
https://www.thelatinlibrary.com/ammianus/24.shtml,45,"ut imperatorem decet, ego solus confecto  tantorum munerum cursu moriar stando contempturus animam quam mihi  febricula eripiet una. aut certe discedam, nec enim ita vixi ut non possim  aliquando esse privatus. praeque me fero et laetor ductores spectatissimos  esse nobiscum perfectos bellicarum omni genere doctrinarumª.","ut imperatorem decet, ego solus confecto  tantorum munerum cursu moriar stando contempturus animam quam mihi  febricula eripiet una.aut certe discedam, nec enim ita vixi ut non possim  aliquando esse privatus."
https://www.thelatinlibrary.com/ammianus/24.shtml,28,"Post haec decursis milibus passuum quattuordecim ad locum quendam est ventum arva aquis abundantibus fecundan tem, quo itinere nos ituros Persae praedocti sublatis cataractis undas  evagari fusius permiserunt.","Post haec decursis milibus passuum quattuordecim ad locum quendam est ventum arva aquis abundantibus fecundan tem, quo itinere nos ituros Persae praedocti sublatis cataractis undas  evagari fusius permiserunt."
https://www.thelatinlibrary.com/ammianus/24.shtml,67,"additur etiam generare feminas  seminibus inlitas marium, feruntque eas amore mutuo delectari, hocque  inde clarere, quod contra se vicissim nutantes ne turgidis quidem flatibus  avertuntur. et si ex more femina maris non inlita fuerit semine, abortus  vitio fetus amittit intempestuosos. et siqua femina, cuius arboris amore perculsa sit ignoretur, unguento ipsius inficitur truncus, et arbor alia  naturaliter odoris dulcedinem concipit, hisque indiciis velut coeundi  quaedam proditur fides.","additur etiam generare feminas  seminibus inlitas marium, feruntque eas amore mutuo delectari, hocque  inde clarere, quod contra se vicissim nutantes ne turgidis quidem flatibus  avertuntur."
https://www.thelatinlibrary.com/ammianus/24.shtml,71,"namque per latentem oppidi portam Persae decem armati  degressi, imaque clivorum pervadentes poplitibus subsidendo, repentino  impetu nostros adgressi sunt. e quibus duo conspectiorem habitu principem  gladiis petiere districtis, sed occurrit ictibus erectum altius scutum, quo  contectus magna elataque fiducia unius lateri ferrum infixit, alterum  stipatores multiplicatis ictibus occiderunt. residuis, e quibus vulnerati sunt  aliqui, disiectis in fugam spoliatisque ambobus reducens incolumes socios  cum exuviis remeavit ad castra omnium laetitia magna susceptus.","residuis, e quibus vulnerati sunt  aliqui, disiectis in fugam spoliatisque ambobus reducens incolumes socios  cum exuviis remeavit ad castra omnium laetitia magna susceptus."
https://www.thelatinlibrary.com/ammianus/24.shtml,25,"Haec dum magno molimine conparantur, Surena hostium dux iumenta adortus, quae in lucis palmaribus vescebantur, a cohortibus nostris  repulsoriis cum paucorum exitio habitus frustra discessit.","Haec dum magno molimine conparantur, Surena hostium dux iumenta adortus, quae in lucis palmaribus vescebantur, a cohortibus nostris  repulsoriis cum paucorum exitio habitus frustra discessit."
https://www.thelatinlibrary.com/ammianus/24.shtml,51,". accedebat his haut levius malum, quod lecta manus et  copiosa, quae obsidebatur, nullis ad deditionem inlecebris flectebatur, sed tamquam superatura vel devota cineribus patriae resistebat adversis. iam aegre retentabatur  inferens se protervius miles et pugnam vel aequo campo iustoque proelio  poscens, cumque receptui caneretur, adsidue animosis hostem urgendi  conatibus urebatur.","accedebat his haut levius malum, quod lecta manus et  copiosa, quae obsidebatur, nullis ad deditionem inlecebris flectebatur, sed tamquam superatura vel devota cineribus patriae resistebat adversis."
https://www.thelatinlibrary.com/ammianus/24.shtml,52,"sed in districtis necessitatibus nihil tam leve est, quod  non interdum etiam contra sperata rerum adferat momenta magnarum.  cum enim ut saepe discessurae partes levius concertarent, abusive incusso  ariete, qui paulo ante erat admotus, sternitur residuis omnibus altior turris  latere coctili firmissime structa, cuius ruina muri contiguum latus secum  inmani fragore protraxit.","sed in districtis necessitatibus nihil tam leve est, quod  non interdum etiam contra sperata rerum adferat momenta magnarum."
https://www.thelatinlibrary.com/ammianus/24.shtml,47,"ibi tum varietate casuum obsidentium labor obsessorumque industria vicissim facinoribus speciosis inclaruit. nihil enim  asperum ira et dolore succenso militi videbatur, nihil munitoribus erat pro  salute currentibus metuendum aut dirum. nam cum anceps pugna diutius  fervens, sanguine utrimque multis caedibus fuso, diei finisset occasu,  tandem fatigationi consulitur.","nam cum anceps pugna diutius  fervens, sanguine utrimque multis caedibus fuso, diei finisset occasu,  tandem fatigationi consulitur."
https://www.thelatinlibrary.com/ammianus/24.shtml,58,"extractus est autem  vivus cum satellitibus octoginta Nabdates praesidiorum magister, quem  oblatum sibi cum aliis servari iussit intactum serenus imperator et clemens. Divisa itaque perpensis meritis et laboribus praeda ipse, ut erat parvo contentus, mutum puerum oblatum sibi suscepit gesticularium, multa, quae  callebat, nutibus venustissimis explicantem, et tris aureos nummos, partae  victoriae praemium iucundum ut existimabat et gratum.","extractus est autem  vivus cum satellitibus octoginta Nabdates praesidiorum magister, quem  oblatum sibi cum aliis servari iussit intactum serenus imperator et clemens."
https://www.thelatinlibrary.com/ammianus/24.shtml,37,"ex virginibus  autem, quae speciosae sunt captae ut in Perside, ubi feminarum pulcritudo  excellit, nec contrectare aliquam voluit nec videre, Alexandrum imitatus  et Africanum, qui haec declinabant ne frangerentur cupiditate, qui se  invictos a laboribus ubique praestiterunt.","ex virginibus  autem, quae speciosae sunt captae ut in Perside, ubi feminarum pulcritudo  excellit, nec contrectare aliquam voluit nec videre, Alexandrum imitatus  et Africanum, qui haec declinabant ne frangerentur cupiditate, qui se  invictos a laboribus ubique praestiterunt."
https://www.thelatinlibrary.com/ammianus/24.shtml,37,"hic et Nabdates vivus exustus est, quem extractum cum octoginta latebris expugnatae docui civitatis, eo quod inter  exordia obsidii coepti clam pollicitus prodere, dimicavit acerrime  adeptusque veniam insperatam ad id proruperat insolentiae, ut Ormizdam  laceraret omnibus probris.","hic et Nabdates vivus exustus est, quem extractum cum octoginta latebris expugnatae docui civitatis, eo quod inter  exordia obsidii coepti clam pollicitus prodere, dimicavit acerrime  adeptusque veniam insperatam ad id proruperat insolentiae, ut Ormizdam  laceraret omnibus probris."
https://www.thelatinlibrary.com/ammianus/24.shtml,49,"flagrans post haec ad eruendum castellum, ubi  periclitatus est, operam convertit et curam, nusquam ab antesignanis ipse  digrediens, ut inter primos dimicans militi ad fortiter faciendum esset  exemplo spectator probatorque gestorum. quo inter discriminum vertices  diu multumque versato varietate munitionum atque telorum et  conspiratione oppugnatorum idem castellum incenditur captum.",quo inter discriminum vertices  diu multumque versato varietate munitionum atque telorum et  conspiratione oppugnatorum idem castellum incenditur captum.
https://www.thelatinlibrary.com/ammianus/24.shtml,39,"Ventum est hinc ad fossile flumen Naarmalcha nomine, quod amnis regum interpretatur, tunc aridum. id antehac Traianus posteaque Severus  egesto solo fodiri in modum canalis amplissimi studio curaverat summo, ut  aquis illuc ab Euphrate transfusis naves ad Tigridem conmigrarent.","Ventum est hinc ad fossile flumen Naarmalcha nomine, quod amnis regum interpretatur, tunc aridum."
https://www.thelatinlibrary.com/ammianus/24.shtml,44,"tutissimumque ad omnia visum est eadem loca purgari, quae quondam  similia Persae timentes mole saxorum obruere multorum. hacque valle  purgata, avulsis cataractis undarum magnitudine classis secura stadiis  triginta decursis in alveum eiecta est Tigridis, et contextis ilico pontibus  transgressus exercitus iter Cochen versus promovit.","tutissimumque ad omnia visum est eadem loca purgari, quae quondam  similia Persae timentes mole saxorum obruere multorum."
https://www.thelatinlibrary.com/ammianus/24.shtml,60,"Abunde ratus post haec prosperitates similis adventare, conplures hostias Marti parabat ultori, et ex tauris pulcherrimis decem ad hoc  perductis, nondum aris admoti voluntate sua novem procubuere tristissimi,  decimus vero, qui diffractis vinculis lapsus aegre reductus est, mactatus  ominosa signa monstravit. quibus visis exclamavit indignatus acriter  Iulianus Iovemque testatus est, nulla Marti iam sacra facturum: nec  resecravit celeri morte praereptus.","quibus visis exclamavit indignatus acriter  Iulianus Iovemque testatus est, nulla Marti iam sacra facturum: nec  resecravit celeri morte praereptus."
https://www.thelatinlibrary.com/ammianus/24.shtml,36,"Digesto itaque consilio cum primatibus super Ctesiphontis obsidio, itum est in voluntatem quorundam, facinus audax et inportunum esse  noscentium id adgredi, quod et civitas situ ipso inexpugnabilis defendebatur  et cum metuenda multitudine protinus rex adfore credebatur.","Digesto itaque consilio cum primatibus super Ctesiphontis obsidio, itum est in voluntatem quorundam, facinus audax et inportunum esse  noscentium id adgredi, quod et civitas situ ipso inexpugnabilis defendebatur  et cum metuenda multitudine protinus rex adfore credebatur."
https://www.thelatinlibrary.com/ammianus/24.shtml,54,"Dein cum metuens sibi quisque mussaret monstraretque perspicua veritas, quod repulsus forsitan ariditate vel altitudine montium, ad aquas  redire non poterit miles, tortique perfugae aperte faterentur se fefellisse,  concursu maximo extingui iussae sunt flammae. et quoniam ignis auctus  inmaniter plerasque consumpsit, duodecim tantum modo naves potuerunt  intactae servari, quae ut possint custodiri discretae sunt.","et quoniam ignis auctus  inmaniter plerasque consumpsit, duodecim tantum modo naves potuerunt  intactae servari, quae ut possint custodiri discretae sunt."
https://www.thelatinlibrary.com/ammianus/24.shtml,54,"maerebat tamen ob haec imperator et miles, quod nec  contabulandi pontis erat facultas amissis navibus temere, nec occurri  poterat hostis adventicii motibus, quem adesse coruscus nitor indicabat  armorum arte pro singulis membris inflexus. hisque accedebat aliud haut  exiguum malum, quod nec adminicula, quae praestolabamur cum Arsace et  nostris ducibus, adparebant ob causas inpedita praedictas.","hisque accedebat aliud haut  exiguum malum, quod nec adminicula, quae praestolabamur cum Arsace et  nostris ducibus, adparebant ob causas inpedita praedictas."
https://www.thelatinlibrary.com/ammianus/24.shtml,61,"quibus dictis remotisque captivis super rerum summa  consultabatur. et multis ultro citroque dictitatis cum reverti debere per  loca, qua venimus, plebs vociferaretur inprudens, resistebat intentius  princeps, multis cum eo nequaquam fieri posse monstrantibus per effusam  planitiem pabulo absumpto et frugibus, vicorumque reliquiis exustorum  inopia squalentibus ultima: quodque liquentibus iam brumae pruinis omne  inmaduerat solum et ruptis riparum terminis aucti  inhorruere torrentes.",quibus dictis remotisque captivis super rerum summa  consultabatur.
https://www.thelatinlibrary.com/ammianus/24.shtml,29,"eo etiam ad difficultatem accedente negotii, quod  per eas terras vapore sideris calescentes muscarum et culicum multitudine  referta sunt omnia, earumque volatu dies et astrorum noctu micantium  facies obumbratur.","eo etiam ad difficultatem accedente negotii, quod  per eas terras vapore sideris calescentes muscarum et culicum multitudine  referta sunt omnia, earumque volatu dies et astrorum noctu micantium  facies obumbratur."
https://www.thelatinlibrary.com/ammianus/24.shtml,41,"ideo inter haec ita ambigua, nequid  adversum accideret revocantibus agmina classicis, in valle graminea prope  rivum multiplicato scutorum ordine in orbiculatam figuram metatis tutius  quievimus castris. nec enim ad usque vesperam aere concreto discerni  potuit quidnam esset, quod diu squalidius videbatur.","nec enim ad usque vesperam aere concreto discerni  potuit quidnam esset, quod diu squalidius videbatur."
https://www.thelatinlibrary.com/ammianus/17.shtml,371,"Quibus clara fide conpertis Caesar noctis prima quiete navigiis modicis et velocibus octingentos inposuit milites ea re, ut vi ingenti sursum versum decurso egressi quicquid invenire potuerint ferro violarent et flammis.Quo ita disposito solis primo exortu visis per montium vertices barbaris ad celsiora ducebatur alacrior miles nulloque invento — hoc si quidem opinati discessere confestim — eminus ingentia fumi volumina visebantur indicantia nostros perruptas populari terras hostiles.Quae res Germanorum perculit animos atque desertis insidiis, quas per arta loca et latebrosa struxerant nostris, trans Menum nomine fluvium ad opitulandum suis necessitudinibus avolarunt.Ut enim rebus amat fieri dubiis et turbatis, hinc equitum nostrorum adcursu, inde navigiis vectorum militum impetu repentino perterrefacti evadendi subsidium velox locorum invenere prudentes, quorum digressu miles libere gradiens opulentas pecore villas et frugibus rapiebat nulli parcendo. extractisque captivis domicilia cuncta curatius ritu Romano constructa flammis subditis exurebat.Emensaque aestimatione decimi lapidis eum prope silvam venisset squalore tenebrarum horrendam, stetit diu cunctando, indicio perfugae doctus per subterranea quaedam occulta fossasque multifidas latere plurimos, ubi habile visum fuerit erupturos.Ausi tamen omnes accedere fidentissime, ilicibus incisis et fraxinis roboreque abietum magno semitas invenere constratas. ideoque gradientes cautius retro non nisi per anfractus longos et asperos ultra progredi posse vix indignationem capientibus animis advertebant.Et quoniam aeris urente saevitia cum discriminibus ultimis laboratur in cassum — aequinoctio quippe autumnali exacto per eos tractus superfusae nives opplevere montes simul et campos — opus arreptum est memorabile.Et dum nullus obsisteret, munimentum, quod in Alamannorum solo conditum Traianus suo nomine voluit appellari, dudum violentius oppugnatum, tumultuario studio reparatum est; locatisque ibi pro tempore defensoribus, ex barbarorum visceribus alimenta congesta sunt.Quae illi maturata ad suam perniciem contemplantes metuque rei peractae volucriter congregati precibus et humilitate suprema petiere missis oratoribus pacem: quam Caesar omni consiliorum via firmata, causatus veri similia plurima, per decem mensuum tribuit intervallum: id nimirum sollerti colligens mente quod castra, supra quam optari potuit occupata sine obstaculo, tormentis muralibus et apparatu deberent valido conmuniri.Hac fiducia tres inmanissimi reges venerunt tandem aliquando iam trepidi, ex his qui misere victis apud Argentoratum auxilia, iurantes conceptis ritu patrio verbis nihil inquietum acturos sed foedera ad praestitutum usque diem, quia id nostris placuerat, cum munimento servaturos intacto frugesque portaturos humeris, si defuisse sibi docuerint defensores. quod utrumque metu perfidiam frenante fecerunt.",quod utrumque metu perfidiam frenante fecerunt.
https://www.thelatinlibrary.com/ammianus/17.shtml,7,Iulianus C. Gallos tributis oppresses levare conatur.,Iulianus C. Gallos tributis oppresses levare conatur.
https://www.thelatinlibrary.com/ammianus/17.shtml,242,"Quia igitur plurimae gentes vi maiore conlaturae capita sperabantur, dubia bellorum coniectans sobrius rector magnis curarum molibus stringebatur. dumque per indutias licet negotiosas et breves aerumnosis possessorum damnis mederi posse credebat, tributi ratiocinia dispensavit.Cumque Florentius praefectus praetorio cuncta permensus, ut contendebat, quicquid in capitatione deesset, ex conquisitis se supplere firmaret, talium gnarus, animam prius amittere quam hoc sinere fieri memorabat.Norat enim huius modi provisionum, immo eversionum, ut verius dixerim, insanabilia vulnera saepe ad ultimam egestatem provincias contraxisse, quae res, ut docebitur postea, penitus evertit Illyricum.Ob quae praefecto praetorio ferri non posse clamante se repente factum infidum, cui Augustus summam commiserit rerum, Iulianus eum sedatius leniens scrupulose conputando et vere docuit non sufficere solum, verum etiam exuberare capitationis calculum ad commeatuum necessarios apparatus.Nihilo minus tamen diu postea indictionale augmentum oblatum sibi nec recitare nec subnotare perpessus humi proiecit. litterisque Augusti monitus ex relatione praefecti, non agere ita perplexe ut videretur parum Florentio credi, rescripsit gratandum esse si provincialis hinc inde vastatus saltem sollemnia praebeat, nedum incrementa, quae nulla supplicia egenis possent hominibus extorquere. factumque est tunc et deinde unius animi firmitate, ut praeter solita nemo Gallis quicquam exprimere conaretur . . .Inusitato exemplo id petendo Caesar inpetraverat a praefecto ut secundae Belgicae multiformibus malis oppressae dispositio sibi committeretur ea videlicet lege, ut nec praefectianus nec praesidalis apparitor ad solvendum quemquam urgeret. quo levati solatio cuncti, quos in cura . . . . . . Separat suam, nec interpellati ante praestitutum tempus debita contulerunt.",".Inusitato exemplo id petendo Caesar inpetraverat a praefecto ut secundae Belgicae multiformibus malis oppressae dispositio sibi committeretur ea videlicet lege, ut nec praefectianus nec praesidalis apparitor ad solvendum quemquam urgeret.Separat suam, nec interpellati ante praestitutum tempus debita contulerunt."
https://www.thelatinlibrary.com/ammianus/17.shtml,36,"Secutaeque aetates alios transtulerunt. quorum unus in Vaticano, alter in hortis Sallusti, duo in Augusti monumento erecti sunt.Qui autem notarum textus obelisco incisus est veteri, quem videmus in Circo, Hermapionis librum secuti interpretatum litteris subiecimus Graecis:",Secutaeque aetates alios transtulerunt.
https://www.thelatinlibrary.com/ammianus/17.shtml,202,"His litteris diu libratis recto pectore, quod dicitur, considerateque responsum est hoc modo:""Victor terra marique Constantius semper Augustus fratri meo Sapori regi salutem plurimam dico. Sospitati quidem tuae gratulor ut futurus, si velis, amicus, cupiditatem vero semper indeflexam fusiusque vagantem vehementer insimulo.Mesopotamiam poscis ut tuam perindeque Armeniam et suades integro corpori adimere membra quaedam, ut salus eius deinceps locetur in solido, quod infringendum est potius quam ulla consensione firmandum. accipe igitur veritatem non obtectam praestigiis sed perspicuam nullisque minis inanibus perterrendam.Praefectus praetorio meus opinatus adgredi negotium publicae utilitati conducens cum duce tuo per quosdam ignobiles, me inconsulto, sermones conseruit super pace. non refutamus hanc nec repellimus: adsit modo cum decore et honestate nihil pudori nostro pra ereptura vel maiestati.Est enim absonum et insipiens cum gestarum rerum ordine placatae sint aurae invidiae, quae nobis multipliciter inluserunt, cum deletis tyrannis totus orbis Romanus nobis obtemperat, ea prodere, quae contrusi in orientales angustias diu servavimus inlibata.Cessent autem quaeso formidines quae nobis intentantur ex more, eum ambigi nequeat non inertia nos sed modestia pugnas interdum excepisse potius quam intulisse et nostra, quotiens lacessimur, fortissimo benevolentiae spiritu defensare, id experiendo legendoque scientes in proeliis quibusdam raro rem titubasse Romanam, in summa vero bellorum numquam ad deteriora prolapsam"".","Sospitati quidem tuae gratulor ut futurus, si velis, amicus, cupiditatem vero semper indeflexam fusiusque vagantem vehementer insimulo.Mesopotamiam poscis ut tuam perindeque Armeniam et suades integro corpori adimere membra quaedam, ut salus eius deinceps locetur in solido, quod infringendum est potius quam ulla consensione firmandum."
https://www.thelatinlibrary.com/ammianus/17.shtml,249,"Primo lucis exortu diem nonum kal. Septembrium concreti nubium globi nigrantium laetam paulo ante caeli speciem confuderunt et amendato solis splendore nec contigua vel adposita cernebantur: ita oculorum obtutu praestricto humo involutus crassae caliginis squalor insedit.Dein velut numine summo fatales contorquente manubias ventosque ab ipsis excitante cardinibus magnitudo furentium incubuit procellarum, cuius inpetu pulsorum auditus est montium gemitus et elisi litoris fragor, haecque secuti typhones atque presteres cum horrifico tremore terrarum civitatem et suburbana funditus everterunt.Et quoniam adclivitate collium aedes pleraeque devehebantur, aliae super alias concidebant reclangentibus cunctis sonitu ruinarum inmenso. inter quae clamoribus variis celsa culmina resultabant quaeritantium coniugium liberosque et siquid necessitudines artae constringunt.Post horam denique secundam, multo ante tertiam, aer iam sudus et liquidus latentes retexit funereas strages. non nulli enim superruentium ruderum vi nimia constipati sub ipsis interiere ponderibus. quidam collo tenus aggeribus obruti cum superesse possent siqui iuvissent, auxiliorum inopia necabantur. alii lignorum exstantium acuminibus fixi pendebant.Uno ictu caesi conplures, paulo ante homines, tunc promiscuae strages cadaverum cernebantur. quosdam domorum inclinata fastigia intrinsecus serabant intactos, angore et inedia consumendos. inter quos Aristaenetus affectatam recens dioecensin curans vicaria potestate, quam Constantius ad honorem uxoris Eusebiae Pietatem cognominarat, animam hoc casu cruciatam diutius exhalavit.Alii subita ruinae magnitudine oppressi, isdem adhuc molibus conteguntur. conlisis quidam capitibus vel umeris praesectis aut cruribus inter vitae mortisque confinia aliorum adiumenta paria perferentium inplorantes cum obtestatione magna deserebantur.Et superesse potuit aedium sacrarum et privatarum hominumque pars maior, ni palantes abrupte flammarum ardores per quinque dies et noctes quicquid consumi poterat exussissent.","quidam collo tenus aggeribus obruti cum superesse possent siqui iuvissent, auxiliorum inopia necabantur.inter quos Aristaenetus affectatam recens dioecensin curans vicaria potestate, quam Constantius ad honorem uxoris Eusebiae Pietatem cognominarat, animam hoc casu cruciatam diutius exhalavit.Alii subita ruinae magnitudine oppressi, isdem adhuc molibus conteguntur."
https://www.thelatinlibrary.com/ammianus/17.shtml,179,"Adesse tempus existimo pauca dicere, quae de terrae pulsibus coniectura veteres conlegerunt. ad ipsius enim veritatis arcana non modo haec nostra vulgaris inscitia, sed ne sempiterna quidem lucubrationibus longis nondum exhausta physicorum iurgia penetrarunt.Unde et in ritualibus et pontificiis obtemperantibus sacerdotiis cavetur, ne alio deo pro alio nominato, cum, qui eorum terram concutiat sit in abstruso, piacula committantur.Accidunt autem, ut opiniones aestimant, inter quas Aristoteles aestuat et laborat, aut in cavernis minutis terrarum, quas Graece syriggas appellamus, inpulsu crebriore aquis undabundis: aut certe, ut Anaxagoras adfirmat, ventorum vi subeuntium ima terrarum: qui cum soliditatibus concrustatis inciderint, eruptiones nullas reperientes, eas partes soli convibrant, quas subrepserint umidi. unde plerumque observatur terra tremente ventorum apud nos spiramina nulla sentiri, quod in ultimis eius secessibus occupantur.Anaximander ait arescentem nimia aestuum siccitate aut post madores imbrium terram rimas pandere grandiores, quas penetrat supernus aer violentus et nimius, ac per eas vehementi spiritu quassatam cieri propriis sedibus. qua de causa terrores huius modi vaporatis temporibus aut nimia aquarum caelestium superfusione contingunt. ideoque Neptunum umentis substantiae potestatem Ennosigaeon et Sisichthona poetae veteres et theologi nuncuparunt.","Adesse tempus existimo pauca dicere, quae de terrae pulsibus coniectura veteres conlegerunt."
https://www.thelatinlibrary.com/ammianus/17.shtml,277,"At Caesar hiemem apud Parisios agens Alamannos praevenire studio maturabat ingenti, nondum in unum coactos sed in insaniam post Argentoratum audaces omnes et saevos, operiensque Iulium mensem, unde sumunt Gallicani procinctus exordia, diutius angebatur. nec enim egredi poterat antequam ex Aquitania aestatis remissione solutis frigoribus et pruinis veheretur annona.Sed ut est difficultatum paene omnium diligens ratio victrix, multa mente versans et varia id tandem repperit solum, ut anni maturitate non exspectata barbaris occurreret insperatus firmatoque consilio XX dierum frumentum ex eo, quod erat in sedibus consumendum, ad usus diuturnitatem excoctum bucellatum, ut vulgo appellant, umeris inposuit libentium militum, hocque subsidio fretus secundis, ut ante, auspiciis profectus est, intra mensem quintum vel sextum duas expeditiones consummari posse urgentes et necessarias arbitratus.Quibus paratis petit primos omnium Francos, eos videlicet quos consuetudo Salios appellavit, ausos olim in Romano solo apud Toxandriam locum habitacula sibi figere praelicenter. cui cum Tungros venisset, occurrit legatio praedictorum, opinantium reperiri imperatorem etiam tum in hibernis, pacem sub hac lege praetendens ut quiescentes eos tamquam in suis nec lacesseret quisquam nec vexaret. hos legatos negotio plene digesto oppositaque condicionum perplexitate ut in isdem tractibus moraturus, dum redeunt, muneratos absolvit.Dictoque citius secutus profectos Severo duce misso per ripam subito cunctos adgressus tamquam fulminis turbo perculsit iamque precantes potius quam resistentes in oportunam clementiae partem effectu victoriae flexo dedentes se cum opibus liberisque suscepit.Chamavos itidem ausos similia adortus eadem celeritate partim cecidit partim acriter repugnantes vivosque captos conpegit in vincula, alios praecipiti fuga trepidantes ad sua, ne militem spatio longo defatigaret, abire interim permisit innocuos, quorum legatis paulo postea missis precatum consultumque rebus suis humi prostratis sub obtutibus eius pacem hoc tribuit pacto ut ad sua redirent incolumes.","cui cum Tungros venisset, occurrit legatio praedictorum, opinantium reperiri imperatorem etiam tum in hibernis, pacem sub hac lege praetendens ut quiescentes eos tamquam in suis nec lacesseret quisquam nec vexaret."
https://www.thelatinlibrary.com/ammianus/17.shtml,276,"Cunctis igitur ex voto currentibus studio pervigili properans modis omnibus utilitatem fundare provinciarum, munimenta tria recta serie superciliis inposita fluminis Mosae, subversa dudum obstinatione barbarica reparare pro tempore cogitabat, et ilico sunt instaurata procinctu paulisper omisso.Atque ut consilium prudens celeritas faceret tutum, ex annona decem dierum et septem, quam in expeditionem pergens vehebat cervicibus miles, portionem subtractam in isdem condidit castris sperans ex Chamavorum segetibus id suppleri posse quod ablatum est.Longe autem aliter accidit. frugibus enim nondum etiam maturis miles, expensis quae portabat, nusquam reperiens victus, extrema minitans Iulianum conpellationibus incessebat et probris, Asianum appellans Graeculum et fallacem et specie sapientiae stolidum. utque inveniri solent quidam inter armatos verborum volubilitate conspicui, haec et similia multa strepebant:""Quo trahimur spe meliorum abolita, olim quidem dura et perpessu asperrima per nives tolerantes et acumina crudelium pruinarum? sed nunc — pro nefas — cum ultimis hostium fatis instamus, fame, ignavissimo mortis genere tabescentes.Et nequi nos turbarum existimet concitores, pro vita loqui sola testamur, non aurum neque argentum petentes, quae olim nec contrectare potuimus nec videre, ita nobis negata velut contra rem publicam tot suscepisse labores et pericula confutatis"".Et erat ratio iusta querellarum. inter tot enim rerum probabilium cursus articulosque necessitatum ancipites sudoribus Gallicanis miles exhaustus nec donativum meruit nec stipendium iam inde ut Iulianus illo est missus, ea re quod nec ipsi quod daret suppetere poterat usquam nec Constantius erogari more solito permittebat.Hocque exinde claruit fraude potius quam tenacitate committi quod, cum idem Caesar petenti ex usu gregario cuidam ut barbas detonderet, dedisset aliquid vile, contumeliosis calumniis adpetitus est a Gaudentio tunc notario ad explorandos eius actus diu morato per Gallias, quem postea ipse interfici iussit, ut loco monstrabitur conpetenti.","frugibus enim nondum etiam maturis miles, expensis quae portabat, nusquam reperiens victus, extrema minitans Iulianum conpellationibus incessebat et probris, Asianum appellans Graeculum et fallacem et specie sapientiae stolidum."
https://www.thelatinlibrary.com/ammianus/17.shtml,100,"Lenito tandem tumultu non sine blanditiarum genere vario contextoque navali ponte Rheno transito terris Alamannorum calcatis Severus magister equitum bellicosus ante haec et industrius repente conmarcuit.Et qui saepe universos ad fortiter faciendum hortabatur et singulos, tunc dissuasor pugnandi contemptus videbatur et timidus mortem fortasse metuens adventantem, ut in Tageticis libris legitur et Vegonicis fulmine mox tangendos adeo hebetari ut nec tonitrum nec maiores aliquos possint audire fragores. et iter ignaviter egerat praeter solitum, ut ductores viarum praeeuntes alacri gradu ultima minitando terreret, ni omnes conspirantes in unum se loca penitus ignorare firmarent. qui interdicti metuentes auctoritatem nusquam deinde sunt progressi.",qui interdicti metuentes auctoritatem nusquam deinde sunt progressi.
https://www.thelatinlibrary.com/ammianus/17.shtml,230,"Quod ita recte dispositum est impraepedite conpletum. Hortari nomine petendus erat regis alterius pagus et quia nihil videbatur deesse praeter ductores, Nesticae tribuno Scutariorum et Chariettoni viro fortitudinis mirae imperaverat Caesar, ut magna quaesitum industria conprehensumque offerrent sibi captivum, et correptus velociter adulescens ducitur Alamannus pacto obtinendae salutis pollicitus itinera se monstraturum.Hoc progresso secutus exercitus celsarum arborum obsistente concaede ire protinus vetabatur. Verum per circuitus longos et flexuosos ventum est tandem ad loca; et ira quisque percitus armatorum urebat agros, pecora diripiebat et homines, resistentesque sine ulla parsimonia contruncabat.His malis perculsus rex cum multiplices legiones, vicorumque reliquias cerneret exustorum, ultimas fortunarum iacturas adesse iam contemplatus oravit ipse quoque veniam, facturum se imperanda iurandi exsecratione restituere universos promisit: id enim cura agebatur inpensiore: detentisque plurimis reddidit paucos.Quo cognito ad indignationem iustam Iulianus erectus, cum munerandus venisset ex more, quattuor comites eius, quorum ope et fide maxime nitebatur, non ante absolvit, dum omnes rediere captivi.Ad colloquium tandem accitus a Caesare trementibus oculis adorato victorisque superatus aspectu condicione difficili premebatur, hac scilicet ut, quoniam consentaneum erat post tot secundos eventus civitates quoque reparari vi barbarorum excisas, carpenta et materias ex opibus suis suorumque praeberet: et haec pollicitus inprecatusque si perfidum quicquam egisset, luenda sibi cruore supplicia, ad propria remeare permissus est. annonam enim transferre, ita ut Suomarius, ea re conpelli non potuit, quod ad internicionem regione eius vastata nihil inveniri poterat quod daretur.","annonam enim transferre, ita ut Suomarius, ea re conpelli non potuit, quod ad internicionem regione eius vastata nihil inveniri poterat quod daretur."
https://www.thelatinlibrary.com/ammianus/17.shtml,130,"Haec cum in comitatu Constantii subinde noscerentur — erat enim necesse tamquam apparitorem Caesarem super omnibus gestis ad Augusti referre scientiam — omnes qui plus poterant in palatio, adulandi professores iam docti recte consulta prospereque conpleta vertebant in deridiculum: talia sine modo strepentes insulse ""in odium venit cum victoriis suis capella, non homo"" ut hirsutum Iulianum carpentes appellantesque loquacem talpam et purpuratam simiam et litterionem Graecum: et his congruentia plurima aeque ut tintinnabula principi resonantes, audire haec taliaque gestienti, virtutes eius obruere verbis inpudentibus conabantur ut segnem incessentes et timidum et umbratilem gestaque secus verbis comptioribus exornantem: quod non tunc primitus accidit.Namque ut solet amplissima quaeque gloria obiecta esse semper invidiae, legimus in veteres quoque magnificos duces vitia criminaque, etiam si inveniri non poterant, finxisse malignitatem spectatissimis actibus eorum offensam.","Haec cum in comitatu Constantii subinde noscerentur — erat enim necesse tamquam apparitorem Caesarem super omnibus gestis ad Augusti referre scientiam — omnes qui plus poterant in palatio, adulandi professores iam docti recte consulta prospereque conpleta vertebant in deridiculum: talia sine modo strepentes insulse ""in odium venit cum victoriis suis capella, non homo"" ut hirsutum Iulianum carpentes appellantesque loquacem talpam et purpuratam simiam et litterionem Graecum: et his congruentia plurima aeque ut tintinnabula principi resonantes, audire haec taliaque gestienti, virtutes eius obruere verbis inpudentibus conabantur ut segnem incessentes et timidum et umbratilem gestaque secus verbis comptioribus exornantem: quod non tunc primitus accidit.Namque ut solet amplissima quaeque gloria obiecta esse semper invidiae, legimus in veteres quoque magnificos duces vitia criminaque, etiam si inveniri non poterant, finxisse malignitatem spectatissimis actibus eorum offensam."
https://www.thelatinlibrary.com/ammianus/17.shtml,121,"Ut Cimonem Miltiadis filium insimulatum intemperantiae, qui saepe ante et prope Eurymedonta Pamphylium flumen Persarum populum delevit innumerum coegitque gentem insolentia semper elatam obsecrare suppliciter pacem: Aemilianum itidem Scipionem ut somniculosum aemulorum incusari malivolentia, cuius inpetrabili vigilantia obstinatae in perniciem Romae duae sunt potentissimae urbes excisae.Nec non etiam in Pompeium obtrectatores iniqui multa scrutantes cum nihil unde vituperari deberet inveniretur, duo haec observarunt ludibriosa et inrita: quod genuino quodam more caput digito uno scalpebat, quodque aliquandiu tegendi ulceris causa deformis fasciola candida crus colligabat: quorum alterum factitare ut dissolutum, alterum ut novarum rerum cupidum adserebant: nihil interesse oblatrantes argumento subfrigido quam partem corporis redimiret regiae maiestatis insigni: eum virum, quo nec fortior nec cautior quisquam patriae fuit, ut documenta praeclara testantur.","Ut Cimonem Miltiadis filium insimulatum intemperantiae, qui saepe ante et prope Eurymedonta Pamphylium flumen Persarum populum delevit innumerum coegitque gentem insolentia semper elatam obsecrare suppliciter pacem: Aemilianum itidem Scipionem ut somniculosum aemulorum incusari malivolentia, cuius inpetrabili vigilantia obstinatae in perniciem Romae duae sunt potentissimae urbes excisae.Nec non etiam in Pompeium obtrectatores iniqui multa scrutantes cum nihil unde vituperari deberet inveniretur, duo haec observarunt ludibriosa et inrita: quod genuino quodam more caput digito uno scalpebat, quodque aliquandiu tegendi ulceris causa deformis fasciola candida crus colligabat: quorum alterum factitare ut dissolutum, alterum ut novarum rerum cupidum adserebant: nihil interesse oblatrantes argumento subfrigido quam partem corporis redimiret regiae maiestatis insigni: eum virum, quo nec fortior nec cautior quisquam patriae fuit, ut documenta praeclara testantur."
https://www.thelatinlibrary.com/ammianus/17.shtml,35,"Dum haec ita aguntur, Romae Artemius curans vicariam praefecturam pro Basso quoque agebat, qui recens promotus urbi praefectus fatali decesserat sorte. cuius administratio seditiones perpessa est turbulentas nec memorabile quicquam habuit quod narrari sit dignum.",cuius administratio seditiones perpessa est turbulentas nec memorabile quicquam habuit quod narrari sit dignum.
https://www.thelatinlibrary.com/ammianus/17.shtml,1833,"Quibus ordinatis translata est in Sarmatas cura miseratione dignos potius quam simultate: quibus incredibile quantum prosperitatis haec attulit causa: ut verum illud aestimaretur, quod opimantur quidam, fatum vinci principis potestate vel fieri.Potentes olim ac mobiles erant huius indigenae regni, sed coniuratio clandestina servos armavit in facinus. atque ut barbaris esse omne ius in viribus adsuevit, vicerunt dominos ferocia pares sed numero praeminentes.Qui confundente metu consilia ad Victohalos discretos longius confugerunt, obsequi defensoribus ut in malis optabile quam servire suis mancipiis arbitrati: quae deplorantes post impetratam veniam recepti in fidem poscebant praesidia libertati eosque iniquitate rei permotus inspectante omni exercitu convocatos adlocutus verbis mollioribus imperator nulli nisi sibi ducibusque Romanis parere praecepit.Atque ut restitutio libertatis haberet dignitatis augmentum, Zizaim regem isdem praefecit, conspicuae fortunae tum insignibus aptum profecto, ut res docuit, et fidelem, nec discedere quisquam post haec gloriose gesta permissus est antequam, ut placuerat, remearent nostri captivi.His in barbarico gestis Bregetionem castra commota sunt, ut etiam ibi belli Quadorum reliquias circa illos agitantium tractus lacrimae vel sanguis extingueret. quorum regalis Vitrodorus Viduari filius regis et Agilimundus subregulus aliique optimates et iudices variis populis praesidentes viso exercitu in gremio regni solique genitalis sub gressibus iacuere militum et adepti veniam iussa fecerunt, sobolemque suam obsidatus pignore ut obsecuturi condicionibus inpositis tradiderunt eductisque mucronibus, quos pro numinibus colunt, iuravere se permansuros in fide.Constantius Aug. Limigantes Sarmatas servos, post magnam ipsorum caedem factam, cogit sedibus suis emigrare, ac milites suos alloquitur.His, ut narratum est, secundo finitis eventu ad Limigantes Sarmatas servos ocius signa transferri utilitas publica flagitabat, quos erat admodum nefas inpune multa et nefaria perpetrasse. nam velut obliti priorum tunc erumpentibus Liberis ipsi quoque tempus aptissimum nancti limitem perrupere Romanum, ad hanc solam fraudem dominis suis hostibusque concordes.Deliberatum est tamen id quoque lenius vindicari quam criminum magnitudo poscebat, hactenus ultione porrecta, ut ad longinqua translati amitterent copiam nostra vexandi, quos pericula formidare monebat scelerum conscientia diutius conmissorum.Ideoque in se pugnae molem suspicati vertendam dolos parabant et ferrum et preces. verum aspectu primo exercitus tamquam fulminis ictu perculsi ultimaque cogitantes, vitam precati, tributum annuum delectumque validae iuventutis et servitium spoponderunt, abnuere parati si iuberentur aliorsum migrare ut gestibus indicabant et vultibus, locorum confisi praesidio, ubi lares post exactos dominos fixere securi.Has enim terras Parthiscus inruens obliquatis meatibus Histro miscetur. sed dum solus licentius fluit, spatia longa et lata sensim praeterlabens et ea coartans prope exitum in angustias, accolas ab impetu Romanorum alveo Danubii defendit, a barbaricis vero excursibus suo tutos praestat obstaculo, ubi pleraque umidioris soli natura et incrementis fluminum redundantia stagnosa sunt et referta salicibus ideoque invia nisi perquam gnaris: et super his insularem anfractum aditu Parthisci paene contiguum amnis potior ambiens terrae consortio separavit.Hortante igitur principe cum genuino fastu ad citeriorem venere fluminis ripam, ut exitus docuit, non iussa facturi sed ne viderentur militis praesentiam formidasse, stabantque contumaciter, ideoque propinquasse monstrantes ut iubenda repudiarent.Quae imperator accidere posse contemplans in agmina plurima clam distributo exercitu celeritate volucri migrantes intra suorum acies clausit. stansque in aggere celsiore cum paucis et stipatorum praesidio tectus eos, ne ferocirent, lenius admonebat.Sed fluctuantes ambiguitate mentium in diversa rapiebantur et furori mixta versutia temptabant cum precibus proelium vicinumque sibi in nostros parantes excursum proiecere consulto longius scuta, ut ad ea recuperanda sensim progressi sine ullo fraudis indicio spatia furarentur.Iamque vergente in vesperum die cum moras rumpere lux moneret excedens, erectis vexillis in eos igneo miles impetu ferebatur. qui conferti acieque densiore contracta adversus ipsum principem stantem, ut dictum est, altius omnem impetum contulerunt eum oculis incessentes et vocibus truculentis.Cuius furoris amentiam exercitus ira ferre non potuit eosque imperatori, ut dictum est, acriter imminentes desinente in angustum fronte, quem habitum caput porci simplicitas militaris appellat, impetu disiecit ardenti, et dextra pedites catervas peditum obtruncabant, equites laeva equitum se turmis agilibus infuderunt.Cohors praetoria ex adverso Augustum cautius stipans resistentium pectora moxque terga fugientium incidebat et cadentes insuperabili contumacia barbari non tam mortem dolere quam nostrorum laetitiam horrendo stridore monstrabant, et iacentes absque mortuis plurimi succisis poplitibus ideoque adempto fugiendi subsidio, alii dexteris amputatis, non nulli ferro quidem intacti sed superruentium conlisi ponderibus cruciatus alto silentio perferebant.Nec eorum quisquam inter diversa supplicia veniam petit aut ferrum proiecit aut exoravit celerem mortem, sed arma iugiter retinentes licet adflicti minus criminis aestimabant alienis viribus potius quam conscientiae suae iudicio vinci: mussantesque audiebantur interdum, fortunae non meriti fuisse quod evenit. ita in semihorae curriculo discrimine proeliorum emenso tot procubuere subito barbari ut pugnam fuisse sola victoria declararet.Vix dum populis hostilibus stratis gregatim peremptorum necessitudines ducebantur humilibus extractae tuguriis aetatis sexusque promiscui et fastu vitae prioris abolito ad infimitatem obsequiorum venere servilium, et exiguo temporis intervallo decurso caesorum aggeres et captivorum agmina cernebantur.Incitante itaque fervore certaminum fructuque vincendi consurrectum est in perniciem eorum, qui deseruere proelia, vel in tuguriis latitantes occultabantur. hos, cum ad loca venisset avidus barbarici sanguinis miles, disiectis culmis levibus obtruncabat nec quemquam casa vel trabibus conpacta firmissimis periculo mortis extraxit.Denique cum inflammarentur omnia nullusque latere iam posset, cunctis vitae praesidiis circumcisis, aut obstinate igni peribat absumptus, aut incendium vitans egressusque uno supplicio declinato ferro sternebatur hostili.Fugientes tamen aliqui tela incendiorumque magnitudinem amnis vicini se conmisere gurgitibus, peritia nandi ripas ulteriores occupare posse sperantes, quorum plerique summersi necati sunt, alii iaculis periere confixi adeo ut abunde cruore diffuso meatus fluminis spumaret immensi: ita per elementum utrumque Sarmatas vincentium ira virtusque delevit.Placuerat igitur post hunc rerum ordinem cunctis adimi spem omnem vitaeque solacium. et post lares incensos raptasque familias navigia iussa sunt colligi ad indagandos, quos a nostrorum acie ulterior discreverat ripa.Statimque ne alacritas intepesceret pugnatorum, inpositi lintribus per abdita ducti velites expediti occuparunt latibula Sarmatarum, quos repentinus fefellit aspectus, gentiles lembos et nota remigia conspicantes.Ubi vero procul micantibus telis, quod verebantur propinquare senserunt, ad suffugia locorum palustrium se contulerunt eosque secutus infestius miles caesis plurimis ibi victoriam repperit, ubi nec caute posse consistere nec audere aliquid credebatur.Post absumptos paene diffusosque Amicenses petiti sunt sine mora Picenses, ita ex regionibus appellati conterminis: quos tutiores fecere sociorum aerumnae rumorum adsiduitate conpertae. ad quos opprimendos — erat enim arduum sequi per diversa conspersos inprudentia viarum arcente — Taifalorum auxilium et Liberorum adaeque Sarmatarum adsumptum est.Cumque auxiliorum agmina locorum ratio separaret, tractus contiguos Moesiae sibi miles elegit, Taifali proxima suis sedibus obtinebant, Liberi terras occupaverant e regione sibi oppositas.Limigantes territi subactorum exemplis et prostratorum diu haesitabant ambiguis mentibus, utrum oppeterent an rogarent, cum utriusque rei suppeterent documenta non levia. vicit tamen ad ultimum coetu seniorum urgente dedendi se consilium. variaeque palmae victoriarum accessit eorum quoque supplicatio, qui armis libertatem invaserant, et reliqui eorum cum precibus, ut superatos et inbelles dominos aspernati fortioribus visis inclinavere cervices.Accepta itaque publica fide, deserto montium propugnaculo ad castra Romana convolavit eorum pars maior diffusa per spatia ampla camporum cum parentibus et natis atque coniugibus opumque vilitate, quam eis celeritatis ratio furari permisit.Et qui animas amittere potius quam cogi solum vertere putabantur, dum licentem amentiam libertatem existimarent, parere imperiis et sedes alias suscipere sunt adsensi tranquillas et fidas, ut nec bellis vexari nec mutari seditionibus possint. isdemque ex sententia, ut credebatur, acceptis quievere paulisper, post feritate nativa in exitiale scelus erecti, ut congruo docebitur textu.Hoc rerum prospero currente successu tutela Illyrico conpetens gemina est ratione firmata, cuius negotii duplicem magnitudinem imperator adgressus utramque perfecit. infidis . . . Exules populos licet mobilitate suppares, acturos tamen paulo verecundius, tandem reductos in avitis sedibus conlocavit. isdemque ad gratiae cumulum non ignobilem quempiam regem sed quem ipsi antea sibi praefecere, regalem inposuit, bonis animi corporisque praestantem.Tali textu recte factorum Constantius iam metuente sublimior militarique consensu secundo Sarmaticus appellatus ex vocabulo subactorum, iamque discessurus convocatis cohortibus et centuriis et manipulis omnibus tribunal insistens signisque ambitus et aquilis et agmine multiplicium potestatum his exercitum adlocutus est, ore omnium favorabilis, ut solebat:""Hortatur recordatio rerum gloriose gestarum omni iucunditate viris fortibus gratior admodum verecunde replicare, quae divinitus delata sorte vincendi et ante proelia et in ipso correximus fervore pugnarum, Romanae rei fidissimi defensores. quid enim tam pulchrum tamque posteritatis memoriae iusta ratione mandandum quam ut miles strenue factis, ductor prudenter consultis exultet?Persultabat Illyricum furor hostilis, absentiam nostram inanitate tumenti despiciens, dum Italos tueremur et Gallos, variisque discursibus vastabat extima limitum, nunc cavatis roboribus, aliquotiens peragrans pedibus flumina, non congressibus nec armis fretus aut viribus sed latrociniis adsuetus occultis, astu et ludificandi varietate iam inde ab instituta gente nostris quoque maioribus formidatus: quae longius disparati, qua ferri poterant, tulimus, leviores iacturas efficacia ducum vetari posse sperantes.Ubi vero per licentiam scandens in maius ad funestas provinciarum clades erepsit et crebras, communitis aditibus Raeticis tutelaque pervigili Galliarum securitate fundata, terrore nullo relicto post terga venimus in Pannonias, ut placuit numini sempiterno, labentia firmaturi: cunctisque paratis, ut nostis, vere adulto egressi arripuimus negotiorum maximas moles: primum ne struendo textis conpagibus ponti telorum officeret multitudo, quo opera levi perfecto visis terris hostilibus et calcatis, obstinatis ad mortem animis conatos resistere Sarmatas absque nostrorum dispendio stravimus, parique petulantia ruentes in agmina nobilium legionum Quados Sarmatis adiumenta ferentes adtrivimus. qui post aerumnosa dispendia inter discursus et repugnandi minaces anhelitus, quid nostra valeat virtus experti, manus ad dimicandum aptatas armorum abiecto munimine pone terga vinxerunt restareque solam salutem contemplantes in precibus, adfusi sunt vestigiis Augusti clementis, cuius proelia saepe conpererant exitus habuisse felices.His sequestratis Limigantes quoque fortitudine superavimus pari, interfectisque pluribus alios periculi declinatio adegit suffugia petere latebrarum palustrium.Hisque secundo finitis eventu lenitatis tempus aderat tempestivae. Limigantes ad loca migrare conpulimus longe discreta, ne in perniciem nostrorum se commovere possent ulterius, et pepercimus plurimis et Zizaim praefecimus Liberis, dicatum nobis futurum et fidum, plus aestimantes creare quam auferre barbaris regem, hoc decore augente sollemnitatem quod isdem quoque rector tributus antehac electus est et acceptus.Quadruplex igitur praemium, quod unus procinctus absolvit, nos quaesivimus et res publica, primo ultione parta de grassatoribus noxiis, deinde quod vobis abunde sufficient ex hostibus captivi. his enim virtutem oportet esse contentam, quae sudore quaesivit et dexteris.Nobis amplae facultates opumque sunt magni thesauri: integra omnium patrimonia nostri labores et fortitudo servarint. hoc enim boni principis menti, hoc successibus congruit prosperis.Postremo ego quoque hostilis vocabuli spolium prae me fero, secundum Sarmatici cognomentum, quod vos unum idemque sentientes mihi — ne sit adrogans dicere — merito tribuistis"". Post hunc dicendi finem contio omnis alacrior solito, aucta spe potiorum et lucri, vocibus festis in laudes imperatoris adsurgens deumque ex usu testata non posse Constantium vinci, tentoria repetit laeta. et reductus imperator ad regiam otioque bidui recreatus Sirmium cum pompa triumphali regressus est et militares numeri destinatas remearunt sedes.Romani legati de pace, re infecta revertuntur ex Perside, Sapore Armeniam et Mesopotamiam repetente.Hisce isdem diebus Prosper et Spectatus atque Eustathius legati ad Persas, ut supra docuimus, missi Ctesiphonta reversum regem adiere, litteras perferentes imperatoris et munera, poscebantque rebus integris pacem et mandatorum memores nusquam ab utilitate Romanae rei maiestateque discedebant, amicitiae foedus sub hac lege firmari debere adseverantes, ne super turbando Armeniae vel Mesopotamiae statu quicquam moveretur.Diu igitur ibi morati cum obstinatissimum regem nisi harum regionum dominio sibi adiudicata obdurescentem ad suscipiendam cernerent pacem, negotio redierunt infecto.Post quod id ipsum condicionum robore pari inpetraturi Lucillianus missus est comes et Procopius tunc notarius, qui postea nodo quodam violentae necessitatis adstrictus ad res consurrexit novas.","Quibus ordinatis translata est in Sarmatas cura miseratione dignos potius quam simultate: quibus incredibile quantum prosperitatis haec attulit causa: ut verum illud aestimaretur, quod opimantur quidam, fatum vinci principis potestate vel fieri.Potentes olim ac mobiles erant huius indigenae regni, sed coniuratio clandestina servos armavit in facinus.atque ut barbaris esse omne ius in viribus adsuevit, vicerunt dominos ferocia pares sed numero praeminentes.Qui confundente metu consilia ad Victohalos discretos longius confugerunt, obsequi defensoribus ut in malis optabile quam servire suis mancipiis arbitrati: quae deplorantes post impetratam veniam recepti in fidem poscebant praesidia libertati eosque iniquitate rei permotus inspectante omni exercitu convocatos adlocutus verbis mollioribus imperator nulli nisi sibi ducibusque Romanis parere praecepit.Atque ut restitutio libertatis haberet dignitatis augmentum, Zizaim regem isdem praefecit, conspicuae fortunae tum insignibus aptum profecto, ut res docuit, et fidelem, nec discedere quisquam post haec gloriose gesta permissus est antequam, ut placuerat, remearent nostri captivi.His in barbarico gestis Bregetionem castra commota sunt, ut etiam ibi belli Quadorum reliquias circa illos agitantium tractus lacrimae vel sanguis extingueret.his enim virtutem oportet esse contentam, quae sudore quaesivit et dexteris.Nobis amplae facultates opumque sunt magni thesauri: integra omnium patrimonia nostri labores et fortitudo servarint."
https://www.thelatinlibrary.com/ammianus/17.shtml,373,"""Hortatur recordatio rerum gloriose gestarum omni iucunditate viris fortibus gratior admodum verecunde replicare, quae divinitus delata sorte vincendi et ante proelia et in ipso correximus fervore pugnarum, Romanae rei fidissimi defensores. quid enim tam pulchrum tamque posteritatis memoriae iusta ratione mandandum quam ut miles strenue factis, ductor prudenter consultis exultet?Persultabat Illyricum furor hostilis, absentiam nostram inanitate tumenti despiciens, dum Italos tueremur et Gallos, variisque discursibus vastabat extima limitum, nunc cavatis roboribus, aliquotiens peragrans pedibus flumina, non congressibus nec armis fretus aut viribus sed latrociniis adsuetus occultis, astu et ludificandi varietate iam inde ab instituta gente nostris quoque maioribus formidatus: quae longius disparati, qua ferri poterant, tulimus, leviores iacturas efficacia ducum vetari posse sperantes.Ubi vero per licentiam scandens in maius ad funestas provinciarum clades erepsit et crebras, communitis aditibus Raeticis tutelaque pervigili Galliarum securitate fundata, terrore nullo relicto post terga venimus in Pannonias, ut placuit numini sempiterno, labentia firmaturi: cunctisque paratis, ut nostis, vere adulto egressi arripuimus negotiorum maximas moles: primum ne struendo textis conpagibus ponti telorum officeret multitudo, quo opera levi perfecto visis terris hostilibus et calcatis, obstinatis ad mortem animis conatos resistere Sarmatas absque nostrorum dispendio stravimus, parique petulantia ruentes in agmina nobilium legionum Quados Sarmatis adiumenta ferentes adtrivimus. qui post aerumnosa dispendia inter discursus et repugnandi minaces anhelitus, quid nostra valeat virtus experti, manus ad dimicandum aptatas armorum abiecto munimine pone terga vinxerunt restareque solam salutem contemplantes in precibus, adfusi sunt vestigiis Augusti clementis, cuius proelia saepe conpererant exitus habuisse felices.His sequestratis Limigantes quoque fortitudine superavimus pari, interfectisque pluribus alios periculi declinatio adegit suffugia petere latebrarum palustrium.Hisque secundo finitis eventu lenitatis tempus aderat tempestivae. Limigantes ad loca migrare conpulimus longe discreta, ne in perniciem nostrorum se commovere possent ulterius, et pepercimus plurimis et Zizaim praefecimus Liberis, dicatum nobis futurum et fidum, plus aestimantes creare quam auferre barbaris regem, hoc decore augente sollemnitatem quod isdem quoque rector tributus antehac electus est et acceptus.Quadruplex igitur praemium, quod unus procinctus absolvit, nos quaesivimus et res publica, primo ultione parta de grassatoribus noxiis, deinde quod vobis abunde sufficient ex hostibus captivi. his enim virtutem oportet esse contentam, quae sudore quaesivit et dexteris.Nobis amplae facultates opumque sunt magni thesauri: integra omnium patrimonia nostri labores et fortitudo servarint. hoc enim boni principis menti, hoc successibus congruit prosperis.","his enim virtutem oportet esse contentam, quae sudore quaesivit et dexteris.Nobis amplae facultates opumque sunt magni thesauri: integra omnium patrimonia nostri labores et fortitudo servarint."
https://www.thelatinlibrary.com/ammianus/17.shtml,76,"Postremo ego quoque hostilis vocabuli spolium prae me fero, secundum Sarmatici cognomentum, quod vos unum idemque sentientes mihi — ne sit adrogans dicere — merito tribuistis"". Post hunc dicendi finem contio omnis alacrior solito, aucta spe potiorum et lucri, vocibus festis in laudes imperatoris adsurgens deumque ex usu testata non posse Constantium vinci, tentoria repetit laeta. et reductus imperator ad regiam otioque bidui recreatus Sirmium cum pompa triumphali regressus est et militares numeri destinatas remearunt sedes.","Postremo ego quoque hostilis vocabuli spolium prae me fero, secundum Sarmatici cognomentum, quod vos unum idemque sentientes mihi — ne sit adrogans dicere — merito tribuistis""."
